Timestamp,VelX,VelY,VelZ,VelRMS,AngleX,AngleY,AngleZ,Temp,DispX,DispY,DispZ,DispRMS,FreqX,FreqY,FreqZ,Battery
17:37:20,8,5,4,10.2,0.1,0.13,0.04,18.4,231,125,158,307.0,0,0,0,100
17:37:20,8,5,4,10.2,0.1,0.13,0.04,18.4,231,125,158,307.0,0,0,1,100
17:37:20,8,5,4,10.2,0.1,0.13,0.04,18.2,231,125,158,307.0,0,0,1,100
17:37:20,8,5,4,10.2,0.1,0.13,0.04,18.2,231,125,158,307.0,0,0,1,100
17:37:20,8,5,4,10.2,0.1,0.13,0.04,18.3,231,125,158,307.0,0,0,1,100
17:37:20,8,5,4,10.2,0.1,0.13,0.04,18.2,231,125,158,307.0,0,0,1,100
17:37:20,7,5,7,11.1,0.07,0.09,0.05,18.3,181,107,163,266.0,0,0,1,100
17:37:20,7,5,7,11.1,0.07,0.09,0.05,18.4,181,107,163,266.0,0,0,1,100
17:37:20,7,5,7,11.1,0.07,0.09,0.05,18.2,181,107,163,266.0,0,0,1,100
17:37:20,7,5,7,11.1,0.07,0.09,0.05,18.6,181,107,163,266.0,0,0,1,100
17:37:21,7,5,7,11.1,0.07,0.09,0.05,18.2,181,107,163,266.0,0,0,1,100
17:37:21,7,5,7,11.1,0.07,0.09,0.05,18.4,181,107,163,266.0,3,0,0,100
17:37:21,7,5,7,11.1,0.07,0.09,0.05,18.2,181,107,163,266.0,3,0,0,100
17:37:21,7,5,7,11.1,0.07,0.09,0.05,18.5,181,107,163,266.0,3,0,0,100
17:37:21,7,5,7,11.1,0.07,0.09,0.05,18.2,181,107,163,266.0,3,0,0,100
17:37:21,7,5,7,11.1,0.07,0.09,0.05,18.4,181,107,163,266.0,3,0,0,100
17:37:21,5,3,6,8.4,0.08,0.2,0.09,18.4,126,75,177,230.0,3,0,0,100
17:37:21,5,3,6,8.4,0.08,0.2,0.09,18.4,126,75,177,230.0,3,0,0,100
17:37:21,5,3,6,8.4,0.08,0.2,0.09,18.5,126,75,177,230.0,3,0,0,100
17:37:21,5,3,6,8.4,0.08,0.2,0.09,18.4,126,75,177,230.0,3,0,0,100
17:37:22,5,3,6,8.4,0.08,0.2,0.09,18.4,126,75,177,230.0,3,0,0,100
17:37:22,5,3,6,8.4,0.08,0.2,0.09,18.3,126,75,177,230.0,0,2,0,100
17:37:22,5,3,6,8.4,0.08,0.2,0.09,18.4,126,75,177,230.0,0,2,0,100
17:37:22,5,3,6,8.4,0.08,0.2,0.09,18.2,126,75,177,230.0,0,2,0,100
17:37:22,5,3,6,8.4,0.08,0.2,0.09,18.4,126,75,177,230.0,0,2,0,100
17:37:22,5,3,6,8.4,0.08,0.2,0.09,18.3,126,75,177,230.0,0,2,0,100
17:37:22,5,1,4,6.5,0.05,0.15,0.08,18.3,141,40,122,191.0,0,2,0,100
17:37:22,5,1,4,6.5,0.05,0.15,0.08,18.4,141,40,122,191.0,0,2,0,100
17:37:22,5,1,4,6.5,0.05,0.15,0.08,18.4,141,40,122,191.0,0,2,0,100
17:37:22,5,1,4,6.5,0.05,0.15,0.08,18.4,141,40,122,191.0,0,2,0,100
17:37:23,5,1,4,6.5,0.05,0.15,0.08,18.2,141,40,122,191.0,0,2,0,100
17:37:23,5,1,4,6.5,0.05,0.15,0.08,18.2,141,40,122,191.0,0,0,0,100
17:37:23,5,1,4,6.5,0.05,0.15,0.08,18.4,141,40,122,191.0,0,0,0,100
17:37:23,5,1,4,6.5,0.05,0.15,0.08,18.2,141,40,122,191.0,0,0,0,100
17:37:23,5,1,4,6.5,0.05,0.15,0.08,18.3,141,40,122,191.0,0,0,0,100
17:37:23,5,1,4,6.5,0.05,0.15,0.08,18.4,141,40,122,191.0,0,0,0,100
17:37:23,10,7,8,14.6,0.11,0.17,0.04,18.2,129,102,162,231.0,0,0,0,100
17:37:23,10,7,8,14.6,0.11,0.17,0.04,18.6,129,102,162,231.0,0,0,0,100
17:37:23,10,7,8,14.6,0.11,0.17,0.04,18.4,129,102,162,231.0,0,0,0,100
17:37:23,10,7,8,14.6,0.11,0.17,0.04,18.7,129,102,162,231.0,0,0,0,100
17:37:24,10,7,8,14.6,0.11,0.17,0.04,18.3,129,102,162,231.0,0,0,0,100
17:37:24,10,7,8,14.6,0.11,0.17,0.04,18.5,129,102,162,231.0,0,0,0,100
17:37:24,10,7,8,14.6,0.11,0.17,0.04,18.2,129,102,162,231.0,0,0,0,100
17:37:24,10,7,8,14.6,0.11,0.17,0.04,18.4,129,102,162,231.0,0,0,0,100
17:37:24,10,7,8,14.6,0.11,0.17,0.04,18.4,129,102,162,231.0,0,0,0,100
17:37:24,10,7,8,14.6,0.11,0.17,0.04,18.5,129,102,162,231.0,0,0,0,100
17:37:24,9,5,4,11.0,0.13,0.23,0.05,18.5,218,129,102,273.0,0,0,0,100
17:37:24,9,5,4,11.0,0.13,0.23,0.05,18.2,218,129,102,273.0,0,0,0,100
17:37:24,9,5,4,11.0,0.13,0.23,0.05,18.4,218,129,102,273.0,0,0,0,100
17:37:24,9,5,4,11.0,0.13,0.23,0.05,18.3,218,129,102,273.0,0,0,0,100
17:37:25,9,5,4,11.0,0.13,0.23,0.05,18.4,218,129,102,273.0,0,0,0,100
17:37:25,9,5,4,11.0,0.13,0.23,0.05,18.4,218,129,102,273.0,0,0,2,100
17:37:25,9,5,4,11.0,0.13,0.23,0.05,18.4,218,129,102,273.0,0,0,2,100
17:37:25,9,5,4,11.0,0.13,0.23,0.05,18.5,218,129,102,273.0,0,0,2,100
17:37:25,9,5,4,11.0,0.13,0.23,0.05,18.3,218,129,102,273.0,0,0,2,100
17:37:25,9,5,4,11.0,0.13,0.23,0.05,18.4,218,129,102,273.0,0,0,2,100
17:37:25,6,7,12,15.1,0.06,0.23,0.08,18.4,200,159,293,389.0,0,0,2,100
17:37:25,6,7,12,15.1,0.06,0.23,0.08,18.3,200,159,293,389.0,0,0,2,100
17:37:25,6,7,12,15.1,0.06,0.23,0.08,18.4,200,159,293,389.0,0,0,2,100
17:37:25,6,7,12,15.1,0.06,0.23,0.08,18.3,200,159,293,389.0,0,0,2,100
17:37:26,6,7,12,15.1,0.06,0.23,0.08,18.5,200,159,293,389.0,0,0,2,100
17:37:26,6,7,12,15.1,0.06,0.23,0.08,18.4,200,159,293,389.0,2,0,0,100
17:37:26,6,7,12,15.1,0.06,0.23,0.08,18.3,200,159,293,389.0,2,0,0,100
17:37:26,6,7,12,15.1,0.06,0.23,0.08,18.3,200,159,293,389.0,2,0,0,100
17:37:26,6,7,12,15.1,0.06,0.23,0.08,18.3,200,159,293,389.0,2,0,0,100
17:37:26,6,7,12,15.1,0.06,0.23,0.08,18.5,200,159,293,389.0,2,0,0,100
17:37:26,6,5,8,11.2,0.05,0.12,0.09,18.3,169,153,254,341.0,2,0,0,100
17:37:26,6,5,8,11.2,0.05,0.12,0.09,18.4,169,153,254,341.0,2,0,0,100
17:37:26,6,5,8,11.2,0.05,0.12,0.09,18.1,169,153,254,341.0,2,0,0,100
17:37:27,6,5,8,11.2,0.05,0.12,0.09,18.4,169,153,254,341.0,2,0,0,100
17:37:27,6,5,8,11.2,0.05,0.12,0.09,18.2,169,153,254,341.0,2,0,0,100
17:37:27,6,5,8,11.2,0.05,0.12,0.09,18.2,169,153,254,341.0,0,0,0,100
17:37:27,6,5,8,11.2,0.05,0.12,0.09,18.4,169,153,254,341.0,0,0,0,100
17:37:27,6,5,8,11.2,0.05,0.12,0.09,18.3,169,153,254,341.0,0,0,0,100
17:37:27,6,5,8,11.2,0.05,0.12,0.09,18.4,169,153,254,341.0,0,0,0,100
17:37:27,6,5,8,11.2,0.05,0.12,0.09,18.4,169,153,254,341.0,0,0,0,100
17:37:27,8,4,4,9.8,0.09,0.15,0.08,18.2,251,135,130,313.0,0,0,0,100
17:37:27,8,4,4,9.8,0.09,0.15,0.08,18.4,251,135,130,313.0,0,0,0,100
17:37:27,8,4,4,9.8,0.09,0.15,0.08,18.2,251,135,130,313.0,0,0,0,100
17:37:28,8,4,4,9.8,0.09,0.15,0.08,18.2,251,135,130,313.0,0,0,0,100
17:37:28,8,4,4,9.8,0.09,0.15,0.08,18.2,251,135,130,313.0,0,0,0,100
17:37:28,8,4,4,9.8,0.09,0.15,0.08,18.5,251,135,130,313.0,0,0,0,100
17:37:28,8,4,4,9.8,0.09,0.15,0.08,18.4,251,135,130,313.0,0,0,0,100
17:37:28,8,4,4,9.8,0.09,0.15,0.08,18.4,251,135,130,313.0,0,0,0,100
17:37:28,8,4,4,9.8,0.09,0.15,0.08,18.1,251,135,130,313.0,0,0,0,100
17:37:28,8,4,4,9.8,0.09,0.15,0.08,18.2,251,135,130,313.0,0,0,0,100
17:37:28,6,3,6,9.0,0.07,0.15,0.04,18.5,176,98,158,256.0,0,0,0,100
17:37:28,6,3,6,9.0,0.07,0.15,0.04,18.4,176,98,158,256.0,0,0,0,100
17:37:28,6,3,6,9.0,0.07,0.15,0.04,18.5,176,98,158,256.0,0,0,0,100
17:37:29,6,3,6,9.0,0.07,0.15,0.04,18.4,176,98,158,256.0,0,0,0,100
17:37:29,6,3,6,9.0,0.07,0.15,0.04,18.3,176,98,158,256.0,0,0,0,100
17:37:29,6,3,6,9.0,0.07,0.15,0.04,18.4,176,98,158,256.0,0,0,0,100
17:37:29,6,3,6,9.0,0.07,0.15,0.04,18.2,176,98,158,256.0,0,0,0,100
17:37:29,6,3,6,9.0,0.07,0.15,0.04,18.4,176,98,158,256.0,0,0,0,100
17:37:29,6,3,6,9.0,0.07,0.15,0.04,18.4,176,98,158,256.0,0,0,0,100
17:37:29,6,3,6,9.0,0.07,0.15,0.04,18.2,176,98,158,256.0,0,0,0,100
17:37:29,5,4,6,8.8,0.08,0.17,0.09,18.4,160,51,155,229.0,0,0,0,100
17:37:29,5,4,6,8.8,0.08,0.17,0.09,18.4,160,51,155,229.0,0,0,0,100
17:37:29,5,4,6,8.8,0.08,0.17,0.09,18.4,160,51,155,229.0,0,0,0,100
17:37:30,5,4,6,8.8,0.08,0.17,0.09,18.2,160,51,155,229.0,0,0,0,100
17:37:30,5,4,6,8.8,0.08,0.17,0.09,18.4,160,51,155,229.0,0,0,0,100
17:37:30,5,4,6,8.8,0.08,0.17,0.09,18.3,160,51,155,229.0,0,1,3,100
17:37:30,5,4,6,8.8,0.08,0.17,0.09,18.4,160,51,155,229.0,0,1,3,100
17:37:30,5,4,6,8.8,0.08,0.17,0.09,18.2,160,51,155,229.0,0,1,3,100
17:37:30,5,4,6,8.8,0.08,0.17,0.09,18.3,160,51,155,229.0,0,1,3,100
17:37:30,5,4,6,8.8,0.08,0.17,0.09,18.4,160,51,155,229.0,0,1,3,100
17:37:30,6,3,7,9.7,0.03,0.21,0.08,18.4,155,68,165,236.0,0,1,3,100
17:37:30,6,3,7,9.7,0.03,0.21,0.08,18.4,155,68,165,236.0,0,1,3,100
17:37:30,6,3,7,9.7,0.03,0.21,0.08,18.2,155,68,165,236.0,0,1,3,100
17:37:31,6,3,7,9.7,0.03,0.21,0.08,18.4,155,68,165,236.0,0,1,3,100
17:37:31,6,3,7,9.7,0.03,0.21,0.08,18.5,155,68,165,236.0,0,1,3,100
17:37:31,6,3,7,9.7,0.03,0.21,0.08,18.2,155,68,165,236.0,3,0,0,100
17:37:31,6,3,7,9.7,0.03,0.21,0.08,18.4,155,68,165,236.0,3,0,0,100
17:37:31,6,3,7,9.7,0.03,0.21,0.08,18.5,155,68,165,236.0,3,0,0,100
17:37:31,6,3,7,9.7,0.03,0.21,0.08,18.4,155,68,165,236.0,3,0,0,100
17:37:31,6,3,7,9.7,0.03,0.21,0.08,18.4,155,68,165,236.0,3,0,0,100
17:37:31,6,4,7,10.0,0.07,0.17,0.04,18.4,187,122,184,289.0,3,0,0,100
17:37:31,6,4,7,10.0,0.07,0.17,0.04,18.5,187,122,184,289.0,3,0,0,100
17:37:31,6,4,7,10.0,0.07,0.17,0.04,18.5,187,122,184,289.0,3,0,0,100
17:37:32,6,4,7,10.0,0.07,0.17,0.04,18.3,187,122,184,289.0,3,0,0,100
17:37:32,6,4,7,10.0,0.07,0.17,0.04,18.4,187,122,184,289.0,3,0,0,100
17:37:32,6,4,7,10.0,0.07,0.17,0.04,18.3,187,122,184,289.0,0,0,0,100
17:37:32,6,4,7,10.0,0.07,0.17,0.04,18.3,187,122,184,289.0,0,0,0,100
17:37:32,6,4,7,10.0,0.07,0.17,0.04,18.4,187,122,184,289.0,0,0,0,100
17:37:32,6,4,7,10.0,0.07,0.17,0.04,18.4,187,122,184,289.0,0,0,0,100
17:37:32,6,4,7,10.0,0.07,0.17,0.04,18.2,187,122,184,289.0,0,0,0,100
17:37:32,9,6,4,11.5,0.09,0.16,0.04,18.4,265,152,117,327.0,0,0,0,100
17:37:32,9,6,4,11.5,0.09,0.16,0.04,18.2,265,152,117,327.0,0,0,0,100
17:37:32,9,6,4,11.5,0.09,0.16,0.04,18.4,265,152,117,327.0,0,0,0,100
17:37:33,9,6,4,11.5,0.09,0.16,0.04,18.6,265,152,117,327.0,0,0,0,100
17:37:33,9,6,4,11.5,0.09,0.16,0.04,18.2,265,152,117,327.0,0,0,0,100
17:37:33,9,6,4,11.5,0.09,0.16,0.04,18.3,265,152,117,327.0,0,0,0,100
17:37:33,9,6,4,11.5,0.09,0.16,0.04,18.4,265,152,117,327.0,0,0,0,100
17:37:33,9,6,4,11.5,0.09,0.16,0.04,18.4,265,152,117,327.0,0,0,0,100
17:37:33,9,6,4,11.5,0.09,0.16,0.04,18.4,265,152,117,327.0,0,0,0,100
17:37:33,9,6,4,11.5,0.09,0.16,0.04,18.3,265,152,117,327.0,0,0,0,100
17:37:33,7,5,8,11.7,0.04,0.12,0.06,18.2,187,139,233,330.0,0,0,0,100
17:37:33,7,5,8,11.7,0.04,0.12,0.06,18.1,187,139,233,330.0,0,0,0,100
17:37:33,7,5,8,11.7,0.04,0.12,0.06,18.3,187,139,233,330.0,0,0,0,100
17:37:34,7,5,8,11.7,0.04,0.12,0.06,18.3,187,139,233,330.0,0,0,0,100
17:37:34,7,5,8,11.7,0.04,0.12,0.06,18.4,187,139,233,330.0,0,0,0,100
17:37:34,7,5,8,11.7,0.04,0.12,0.06,18.4,187,139,233,330.0,3,0,0,100
17:37:34,7,5,8,11.7,0.04,0.12,0.06,18.3,187,139,233,330.0,3,0,0,100
17:37:34,7,5,8,11.7,0.04,0.12,0.06,18.5,187,139,233,330.0,3,0,0,100
17:37:34,7,5,8,11.7,0.04,0.12,0.06,18.4,187,139,233,330.0,3,0,0,100
17:37:34,7,5,8,11.7,0.04,0.12,0.06,18.2,187,139,233,330.0,3,0,0,100
17:37:34,5,4,8,10.2,0.06,0.13,0.09,18.5,170,135,244,327.0,3,0,0,100
17:37:34,5,4,8,10.2,0.06,0.13,0.09,18.3,170,135,244,327.0,3,0,0,100
17:37:34,5,4,8,10.2,0.06,0.13,0.09,18.5,170,135,244,327.0,3,0,0,100
17:37:35,5,4,8,10.2,0.06,0.13,0.09,18.7,170,135,244,327.0,3,0,0,100
17:37:35,5,4,8,10.2,0.06,0.13,0.09,18.3,170,135,244,327.0,3,0,0,100
17:37:35,5,4,8,10.2,0.06,0.13,0.09,18.2,170,135,244,327.0,0,0,1,100
17:37:35,5,4,8,10.2,0.06,0.13,0.09,18.5,170,135,244,327.0,0,0,1,100
17:37:35,5,4,8,10.2,0.06,0.13,0.09,18.4,170,135,244,327.0,0,0,1,100
17:37:35,5,4,8,10.2,0.06,0.13,0.09,18.4,170,135,244,327.0,0,0,1,100
17:37:35,5,4,8,10.2,0.06,0.13,0.09,18.4,170,135,244,327.0,0,0,1,100
17:37:35,7,3,4,8.6,0.07,0.15,0.09,18.6,197,96,102,242.0,0,0,1,100
17:37:35,7,3,4,8.6,0.07,0.15,0.09,18.4,197,96,102,242.0,0,0,1,100
17:37:35,7,3,4,8.6,0.07,0.15,0.09,18.3,197,96,102,242.0,0,0,1,100
17:37:36,7,3,4,8.6,0.07,0.15,0.09,18.4,197,96,102,242.0,0,0,1,100
17:37:36,7,3,4,8.6,0.07,0.15,0.09,18.4,197,96,102,242.0,0,0,1,100
17:37:36,7,3,4,8.6,0.07,0.15,0.09,18.3,197,96,102,242.0,0,0,0,100
17:37:36,7,3,4,8.6,0.07,0.15,0.09,18.2,197,96,102,242.0,0,0,0,100
17:37:36,7,3,4,8.6,0.07,0.15,0.09,18.4,197,96,102,242.0,0,0,0,100
17:37:36,7,3,4,8.6,0.07,0.15,0.09,18.4,197,96,102,242.0,0,0,0,100
17:37:36,7,3,4,8.6,0.07,0.15,0.09,18.3,197,96,102,242.0,0,0,0,100
17:37:36,3,2,5,6.2,0.05,0.1,0.03,18.2,113,54,143,190.0,0,0,0,100
17:37:36,3,2,5,6.2,0.05,0.1,0.03,18.4,113,54,143,190.0,0,0,0,100
17:37:36,3,2,5,6.2,0.05,0.1,0.03,18.4,113,54,143,190.0,0,0,0,100
17:37:37,3,2,5,6.2,0.05,0.1,0.03,18.2,113,54,143,190.0,0,0,0,100
17:37:37,3,2,5,6.2,0.05,0.1,0.03,18.4,113,54,143,190.0,0,0,0,100
17:37:37,3,2,5,6.2,0.05,0.1,0.03,18.5,113,54,143,190.0,1,0,0,100
17:37:37,3,2,5,6.2,0.05,0.1,0.03,18.4,113,54,143,190.0,1,0,0,100
17:37:37,3,2,5,6.2,0.05,0.1,0.03,18.5,113,54,143,190.0,1,0,0,100
17:37:37,3,2,5,6.2,0.05,0.1,0.03,18.4,113,54,143,190.0,1,0,0,100
17:37:37,3,2,5,6.2,0.05,0.1,0.03,18.2,113,54,143,190.0,1,0,0,100
17:37:37,6,2,3,7.0,0.04,0.15,0.05,18.5,171,51,94,202.0,1,0,0,100
17:37:37,6,2,3,7.0,0.04,0.15,0.05,18.2,171,51,94,202.0,1,0,0,100
17:37:37,6,2,3,7.0,0.04,0.15,0.05,18.5,171,51,94,202.0,1,0,0,100
17:37:38,6,2,3,7.0,0.04,0.15,0.05,18.4,171,51,94,202.0,1,0,0,100
17:37:38,6,2,3,7.0,0.04,0.15,0.05,18.4,171,51,94,202.0,1,0,0,100
17:37:38,6,2,3,7.0,0.04,0.15,0.05,18.2,171,51,94,202.0,0,0,0,100
17:37:38,6,2,3,7.0,0.04,0.15,0.05,18.4,171,51,94,202.0,0,0,0,100
17:37:38,6,2,3,7.0,0.04,0.15,0.05,18.4,171,51,94,202.0,0,0,0,100
17:37:38,6,2,3,7.0,0.04,0.15,0.05,18.2,171,51,94,202.0,0,0,0,100
17:37:38,6,2,3,7.0,0.04,0.15,0.05,18.2,171,51,94,202.0,0,0,0,100
17:37:38,4,3,6,7.8,0.05,0.1,0.07,18.4,116,94,186,239.0,0,0,0,100
17:37:38,4,3,6,7.8,0.05,0.1,0.07,18.2,116,94,186,239.0,0,0,0,100
17:37:38,4,3,6,7.8,0.05,0.1,0.07,18.4,116,94,186,239.0,0,0,0,100
17:37:39,4,3,6,7.8,0.05,0.1,0.07,18.4,116,94,186,239.0,0,0,0,100
17:37:39,4,3,6,7.8,0.05,0.1,0.07,18.3,116,94,186,239.0,0,0,0,100
17:37:39,4,3,6,7.8,0.05,0.1,0.07,18.6,116,94,186,239.0,0,0,0,100
17:37:39,4,3,6,7.8,0.05,0.1,0.07,18.4,116,94,186,239.0,0,0,0,100
17:37:39,4,3,6,7.8,0.05,0.1,0.07,18.4,116,94,186,239.0,0,0,0,100
17:37:39,4,3,6,7.8,0.05,0.1,0.07,18.5,116,94,186,239.0,0,0,0,100
17:37:39,4,3,6,7.8,0.05,0.1,0.07,18.6,116,94,186,239.0,0,0,0,100
17:37:39,7,4,7,10.7,0.05,0.11,0.05,18.3,218,124,198,320.0,0,0,0,100
17:37:39,7,4,7,10.7,0.05,0.11,0.05,18.4,218,124,198,320.0,0,0,0,100
17:37:39,7,4,7,10.7,0.05,0.11,0.05,18.3,218,124,198,320.0,0,0,0,100
17:37:40,7,4,7,10.7,0.05,0.11,0.05,18.4,218,124,198,320.0,0,0,0,100
17:37:40,7,4,7,10.7,0.05,0.11,0.05,18.2,218,124,198,320.0,0,0,0,100
17:37:40,7,4,7,10.7,0.05,0.11,0.05,18.4,218,124,198,320.0,0,0,1,100
17:37:40,7,4,7,10.7,0.05,0.11,0.05,18.2,218,124,198,320.0,0,0,1,100
17:37:40,7,4,7,10.7,0.05,0.11,0.05,18.2,218,124,198,320.0,0,0,1,100
17:37:40,7,4,7,10.7,0.05,0.11,0.05,18.4,218,124,198,320.0,0,0,1,100
17:37:40,7,4,7,10.7,0.05,0.11,0.05,18.3,218,124,198,320.0,0,0,1,100
17:37:40,8,4,5,10.2,0.07,0.14,0.07,18.3,232,132,154,308.0,0,0,1,100
17:37:40,8,4,5,10.2,0.07,0.14,0.07,18.2,232,132,154,308.0,0,0,1,100
17:37:40,8,4,5,10.2,0.07,0.14,0.07,18.6,232,132,154,308.0,0,0,1,100
17:37:41,8,4,5,10.2,0.07,0.14,0.07,18.2,232,132,154,308.0,0,0,1,100
17:37:41,8,4,5,10.2,0.07,0.14,0.07,18.3,232,132,154,308.0,0,0,1,100
17:37:41,8,4,5,10.2,0.07,0.14,0.07,18.5,232,132,154,308.0,0,0,0,100
17:37:41,8,4,5,10.2,0.07,0.14,0.07,18.2,232,132,154,308.0,0,0,0,100
17:37:41,8,4,5,10.2,0.07,0.14,0.07,18.2,232,132,154,308.0,0,0,0,100
17:37:41,8,4,5,10.2,0.07,0.14,0.07,18.5,232,132,154,308.0,0,0,0,100
17:37:41,8,4,5,10.2,0.07,0.14,0.07,18.5,232,132,154,308.0,0,0,0,100
17:37:41,5,6,11,13.5,0.08,0.21,0.1,18.2,172,153,261,348.0,0,0,0,100
17:37:41,5,6,11,13.5,0.08,0.21,0.1,18.4,172,153,261,348.0,0,0,0,100
17:37:41,5,6,11,13.5,0.08,0.21,0.1,18.4,172,153,261,348.0,0,0,0,100
17:37:42,5,6,11,13.5,0.08,0.21,0.1,18.3,172,153,261,348.0,0,0,0,100
17:37:42,5,6,11,13.5,0.08,0.21,0.1,18.4,172,153,261,348.0,0,0,0,100
17:37:42,5,6,11,13.5,0.08,0.21,0.1,18.4,172,153,261,348.0,1,0,0,100
17:37:42,5,6,11,13.5,0.08,0.21,0.1,18.6,172,153,261,348.0,1,0,0,100
17:37:42,5,6,11,13.5,0.08,0.21,0.1,18.4,172,153,261,348.0,1,0,0,100
17:37:42,5,6,11,13.5,0.08,0.21,0.1,18.5,172,153,261,348.0,1,0,0,100
17:37:42,5,6,11,13.5,0.08,0.21,0.1,18.3,172,153,261,348.0,1,0,0,100
17:37:42,7,6,14,16.8,0.07,0.17,0.1,18.2,200,126,220,323.0,1,0,0,100
17:37:42,7,6,14,16.8,0.07,0.17,0.1,18.5,200,126,220,323.0,1,0,0,100
17:37:42,7,6,14,16.8,0.07,0.17,0.1,18.5,200,126,220,323.0,1,0,0,100
17:37:43,7,6,14,16.8,0.07,0.17,0.1,18.2,200,126,220,323.0,1,0,0,100
17:37:43,7,6,14,16.8,0.07,0.17,0.1,18.4,200,126,220,323.0,1,0,0,100
17:37:43,7,6,14,16.8,0.07,0.17,0.1,18.3,200,126,220,323.0,0,0,0,100
17:37:43,7,6,14,16.8,0.07,0.17,0.1,18.3,200,126,220,323.0,0,0,0,100
17:37:43,7,6,14,16.8,0.07,0.17,0.1,18.4,200,126,220,323.0,0,0,0,100
17:37:43,7,6,14,16.8,0.07,0.17,0.1,18.5,200,126,220,323.0,0,0,0,100
17:37:43,7,6,14,16.8,0.07,0.17,0.1,18.4,200,126,220,323.0,0,0,0,100
17:37:43,7,3,5,9.1,0.12,0.2,0.09,18.4,210,99,157,280.0,0,0,0,100
17:37:43,7,3,5,9.1,0.12,0.2,0.09,18.3,210,99,157,280.0,0,0,0,100
17:37:43,7,3,5,9.1,0.12,0.2,0.09,18.4,210,99,157,280.0,0,0,0,100
17:37:44,7,3,5,9.1,0.12,0.2,0.09,18.5,210,99,157,280.0,0,0,0,100
17:37:44,7,3,5,9.1,0.12,0.2,0.09,18.6,210,99,157,280.0,0,0,0,100
17:37:44,7,3,5,9.1,0.12,0.2,0.09,18.3,210,99,157,280.0,1,2,0,100
17:37:44,7,3,5,9.1,0.12,0.2,0.09,18.4,210,99,157,280.0,1,2,0,100
17:37:44,7,3,5,9.1,0.12,0.2,0.09,18.2,210,99,157,280.0,1,2,0,100
17:37:44,7,3,5,9.1,0.12,0.2,0.09,18.4,210,99,157,280.0,1,2,0,100
17:37:44,7,3,5,9.1,0.12,0.2,0.09,18.4,210,99,157,280.0,1,2,0,100
17:37:44,6,1,6,8.5,0.09,0.2,0.07,18.3,162,38,159,230.0,1,2,0,100
17:37:44,6,1,6,8.5,0.09,0.2,0.07,18.4,162,38,159,230.0,1,2,0,100
17:37:45,6,1,6,8.5,0.09,0.2,0.07,18.5,162,38,159,230.0,1,2,0,100
17:37:45,6,1,6,8.5,0.09,0.2,0.07,18.2,162,38,159,230.0,1,2,0,100
17:37:45,6,1,6,8.5,0.09,0.2,0.07,18.3,162,38,159,230.0,1,2,0,100
17:37:45,6,1,6,8.5,0.09,0.2,0.07,18.4,162,38,159,230.0,0,1,2,100
17:37:45,6,1,6,8.5,0.09,0.2,0.07,18.5,162,38,159,230.0,0,1,2,100
17:37:45,6,1,6,8.5,0.09,0.2,0.07,18.6,162,38,159,230.0,0,1,2,100
17:37:45,6,1,6,8.5,0.09,0.2,0.07,18.2,162,38,159,230.0,0,1,2,100
17:37:45,6,1,6,8.5,0.09,0.2,0.07,18.2,162,38,159,230.0,0,1,2,100
17:37:45,6,3,5,8.4,0.04,0.25,0.04,18.2,170,87,128,230.0,0,1,2,100
17:37:45,6,3,5,8.4,0.04,0.25,0.04,18.5,170,87,128,230.0,0,1,2,100
17:37:45,6,3,5,8.4,0.04,0.25,0.04,18.6,170,87,128,230.0,0,1,2,100
17:37:46,6,3,5,8.4,0.04,0.25,0.04,18.4,170,87,128,230.0,0,1,2,100
17:37:46,6,3,5,8.4,0.04,0.25,0.04,18.4,170,87,128,230.0,0,1,2,100
17:37:46,6,3,5,8.4,0.04,0.25,0.04,18.4,170,87,128,230.0,0,0,0,100
17:37:46,6,3,5,8.4,0.04,0.25,0.04,18.3,170,87,128,230.0,0,0,0,100
17:37:46,6,3,5,8.4,0.04,0.25,0.04,18.3,170,87,128,230.0,0,0,0,100
17:37:46,6,3,5,8.4,0.04,0.25,0.04,18.2,170,87,128,230.0,0,0,0,100
17:37:46,6,3,5,8.4,0.04,0.25,0.04,18.4,170,87,128,230.0,0,0,0,100
17:37:46,6,6,9,12.4,0.04,0.25,0.08,18.5,147,132,217,293.0,0,0,0,100
17:37:46,6,6,9,12.4,0.04,0.25,0.08,18.4,147,132,217,293.0,0,0,0,100
17:37:47,6,6,9,12.4,0.04,0.25,0.08,18.4,147,132,217,293.0,0,0,0,100
17:37:47,6,6,9,12.4,0.04,0.25,0.08,18.4,147,132,217,293.0,0,0,0,100
17:37:47,6,6,9,12.4,0.04,0.25,0.08,18.2,147,132,217,293.0,0,0,0,100
17:37:47,6,6,9,12.4,0.04,0.25,0.08,18.3,147,132,217,293.0,2,0,0,100
17:37:47,6,6,9,12.4,0.04,0.25,0.08,18.4,147,132,217,293.0,2,0,0,100
17:37:47,6,6,9,12.4,0.04,0.25,0.08,18.4,147,132,217,293.0,2,0,0,100
17:37:47,6,6,9,12.4,0.04,0.25,0.08,18.4,147,132,217,293.0,2,0,0,100
17:37:47,6,6,9,12.4,0.04,0.25,0.08,18.2,147,132,217,293.0,2,0,0,100
17:37:47,8,7,9,13.9,0.1,0.25,0.08,18.4,241,167,222,368.0,2,0,0,100
17:37:47,8,7,9,13.9,0.1,0.25,0.08,18.5,241,167,222,368.0,2,0,0,100
17:37:48,8,7,9,13.9,0.1,0.25,0.08,18.4,241,167,222,368.0,2,0,0,100
17:37:48,8,7,9,13.9,0.1,0.25,0.08,18.4,241,167,222,368.0,2,0,0,100
17:37:48,8,7,9,13.9,0.1,0.25,0.08,18.5,241,167,222,368.0,2,0,0,100
17:37:48,8,7,9,13.9,0.1,0.25,0.08,18.4,241,167,222,368.0,0,0,0,100
17:37:48,8,7,9,13.9,0.1,0.25,0.08,18.2,241,167,222,368.0,0,0,0,100
17:37:48,8,7,9,13.9,0.1,0.25,0.08,18.4,241,167,222,368.0,0,0,0,100
17:37:48,8,7,9,13.9,0.1,0.25,0.08,18.2,241,167,222,368.0,0,0,0,100
17:37:48,8,7,9,13.9,0.1,0.25,0.08,18.3,241,167,222,368.0,0,0,0,100
17:37:48,11,7,8,15.3,0.09,0.3,0.05,18.5,288,156,186,377.0,0,0,0,100
17:37:48,11,7,8,15.3,0.09,0.3,0.05,18.7,288,156,186,377.0,0,0,0,100
17:37:49,11,7,8,15.3,0.09,0.3,0.05,18.2,288,156,186,377.0,0,0,0,100
17:37:49,11,7,8,15.3,0.09,0.3,0.05,18.7,288,156,186,377.0,0,0,0,100
17:37:49,11,7,8,15.3,0.09,0.3,0.05,18.4,288,156,186,377.0,0,0,0,100
17:37:49,11,7,8,15.3,0.09,0.3,0.05,18.3,288,156,186,377.0,0,0,0,100
17:37:49,11,7,8,15.3,0.09,0.3,0.05,18.4,288,156,186,377.0,0,0,0,100
17:37:49,11,7,8,15.3,0.09,0.3,0.05,18.5,288,156,186,377.0,0,0,0,100
17:37:49,11,7,8,15.3,0.09,0.3,0.05,18.4,288,156,186,377.0,0,0,0,100
17:37:49,11,7,8,15.3,0.09,0.3,0.05,18.4,288,156,186,377.0,0,0,0,100
17:37:49,7,5,12,14.8,0.05,0.18,0.07,18.4,137,127,214,284.0,0,0,0,100
17:37:49,7,5,12,14.8,0.05,0.18,0.07,18.2,137,127,214,284.0,0,0,0,100
17:37:50,7,5,12,14.8,0.05,0.18,0.07,18.4,137,127,214,284.0,0,0,0,100
17:37:50,7,5,12,14.8,0.05,0.18,0.07,18.5,137,127,214,284.0,0,0,0,100
17:37:50,7,5,12,14.8,0.05,0.18,0.07,18.4,137,127,214,284.0,0,0,0,100
17:37:50,7,5,12,14.8,0.05,0.18,0.07,18.4,137,127,214,284.0,1,0,0,100
17:37:50,7,5,12,14.8,0.05,0.18,0.07,18.4,137,127,214,284.0,1,0,0,100
17:37:50,7,5,12,14.8,0.05,0.18,0.07,18.4,137,127,214,284.0,1,0,0,100
17:37:50,7,5,12,14.8,0.05,0.18,0.07,18.3,137,127,214,284.0,1,0,0,100
17:37:50,7,5,12,14.8,0.05,0.18,0.07,18.4,137,127,214,284.0,1,0,0,100
17:37:50,7,4,5,9.5,0.05,0.13,0.07,18.2,160,87,173,251.0,1,0,0,100
17:37:50,7,4,5,9.5,0.05,0.13,0.07,18.2,160,87,173,251.0,1,0,0,100
17:37:51,7,4,5,9.5,0.05,0.13,0.07,18.2,160,87,173,251.0,1,0,0,100
17:37:51,7,4,5,9.5,0.05,0.13,0.07,18.3,160,87,173,251.0,1,0,0,100
17:37:51,7,4,5,9.5,0.05,0.13,0.07,18.4,160,87,173,251.0,1,0,0,100
17:37:51,7,4,5,9.5,0.05,0.13,0.07,18.4,160,87,173,251.0,0,0,1,100
17:37:51,7,4,5,9.5,0.05,0.13,0.07,18.4,160,87,173,251.0,0,0,1,100
17:37:51,7,4,5,9.5,0.05,0.13,0.07,18.6,160,87,173,251.0,0,0,1,100
17:37:51,7,4,5,9.5,0.05,0.13,0.07,18.4,160,87,173,251.0,0,0,1,100
17:37:51,7,4,5,9.5,0.05,0.13,0.07,18.4,160,87,173,251.0,0,0,1,100
17:37:51,6,1,5,7.9,0.07,0.15,0.08,18.2,155,37,136,209.0,0,0,1,100
17:37:51,6,1,5,7.9,0.07,0.15,0.08,18.4,155,37,136,209.0,0,0,1,100
17:37:52,6,1,5,7.9,0.07,0.15,0.08,18.4,155,37,136,209.0,0,0,1,100
17:37:52,6,1,5,7.9,0.07,0.15,0.08,18.3,155,37,136,209.0,0,0,1,100
17:37:52,6,1,5,7.9,0.07,0.15,0.08,18.4,155,37,136,209.0,0,0,1,100
17:37:52,6,1,5,7.9,0.07,0.15,0.08,18.4,155,37,136,209.0,2,3,0,100
17:37:52,6,1,5,7.9,0.07,0.15,0.08,18.2,155,37,136,209.0,2,3,0,100
17:37:52,6,1,5,7.9,0.07,0.15,0.08,18.2,155,37,136,209.0,2,3,0,100
17:37:52,6,1,5,7.9,0.07,0.15,0.08,18.3,155,37,136,209.0,2,3,0,100
17:37:52,6,1,5,7.9,0.07,0.15,0.08,18.3,155,37,136,209.0,2,3,0,100
17:37:52,6,2,5,8.1,0.04,0.18,0.04,18.4,181,74,139,240.0,2,3,0,100
17:37:52,6,2,5,8.1,0.04,0.18,0.04,18.4,181,74,139,240.0,2,3,0,100
17:37:53,6,2,5,8.1,0.04,0.18,0.04,18.4,181,74,139,240.0,2,3,0,100
17:37:53,6,2,5,8.1,0.04,0.18,0.04,18.4,181,74,139,240.0,2,3,0,100
17:37:53,6,2,5,8.1,0.04,0.18,0.04,18.2,181,74,139,240.0,2,3,0,100
17:37:53,6,2,5,8.1,0.04,0.18,0.04,18.6,181,74,139,240.0,0,0,0,100
17:37:53,6,2,5,8.1,0.04,0.18,0.04,18.4,181,74,139,240.0,0,0,0,100
17:37:53,6,2,5,8.1,0.04,0.18,0.04,18.5,181,74,139,240.0,0,0,0,100
17:37:53,6,2,5,8.1,0.04,0.18,0.04,18.4,181,74,139,240.0,0,0,0,100
17:37:53,6,2,5,8.1,0.04,0.18,0.04,18.4,181,74,139,240.0,0,0,0,100
17:37:53,7,4,6,10.0,0.06,0.15,0.04,18.4,190,115,187,290.0,0,0,0,100
17:37:53,7,4,6,10.0,0.06,0.15,0.04,18.1,190,115,187,290.0,0,0,0,100
17:37:54,7,4,6,10.0,0.06,0.15,0.04,18.2,190,115,187,290.0,0,0,0,100
17:37:54,7,4,6,10.0,0.06,0.15,0.04,18.4,190,115,187,290.0,0,0,0,100
17:37:54,7,4,6,10.0,0.06,0.15,0.04,18.3,190,115,187,290.0,0,0,0,100
17:37:54,7,4,6,10.0,0.06,0.15,0.04,18.4,190,115,187,290.0,0,0,0,100
17:37:54,7,4,6,10.0,0.06,0.15,0.04,18.2,190,115,187,290.0,0,0,0,100
17:37:54,7,4,6,10.0,0.06,0.15,0.04,18.3,190,115,187,290.0,0,0,0,100
17:37:54,7,4,6,10.0,0.06,0.15,0.04,18.3,190,115,187,290.0,0,0,0,100
17:37:54,7,4,6,10.0,0.06,0.15,0.04,18.2,190,115,187,290.0,0,0,0,100
17:37:54,4,5,9,11.0,0.04,0.1,0.07,18.5,117,140,224,289.0,0,0,0,100
17:37:54,4,5,9,11.0,0.04,0.1,0.07,18.4,117,140,224,289.0,0,0,0,100
17:37:55,4,5,9,11.0,0.04,0.1,0.07,18.5,117,140,224,289.0,0,0,0,100
17:37:55,4,5,9,11.0,0.04,0.1,0.07,18.5,117,140,224,289.0,0,0,0,100
17:37:55,4,5,9,11.0,0.04,0.1,0.07,18.1,117,140,224,289.0,0,0,0,100
17:37:55,4,5,9,11.0,0.04,0.1,0.07,18.4,117,140,224,289.0,0,0,0,100
17:37:55,4,5,9,11.0,0.04,0.1,0.07,18.3,117,140,224,289.0,0,0,0,100
17:37:55,4,5,9,11.0,0.04,0.1,0.07,18.5,117,140,224,289.0,0,0,0,100
17:37:55,4,5,9,11.0,0.04,0.1,0.07,18.4,117,140,224,289.0,0,0,0,100
17:37:55,4,5,9,11.0,0.04,0.1,0.07,18.2,117,140,224,289.0,0,0,0,100
17:37:55,8,5,8,12.4,0.07,0.15,0.07,18.4,242,155,194,347.0,0,0,0,100
17:37:55,8,5,8,12.4,0.07,0.15,0.07,18.3,242,155,194,347.0,0,0,0,100
17:37:56,8,5,8,12.4,0.07,0.15,0.07,18.3,242,155,194,347.0,0,0,0,100
17:37:56,8,5,8,12.4,0.07,0.15,0.07,18.4,242,155,194,347.0,0,0,0,100
17:37:56,8,5,8,12.4,0.07,0.15,0.07,18.3,242,155,194,347.0,0,0,0,100
17:37:56,8,5,8,12.4,0.07,0.15,0.07,18.3,242,155,194,347.0,0,0,1,100
17:37:56,8,5,8,12.4,0.07,0.15,0.07,18.4,242,155,194,347.0,0,0,1,100
17:37:56,8,5,8,12.4,0.07,0.15,0.07,18.2,242,155,194,347.0,0,0,1,100
17:37:56,8,5,8,12.4,0.07,0.15,0.07,18.4,242,155,194,347.0,0,0,1,100
17:37:56,8,5,8,12.4,0.07,0.15,0.07,18.4,242,155,194,347.0,0,0,1,100
17:37:56,8,4,5,10.2,0.05,0.1,0.03,18.4,221,124,162,301.0,0,0,1,100
17:37:57,8,4,5,10.2,0.05,0.1,0.03,18.3,221,124,162,301.0,0,0,1,100
17:37:57,8,4,5,10.2,0.05,0.1,0.03,18.4,221,124,162,301.0,0,0,1,100
17:37:57,8,4,5,10.2,0.05,0.1,0.03,18.3,221,124,162,301.0,0,0,1,100
17:37:57,8,4,5,10.2,0.05,0.1,0.03,18.4,221,124,162,301.0,0,0,1,100
17:37:57,8,4,5,10.2,0.05,0.1,0.03,18.6,221,124,162,301.0,0,0,0,100
17:37:57,8,4,5,10.2,0.05,0.1,0.03,18.5,221,124,162,301.0,0,0,0,100
17:37:57,8,4,5,10.2,0.05,0.1,0.03,18.2,221,124,162,301.0,0,0,0,100
17:37:57,8,4,5,10.2,0.05,0.1,0.03,18.5,221,124,162,301.0,0,0,0,100
17:37:57,8,4,5,10.2,0.05,0.1,0.03,18.2,221,124,162,301.0,0,0,0,100
17:37:57,4,3,6,7.8,0.05,0.1,0.08,18.4,101,95,193,238.0,0,0,0,100
17:37:58,4,3,6,7.8,0.05,0.1,0.08,18.4,101,95,193,238.0,0,0,0,100
17:37:58,4,3,6,7.8,0.05,0.1,0.08,18.5,101,95,193,238.0,0,0,0,100
17:37:58,4,3,6,7.8,0.05,0.1,0.08,18.2,101,95,193,238.0,0,0,0,100
17:37:58,4,3,6,7.8,0.05,0.1,0.08,18.3,101,95,193,238.0,0,0,0,100
17:37:58,4,3,6,7.8,0.05,0.1,0.08,18.6,101,95,193,238.0,1,0,0,100
17:37:58,4,3,6,7.8,0.05,0.1,0.08,18.4,101,95,193,238.0,1,0,0,100
17:37:58,4,3,6,7.8,0.05,0.1,0.08,18.5,101,95,193,238.0,1,0,0,100
17:37:58,4,3,6,7.8,0.05,0.1,0.08,18.2,101,95,193,238.0,1,0,0,100
17:37:58,4,3,6,7.8,0.05,0.1,0.08,18.2,101,95,193,238.0,1,0,0,100
17:37:58,6,4,4,8.2,0.04,0.13,0.08,18.4,185,63,135,238.0,1,0,0,100
17:37:59,6,4,4,8.2,0.04,0.13,0.08,18.4,185,63,135,238.0,1,0,0,100
17:37:59,6,4,4,8.2,0.04,0.13,0.08,18.5,185,63,135,238.0,1,0,0,100
17:37:59,6,4,4,8.2,0.04,0.13,0.08,18.4,185,63,135,238.0,1,0,0,100
17:37:59,6,4,4,8.2,0.04,0.13,0.08,18.4,185,63,135,238.0,1,0,0,100
17:37:59,6,4,4,8.2,0.04,0.13,0.08,18.5,185,63,135,238.0,0,1,2,100
17:37:59,6,4,4,8.2,0.04,0.13,0.08,18.4,185,63,135,238.0,0,1,2,100
17:37:59,6,4,4,8.2,0.04,0.13,0.08,18.4,185,63,135,238.0,0,1,2,100
17:37:59,6,4,4,8.2,0.04,0.13,0.08,18.6,185,63,135,238.0,0,1,2,100
17:37:59,6,4,4,8.2,0.04,0.13,0.08,18.2,185,63,135,238.0,0,1,2,100
17:37:59,3,5,8,9.9,0.06,0.16,0.04,18.4,106,49,155,194.0,0,1,2,100
17:38:00,3,5,8,9.9,0.06,0.16,0.04,18.3,106,49,155,194.0,0,1,2,100
17:38:00,3,5,8,9.9,0.06,0.16,0.04,18.2,106,49,155,194.0,0,1,2,100
17:38:00,3,5,8,9.9,0.06,0.16,0.04,18.5,106,49,155,194.0,0,1,2,100
17:38:00,3,5,8,9.9,0.06,0.16,0.04,18.5,106,49,155,194.0,0,1,2,100
17:38:00,3,5,8,9.9,0.06,0.16,0.04,18.1,106,49,155,194.0,0,1,0,100
17:38:00,3,5,8,9.9,0.06,0.16,0.04,18.4,106,49,155,194.0,0,1,0,100
17:38:00,3,5,8,9.9,0.06,0.16,0.04,18.6,106,49,155,194.0,0,1,0,100
17:38:00,3,5,8,9.9,0.06,0.16,0.04,18.3,106,49,155,194.0,0,1,0,100
17:38:00,3,5,8,9.9,0.06,0.16,0.04,18.4,106,49,155,194.0,0,1,0,100
17:38:00,8,4,5,10.2,0.05,0.15,0.05,18.2,192,99,154,265.0,0,1,0,100
17:38:01,8,4,5,10.2,0.05,0.15,0.05,18.2,192,99,154,265.0,0,1,0,100
17:38:01,8,4,5,10.2,0.05,0.15,0.05,18.2,192,99,154,265.0,0,1,0,100
17:38:01,8,4,5,10.2,0.05,0.15,0.05,18.6,192,99,154,265.0,0,1,0,100
17:38:01,8,4,5,10.2,0.05,0.15,0.05,18.4,192,99,154,265.0,0,1,0,100
17:38:01,8,4,5,10.2,0.05,0.15,0.05,18.7,192,99,154,265.0,0,0,3,100
17:38:01,8,4,5,10.2,0.05,0.15,0.05,18.4,192,99,154,265.0,0,0,3,100
17:38:01,8,4,5,10.2,0.05,0.15,0.05,18.4,192,99,154,265.0,0,0,3,100
17:38:01,8,4,5,10.2,0.05,0.15,0.05,18.4,192,99,154,265.0,0,0,3,100
17:38:01,8,4,5,10.2,0.05,0.15,0.05,18.4,192,99,154,265.0,0,0,3,100
17:38:01,7,5,7,11.1,0.08,0.14,0.05,18.6,215,136,206,327.0,0,0,3,100
17:38:02,7,5,7,11.1,0.08,0.14,0.05,18.5,215,136,206,327.0,0,0,3,100
17:38:02,7,5,7,11.1,0.08,0.14,0.05,18.4,215,136,206,327.0,0,0,3,100
17:38:02,7,5,7,11.1,0.08,0.14,0.05,18.5,215,136,206,327.0,0,0,3,100
17:38:02,7,5,7,11.1,0.08,0.14,0.05,18.3,215,136,206,327.0,0,0,3,100
17:38:02,7,5,7,11.1,0.08,0.14,0.05,18.5,215,136,206,327.0,1,0,0,100
17:38:02,7,5,7,11.1,0.08,0.14,0.05,18.6,215,136,206,327.0,1,0,0,100
17:38:02,7,5,7,11.1,0.08,0.14,0.05,18.5,215,136,206,327.0,1,0,0,100
17:38:02,7,5,7,11.1,0.08,0.14,0.05,18.2,215,136,206,327.0,1,0,0,100
17:38:02,7,5,7,11.1,0.08,0.14,0.05,18.4,215,136,206,327.0,1,0,0,100
17:38:02,5,5,8,10.7,0.04,0.21,0.06,18.4,129,153,225,301.0,1,0,0,100
17:38:03,5,5,8,10.7,0.04,0.21,0.06,18.3,129,153,225,301.0,1,0,0,100
17:38:03,5,5,8,10.7,0.04,0.21,0.06,18.4,129,153,225,301.0,1,0,0,100
17:38:03,5,5,8,10.7,0.04,0.21,0.06,18.5,129,153,225,301.0,1,0,0,100
17:38:03,5,5,8,10.7,0.04,0.21,0.06,18.5,129,153,225,301.0,1,0,0,100
17:38:03,5,5,8,10.7,0.04,0.21,0.06,18.2,129,153,225,301.0,2,0,0,100
17:38:03,5,5,8,10.7,0.04,0.21,0.06,18.5,129,153,225,301.0,2,0,0,100
17:38:03,5,5,8,10.7,0.04,0.21,0.06,18.4,129,153,225,301.0,2,0,0,100
17:38:03,5,5,8,10.7,0.04,0.21,0.06,18.4,129,153,225,301.0,2,0,0,100
17:38:03,5,5,8,10.7,0.04,0.21,0.06,18.3,129,153,225,301.0,2,0,0,100
17:38:03,9,5,8,13.0,0.1,0.15,0.05,18.4,259,153,217,371.0,2,0,0,100
17:38:04,9,5,8,13.0,0.1,0.15,0.05,18.3,259,153,217,371.0,2,0,0,100
17:38:04,9,5,8,13.0,0.1,0.15,0.05,18.4,259,153,217,371.0,2,0,0,100
17:38:04,9,5,8,13.0,0.1,0.15,0.05,18.4,259,153,217,371.0,2,0,0,100
17:38:04,9,5,8,13.0,0.1,0.15,0.05,18.3,259,153,217,371.0,2,0,0,100
17:38:04,9,5,8,13.0,0.1,0.15,0.05,18.4,259,153,217,371.0,0,0,0,100
17:38:04,9,5,8,13.0,0.1,0.15,0.05,18.6,259,153,217,371.0,0,0,0,100
17:38:04,9,5,8,13.0,0.1,0.15,0.05,18.4,259,153,217,371.0,0,0,0,100
17:38:04,9,5,8,13.0,0.1,0.15,0.05,18.2,259,153,217,371.0,0,0,0,100
17:38:04,9,5,8,13.0,0.1,0.15,0.05,18.4,259,153,217,371.0,0,0,0,100
17:38:04,9,5,7,12.4,0.14,0.24,0.05,18.3,240,146,178,333.0,0,0,0,100
17:38:05,9,5,7,12.4,0.14,0.24,0.05,18.5,240,146,178,333.0,0,0,0,100
17:38:05,9,5,7,12.4,0.14,0.24,0.05,18.4,240,146,178,333.0,0,0,0,100
17:38:05,9,5,7,12.4,0.14,0.24,0.05,18.2,240,146,178,333.0,0,0,0,100
17:38:05,9,5,7,12.4,0.14,0.24,0.05,18.5,240,146,178,333.0,0,0,0,100
17:38:05,9,5,7,12.4,0.14,0.24,0.05,18.3,240,146,178,333.0,0,0,0,100
17:38:05,9,5,7,12.4,0.14,0.24,0.05,18.6,240,146,178,333.0,0,0,0,100
17:38:05,9,5,7,12.4,0.14,0.24,0.05,18.4,240,146,178,333.0,0,0,0,100
17:38:05,9,5,7,12.4,0.14,0.24,0.05,18.5,240,146,178,333.0,0,0,0,100
17:38:05,9,5,7,12.4,0.14,0.24,0.05,18.4,240,146,178,333.0,0,0,0,100
17:38:05,5,3,8,9.9,0.08,0.17,0.07,18.4,116,76,177,225.0,0,0,0,100
17:38:06,5,3,8,9.9,0.08,0.17,0.07,18.4,116,76,177,225.0,0,0,0,100
17:38:06,5,3,8,9.9,0.08,0.17,0.07,18.4,116,76,177,225.0,0,0,0,100
17:38:06,5,3,8,9.9,0.08,0.17,0.07,18.4,116,76,177,225.0,0,0,0,100
17:38:06,5,3,8,9.9,0.08,0.17,0.07,18.3,116,76,177,225.0,0,0,0,100
17:38:06,5,3,8,9.9,0.08,0.17,0.07,18.4,116,76,177,225.0,0,1,1,100
17:38:06,5,3,8,9.9,0.08,0.17,0.07,18.4,116,76,177,225.0,0,1,1,100
17:38:06,5,3,8,9.9,0.08,0.17,0.07,18.4,116,76,177,225.0,0,1,1,100
17:38:06,5,3,8,9.9,0.08,0.17,0.07,18.2,116,76,177,225.0,0,1,1,100
17:38:06,5,3,8,9.9,0.08,0.17,0.07,18.4,116,76,177,225.0,0,1,1,100
17:38:06,4,1,4,5.7,0.06,0.14,0.09,18.3,135,30,105,174.0,0,1,1,100
17:38:07,4,1,4,5.7,0.06,0.14,0.09,18.3,135,30,105,174.0,0,1,1,100
17:38:07,4,1,4,5.7,0.06,0.14,0.09,18.4,135,30,105,174.0,0,1,1,100
17:38:07,4,1,4,5.7,0.06,0.14,0.09,18.4,135,30,105,174.0,0,1,1,100
17:38:07,4,1,4,5.7,0.06,0.14,0.09,18.1,135,30,105,174.0,0,1,1,100
17:38:07,4,1,4,5.7,0.06,0.14,0.09,18.5,135,30,105,174.0,1,3,0,100
17:38:07,4,1,4,5.7,0.06,0.14,0.09,18.4,135,30,105,174.0,1,3,0,100
17:38:07,4,1,4,5.7,0.06,0.14,0.09,18.4,135,30,105,174.0,1,3,0,100
17:38:07,4,1,4,5.7,0.06,0.14,0.09,18.5,135,30,105,174.0,1,3,0,100
17:38:07,4,1,4,5.7,0.06,0.14,0.09,18.2,135,30,105,174.0,1,3,0,100
17:38:07,7,3,7,10.3,0.06,0.3,0.05,18.2,145,91,179,248.0,1,3,0,100
17:38:08,7,3,7,10.3,0.06,0.3,0.05,18.4,145,91,179,248.0,1,3,0,100
17:38:08,7,3,7,10.3,0.06,0.3,0.05,18.3,145,91,179,248.0,1,3,0,100
17:38:08,7,3,7,10.3,0.06,0.3,0.05,18.4,145,91,179,248.0,1,3,0,100
17:38:08,7,3,7,10.3,0.06,0.3,0.05,18.4,145,91,179,248.0,1,3,0,100
17:38:08,7,3,7,10.3,0.06,0.3,0.05,18.4,145,91,179,248.0,2,0,0,100
17:38:08,7,3,7,10.3,0.06,0.3,0.05,18.3,145,91,179,248.0,2,0,0,100
17:38:08,7,3,7,10.3,0.06,0.3,0.05,18.4,145,91,179,248.0,2,0,0,100
17:38:08,7,3,7,10.3,0.06,0.3,0.05,18.5,145,91,179,248.0,2,0,0,100
17:38:08,7,3,7,10.3,0.06,0.3,0.05,18.5,145,91,179,248.0,2,0,0,100
17:38:08,9,4,5,11.0,0.05,0.17,0.04,18.5,228,123,141,295.0,2,0,0,100
17:38:09,9,4,5,11.0,0.05,0.17,0.04,18.4,228,123,141,295.0,2,0,0,100
17:38:09,9,4,5,11.0,0.05,0.17,0.04,18.4,228,123,141,295.0,2,0,0,100
17:38:09,9,4,5,11.0,0.05,0.17,0.04,18.4,228,123,141,295.0,2,0,0,100
17:38:09,9,4,5,11.0,0.05,0.17,0.04,18.3,228,123,141,295.0,2,0,0,100
17:38:09,9,4,5,11.0,0.05,0.17,0.04,18.2,228,123,141,295.0,0,0,0,100
17:38:09,9,4,5,11.0,0.05,0.17,0.04,18.2,228,123,141,295.0,0,0,0,100
17:38:09,9,4,5,11.0,0.05,0.17,0.04,18.3,228,123,141,295.0,0,0,0,100
17:38:09,9,4,5,11.0,0.05,0.17,0.04,18.4,228,123,141,295.0,0,0,0,100
17:38:09,9,4,5,11.0,0.05,0.17,0.04,18.4,228,123,141,295.0,0,0,0,100
17:38:09,9,5,8,13.0,0.07,0.21,0.08,18.5,251,155,209,362.0,0,0,0,100
17:38:10,9,5,8,13.0,0.07,0.21,0.08,18.2,251,155,209,362.0,0,0,0,100
17:38:10,9,5,8,13.0,0.07,0.21,0.08,18.4,251,155,209,362.0,0,0,0,100
17:38:10,9,5,8,13.0,0.07,0.21,0.08,18.4,251,155,209,362.0,0,0,0,100
17:38:10,9,5,8,13.0,0.07,0.21,0.08,18.4,251,155,209,362.0,0,0,0,100
17:38:10,9,5,8,13.0,0.07,0.21,0.08,18.3,251,155,209,362.0,0,0,0,100
17:38:10,9,5,8,13.0,0.07,0.21,0.08,18.4,251,155,209,362.0,0,0,0,100
17:38:10,9,5,8,13.0,0.07,0.21,0.08,18.4,251,155,209,362.0,0,0,0,100
17:38:10,9,5,8,13.0,0.07,0.21,0.08,18.5,251,155,209,362.0,0,0,0,100
17:38:10,9,5,8,13.0,0.07,0.21,0.08,18.2,251,155,209,362.0,0,0,0,100
17:38:11,5,5,8,10.7,0.04,0.14,0.1,18.4,132,148,240,311.0,0,0,0,100
17:38:11,5,5,8,10.7,0.04,0.14,0.1,18.2,132,148,240,311.0,0,0,0,100
17:38:11,5,5,8,10.7,0.04,0.14,0.1,18.2,132,148,240,311.0,0,0,0,100
17:38:11,5,5,8,10.7,0.04,0.14,0.1,18.3,132,148,240,311.0,0,0,0,100
17:38:11,5,5,8,10.7,0.04,0.14,0.1,18.3,132,148,240,311.0,0,0,0,100
17:38:11,5,5,8,10.7,0.04,0.14,0.1,18.4,132,148,240,311.0,0,0,0,100
17:38:11,5,5,8,10.7,0.04,0.14,0.1,18.4,132,148,240,311.0,0,0,0,100
17:38:11,5,5,8,10.7,0.04,0.14,0.1,18.3,132,148,240,311.0,0,0,0,100
17:38:11,5,5,8,10.7,0.04,0.14,0.1,18.5,132,148,240,311.0,0,0,0,100
17:38:11,5,5,8,10.7,0.04,0.14,0.1,18.3,132,148,240,311.0,0,0,0,100
17:38:11,7,5,5,9.9,0.08,0.41,0.07,18.4,220,131,153,298.0,0,0,0,100
17:38:12,7,5,5,9.9,0.08,0.41,0.07,18.4,220,131,153,298.0,0,0,0,100
17:38:12,7,5,5,9.9,0.08,0.41,0.07,18.6,220,131,153,298.0,0,0,0,100
17:38:12,7,5,5,9.9,0.08,0.41,0.07,18.2,220,131,153,298.0,0,0,0,100
17:38:12,7,5,5,9.9,0.08,0.41,0.07,18.4,220,131,153,298.0,0,0,0,100
17:38:12,7,5,5,9.9,0.08,0.41,0.07,18.4,220,131,153,298.0,0,0,1,100
17:38:12,7,5,5,9.9,0.08,0.41,0.07,18.2,220,131,153,298.0,0,0,1,100
17:38:12,7,5,5,9.9,0.08,0.41,0.07,18.4,220,131,153,298.0,0,0,1,100
17:38:12,7,5,5,9.9,0.08,0.41,0.07,18.5,220,131,153,298.0,0,0,1,100
17:38:12,7,5,5,9.9,0.08,0.41,0.07,18.4,220,131,153,298.0,0,0,1,100
17:38:12,6,3,6,9.0,0.07,0.13,0.03,18.2,192,92,164,269.0,0,0,1,100
17:38:13,6,3,6,9.0,0.07,0.13,0.03,18.7,192,92,164,269.0,0,0,1,100
17:38:13,6,3,6,9.0,0.07,0.13,0.03,18.4,192,92,164,269.0,0,0,1,100
17:38:13,6,3,6,9.0,0.07,0.13,0.03,18.4,192,92,164,269.0,0,0,1,100
17:38:13,6,3,6,9.0,0.07,0.13,0.03,18.7,192,92,164,269.0,0,0,1,100
17:38:13,6,3,6,9.0,0.07,0.13,0.03,18.4,192,92,164,269.0,2,0,0,100
17:38:13,6,3,6,9.0,0.07,0.13,0.03,18.3,192,92,164,269.0,2,0,0,100
17:38:13,6,3,6,9.0,0.07,0.13,0.03,18.5,192,92,164,269.0,2,0,0,100
17:38:13,6,3,6,9.0,0.07,0.13,0.03,18.2,192,92,164,269.0,2,0,0,100
17:38:13,6,3,6,9.0,0.07,0.13,0.03,18.4,192,92,164,269.0,2,0,0,100
17:38:14,5,1,5,7.1,0.07,0.13,0.08,18.4,145,38,155,216.0,2,0,0,100
17:38:14,5,1,5,7.1,0.07,0.13,0.08,18.2,145,38,155,216.0,2,0,0,100
17:38:14,5,1,5,7.1,0.07,0.13,0.08,18.3,145,38,155,216.0,2,0,0,100
17:38:14,5,1,5,7.1,0.07,0.13,0.08,18.4,145,38,155,216.0,2,0,0,100
17:38:14,5,1,5,7.1,0.07,0.13,0.08,18.4,145,38,155,216.0,2,0,0,100
17:38:14,5,1,5,7.1,0.07,0.13,0.08,18.2,145,38,155,216.0,0,4,2,100
17:38:14,5,1,5,7.1,0.07,0.13,0.08,18.5,145,38,155,216.0,0,4,2,100
17:38:14,5,1,5,7.1,0.07,0.13,0.08,18.4,145,38,155,216.0,0,4,2,100
17:38:14,5,1,5,7.1,0.07,0.13,0.08,18.4,145,38,155,216.0,0,4,2,100
17:38:14,5,1,5,7.1,0.07,0.13,0.08,18.4,145,38,155,216.0,0,4,2,100
17:38:15,6,4,5,8.8,0.03,0.29,0.09,18.3,190,65,154,253.0,0,4,2,100
17:38:15,6,4,5,8.8,0.03,0.29,0.09,18.4,190,65,154,253.0,0,4,2,100
17:38:15,6,4,5,8.8,0.03,0.29,0.09,18.3,190,65,154,253.0,0,4,2,100
17:38:15,6,4,5,8.8,0.03,0.29,0.09,18.3,190,65,154,253.0,0,4,2,100
17:38:15,6,4,5,8.8,0.03,0.29,0.09,18.2,190,65,154,253.0,0,4,2,100
17:38:15,6,4,5,8.8,0.03,0.29,0.09,18.4,190,65,154,253.0,0,0,0,100
17:38:15,6,4,5,8.8,0.03,0.29,0.09,18.3,190,65,154,253.0,0,0,0,100
17:38:15,6,4,5,8.8,0.03,0.29,0.09,18.4,190,65,154,253.0,0,0,0,100
17:38:15,6,4,5,8.8,0.03,0.29,0.09,18.2,190,65,154,253.0,0,0,0,100
17:38:15,6,4,5,8.8,0.03,0.29,0.09,18.4,190,65,154,253.0,0,0,0,100
17:38:16,6,6,7,11.0,0.05,0.11,0.03,18.4,163,131,183,278.0,0,0,0,100
17:38:16,6,6,7,11.0,0.05,0.11,0.03,18.2,163,131,183,278.0,0,0,0,100
17:38:16,6,6,7,11.0,0.05,0.11,0.03,18.4,163,131,183,278.0,0,0,0,100
17:38:16,6,6,7,11.0,0.05,0.11,0.03,18.5,163,131,183,278.0,0,0,0,100
17:38:16,6,6,7,11.0,0.05,0.11,0.03,18.4,163,131,183,278.0,0,0,0,100
17:38:16,6,6,7,11.0,0.05,0.11,0.03,18.4,163,131,183,278.0,0,0,0,100
17:38:16,6,6,7,11.0,0.05,0.11,0.03,18.3,163,131,183,278.0,0,0,0,100
17:38:16,6,6,7,11.0,0.05,0.11,0.03,18.4,163,131,183,278.0,0,0,0,100
17:38:16,6,6,7,11.0,0.05,0.11,0.03,18.5,163,131,183,278.0,0,0,0,100
17:38:16,6,6,7,11.0,0.05,0.11,0.03,18.6,163,131,183,278.0,0,0,0,100
17:38:17,10,7,7,14.1,0.04,0.12,0.03,18.5,235,162,192,344.0,0,0,0,100
17:38:17,10,7,7,14.1,0.04,0.12,0.03,18.4,235,162,192,344.0,0,0,0,100
17:38:17,10,7,7,14.1,0.04,0.12,0.03,18.2,235,162,192,344.0,0,0,0,100
17:38:17,10,7,7,14.1,0.04,0.12,0.03,18.4,235,162,192,344.0,0,0,0,100
17:38:17,10,7,7,14.1,0.04,0.12,0.03,18.4,235,162,192,344.0,0,0,0,100
17:38:17,10,7,7,14.1,0.04,0.12,0.03,18.3,235,162,192,344.0,0,0,2,100
17:38:17,10,7,7,14.1,0.04,0.12,0.03,18.3,235,162,192,344.0,0,0,2,100
17:38:17,10,7,7,14.1,0.04,0.12,0.03,18.3,235,162,192,344.0,0,0,2,100
17:38:17,10,7,7,14.1,0.04,0.12,0.03,18.3,235,162,192,344.0,0,0,2,100
17:38:17,10,7,7,14.1,0.04,0.12,0.03,18.5,235,162,192,344.0,0,0,2,100
17:38:18,9,5,8,13.0,0.06,0.1,0.05,18.4,229,136,229,351.0,0,0,2,100
17:38:18,9,5,8,13.0,0.06,0.1,0.05,18.6,229,136,229,351.0,0,0,2,100
17:38:18,9,5,8,13.0,0.06,0.1,0.05,18.2,229,136,229,351.0,0,0,2,100
17:38:18,9,5,8,13.0,0.06,0.1,0.05,18.4,229,136,229,351.0,0,0,2,100
17:38:18,9,5,8,13.0,0.06,0.1,0.05,18.4,229,136,229,351.0,0,0,2,100
17:38:18,9,5,8,13.0,0.06,0.1,0.05,18.2,229,136,229,351.0,2,0,0,100
17:38:18,9,5,8,13.0,0.06,0.1,0.05,18.4,229,136,229,351.0,2,0,0,100
17:38:18,9,5,8,13.0,0.06,0.1,0.05,18.4,229,136,229,351.0,2,0,0,100
17:38:18,9,5,8,13.0,0.06,0.1,0.05,18.4,229,136,229,351.0,2,0,0,100
17:38:18,9,5,8,13.0,0.06,0.1,0.05,18.2,229,136,229,351.0,2,0,0,100
17:38:19,5,4,8,10.2,0.04,0.14,0.07,18.4,139,135,234,304.0,2,0,0,100
17:38:19,5,4,8,10.2,0.04,0.14,0.07,18.5,139,135,234,304.0,2,0,0,100
17:38:19,5,4,8,10.2,0.04,0.14,0.07,18.5,139,135,234,304.0,2,0,0,100
17:38:19,5,4,8,10.2,0.04,0.14,0.07,18.4,139,135,234,304.0,2,0,0,100
17:38:19,5,4,8,10.2,0.04,0.14,0.07,18.2,139,135,234,304.0,2,0,0,100
17:38:19,5,4,8,10.2,0.04,0.14,0.07,18.4,139,135,234,304.0,0,0,0,100
17:38:19,5,4,8,10.2,0.04,0.14,0.07,18.4,139,135,234,304.0,0,0,0,100
17:38:19,5,4,8,10.2,0.04,0.14,0.07,18.2,139,135,234,304.0,0,0,0,100
17:38:19,5,4,8,10.2,0.04,0.14,0.07,18.4,139,135,234,304.0,0,0,0,100
17:38:19,5,4,8,10.2,0.04,0.14,0.07,18.3,139,135,234,304.0,0,0,0,100
17:38:20,7,5,5,9.9,0.13,0.19,0.09,18.3,219,128,154,297.0,0,0,0,100
17:38:20,7,5,5,9.9,0.13,0.19,0.09,18.3,219,128,154,297.0,0,0,0,100
17:38:20,7,5,5,9.9,0.13,0.19,0.09,18.4,219,128,154,297.0,0,0,0,100
17:38:20,7,5,5,9.9,0.13,0.19,0.09,18.3,219,128,154,297.0,0,0,0,100
17:38:20,7,5,5,9.9,0.13,0.19,0.09,18.3,219,128,154,297.0,0,0,0,100
17:38:20,7,5,5,9.9,0.13,0.19,0.09,18.4,219,128,154,297.0,0,0,1,100
17:38:20,7,5,5,9.9,0.13,0.19,0.09,18.4,219,128,154,297.0,0,0,1,100
17:38:20,7,5,5,9.9,0.13,0.19,0.09,18.3,219,128,154,297.0,0,0,1,100
17:38:20,7,5,5,9.9,0.13,0.19,0.09,18.4,219,128,154,297.0,0,0,1,100
17:38:20,7,5,5,9.9,0.13,0.19,0.09,18.2,219,128,154,297.0,0,0,1,100
17:38:21,5,3,7,9.1,0.11,0.16,0.07,18.2,187,80,162,260.0,0,0,1,100
17:38:21,5,3,7,9.1,0.11,0.16,0.07,18.3,187,80,162,260.0,0,0,1,100
17:38:21,5,3,7,9.1,0.11,0.16,0.07,18.5,187,80,162,260.0,0,0,1,100
17:38:21,5,3,7,9.1,0.11,0.16,0.07,18.4,187,80,162,260.0,0,0,1,100
17:38:21,5,3,7,9.1,0.11,0.16,0.07,18.4,187,80,162,260.0,0,0,1,100
17:38:21,5,3,7,9.1,0.11,0.16,0.07,18.4,187,80,162,260.0,0,2,0,100
17:38:21,5,3,7,9.1,0.11,0.16,0.07,18.4,187,80,162,260.0,0,2,0,100
17:38:21,5,3,7,9.1,0.11,0.16,0.07,18.4,187,80,162,260.0,0,2,0,100
17:38:21,5,3,7,9.1,0.11,0.16,0.07,18.3,187,80,162,260.0,0,2,0,100
17:38:21,5,3,7,9.1,0.11,0.16,0.07,18.4,187,80,162,260.0,0,2,0,100
17:38:22,5,2,4,6.7,0.09,0.15,0.07,18.2,147,47,119,195.0,0,2,0,100
17:38:22,5,2,4,6.7,0.09,0.15,0.07,18.4,147,47,119,195.0,0,2,0,100
17:38:22,5,2,4,6.7,0.09,0.15,0.07,18.2,147,47,119,195.0,0,2,0,100
17:38:22,5,2,4,6.7,0.09,0.15,0.07,18.4,147,47,119,195.0,0,2,0,100
17:38:22,5,2,4,6.7,0.09,0.15,0.07,18.3,147,47,119,195.0,0,2,0,100
17:38:22,5,2,4,6.7,0.09,0.15,0.07,18.4,147,47,119,195.0,0,0,1,100
17:38:22,5,2,4,6.7,0.09,0.15,0.07,18.2,147,47,119,195.0,0,0,1,100
17:38:22,5,2,4,6.7,0.09,0.15,0.07,18.5,147,47,119,195.0,0,0,1,100
17:38:22,5,2,4,6.7,0.09,0.15,0.07,18.2,147,47,119,195.0,0,0,1,100
17:38:22,5,2,4,6.7,0.09,0.15,0.07,18.3,147,47,119,195.0,0,0,1,100
17:38:23,5,3,6,8.4,0.02,0.12,0.06,18.3,144,88,184,250.0,0,0,1,100
17:38:23,5,3,6,8.4,0.02,0.12,0.06,18.4,144,88,184,250.0,0,0,1,100
17:38:23,5,3,6,8.4,0.02,0.12,0.06,18.4,144,88,184,250.0,0,0,1,100
17:38:23,5,3,6,8.4,0.02,0.12,0.06,18.4,144,88,184,250.0,0,0,1,100
17:38:23,5,3,6,8.4,0.02,0.12,0.06,18.2,144,88,184,250.0,0,0,1,100
17:38:23,5,3,6,8.4,0.02,0.12,0.06,18.2,144,88,184,250.0,1,0,0,100
17:38:23,5,3,6,8.4,0.02,0.12,0.06,18.3,144,88,184,250.0,1,0,0,100
17:38:23,5,3,6,8.4,0.02,0.12,0.06,18.3,144,88,184,250.0,1,0,0,100
17:38:23,5,3,6,8.4,0.02,0.12,0.06,18.3,144,88,184,250.0,1,0,0,100
17:38:24,5,3,6,8.4,0.02,0.12,0.06,18.3,144,88,184,250.0,1,0,0,100
17:38:24,8,5,8,12.4,0.08,0.14,0.05,18.2,226,153,222,352.0,1,0,0,100
17:38:24,8,5,8,12.4,0.08,0.14,0.05,18.5,226,153,222,352.0,1,0,0,100
17:38:24,8,5,8,12.4,0.08,0.14,0.05,18.2,226,153,222,352.0,1,0,0,100
17:38:24,8,5,8,12.4,0.08,0.14,0.05,18.4,226,153,222,352.0,1,0,0,100
17:38:24,8,5,8,12.4,0.08,0.14,0.05,18.4,226,153,222,352.0,1,0,0,100
17:38:24,8,5,8,12.4,0.08,0.14,0.05,18.6,226,153,222,352.0,0,0,0,100
17:38:24,8,5,8,12.4,0.08,0.14,0.05,18.2,226,153,222,352.0,0,0,0,100
17:38:24,8,5,8,12.4,0.08,0.14,0.05,18.5,226,153,222,352.0,0,0,0,100
17:38:24,8,5,8,12.4,0.08,0.14,0.05,18.5,226,153,222,352.0,0,0,0,100
17:38:24,8,5,8,12.4,0.08,0.14,0.05,18.4,226,153,222,352.0,0,0,0,100
17:38:25,10,6,4,12.3,0.09,0.2,0.04,18.4,266,154,118,329.0,0,0,0,100
17:38:25,10,6,4,12.3,0.09,0.2,0.04,18.5,266,154,118,329.0,0,0,0,100
17:38:25,10,6,4,12.3,0.09,0.2,0.04,18.4,266,154,118,329.0,0,0,0,100
17:38:25,10,6,4,12.3,0.09,0.2,0.04,18.4,266,154,118,329.0,0,0,0,100
17:38:25,10,6,4,12.3,0.09,0.2,0.04,18.4,266,154,118,329.0,0,0,0,100
17:38:25,10,6,4,12.3,0.09,0.2,0.04,18.2,266,154,118,329.0,0,0,2,100
17:38:25,10,6,4,12.3,0.09,0.2,0.04,18.4,266,154,118,329.0,0,0,2,100
17:38:25,10,6,4,12.3,0.09,0.2,0.04,18.3,266,154,118,329.0,0,0,2,100
17:38:25,10,6,4,12.3,0.09,0.2,0.04,18.3,266,154,118,329.0,0,0,2,100
17:38:26,10,6,4,12.3,0.09,0.2,0.04,18.5,266,154,118,329.0,0,0,2,100
17:38:26,7,5,9,12.4,0.06,0.18,0.09,18.2,200,155,245,352.0,0,0,2,100
17:38:26,7,5,9,12.4,0.06,0.18,0.09,18.6,200,155,245,352.0,0,0,2,100
17:38:26,7,5,9,12.4,0.06,0.18,0.09,18.6,200,155,245,352.0,0,0,2,100
17:38:26,7,5,9,12.4,0.06,0.18,0.09,18.4,200,155,245,352.0,0,0,2,100
17:38:26,7,5,9,12.4,0.06,0.18,0.09,18.4,200,155,245,352.0,0,0,2,100
17:38:26,7,5,9,12.4,0.06,0.18,0.09,18.4,200,155,245,352.0,1,0,0,100
17:38:26,7,5,9,12.4,0.06,0.18,0.09,18.5,200,155,245,352.0,1,0,0,100
17:38:26,7,5,9,12.4,0.06,0.18,0.09,18.5,200,155,245,352.0,1,0,0,100
17:38:26,7,5,9,12.4,0.06,0.18,0.09,18.4,200,155,245,352.0,1,0,0,100
17:38:27,7,5,9,12.4,0.06,0.18,0.09,18.4,200,155,245,352.0,1,0,0,100
17:38:27,5,5,8,10.7,0.04,0.16,0.1,18.3,153,132,219,298.0,1,0,0,100
17:38:27,5,5,8,10.7,0.04,0.16,0.1,18.4,153,132,219,298.0,1,0,0,100
17:38:27,5,5,8,10.7,0.04,0.16,0.1,18.3,153,132,219,298.0,1,0,0,100
17:38:27,5,5,8,10.7,0.04,0.16,0.1,18.5,153,132,219,298.0,1,0,0,100
17:38:27,5,5,8,10.7,0.04,0.16,0.1,18.3,153,132,219,298.0,1,0,0,100
17:38:27,5,5,8,10.7,0.04,0.16,0.1,18.3,153,132,219,298.0,0,0,0,100
17:38:27,5,5,8,10.7,0.04,0.16,0.1,18.4,153,132,219,298.0,0,0,0,100
17:38:27,5,5,8,10.7,0.04,0.16,0.1,18.4,153,132,219,298.0,0,0,0,100
17:38:27,5,5,8,10.7,0.04,0.16,0.1,18.4,153,132,219,298.0,0,0,0,100
17:38:28,5,5,8,10.7,0.04,0.16,0.1,18.7,153,132,219,298.0,0,0,0,100
17:38:28,7,3,6,9.7,0.1,0.17,0.09,18.4,213,86,136,267.0,0,0,0,100
17:38:28,7,3,6,9.7,0.1,0.17,0.09,18.2,213,86,136,267.0,0,0,0,100
17:38:28,7,3,6,9.7,0.1,0.17,0.09,18.5,213,86,136,267.0,0,0,0,100
17:38:28,7,3,6,9.7,0.1,0.17,0.09,18.3,213,86,136,267.0,0,0,0,100
17:38:28,7,3,6,9.7,0.1,0.17,0.09,18.4,213,86,136,267.0,0,0,0,100
17:38:28,7,3,6,9.7,0.1,0.17,0.09,18.2,213,86,136,267.0,0,0,1,100
17:38:28,7,3,6,9.7,0.1,0.17,0.09,18.4,213,86,136,267.0,0,0,1,100
17:38:28,7,3,6,9.7,0.1,0.17,0.09,18.4,213,86,136,267.0,0,0,1,100
17:38:28,7,3,6,9.7,0.1,0.17,0.09,18.4,213,86,136,267.0,0,0,1,100
17:38:29,7,3,6,9.7,0.1,0.17,0.09,18.7,213,86,136,267.0,0,0,1,100
17:38:29,4,1,6,7.3,0.09,0.19,0.04,18.4,110,35,165,201.0,0,0,1,100
17:38:29,4,1,6,7.3,0.09,0.19,0.04,18.2,110,35,165,201.0,0,0,1,100
17:38:29,4,1,6,7.3,0.09,0.19,0.04,18.3,110,35,165,201.0,0,0,1,100
17:38:29,4,1,6,7.3,0.09,0.19,0.04,18.3,110,35,165,201.0,0,0,1,100
17:38:29,4,1,6,7.3,0.09,0.19,0.04,18.4,110,35,165,201.0,0,0,1,100
17:38:29,4,1,6,7.3,0.09,0.19,0.04,18.5,110,35,165,201.0,1,4,0,100
17:38:29,4,1,6,7.3,0.09,0.19,0.04,18.4,110,35,165,201.0,1,4,0,100
17:38:29,4,1,6,7.3,0.09,0.19,0.04,18.4,110,35,165,201.0,1,4,0,100
17:38:29,4,1,6,7.3,0.09,0.19,0.04,18.2,110,35,165,201.0,1,4,0,100
17:38:30,4,1,6,7.3,0.09,0.19,0.04,18.3,110,35,165,201.0,1,4,0,100
17:38:30,6,3,4,7.8,0.07,0.19,0.07,18.5,193,91,117,243.0,1,4,0,100
17:38:30,6,3,4,7.8,0.07,0.19,0.07,18.4,193,91,117,243.0,1,4,0,100
17:38:30,6,3,4,7.8,0.07,0.19,0.07,18.4,193,91,117,243.0,1,4,0,100
17:38:30,6,3,4,7.8,0.07,0.19,0.07,18.2,193,91,117,243.0,1,4,0,100
17:38:30,6,3,4,7.8,0.07,0.19,0.07,18.4,193,91,117,243.0,1,4,0,100
17:38:30,6,3,4,7.8,0.07,0.19,0.07,18.6,193,91,117,243.0,0,0,0,100
17:38:30,6,3,4,7.8,0.07,0.19,0.07,18.2,193,91,117,243.0,0,0,0,100
17:38:30,6,3,4,7.8,0.07,0.19,0.07,18.3,193,91,117,243.0,0,0,0,100
17:38:30,6,3,4,7.8,0.07,0.19,0.07,18.4,193,91,117,243.0,0,0,0,100
17:38:31,6,3,4,7.8,0.07,0.19,0.07,18.4,193,91,117,243.0,0,0,0,100
17:38:31,6,5,8,11.2,0.03,0.18,0.07,18.2,150,121,226,297.0,0,0,0,100
17:38:31,6,5,8,11.2,0.03,0.18,0.07,18.2,150,121,226,297.0,0,0,0,100
17:38:31,6,5,8,11.2,0.03,0.18,0.07,18.4,150,121,226,297.0,0,0,0,100
17:38:31,6,5,8,11.2,0.03,0.18,0.07,18.5,150,121,226,297.0,0,0,0,100
17:38:31,6,5,8,11.2,0.03,0.18,0.07,18.7,150,121,226,297.0,0,0,0,100
17:38:31,6,5,8,11.2,0.03,0.18,0.07,18.5,150,121,226,297.0,0,0,0,100
17:38:31,6,5,8,11.2,0.03,0.18,0.07,18.2,150,121,226,297.0,0,0,0,100
17:38:31,6,5,8,11.2,0.03,0.18,0.07,18.2,150,121,226,297.0,0,0,0,100
17:38:31,6,5,8,11.2,0.03,0.18,0.07,18.2,150,121,226,297.0,0,0,0,100
17:38:32,6,5,8,11.2,0.03,0.18,0.07,18.2,150,121,226,297.0,0,0,0,100
17:38:32,7,5,8,11.7,0.05,0.16,0.05,18.4,208,133,221,331.0,0,0,0,100
17:38:32,7,5,8,11.7,0.05,0.16,0.05,18.2,208,133,221,331.0,0,0,0,100
17:38:32,7,5,8,11.7,0.05,0.16,0.05,18.3,208,133,221,331.0,0,0,0,100
17:38:32,7,5,8,11.7,0.05,0.16,0.05,18.4,208,133,221,331.0,0,0,0,100
17:38:32,7,5,8,11.7,0.05,0.16,0.05,18.5,208,133,221,331.0,0,0,0,100
17:38:32,7,5,8,11.7,0.05,0.16,0.05,18.4,208,133,221,331.0,0,0,1,100
17:38:32,7,5,8,11.7,0.05,0.16,0.05,18.4,208,133,221,331.0,0,0,1,100
17:38:32,7,5,8,11.7,0.05,0.16,0.05,18.2,208,133,221,331.0,0,0,1,100
17:38:32,7,5,8,11.7,0.05,0.16,0.05,18.4,208,133,221,331.0,0,0,1,100
17:38:33,7,5,8,11.7,0.05,0.16,0.05,18.4,208,133,221,331.0,0,0,1,100
17:38:33,9,5,5,11.4,0.07,0.11,0.03,18.4,220,141,128,291.0,0,0,1,100
17:38:33,9,5,5,11.4,0.07,0.11,0.03,18.3,220,141,128,291.0,0,0,1,100
17:38:33,9,5,5,11.4,0.07,0.11,0.03,18.4,220,141,128,291.0,0,0,1,100
17:38:33,9,5,5,11.4,0.07,0.11,0.03,18.2,220,141,128,291.0,0,0,1,100
17:38:33,9,5,5,11.4,0.07,0.11,0.03,18.3,220,141,128,291.0,0,0,1,100
17:38:33,9,5,5,11.4,0.07,0.11,0.03,18.4,220,141,128,291.0,0,0,1,100
17:38:33,9,5,5,11.4,0.07,0.11,0.03,18.4,220,141,128,291.0,0,0,1,100
17:38:33,9,5,5,11.4,0.07,0.11,0.03,18.4,220,141,128,291.0,0,0,1,100
17:38:33,9,5,5,11.4,0.07,0.11,0.03,18.4,220,141,128,291.0,0,0,1,100
17:38:34,9,5,5,11.4,0.07,0.11,0.03,18.4,220,141,128,291.0,0,0,1,100
17:38:34,7,4,6,10.0,0.07,0.18,0.08,18.4,180,130,198,297.0,0,0,1,100
17:38:34,7,4,6,10.0,0.07,0.18,0.08,18.4,180,130,198,297.0,0,0,1,100
17:38:34,7,4,6,10.0,0.07,0.18,0.08,18.4,180,130,198,297.0,0,0,1,100
17:38:34,7,4,6,10.0,0.07,0.18,0.08,18.5,180,130,198,297.0,0,0,1,100
17:38:34,7,4,6,10.0,0.07,0.18,0.08,18.4,180,130,198,297.0,0,0,1,100
17:38:34,7,4,6,10.0,0.07,0.18,0.08,18.3,180,130,198,297.0,1,0,0,100
17:38:34,7,4,6,10.0,0.07,0.18,0.08,18.5,180,130,198,297.0,1,0,0,100
17:38:34,7,4,6,10.0,0.07,0.18,0.08,18.5,180,130,198,297.0,1,0,0,100
17:38:34,7,4,6,10.0,0.07,0.18,0.08,18.2,180,130,198,297.0,1,0,0,100
17:38:35,7,4,6,10.0,0.07,0.18,0.08,18.4,180,130,198,297.0,1,0,0,100
17:38:35,5,3,6,8.4,0.04,0.11,0.07,18.4,151,103,196,268.0,1,0,0,100
17:38:35,5,3,6,8.4,0.04,0.11,0.07,18.3,151,103,196,268.0,1,0,0,100
17:38:35,5,3,6,8.4,0.04,0.11,0.07,18.4,151,103,196,268.0,1,0,0,100
17:38:35,5,3,6,8.4,0.04,0.11,0.07,18.4,151,103,196,268.0,1,0,0,100
17:38:35,5,3,6,8.4,0.04,0.11,0.07,18.4,151,103,196,268.0,1,0,0,100
17:38:35,5,3,6,8.4,0.04,0.11,0.07,18.4,151,103,196,268.0,0,0,1,100
17:38:35,5,3,6,8.4,0.04,0.11,0.07,18.2,151,103,196,268.0,0,0,1,100
17:38:35,5,3,6,8.4,0.04,0.11,0.07,18.2,151,103,196,268.0,0,0,1,100
17:38:35,5,3,6,8.4,0.04,0.11,0.07,18.4,151,103,196,268.0,0,0,1,100
17:38:36,5,3,6,8.4,0.04,0.11,0.07,18.4,151,103,196,268.0,0,0,1,100
17:38:36,9,4,7,12.1,0.1,0.34,0.07,18.2,156,44,139,214.0,0,0,1,100
17:38:36,9,4,7,12.1,0.1,0.34,0.07,18.3,156,44,139,214.0,0,0,1,100
17:38:36,9,4,7,12.1,0.1,0.34,0.07,18.4,156,44,139,214.0,0,0,1,100
17:38:36,9,4,7,12.1,0.1,0.34,0.07,18.5,156,44,139,214.0,0,0,1,100
17:38:36,9,4,7,12.1,0.1,0.34,0.07,18.4,156,44,139,214.0,0,0,1,100
17:38:36,9,4,7,12.1,0.1,0.34,0.07,18.2,156,44,139,214.0,1,4,0,100
17:38:36,9,4,7,12.1,0.1,0.34,0.07,18.5,156,44,139,214.0,1,4,0,100
17:38:36,9,4,7,12.1,0.1,0.34,0.07,18.4,156,44,139,214.0,1,4,0,100
17:38:36,9,4,7,12.1,0.1,0.34,0.07,18.4,156,44,139,214.0,1,4,0,100
17:38:37,9,4,7,12.1,0.1,0.34,0.07,18.2,156,44,139,214.0,1,4,0,100
17:38:37,4,2,5,6.7,0.09,0.18,0.04,18.5,130,61,152,209.0,1,4,0,100
17:38:37,4,2,5,6.7,0.09,0.18,0.04,18.3,130,61,152,209.0,1,4,0,100
17:38:37,4,2,5,6.7,0.09,0.18,0.04,18.4,130,61,152,209.0,1,4,0,100
17:38:37,4,2,5,6.7,0.09,0.18,0.04,18.3,130,61,152,209.0,1,4,0,100
17:38:37,4,2,5,6.7,0.09,0.18,0.04,18.5,130,61,152,209.0,1,4,0,100
17:38:37,4,2,5,6.7,0.09,0.18,0.04,18.4,130,61,152,209.0,0,0,3,100
17:38:37,4,2,5,6.7,0.09,0.18,0.04,18.7,130,61,152,209.0,0,0,3,100
17:38:37,4,2,5,6.7,0.09,0.18,0.04,18.4,130,61,152,209.0,0,0,3,100
17:38:37,4,2,5,6.7,0.09,0.18,0.04,18.4,130,61,152,209.0,0,0,3,100
17:38:38,4,2,5,6.7,0.09,0.18,0.04,18.3,130,61,152,209.0,0,0,3,100
17:38:38,9,4,5,11.0,0.07,0.19,0.05,18.5,199,109,128,261.0,0,0,3,100
17:38:38,9,4,5,11.0,0.07,0.19,0.05,18.4,199,109,128,261.0,0,0,3,100
17:38:38,9,4,5,11.0,0.07,0.19,0.05,18.4,199,109,128,261.0,0,0,3,100
17:38:38,9,4,5,11.0,0.07,0.19,0.05,18.3,199,109,128,261.0,0,0,3,100
17:38:38,9,4,5,11.0,0.07,0.19,0.05,18.4,199,109,128,261.0,0,0,3,100
17:38:38,9,4,5,11.0,0.07,0.19,0.05,18.2,199,109,128,261.0,0,0,0,100
17:38:38,9,4,5,11.0,0.07,0.19,0.05,18.4,199,109,128,261.0,0,0,0,100
17:38:38,9,4,5,11.0,0.07,0.19,0.05,18.5,199,109,128,261.0,0,0,0,100
17:38:38,9,4,5,11.0,0.07,0.19,0.05,18.4,199,109,128,261.0,0,0,0,100
17:38:39,9,4,5,11.0,0.07,0.19,0.05,18.1,199,109,128,261.0,0,0,0,100
17:38:39,9,4,5,11.0,0.07,0.19,0.05,18.5,199,109,128,261.0,0,0,0,100
17:38:39,7,5,9,12.4,0.03,0.16,0.07,18.5,144,138,252,321.0,0,0,0,100
17:38:39,7,5,9,12.4,0.03,0.16,0.07,18.4,144,138,252,321.0,0,0,0,100
17:38:39,7,5,9,12.4,0.03,0.16,0.07,18.4,144,138,252,321.0,0,0,0,100
17:38:39,7,5,9,12.4,0.03,0.16,0.07,18.4,144,138,252,321.0,0,0,0,100
17:38:39,7,5,9,12.4,0.03,0.16,0.07,18.4,144,138,252,321.0,1,0,0,100
17:38:39,7,5,9,12.4,0.03,0.16,0.07,18.5,144,138,252,321.0,1,0,0,100
17:38:39,7,5,9,12.4,0.03,0.16,0.07,18.4,144,138,252,321.0,1,0,0,100
17:38:39,7,5,9,12.4,0.03,0.16,0.07,18.4,144,138,252,321.0,1,0,0,100
17:38:40,7,5,9,12.4,0.03,0.16,0.07,18.5,144,138,252,321.0,1,0,0,100
17:38:40,7,5,9,12.4,0.03,0.16,0.07,18.5,144,138,252,321.0,1,0,0,100
17:38:40,8,7,7,12.7,0.08,0.15,0.09,18.4,211,154,224,344.0,1,0,0,100
17:38:40,8,7,7,12.7,0.08,0.15,0.09,18.4,211,154,224,344.0,1,0,0,100
17:38:40,8,7,7,12.7,0.08,0.15,0.09,18.4,211,154,224,344.0,1,0,0,100
17:38:40,8,7,7,12.7,0.08,0.15,0.09,18.5,211,154,224,344.0,1,0,0,100
17:38:40,8,7,7,12.7,0.08,0.15,0.09,18.2,211,154,224,344.0,0,0,0,100
17:38:40,8,7,7,12.7,0.08,0.15,0.09,18.2,211,154,224,344.0,0,0,0,100
17:38:40,8,7,7,12.7,0.08,0.15,0.09,18.5,211,154,224,344.0,0,0,0,100
17:38:40,8,7,7,12.7,0.08,0.15,0.09,18.4,211,154,224,344.0,0,0,0,100
17:38:41,8,7,7,12.7,0.08,0.15,0.09,18.4,211,154,224,344.0,0,0,0,100
17:38:41,8,7,7,12.7,0.08,0.15,0.09,18.4,211,154,224,344.0,0,0,0,100
17:38:41,8,4,3,9.4,0.08,0.29,0.03,18.4,239,134,95,290.0,0,0,0,100
17:38:41,8,4,3,9.4,0.08,0.29,0.03,18.4,239,134,95,290.0,0,0,0,100
17:38:41,8,4,3,9.4,0.08,0.29,0.03,18.4,239,134,95,290.0,0,0,0,100
17:38:41,8,4,3,9.4,0.08,0.29,0.03,18.4,239,134,95,290.0,0,0,0,100
17:38:41,8,4,3,9.4,0.08,0.29,0.03,18.5,239,134,95,290.0,0,0,1,100
17:38:41,8,4,3,9.4,0.08,0.29,0.03,18.5,239,134,95,290.0,0,0,1,100
17:38:41,8,4,3,9.4,0.08,0.29,0.03,18.4,239,134,95,290.0,0,0,1,100
17:38:42,8,4,3,9.4,0.08,0.29,0.03,18.5,239,134,95,290.0,0,0,1,100
17:38:42,8,4,3,9.4,0.08,0.29,0.03,18.4,239,134,95,290.0,0,0,1,100
17:38:42,8,4,3,9.4,0.08,0.29,0.03,18.3,239,134,95,290.0,0,0,1,100
17:38:42,5,4,6,8.8,0.1,0.12,0.05,18.4,165,124,185,277.0,0,0,1,100
17:38:42,5,4,6,8.8,0.1,0.12,0.05,18.4,165,124,185,277.0,0,0,1,100
17:38:42,5,4,6,8.8,0.1,0.12,0.05,18.4,165,124,185,277.0,0,0,1,100
17:38:42,5,4,6,8.8,0.1,0.12,0.05,18.2,165,124,185,277.0,0,0,1,100
17:38:42,5,4,6,8.8,0.1,0.12,0.05,18.3,165,124,185,277.0,1,0,0,100
17:38:42,5,4,6,8.8,0.1,0.12,0.05,18.2,165,124,185,277.0,1,0,0,100
17:38:42,5,4,6,8.8,0.1,0.12,0.05,18.4,165,124,185,277.0,1,0,0,100
17:38:42,5,4,6,8.8,0.1,0.12,0.05,18.3,165,124,185,277.0,1,0,0,100
17:38:43,5,4,6,8.8,0.1,0.12,0.05,18.4,165,124,185,277.0,1,0,0,100
17:38:43,5,4,6,8.8,0.1,0.12,0.05,18.2,165,124,185,277.0,1,0,0,100
17:38:43,5,2,5,7.3,0.03,0.15,0.08,18.2,148,73,167,235.0,1,0,0,100
17:38:43,5,2,5,7.3,0.03,0.15,0.08,18.2,148,73,167,235.0,1,0,0,100
17:38:43,5,2,5,7.3,0.03,0.15,0.08,18.3,148,73,167,235.0,1,0,0,100
17:38:43,5,2,5,7.3,0.03,0.15,0.08,18.4,148,73,167,235.0,1,0,0,100
17:38:43,5,2,5,7.3,0.03,0.15,0.08,18.7,148,73,167,235.0,0,1,1,100
17:38:43,5,2,5,7.3,0.03,0.15,0.08,18.2,148,73,167,235.0,0,1,1,100
17:38:43,5,2,5,7.3,0.03,0.15,0.08,18.2,148,73,167,235.0,0,1,1,100
17:38:44,5,2,5,7.3,0.03,0.15,0.08,18.6,148,73,167,235.0,0,1,1,100
17:38:44,5,2,5,7.3,0.03,0.15,0.08,18.4,148,73,167,235.0,0,1,1,100
17:38:44,5,2,5,7.3,0.03,0.15,0.08,18.4,148,73,167,235.0,0,1,1,100
17:38:44,6,2,6,8.7,0.03,0.27,0.06,18.4,156,51,154,225.0,0,1,1,100
17:38:44,6,2,6,8.7,0.03,0.27,0.06,18.4,156,51,154,225.0,0,1,1,100
17:38:44,6,2,6,8.7,0.03,0.27,0.06,18.5,156,51,154,225.0,0,1,1,100
17:38:44,6,2,6,8.7,0.03,0.27,0.06,18.4,156,51,154,225.0,0,1,1,100
17:38:44,6,2,6,8.7,0.03,0.27,0.06,18.5,156,51,154,225.0,2,0,0,100
17:38:44,6,2,6,8.7,0.03,0.27,0.06,18.4,156,51,154,225.0,2,0,0,100
17:38:44,6,2,6,8.7,0.03,0.27,0.06,18.4,156,51,154,225.0,2,0,0,100
17:38:45,6,2,6,8.7,0.03,0.27,0.06,18.2,156,51,154,225.0,2,0,0,100
17:38:45,6,2,6,8.7,0.03,0.27,0.06,18.4,156,51,154,225.0,2,0,0,100
17:38:45,6,2,6,8.7,0.03,0.27,0.06,18.4,156,51,154,225.0,2,0,0,100
17:38:45,7,5,6,10.5,0.05,0.14,0.03,18.4,178,101,172,267.0,2,0,0,100
17:38:45,7,5,6,10.5,0.05,0.14,0.03,18.4,178,101,172,267.0,2,0,0,100
17:38:45,7,5,6,10.5,0.05,0.14,0.03,18.3,178,101,172,267.0,2,0,0,100
17:38:45,7,5,6,10.5,0.05,0.14,0.03,18.3,178,101,172,267.0,2,0,0,100
17:38:45,7,5,6,10.5,0.05,0.14,0.03,18.4,178,101,172,267.0,0,0,0,100
17:38:45,7,5,6,10.5,0.05,0.14,0.03,18.5,178,101,172,267.0,0,0,0,100
17:38:45,7,5,6,10.5,0.05,0.14,0.03,18.6,178,101,172,267.0,0,0,0,100
17:38:46,7,5,6,10.5,0.05,0.14,0.03,18.4,178,101,172,267.0,0,0,0,100
17:38:46,7,5,6,10.5,0.05,0.14,0.03,18.4,178,101,172,267.0,0,0,0,100
17:38:46,7,5,6,10.5,0.05,0.14,0.03,18.5,178,101,172,267.0,0,0,0,100
17:38:46,8,4,5,10.2,0.06,0.16,0.04,18.5,239,128,147,308.0,0,0,0,100
17:38:46,8,4,5,10.2,0.06,0.16,0.04,18.3,239,128,147,308.0,0,0,0,100
17:38:46,8,4,5,10.2,0.06,0.16,0.04,18.3,239,128,147,308.0,0,0,0,100
17:38:46,8,4,5,10.2,0.06,0.16,0.04,18.4,239,128,147,308.0,0,0,0,100
17:38:46,8,4,5,10.2,0.06,0.16,0.04,18.4,239,128,147,308.0,0,0,0,100
17:38:46,8,4,5,10.2,0.06,0.16,0.04,18.4,239,128,147,308.0,0,0,0,100
17:38:46,8,4,5,10.2,0.06,0.16,0.04,18.4,239,128,147,308.0,0,0,0,100
17:38:47,8,4,5,10.2,0.06,0.16,0.04,18.2,239,128,147,308.0,0,0,0,100
17:38:47,8,4,5,10.2,0.06,0.16,0.04,18.2,239,128,147,308.0,0,0,0,100
17:38:47,8,4,5,10.2,0.06,0.16,0.04,18.3,239,128,147,308.0,0,0,0,100
17:38:47,7,5,8,11.7,0.03,0.1,0.03,18.5,176,132,227,316.0,0,0,0,100
17:38:47,7,5,8,11.7,0.03,0.1,0.03,18.2,176,132,227,316.0,0,0,0,100
17:38:47,7,5,8,11.7,0.03,0.1,0.03,18.4,176,132,227,316.0,0,0,0,100
17:38:47,7,5,8,11.7,0.03,0.1,0.03,18.4,176,132,227,316.0,0,0,0,100
17:38:47,7,5,8,11.7,0.03,0.1,0.03,18.4,176,132,227,316.0,1,0,0,100
17:38:47,7,5,8,11.7,0.03,0.1,0.03,18.5,176,132,227,316.0,1,0,0,100
17:38:47,7,5,8,11.7,0.03,0.1,0.03,18.7,176,132,227,316.0,1,0,0,100
17:38:48,7,5,8,11.7,0.03,0.1,0.03,18.3,176,132,227,316.0,1,0,0,100
17:38:48,7,5,8,11.7,0.03,0.1,0.03,18.4,176,132,227,316.0,1,0,0,100
17:38:48,7,5,8,11.7,0.03,0.1,0.03,18.5,176,132,227,316.0,1,0,0,100
17:38:48,6,4,7,10.0,0.07,0.1,0.04,18.4,198,122,216,317.0,1,0,0,100
17:38:48,6,4,7,10.0,0.07,0.1,0.04,18.4,198,122,216,317.0,1,0,0,100
17:38:48,6,4,7,10.0,0.07,0.1,0.04,18.4,198,122,216,317.0,1,0,0,100
17:38:48,6,4,7,10.0,0.07,0.1,0.04,18.4,198,122,216,317.0,1,0,0,100
17:38:48,6,4,7,10.0,0.07,0.1,0.04,18.4,198,122,216,317.0,0,0,0,100
17:38:48,6,4,7,10.0,0.07,0.1,0.04,18.4,198,122,216,317.0,0,0,0,100
17:38:48,6,4,7,10.0,0.07,0.1,0.04,18.4,198,122,216,317.0,0,0,0,100
17:38:49,6,4,7,10.0,0.07,0.1,0.04,18.5,198,122,216,317.0,0,0,0,100
17:38:49,6,4,7,10.0,0.07,0.1,0.04,18.2,198,122,216,317.0,0,0,0,100
17:38:49,6,4,7,10.0,0.07,0.1,0.04,18.5,198,122,216,317.0,0,0,0,100
17:38:49,8,4,5,10.2,0.1,0.15,0.07,18.4,225,121,128,286.0,0,0,0,100
17:38:49,8,4,5,10.2,0.1,0.15,0.07,18.4,225,121,128,286.0,0,0,0,100
17:38:49,8,4,5,10.2,0.1,0.15,0.07,18.4,225,121,128,286.0,0,0,0,100
17:38:49,8,4,5,10.2,0.1,0.15,0.07,18.4,225,121,128,286.0,0,0,0,100
17:38:49,8,4,5,10.2,0.1,0.15,0.07,18.2,225,121,128,286.0,0,0,3,100
17:38:49,8,4,5,10.2,0.1,0.15,0.07,18.4,225,121,128,286.0,0,0,3,100
17:38:49,8,4,5,10.2,0.1,0.15,0.07,18.4,225,121,128,286.0,0,0,3,100
17:38:50,8,4,5,10.2,0.1,0.15,0.07,18.6,225,121,128,286.0,0,0,3,100
17:38:50,8,4,5,10.2,0.1,0.15,0.07,18.4,225,121,128,286.0,0,0,3,100
17:38:50,8,4,5,10.2,0.1,0.15,0.07,18.7,225,121,128,286.0,0,0,3,100
17:38:50,4,3,6,7.8,0.09,0.14,0.04,18.4,130,88,154,220.0,0,0,3,100
17:38:50,4,3,6,7.8,0.09,0.14,0.04,18.2,130,88,154,220.0,0,0,3,100
17:38:50,4,3,6,7.8,0.09,0.14,0.04,18.3,130,88,154,220.0,0,0,3,100
17:38:50,4,3,6,7.8,0.09,0.14,0.04,18.4,130,88,154,220.0,0,0,3,100
17:38:50,4,3,6,7.8,0.09,0.14,0.04,18.3,130,88,154,220.0,2,0,0,100
17:38:50,4,3,6,7.8,0.09,0.14,0.04,18.4,130,88,154,220.0,2,0,0,100
17:38:50,4,3,6,7.8,0.09,0.14,0.04,18.4,130,88,154,220.0,2,0,0,100
17:38:51,4,3,6,7.8,0.09,0.14,0.04,18.4,130,88,154,220.0,2,0,0,100
17:38:51,4,3,6,7.8,0.09,0.14,0.04,18.2,130,88,154,220.0,2,0,0,100
17:38:51,4,3,6,7.8,0.09,0.14,0.04,18.4,130,88,154,220.0,2,0,0,100
17:38:51,5,3,4,7.1,0.04,0.13,0.05,18.3,143,31,112,184.0,2,0,0,100
17:38:51,5,3,4,7.1,0.04,0.13,0.05,18.5,143,31,112,184.0,2,0,0,100
17:38:51,5,3,4,7.1,0.04,0.13,0.05,18.4,143,31,112,184.0,2,0,0,100
17:38:51,5,3,4,7.1,0.04,0.13,0.05,18.4,143,31,112,184.0,2,0,0,100
17:38:51,5,3,4,7.1,0.04,0.13,0.05,18.2,143,31,112,184.0,0,1,2,100
17:38:51,5,3,4,7.1,0.04,0.13,0.05,18.5,143,31,112,184.0,0,1,2,100
17:38:51,5,3,4,7.1,0.04,0.13,0.05,18.4,143,31,112,184.0,0,1,2,100
17:38:52,5,3,4,7.1,0.04,0.13,0.05,18.4,143,31,112,184.0,0,1,2,100
17:38:52,5,3,4,7.1,0.04,0.13,0.05,18.4,143,31,112,184.0,0,1,2,100
17:38:52,5,3,4,7.1,0.04,0.13,0.05,18.5,143,31,112,184.0,0,1,2,100
17:38:52,5,3,6,8.4,0.05,0.14,0.07,18.3,140,79,174,237.0,0,1,2,100
17:38:52,5,3,6,8.4,0.05,0.14,0.07,18.4,140,79,174,237.0,0,1,2,100
17:38:52,5,3,6,8.4,0.05,0.14,0.07,18.4,140,79,174,237.0,0,1,2,100
17:38:52,5,3,6,8.4,0.05,0.14,0.07,18.5,140,79,174,237.0,0,1,2,100
17:38:52,5,3,6,8.4,0.05,0.14,0.07,18.4,140,79,174,237.0,0,0,0,100
17:38:52,5,3,6,8.4,0.05,0.14,0.07,18.4,140,79,174,237.0,0,0,0,100
17:38:53,5,3,6,8.4,0.05,0.14,0.07,18.5,140,79,174,237.0,0,0,0,100
17:38:53,5,3,6,8.4,0.05,0.14,0.07,18.6,140,79,174,237.0,0,0,0,100
17:38:53,5,3,6,8.4,0.05,0.14,0.07,18.4,140,79,174,237.0,0,0,0,100
17:38:53,5,3,6,8.4,0.05,0.14,0.07,18.5,140,79,174,237.0,0,0,0,100
17:38:53,6,6,10,13.1,0.1,0.18,0.07,18.4,190,115,193,294.0,0,0,0,100
17:38:53,6,6,10,13.1,0.1,0.18,0.07,18.4,190,115,193,294.0,0,0,0,100
17:38:53,6,6,10,13.1,0.1,0.18,0.07,18.6,190,115,193,294.0,0,0,0,100
17:38:53,6,6,10,13.1,0.1,0.18,0.07,18.5,190,115,193,294.0,0,0,0,100
17:38:53,6,6,10,13.1,0.1,0.18,0.07,18.4,190,115,193,294.0,0,0,1,100
17:38:53,6,6,10,13.1,0.1,0.18,0.07,18.1,190,115,193,294.0,0,0,1,100
17:38:54,6,6,10,13.1,0.1,0.18,0.07,18.4,190,115,193,294.0,0,0,1,100
17:38:54,6,6,10,13.1,0.1,0.18,0.07,18.2,190,115,193,294.0,0,0,1,100
17:38:54,6,6,10,13.1,0.1,0.18,0.07,18.4,190,115,193,294.0,0,0,1,100
17:38:54,6,6,10,13.1,0.1,0.18,0.07,18.5,190,115,193,294.0,0,0,1,100
17:38:54,9,4,5,11.0,0.08,0.17,0.07,18.3,227,143,146,305.0,0,0,1,100
17:38:54,9,4,5,11.0,0.08,0.17,0.07,18.3,227,143,146,305.0,0,0,1,100
17:38:54,9,4,5,11.0,0.08,0.17,0.07,18.5,227,143,146,305.0,0,0,1,100
17:38:54,9,4,5,11.0,0.08,0.17,0.07,18.4,227,143,146,305.0,0,0,1,100
17:38:54,9,4,5,11.0,0.08,0.17,0.07,18.3,227,143,146,305.0,0,0,0,100
17:38:54,9,4,5,11.0,0.08,0.17,0.07,18.3,227,143,146,305.0,0,0,0,100
17:38:54,9,4,5,11.0,0.08,0.17,0.07,18.4,227,143,146,305.0,0,0,0,100
17:38:55,9,4,5,11.0,0.08,0.17,0.07,18.4,227,143,146,305.0,0,0,0,100
17:38:55,9,4,5,11.0,0.08,0.17,0.07,18.4,227,143,146,305.0,0,0,0,100
17:38:55,9,4,5,11.0,0.08,0.17,0.07,18.3,227,143,146,305.0,0,0,0,100
17:38:55,5,5,9,11.4,0.03,0.17,0.08,18.4,149,139,256,327.0,0,0,0,100
17:38:55,5,5,9,11.4,0.03,0.17,0.08,18.4,149,139,256,327.0,0,0,0,100
17:38:55,5,5,9,11.4,0.03,0.17,0.08,18.3,149,139,256,327.0,0,0,0,100
17:38:55,5,5,9,11.4,0.03,0.17,0.08,18.4,149,139,256,327.0,0,0,0,100
17:38:55,5,5,9,11.4,0.03,0.17,0.08,18.3,149,139,256,327.0,2,0,0,100
17:38:55,5,5,9,11.4,0.03,0.17,0.08,18.3,149,139,256,327.0,2,0,0,100
17:38:56,5,5,9,11.4,0.03,0.17,0.08,18.4,149,139,256,327.0,2,0,0,100
17:38:56,5,5,9,11.4,0.03,0.17,0.08,18.5,149,139,256,327.0,2,0,0,100
17:38:56,5,5,9,11.4,0.03,0.17,0.08,18.3,149,139,256,327.0,2,0,0,100
17:38:56,5,5,9,11.4,0.03,0.17,0.08,18.4,149,139,256,327.0,2,0,0,100
17:38:56,11,7,8,15.3,0.08,0.13,0.12,18.2,234,147,255,376.0,2,0,0,100
17:38:56,11,7,8,15.3,0.08,0.13,0.12,18.4,234,147,255,376.0,2,0,0,100
17:38:56,11,7,8,15.3,0.08,0.13,0.12,18.3,234,147,255,376.0,2,0,0,100
17:38:56,11,7,8,15.3,0.08,0.13,0.12,18.5,234,147,255,376.0,2,0,0,100
17:38:56,11,7,8,15.3,0.08,0.13,0.12,18.2,234,147,255,376.0,0,0,0,100
17:38:56,11,7,8,15.3,0.08,0.13,0.12,18.5,234,147,255,376.0,0,0,0,100
17:38:57,11,7,8,15.3,0.08,0.13,0.12,18.4,234,147,255,376.0,0,0,0,100
17:38:57,11,7,8,15.3,0.08,0.13,0.12,18.4,234,147,255,376.0,0,0,0,100
17:38:57,11,7,8,15.3,0.08,0.13,0.12,18.5,234,147,255,376.0,0,0,0,100
17:38:57,11,7,8,15.3,0.08,0.13,0.12,18.5,234,147,255,376.0,0,0,0,100
17:38:57,7,4,4,9.0,0.09,0.14,0.07,18.2,215,104,114,265.0,0,0,0,100
17:38:57,7,4,4,9.0,0.09,0.14,0.07,18.4,215,104,114,265.0,0,0,0,100
17:38:57,7,4,4,9.0,0.09,0.14,0.07,18.4,215,104,114,265.0,0,0,0,100
17:38:57,7,4,4,9.0,0.09,0.14,0.07,18.4,215,104,114,265.0,0,0,0,100
17:38:57,7,4,4,9.0,0.09,0.14,0.07,18.2,215,104,114,265.0,0,0,0,100
17:38:57,7,4,4,9.0,0.09,0.14,0.07,18.4,215,104,114,265.0,0,0,0,100
17:38:58,7,4,4,9.0,0.09,0.14,0.07,18.5,215,104,114,265.0,0,0,0,100
17:38:58,7,4,4,9.0,0.09,0.14,0.07,18.4,215,104,114,265.0,0,0,0,100
17:38:58,7,4,4,9.0,0.09,0.14,0.07,18.4,215,104,114,265.0,0,0,0,100
17:38:58,7,4,4,9.0,0.09,0.14,0.07,18.4,215,104,114,265.0,0,0,0,100
17:38:58,5,2,6,8.1,0.1,0.24,0.07,18.7,128,65,158,213.0,0,0,0,100
17:38:58,5,2,6,8.1,0.1,0.24,0.07,18.4,128,65,158,213.0,0,0,0,100
17:38:58,5,2,6,8.1,0.1,0.24,0.07,18.3,128,65,158,213.0,0,0,0,100
17:38:58,5,2,6,8.1,0.1,0.24,0.07,18.3,128,65,158,213.0,0,0,0,100
17:38:58,5,2,6,8.1,0.1,0.24,0.07,18.5,128,65,158,213.0,1,5,0,100
17:38:58,5,2,6,8.1,0.1,0.24,0.07,18.5,128,65,158,213.0,1,5,0,100
17:38:59,5,2,6,8.1,0.1,0.24,0.07,18.3,128,65,158,213.0,1,5,0,100
17:38:59,5,2,6,8.1,0.1,0.24,0.07,18.2,128,65,158,213.0,1,5,0,100
17:38:59,5,2,6,8.1,0.1,0.24,0.07,18.2,128,65,158,213.0,1,5,0,100
17:38:59,5,2,6,8.1,0.1,0.24,0.07,18.5,128,65,158,213.0,1,5,0,100
17:38:59,6,2,3,7.0,0.09,0.14,0.09,18.5,169,61,80,197.0,1,5,0,100
17:38:59,6,2,3,7.0,0.09,0.14,0.09,18.5,169,61,80,197.0,1,5,0,100
17:38:59,6,2,3,7.0,0.09,0.14,0.09,18.5,169,61,80,197.0,1,5,0,100
17:38:59,6,2,3,7.0,0.09,0.14,0.09,18.4,169,61,80,197.0,1,5,0,100
17:38:59,6,2,3,7.0,0.09,0.14,0.09,18.4,169,61,80,197.0,0,0,1,100
17:38:59,6,2,3,7.0,0.09,0.14,0.09,18.5,169,61,80,197.0,0,0,1,100
17:39:00,6,2,3,7.0,0.09,0.14,0.09,18.3,169,61,80,197.0,0,0,1,100
17:39:00,6,2,3,7.0,0.09,0.14,0.09,18.5,169,61,80,197.0,0,0,1,100
17:39:00,6,2,3,7.0,0.09,0.14,0.09,18.8,169,61,80,197.0,0,0,1,100
17:39:00,6,2,3,7.0,0.09,0.14,0.09,18.4,169,61,80,197.0,0,0,1,100
17:39:00,5,4,8,10.2,0.05,0.27,0.08,18.5,119,129,219,281.0,0,0,1,100
17:39:00,5,4,8,10.2,0.05,0.27,0.08,18.4,119,129,219,281.0,0,0,1,100
17:39:00,5,4,8,10.2,0.05,0.27,0.08,18.2,119,129,219,281.0,0,0,1,100
17:39:00,5,4,8,10.2,0.05,0.27,0.08,18.5,119,129,219,281.0,0,0,1,100
17:39:00,5,4,8,10.2,0.05,0.27,0.08,18.4,119,129,219,281.0,3,0,0,100
17:39:00,5,4,8,10.2,0.05,0.27,0.08,18.4,119,129,219,281.0,3,0,0,100
17:39:01,5,4,8,10.2,0.05,0.27,0.08,18.7,119,129,219,281.0,3,0,0,100
17:39:01,5,4,8,10.2,0.05,0.27,0.08,18.4,119,129,219,281.0,3,0,0,100
17:39:01,5,4,8,10.2,0.05,0.27,0.08,18.4,119,129,219,281.0,3,0,0,100
17:39:01,5,4,8,10.2,0.05,0.27,0.08,18.5,119,129,219,281.0,3,0,0,100
17:39:01,12,8,11,18.1,0.08,0.57,0.07,18.4,198,175,264,374.0,3,0,0,100
17:39:01,12,8,11,18.1,0.08,0.57,0.07,18.4,198,175,264,374.0,3,0,0,100
17:39:01,12,8,11,18.1,0.08,0.57,0.07,18.4,198,175,264,374.0,3,0,0,100
17:39:01,12,8,11,18.1,0.08,0.57,0.07,18.2,198,175,264,374.0,3,0,0,100
17:39:01,12,8,11,18.1,0.08,0.57,0.07,18.2,198,175,264,374.0,6,0,2,100
17:39:01,12,8,11,18.1,0.08,0.57,0.07,18.2,198,175,264,374.0,6,0,2,100
17:39:02,12,8,11,18.1,0.08,0.57,0.07,18.4,198,175,264,374.0,6,0,2,100
17:39:02,12,8,11,18.1,0.08,0.57,0.07,18.4,198,175,264,374.0,6,0,2,100
17:39:02,12,8,11,18.1,0.08,0.57,0.07,18.2,198,175,264,374.0,6,0,2,100
17:39:02,12,8,11,18.1,0.08,0.57,0.07,18.5,198,175,264,374.0,6,0,2,100
17:39:02,9,7,7,13.4,0.08,0.21,0.04,18.4,266,191,153,361.0,6,0,2,100
17:39:02,9,7,7,13.4,0.08,0.21,0.04,18.4,266,191,153,361.0,6,0,2,100
17:39:02,9,7,7,13.4,0.08,0.21,0.04,18.5,266,191,153,361.0,6,0,2,100
17:39:02,9,7,7,13.4,0.08,0.21,0.04,18.4,266,191,153,361.0,6,0,2,100
17:39:02,9,7,7,13.4,0.08,0.21,0.04,18.2,266,191,153,361.0,0,0,2,100
17:39:02,9,7,7,13.4,0.08,0.21,0.04,18.4,266,191,153,361.0,0,0,2,100
17:39:03,9,7,7,13.4,0.08,0.21,0.04,18.2,266,191,153,361.0,0,0,2,100
17:39:03,9,7,7,13.4,0.08,0.21,0.04,18.4,266,191,153,361.0,0,0,2,100
17:39:03,9,7,7,13.4,0.08,0.21,0.04,18.3,266,191,153,361.0,0,0,2,100
17:39:03,9,7,7,13.4,0.08,0.21,0.04,18.4,266,191,153,361.0,0,0,2,100
17:39:03,10,7,9,15.2,0.07,0.19,0.04,18.2,266,153,217,376.0,0,0,2,100
17:39:03,10,7,9,15.2,0.07,0.19,0.04,18.2,266,153,217,376.0,0,0,2,100
17:39:03,10,7,9,15.2,0.07,0.19,0.04,18.5,266,153,217,376.0,0,0,2,100
17:39:03,10,7,9,15.2,0.07,0.19,0.04,18.2,266,153,217,376.0,0,0,2,100
17:39:03,10,7,9,15.2,0.07,0.19,0.04,18.4,266,153,217,376.0,2,0,0,100
17:39:03,10,7,9,15.2,0.07,0.19,0.04,18.4,266,153,217,376.0,2,0,0,100
17:39:04,10,7,9,15.2,0.07,0.19,0.04,18.4,266,153,217,376.0,2,0,0,100
17:39:04,10,7,9,15.2,0.07,0.19,0.04,18.4,266,153,217,376.0,2,0,0,100
17:39:04,10,7,9,15.2,0.07,0.19,0.04,18.4,266,153,217,376.0,2,0,0,100
17:39:04,10,7,9,15.2,0.07,0.19,0.04,18.2,266,153,217,376.0,2,0,0,100
17:39:04,6,5,12,14.3,0.04,0.19,0.12,18.4,146,110,234,297.0,2,0,0,100
17:39:04,6,5,12,14.3,0.04,0.19,0.12,18.3,146,110,234,297.0,2,0,0,100
17:39:04,6,5,12,14.3,0.04,0.19,0.12,18.4,146,110,234,297.0,2,0,0,100
17:39:04,6,5,12,14.3,0.04,0.19,0.12,18.3,146,110,234,297.0,2,0,0,100
17:39:04,6,5,12,14.3,0.04,0.19,0.12,18.4,146,110,234,297.0,0,0,1,100
17:39:04,6,5,12,14.3,0.04,0.19,0.12,18.4,146,110,234,297.0,0,0,1,100
17:39:05,6,5,12,14.3,0.04,0.19,0.12,18.4,146,110,234,297.0,0,0,1,100
17:39:05,6,5,12,14.3,0.04,0.19,0.12,18.4,146,110,234,297.0,0,0,1,100
17:39:05,6,5,12,14.3,0.04,0.19,0.12,18.4,146,110,234,297.0,0,0,1,100
17:39:05,6,5,12,14.3,0.04,0.19,0.12,18.4,146,110,234,297.0,0,0,1,100
17:39:05,5,2,4,6.7,0.05,0.16,0.08,18.3,157,65,113,204.0,0,0,1,100
17:39:05,5,2,4,6.7,0.05,0.16,0.08,18.4,157,65,113,204.0,0,0,1,100
17:39:05,5,2,4,6.7,0.05,0.16,0.08,18.2,157,65,113,204.0,0,0,1,100
17:39:05,5,2,4,6.7,0.05,0.16,0.08,18.4,157,65,113,204.0,0,0,1,100
17:39:05,5,2,4,6.7,0.05,0.16,0.08,18.3,157,65,113,204.0,0,3,0,100
17:39:05,5,2,4,6.7,0.05,0.16,0.08,18.2,157,65,113,204.0,0,3,0,100
17:39:06,5,2,4,6.7,0.05,0.16,0.08,18.6,157,65,113,204.0,0,3,0,100
17:39:06,5,2,4,6.7,0.05,0.16,0.08,18.5,157,65,113,204.0,0,3,0,100
17:39:06,5,2,4,6.7,0.05,0.16,0.08,18.6,157,65,113,204.0,0,3,0,100
17:39:06,5,2,4,6.7,0.05,0.16,0.08,18.6,157,65,113,204.0,0,3,0,100
17:39:06,4,3,5,7.1,0.07,0.11,0.04,18.4,99,43,142,178.0,0,3,0,100
17:39:06,4,3,5,7.1,0.07,0.11,0.04,18.4,99,43,142,178.0,0,3,0,100
17:39:06,4,3,5,7.1,0.07,0.11,0.04,18.5,99,43,142,178.0,0,3,0,100
17:39:06,4,3,5,7.1,0.07,0.11,0.04,18.4,99,43,142,178.0,0,3,0,100
17:39:06,4,3,5,7.1,0.07,0.11,0.04,18.4,99,43,142,178.0,1,0,0,100
17:39:06,4,3,5,7.1,0.07,0.11,0.04,18.2,99,43,142,178.0,1,0,0,100
17:39:07,4,3,5,7.1,0.07,0.11,0.04,18.6,99,43,142,178.0,1,0,0,100
17:39:07,4,3,5,7.1,0.07,0.11,0.04,18.4,99,43,142,178.0,1,0,0,100
17:39:07,4,3,5,7.1,0.07,0.11,0.04,18.4,99,43,142,178.0,1,0,0,100
17:39:07,4,3,5,7.1,0.07,0.11,0.04,18.4,99,43,142,178.0,1,0,0,100
17:39:07,7,3,5,9.1,0.08,0.12,0.04,18.4,187,83,104,230.0,1,0,0,100
17:39:07,7,3,5,9.1,0.08,0.12,0.04,18.5,187,83,104,230.0,1,0,0,100
17:39:07,7,3,5,9.1,0.08,0.12,0.04,18.2,187,83,104,230.0,1,0,0,100
17:39:07,7,3,5,9.1,0.08,0.12,0.04,18.4,187,83,104,230.0,1,0,0,100
17:39:07,7,3,5,9.1,0.08,0.12,0.04,18.5,187,83,104,230.0,0,0,0,100
17:39:07,7,3,5,9.1,0.08,0.12,0.04,18.3,187,83,104,230.0,0,0,0,100
17:39:08,7,3,5,9.1,0.08,0.12,0.04,18.2,187,83,104,230.0,0,0,0,100
17:39:08,7,3,5,9.1,0.08,0.12,0.04,18.5,187,83,104,230.0,0,0,0,100
17:39:08,7,3,5,9.1,0.08,0.12,0.04,18.4,187,83,104,230.0,0,0,0,100
17:39:08,7,3,5,9.1,0.08,0.12,0.04,18.2,187,83,104,230.0,0,0,0,100
17:39:08,5,4,8,10.2,0.03,0.14,0.04,18.4,165,120,231,308.0,0,0,0,100
17:39:08,5,4,8,10.2,0.03,0.14,0.04,18.5,165,120,231,308.0,0,0,0,100
17:39:08,5,4,8,10.2,0.03,0.14,0.04,18.4,165,120,231,308.0,0,0,0,100
17:39:08,5,4,8,10.2,0.03,0.14,0.04,18.5,165,120,231,308.0,0,0,0,100
17:39:08,5,4,8,10.2,0.03,0.14,0.04,18.4,165,120,231,308.0,1,0,0,100
17:39:08,5,4,8,10.2,0.03,0.14,0.04,18.4,165,120,231,308.0,1,0,0,100
17:39:09,5,4,8,10.2,0.03,0.14,0.04,18.5,165,120,231,308.0,1,0,0,100
17:39:09,5,4,8,10.2,0.03,0.14,0.04,18.5,165,120,231,308.0,1,0,0,100
17:39:09,5,4,8,10.2,0.03,0.14,0.04,18.2,165,120,231,308.0,1,0,0,100
17:39:09,5,4,8,10.2,0.03,0.14,0.04,18.3,165,120,231,308.0,1,0,0,100
17:39:09,8,5,8,12.4,0.05,0.14,0.04,18.4,220,141,231,349.0,1,0,0,100
17:39:09,8,5,8,12.4,0.05,0.14,0.04,18.4,220,141,231,349.0,1,0,0,100
17:39:09,8,5,8,12.4,0.05,0.14,0.04,18.4,220,141,231,349.0,1,0,0,100
17:39:09,8,5,8,12.4,0.05,0.14,0.04,18.3,220,141,231,349.0,1,0,0,100
17:39:09,8,5,8,12.4,0.05,0.14,0.04,18.4,220,141,231,349.0,0,0,1,100
17:39:09,8,5,8,12.4,0.05,0.14,0.04,18.3,220,141,231,349.0,0,0,1,100
17:39:10,8,5,8,12.4,0.05,0.14,0.04,18.2,220,141,231,349.0,0,0,1,100
17:39:10,8,5,8,12.4,0.05,0.14,0.04,18.4,220,141,231,349.0,0,0,1,100
17:39:10,8,5,8,12.4,0.05,0.14,0.04,18.2,220,141,231,349.0,0,0,1,100
17:39:10,8,5,8,12.4,0.05,0.14,0.04,18.5,220,141,231,349.0,0,0,1,100
17:39:10,8,5,5,10.7,0.09,0.17,0.04,18.5,241,139,130,307.0,0,0,1,100
17:39:10,8,5,5,10.7,0.09,0.17,0.04,18.6,241,139,130,307.0,0,0,1,100
17:39:10,8,5,5,10.7,0.09,0.17,0.04,18.3,241,139,130,307.0,0,0,1,100
17:39:10,8,5,5,10.7,0.09,0.17,0.04,18.2,241,139,130,307.0,0,0,1,100
17:39:10,8,5,5,10.7,0.09,0.17,0.04,18.6,241,139,130,307.0,0,0,1,100
17:39:10,8,5,5,10.7,0.09,0.17,0.04,18.4,241,139,130,307.0,0,0,1,100
17:39:11,8,5,5,10.7,0.09,0.17,0.04,18.4,241,139,130,307.0,0,0,1,100
17:39:11,8,5,5,10.7,0.09,0.17,0.04,18.2,241,139,130,307.0,0,0,1,100
17:39:11,8,5,5,10.7,0.09,0.17,0.04,18.4,241,139,130,307.0,0,0,1,100
17:39:11,8,5,5,10.7,0.09,0.17,0.04,18.2,241,139,130,307.0,0,0,1,100
17:39:11,8,5,8,12.4,0.11,0.16,0.1,18.2,181,114,228,313.0,0,0,1,100
17:39:11,8,5,8,12.4,0.11,0.16,0.1,18.5,181,114,228,313.0,0,0,1,100
17:39:11,8,5,8,12.4,0.11,0.16,0.1,18.5,181,114,228,313.0,0,0,1,100
17:39:11,8,5,8,12.4,0.11,0.16,0.1,18.5,181,114,228,313.0,0,0,1,100
17:39:11,8,5,8,12.4,0.11,0.16,0.1,18.5,181,114,228,313.0,2,0,0,100
17:39:12,8,5,8,12.4,0.11,0.16,0.1,18.4,181,114,228,313.0,2,0,0,100
17:39:12,8,5,8,12.4,0.11,0.16,0.1,18.3,181,114,228,313.0,2,0,0,100
17:39:12,8,5,8,12.4,0.11,0.16,0.1,18.3,181,114,228,313.0,2,0,0,100
17:39:12,8,5,8,12.4,0.11,0.16,0.1,18.4,181,114,228,313.0,2,0,0,100
17:39:12,8,5,8,12.4,0.11,0.16,0.1,18.4,181,114,228,313.0,2,0,0,100
17:39:12,6,3,6,9.0,0.04,0.13,0.08,18.2,170,89,190,270.0,2,0,0,100
17:39:12,6,3,6,9.0,0.04,0.13,0.08,18.4,170,89,190,270.0,2,0,0,100
17:39:12,6,3,6,9.0,0.04,0.13,0.08,18.4,170,89,190,270.0,2,0,0,100
17:39:12,6,3,6,9.0,0.04,0.13,0.08,18.6,170,89,190,270.0,2,0,0,100
17:39:12,6,3,6,9.0,0.04,0.13,0.08,18.4,170,89,190,270.0,0,0,2,100
17:39:13,6,3,6,9.0,0.04,0.13,0.08,18.2,170,89,190,270.0,0,0,2,100
17:39:13,6,3,6,9.0,0.04,0.13,0.08,18.3,170,89,190,270.0,0,0,2,100
17:39:13,6,3,6,9.0,0.04,0.13,0.08,18.4,170,89,190,270.0,0,0,2,100
17:39:13,6,3,6,9.0,0.04,0.13,0.08,18.3,170,89,190,270.0,0,0,2,100
17:39:13,6,3,6,9.0,0.04,0.13,0.08,18.2,170,89,190,270.0,0,0,2,100
17:39:13,8,6,7,12.2,0.07,0.15,0.07,18.4,190,65,153,252.0,0,0,2,100
17:39:13,8,6,7,12.2,0.07,0.15,0.07,18.6,190,65,153,252.0,0,0,2,100
17:39:13,8,6,7,12.2,0.07,0.15,0.07,18.5,190,65,153,252.0,0,0,2,100
17:39:13,8,6,7,12.2,0.07,0.15,0.07,18.4,190,65,153,252.0,0,0,2,100
17:39:13,8,6,7,12.2,0.07,0.15,0.07,18.7,190,65,153,252.0,0,1,0,100
17:39:14,8,6,7,12.2,0.07,0.15,0.07,18.2,190,65,153,252.0,0,1,0,100
17:39:14,8,6,7,12.2,0.07,0.15,0.07,18.4,190,65,153,252.0,0,1,0,100
17:39:14,8,6,7,12.2,0.07,0.15,0.07,18.5,190,65,153,252.0,0,1,0,100
17:39:14,8,6,7,12.2,0.07,0.15,0.07,18.5,190,65,153,252.0,0,1,0,100
17:39:14,8,6,7,12.2,0.07,0.15,0.07,18.2,190,65,153,252.0,0,1,0,100
17:39:14,7,3,5,9.1,0.08,0.2,0.03,18.4,178,68,153,244.0,0,1,0,100
17:39:14,7,3,5,9.1,0.08,0.2,0.03,18.5,178,68,153,244.0,0,1,0,100
17:39:14,7,3,5,9.1,0.08,0.2,0.03,18.5,178,68,153,244.0,0,1,0,100
17:39:14,7,3,5,9.1,0.08,0.2,0.03,18.5,178,68,153,244.0,0,1,0,100
17:39:14,7,3,5,9.1,0.08,0.2,0.03,18.2,178,68,153,244.0,0,0,2,100
17:39:15,7,3,5,9.1,0.08,0.2,0.03,18.5,178,68,153,244.0,0,0,2,100
17:39:15,7,3,5,9.1,0.08,0.2,0.03,18.4,178,68,153,244.0,0,0,2,100
17:39:15,7,3,5,9.1,0.08,0.2,0.03,18.2,178,68,153,244.0,0,0,2,100
17:39:15,7,3,5,9.1,0.08,0.2,0.03,18.5,178,68,153,244.0,0,0,2,100
17:39:15,7,3,5,9.1,0.08,0.2,0.03,18.4,178,68,153,244.0,0,0,2,100
17:39:15,9,7,7,13.4,0.07,0.15,0.07,18.4,201,134,159,289.0,0,0,2,100
17:39:15,9,7,7,13.4,0.07,0.15,0.07,18.6,201,134,159,289.0,0,0,2,100
17:39:15,9,7,7,13.4,0.07,0.15,0.07,18.5,201,134,159,289.0,0,0,2,100
17:39:15,9,7,7,13.4,0.07,0.15,0.07,18.4,201,134,159,289.0,0,0,2,100
17:39:15,9,7,7,13.4,0.07,0.15,0.07,18.2,201,134,159,289.0,0,0,0,100
17:39:16,9,7,7,13.4,0.07,0.15,0.07,18.3,201,134,159,289.0,0,0,0,100
17:39:16,9,7,7,13.4,0.07,0.15,0.07,18.7,201,134,159,289.0,0,0,0,100
17:39:16,9,7,7,13.4,0.07,0.15,0.07,18.4,201,134,159,289.0,0,0,0,100
17:39:16,9,7,7,13.4,0.07,0.15,0.07,18.6,201,134,159,289.0,0,0,0,100
17:39:16,9,7,7,13.4,0.07,0.15,0.07,18.4,201,134,159,289.0,0,0,0,100
17:39:16,5,6,9,11.9,0.04,0.18,0.09,18.4,158,157,250,335.0,0,0,0,100
17:39:16,5,6,9,11.9,0.04,0.18,0.09,18.4,158,157,250,335.0,0,0,0,100
17:39:16,5,6,9,11.9,0.04,0.18,0.09,18.3,158,157,250,335.0,0,0,0,100
17:39:16,5,6,9,11.9,0.04,0.18,0.09,18.4,158,157,250,335.0,0,0,0,100
17:39:16,5,6,9,11.9,0.04,0.18,0.09,18.4,158,157,250,335.0,1,0,0,100
17:39:17,5,6,9,11.9,0.04,0.18,0.09,18.5,158,157,250,335.0,1,0,0,100
17:39:17,5,6,9,11.9,0.04,0.18,0.09,18.4,158,157,250,335.0,1,0,0,100
17:39:17,5,6,9,11.9,0.04,0.18,0.09,18.3,158,157,250,335.0,1,0,0,100
17:39:17,5,6,9,11.9,0.04,0.18,0.09,18.6,158,157,250,335.0,1,0,0,100
17:39:17,5,6,9,11.9,0.04,0.18,0.09,18.2,158,157,250,335.0,1,0,0,100
17:39:17,13,6,9,16.9,0.09,0.26,0.05,18.5,330,173,250,449.0,1,0,0,100
17:39:17,13,6,9,16.9,0.09,0.26,0.05,18.4,330,173,250,449.0,1,0,0,100
17:39:17,13,6,9,16.9,0.09,0.26,0.05,18.7,330,173,250,449.0,1,0,0,100
17:39:17,13,6,9,16.9,0.09,0.26,0.05,18.4,330,173,250,449.0,1,0,0,100
17:39:17,13,6,9,16.9,0.09,0.26,0.05,18.4,330,173,250,449.0,0,0,1,100
17:39:18,13,6,9,16.9,0.09,0.26,0.05,18.3,330,173,250,449.0,0,0,1,100
17:39:18,13,6,9,16.9,0.09,0.26,0.05,18.4,330,173,250,449.0,0,0,1,100
17:39:18,13,6,9,16.9,0.09,0.26,0.05,18.5,330,173,250,449.0,0,0,1,100
17:39:18,13,6,9,16.9,0.09,0.26,0.05,18.5,330,173,250,449.0,0,0,1,100
17:39:18,13,6,9,16.9,0.09,0.26,0.05,18.5,330,173,250,449.0,0,0,1,100
17:39:18,9,5,6,11.9,0.14,0.27,0.06,18.2,319,171,158,395.0,0,0,1,100
17:39:18,9,5,6,11.9,0.14,0.27,0.06,18.5,319,171,158,395.0,0,0,1,100
17:39:18,9,5,6,11.9,0.14,0.27,0.06,18.3,319,171,158,395.0,0,0,1,100
17:39:18,9,5,6,11.9,0.14,0.27,0.06,18.4,319,171,158,395.0,0,0,1,100
17:39:18,9,5,6,11.9,0.14,0.27,0.06,18.5,319,171,158,395.0,0,0,0,100
17:39:19,9,5,6,11.9,0.14,0.27,0.06,18.4,319,171,158,395.0,0,0,0,100
17:39:19,9,5,6,11.9,0.14,0.27,0.06,18.4,319,171,158,395.0,0,0,0,100
17:39:19,9,5,6,11.9,0.14,0.27,0.06,18.5,319,171,158,395.0,0,0,0,100
17:39:19,9,5,6,11.9,0.14,0.27,0.06,18.5,319,171,158,395.0,0,0,0,100
17:39:19,9,5,6,11.9,0.14,0.27,0.06,18.3,319,171,158,395.0,0,0,0,100
17:39:19,4,4,8,9.8,0.09,0.15,0.08,18.3,123,104,197,254.0,0,0,0,100
17:39:19,4,4,8,9.8,0.09,0.15,0.08,18.6,123,104,197,254.0,0,0,0,100
17:39:19,4,4,8,9.8,0.09,0.15,0.08,18.4,123,104,197,254.0,0,0,0,100
17:39:19,4,4,8,9.8,0.09,0.15,0.08,18.2,123,104,197,254.0,0,0,0,100
17:39:19,4,4,8,9.8,0.09,0.15,0.08,18.3,123,104,197,254.0,2,0,0,100
17:39:20,4,4,8,9.8,0.09,0.15,0.08,18.4,123,104,197,254.0,2,0,0,100
17:39:20,4,4,8,9.8,0.09,0.15,0.08,18.2,123,104,197,254.0,2,0,0,100
17:39:20,4,4,8,9.8,0.09,0.15,0.08,18.3,123,104,197,254.0,2,0,0,100
17:39:20,4,4,8,9.8,0.09,0.15,0.08,18.6,123,104,197,254.0,2,0,0,100
17:39:20,4,4,8,9.8,0.09,0.15,0.08,18.5,123,104,197,254.0,2,0,0,100
17:39:20,5,2,5,7.3,0.03,0.11,0.08,18.4,145,50,129,200.0,2,0,0,100
17:39:20,5,2,5,7.3,0.03,0.11,0.08,18.2,145,50,129,200.0,2,0,0,100
17:39:20,5,2,5,7.3,0.03,0.11,0.08,18.4,145,50,129,200.0,2,0,0,100
17:39:20,5,2,5,7.3,0.03,0.11,0.08,18.2,145,50,129,200.0,2,0,0,100
17:39:20,5,2,5,7.3,0.03,0.11,0.08,18.1,145,50,129,200.0,0,0,1,100
17:39:21,5,2,5,7.3,0.03,0.11,0.08,18.3,145,50,129,200.0,0,0,1,100
17:39:21,5,2,5,7.3,0.03,0.11,0.08,18.8,145,50,129,200.0,0,0,1,100
17:39:21,5,2,5,7.3,0.03,0.11,0.08,18.6,145,50,129,200.0,0,0,1,100
17:39:21,5,2,5,7.3,0.03,0.11,0.08,18.3,145,50,129,200.0,0,0,1,100
17:39:21,5,2,5,7.3,0.03,0.11,0.08,18.4,145,50,129,200.0,0,0,1,100
17:39:21,4,2,6,7.5,0.06,0.18,0.06,18.4,110,58,166,207.0,0,0,1,100
17:39:21,4,2,6,7.5,0.06,0.18,0.06,18.3,110,58,166,207.0,0,0,1,100
17:39:21,4,2,6,7.5,0.06,0.18,0.06,18.4,110,58,166,207.0,0,0,1,100
17:39:21,4,2,6,7.5,0.06,0.18,0.06,18.3,110,58,166,207.0,0,0,1,100
17:39:21,4,2,6,7.5,0.06,0.18,0.06,18.8,110,58,166,207.0,1,0,0,100
17:39:22,4,2,6,7.5,0.06,0.18,0.06,18.4,110,58,166,207.0,1,0,0,100
17:39:22,4,2,6,7.5,0.06,0.18,0.06,18.4,110,58,166,207.0,1,0,0,100
17:39:22,4,2,6,7.5,0.06,0.18,0.06,18.5,110,58,166,207.0,1,0,0,100
17:39:22,4,2,6,7.5,0.06,0.18,0.06,18.7,110,58,166,207.0,1,0,0,100
17:39:22,4,2,6,7.5,0.06,0.18,0.06,18.4,110,58,166,207.0,1,0,0,100
17:39:22,7,3,6,9.7,0.07,0.16,0.04,18.4,199,103,166,279.0,1,0,0,100
17:39:22,7,3,6,9.7,0.07,0.16,0.04,18.4,199,103,166,279.0,1,0,0,100
17:39:22,7,3,6,9.7,0.07,0.16,0.04,18.5,199,103,166,279.0,1,0,0,100
17:39:22,7,3,6,9.7,0.07,0.16,0.04,18.4,199,103,166,279.0,1,0,0,100
17:39:23,7,3,6,9.7,0.07,0.16,0.04,18.5,199,103,166,279.0,0,0,0,100
17:39:23,7,3,6,9.7,0.07,0.16,0.04,18.5,199,103,166,279.0,0,0,0,100
17:39:23,7,3,6,9.7,0.07,0.16,0.04,18.6,199,103,166,279.0,0,0,0,100
17:39:23,7,3,6,9.7,0.07,0.16,0.04,18.5,199,103,166,279.0,0,0,0,100
17:39:23,7,3,6,9.7,0.07,0.16,0.04,18.5,199,103,166,279.0,0,0,0,100
17:39:23,7,3,6,9.7,0.07,0.16,0.04,18.6,199,103,166,279.0,0,0,0,100
17:39:23,8,5,6,11.2,0.06,0.16,0.09,18.4,227,142,176,320.0,0,0,0,100
17:39:23,8,5,6,11.2,0.06,0.16,0.09,18.7,227,142,176,320.0,0,0,0,100
17:39:23,8,5,6,11.2,0.06,0.16,0.09,18.5,227,142,176,320.0,0,0,0,100
17:39:23,8,5,6,11.2,0.06,0.16,0.09,18.5,227,142,176,320.0,0,0,0,100
17:39:24,8,5,6,11.2,0.06,0.16,0.09,18.5,227,142,176,320.0,0,0,0,100
17:39:24,8,5,6,11.2,0.06,0.16,0.09,18.4,227,142,176,320.0,0,0,0,100
17:39:24,8,5,6,11.2,0.06,0.16,0.09,18.6,227,142,176,320.0,0,0,0,100
17:39:24,8,5,6,11.2,0.06,0.16,0.09,18.5,227,142,176,320.0,0,0,0,100
17:39:24,8,5,6,11.2,0.06,0.16,0.09,18.2,227,142,176,320.0,0,0,0,100
17:39:24,8,5,6,11.2,0.06,0.16,0.09,18.4,227,142,176,320.0,0,0,0,100
17:39:24,6,5,8,11.2,0.04,0.18,0.07,18.5,168,157,231,326.0,0,0,0,100
17:39:24,6,5,8,11.2,0.04,0.18,0.07,18.5,168,157,231,326.0,0,0,0,100
17:39:24,6,5,8,11.2,0.04,0.18,0.07,18.5,168,157,231,326.0,0,0,0,100
17:39:24,6,5,8,11.2,0.04,0.18,0.07,18.4,168,157,231,326.0,0,0,0,100
17:39:25,6,5,8,11.2,0.04,0.18,0.07,18.4,168,157,231,326.0,1,0,0,100
17:39:25,6,5,8,11.2,0.04,0.18,0.07,18.4,168,157,231,326.0,1,0,0,100
17:39:25,6,5,8,11.2,0.04,0.18,0.07,18.4,168,157,231,326.0,1,0,0,100
17:39:25,6,5,8,11.2,0.04,0.18,0.07,18.4,168,157,231,326.0,1,0,0,100
17:39:25,6,5,8,11.2,0.04,0.18,0.07,18.4,168,157,231,326.0,1,0,0,100
17:39:25,6,5,8,11.2,0.04,0.18,0.07,18.4,168,157,231,326.0,1,0,0,100
17:39:25,7,4,7,10.7,0.05,0.18,0.09,18.5,211,136,206,325.0,1,0,0,100
17:39:25,7,4,7,10.7,0.05,0.18,0.09,18.4,211,136,206,325.0,1,0,0,100
17:39:25,7,4,7,10.7,0.05,0.18,0.09,18.4,211,136,206,325.0,1,0,0,100
17:39:25,7,4,7,10.7,0.05,0.18,0.09,18.4,211,136,206,325.0,1,0,0,100
17:39:26,7,4,7,10.7,0.05,0.18,0.09,18.4,211,136,206,325.0,0,0,1,100
17:39:26,7,4,7,10.7,0.05,0.18,0.09,18.5,211,136,206,325.0,0,0,1,100
17:39:26,7,4,7,10.7,0.05,0.18,0.09,18.4,211,136,206,325.0,0,0,1,100
17:39:26,7,4,7,10.7,0.05,0.18,0.09,18.5,211,136,206,325.0,0,0,1,100
17:39:26,7,4,7,10.7,0.05,0.18,0.09,18.4,211,136,206,325.0,0,0,1,100
17:39:26,7,4,7,10.7,0.05,0.18,0.09,18.4,211,136,206,325.0,0,0,1,100
17:39:26,7,4,5,9.5,0.07,0.2,0.05,18.5,201,111,147,273.0,0,0,1,100
17:39:26,7,4,5,9.5,0.07,0.2,0.05,18.4,201,111,147,273.0,0,0,1,100
17:39:26,7,4,5,9.5,0.07,0.2,0.05,18.6,201,111,147,273.0,0,0,1,100
17:39:26,7,4,5,9.5,0.07,0.2,0.05,18.4,201,111,147,273.0,0,0,1,100
17:39:27,7,4,5,9.5,0.07,0.2,0.05,18.4,201,111,147,273.0,0,0,0,100
17:39:27,7,4,5,9.5,0.07,0.2,0.05,18.4,201,111,147,273.0,0,0,0,100
17:39:27,7,4,5,9.5,0.07,0.2,0.05,18.4,201,111,147,273.0,0,0,0,100
17:39:27,7,4,5,9.5,0.07,0.2,0.05,18.4,201,111,147,273.0,0,0,0,100
17:39:27,7,4,5,9.5,0.07,0.2,0.05,18.2,201,111,147,273.0,0,0,0,100
17:39:27,7,4,5,9.5,0.07,0.2,0.05,18.6,201,111,147,273.0,0,0,0,100
17:39:27,4,3,6,7.8,0.08,0.15,0.07,18.4,103,64,186,222.0,0,0,0,100
17:39:27,4,3,6,7.8,0.08,0.15,0.07,18.5,103,64,186,222.0,0,0,0,100
17:39:27,4,3,6,7.8,0.08,0.15,0.07,18.5,103,64,186,222.0,0,0,0,100
17:39:27,4,3,6,7.8,0.08,0.15,0.07,18.4,103,64,186,222.0,0,0,0,100
17:39:28,4,3,6,7.8,0.08,0.15,0.07,18.3,103,64,186,222.0,2,7,0,100
17:39:28,4,3,6,7.8,0.08,0.15,0.07,18.4,103,64,186,222.0,2,7,0,100
17:39:28,4,3,6,7.8,0.08,0.15,0.07,18.4,103,64,186,222.0,2,7,0,100
17:39:28,4,3,6,7.8,0.08,0.15,0.07,18.4,103,64,186,222.0,2,7,0,100
17:39:28,4,3,6,7.8,0.08,0.15,0.07,18.4,103,64,186,222.0,2,7,0,100
17:39:28,4,3,6,7.8,0.08,0.15,0.07,18.4,103,64,186,222.0,2,7,0,100
17:39:28,7,3,6,9.7,0.04,0.2,0.1,18.6,176,44,110,212.0,2,7,0,100
17:39:28,7,3,6,9.7,0.04,0.2,0.1,18.4,176,44,110,212.0,2,7,0,100
17:39:28,7,3,6,9.7,0.04,0.2,0.1,18.5,176,44,110,212.0,2,7,0,100
17:39:28,7,3,6,9.7,0.04,0.2,0.1,18.6,176,44,110,212.0,2,7,0,100
17:39:29,7,3,6,9.7,0.04,0.2,0.1,18.7,176,44,110,212.0,0,0,0,100
17:39:29,7,3,6,9.7,0.04,0.2,0.1,18.4,176,44,110,212.0,0,0,0,100
17:39:29,7,3,6,9.7,0.04,0.2,0.1,18.4,176,44,110,212.0,0,0,0,100
17:39:29,7,3,6,9.7,0.04,0.2,0.1,18.3,176,44,110,212.0,0,0,0,100
17:39:29,7,3,6,9.7,0.04,0.2,0.1,18.4,176,44,110,212.0,0,0,0,100
17:39:29,7,3,6,9.7,0.04,0.2,0.1,18.4,176,44,110,212.0,0,0,0,100
17:39:29,4,3,6,7.8,0.04,0.2,0.03,18.6,115,82,170,221.0,0,0,0,100
17:39:29,4,3,6,7.8,0.04,0.2,0.03,18.2,115,82,170,221.0,0,0,0,100
17:39:29,4,3,6,7.8,0.04,0.2,0.03,18.5,115,82,170,221.0,0,0,0,100
17:39:29,4,3,6,7.8,0.04,0.2,0.03,18.6,115,82,170,221.0,0,0,0,100
17:39:30,4,3,6,7.8,0.04,0.2,0.03,18.3,115,82,170,221.0,1,0,0,100
17:39:30,4,3,6,7.8,0.04,0.2,0.03,18.6,115,82,170,221.0,1,0,0,100
17:39:30,4,3,6,7.8,0.04,0.2,0.03,18.4,115,82,170,221.0,1,0,0,100
17:39:30,4,3,6,7.8,0.04,0.2,0.03,18.6,115,82,170,221.0,1,0,0,100
17:39:30,4,3,6,7.8,0.04,0.2,0.03,18.4,115,82,170,221.0,1,0,0,100
17:39:30,4,3,6,7.8,0.04,0.2,0.03,18.6,115,82,170,221.0,1,0,0,100
17:39:30,7,6,6,11.0,0.04,0.09,0.03,18.4,216,119,177,304.0,1,0,0,100
17:39:30,7,6,6,11.0,0.04,0.09,0.03,18.4,216,119,177,304.0,1,0,0,100
17:39:30,7,6,6,11.0,0.04,0.09,0.03,18.3,216,119,177,304.0,1,0,0,100
17:39:30,7,6,6,11.0,0.04,0.09,0.03,18.4,216,119,177,304.0,1,0,0,100
17:39:31,7,6,6,11.0,0.04,0.09,0.03,18.2,216,119,177,304.0,0,0,1,100
17:39:31,7,6,6,11.0,0.04,0.09,0.03,18.4,216,119,177,304.0,0,0,1,100
17:39:31,7,6,6,11.0,0.04,0.09,0.03,18.4,216,119,177,304.0,0,0,1,100
17:39:31,7,6,6,11.0,0.04,0.09,0.03,18.4,216,119,177,304.0,0,0,1,100
17:39:31,7,6,6,11.0,0.04,0.09,0.03,18.5,216,119,177,304.0,0,0,1,100
17:39:31,7,6,6,11.0,0.04,0.09,0.03,18.5,216,119,177,304.0,0,0,1,100
17:39:31,8,5,5,10.7,0.03,0.13,0.04,18.5,223,132,162,306.0,0,0,1,100
17:39:31,8,5,5,10.7,0.03,0.13,0.04,18.5,223,132,162,306.0,0,0,1,100
17:39:31,8,5,5,10.7,0.03,0.13,0.04,18.4,223,132,162,306.0,0,0,1,100
17:39:31,8,5,5,10.7,0.03,0.13,0.04,18.7,223,132,162,306.0,0,0,1,100
17:39:32,8,5,5,10.7,0.03,0.13,0.04,18.4,223,132,162,306.0,0,0,0,100
17:39:32,8,5,5,10.7,0.03,0.13,0.04,18.5,223,132,162,306.0,0,0,0,100
17:39:32,8,5,5,10.7,0.03,0.13,0.04,18.4,223,132,162,306.0,0,0,0,100
17:39:32,8,5,5,10.7,0.03,0.13,0.04,18.4,223,132,162,306.0,0,0,0,100
17:39:32,8,5,5,10.7,0.03,0.13,0.04,18.4,223,132,162,306.0,0,0,0,100
17:39:32,8,5,5,10.7,0.03,0.13,0.04,18.4,223,132,162,306.0,0,0,0,100
17:39:32,6,5,9,11.9,0.05,0.27,0.08,18.3,138,155,247,323.0,0,0,0,100
17:39:32,6,5,9,11.9,0.05,0.27,0.08,18.6,138,155,247,323.0,0,0,0,100
17:39:32,6,5,9,11.9,0.05,0.27,0.08,18.3,138,155,247,323.0,0,0,0,100
17:39:32,6,5,9,11.9,0.05,0.27,0.08,18.4,138,155,247,323.0,0,0,0,100
17:39:33,6,5,9,11.9,0.05,0.27,0.08,18.4,138,155,247,323.0,1,0,0,100
17:39:33,6,5,9,11.9,0.05,0.27,0.08,18.4,138,155,247,323.0,1,0,0,100
17:39:33,6,5,9,11.9,0.05,0.27,0.08,18.4,138,155,247,323.0,1,0,0,100
17:39:33,6,5,9,11.9,0.05,0.27,0.08,18.3,138,155,247,323.0,1,0,0,100
17:39:33,6,5,9,11.9,0.05,0.27,0.08,18.5,138,155,247,323.0,1,0,0,100
17:39:33,6,5,9,11.9,0.05,0.27,0.08,18.4,138,155,247,323.0,1,0,0,100
17:39:33,8,5,9,13.0,0.06,0.24,0.09,18.6,216,132,213,331.0,1,0,0,100
17:39:33,8,5,9,13.0,0.06,0.24,0.09,18.4,216,132,213,331.0,1,0,0,100
17:39:33,8,5,9,13.0,0.06,0.24,0.09,18.6,216,132,213,331.0,1,0,0,100
17:39:33,8,5,9,13.0,0.06,0.24,0.09,18.4,216,132,213,331.0,1,0,0,100
17:39:34,8,5,9,13.0,0.06,0.24,0.09,18.3,216,132,213,331.0,0,0,1,100
17:39:34,8,5,9,13.0,0.06,0.24,0.09,18.4,216,132,213,331.0,0,0,1,100
17:39:34,8,5,9,13.0,0.06,0.24,0.09,18.4,216,132,213,331.0,0,0,1,100
17:39:34,8,5,9,13.0,0.06,0.24,0.09,18.4,216,132,213,331.0,0,0,1,100
17:39:34,8,5,9,13.0,0.06,0.24,0.09,18.4,216,132,213,331.0,0,0,1,100
17:39:34,8,5,9,13.0,0.06,0.24,0.09,18.4,216,132,213,331.0,0,0,1,100
17:39:34,7,3,5,9.1,0.12,0.2,0.05,18.5,208,106,144,274.0,0,0,1,100
17:39:34,7,3,5,9.1,0.12,0.2,0.05,18.4,208,106,144,274.0,0,0,1,100
17:39:34,7,3,5,9.1,0.12,0.2,0.05,18.3,208,106,144,274.0,0,0,1,100
17:39:34,7,3,5,9.1,0.12,0.2,0.05,18.3,208,106,144,274.0,0,0,1,100
17:39:35,7,3,5,9.1,0.12,0.2,0.05,18.4,208,106,144,274.0,0,0,0,100
17:39:35,7,3,5,9.1,0.12,0.2,0.05,18.4,208,106,144,274.0,0,0,0,100
17:39:35,7,3,5,9.1,0.12,0.2,0.05,18.5,208,106,144,274.0,0,0,0,100
17:39:35,7,3,5,9.1,0.12,0.2,0.05,18.4,208,106,144,274.0,0,0,0,100
17:39:35,7,3,5,9.1,0.12,0.2,0.05,18.4,208,106,144,274.0,0,0,0,100
17:39:35,7,3,5,9.1,0.12,0.2,0.05,18.5,208,106,144,274.0,0,0,0,100
17:39:35,4,1,5,6.5,0.05,0.09,0.04,18.4,120,24,154,197.0,0,0,0,100
17:39:35,4,1,5,6.5,0.05,0.09,0.04,18.4,120,24,154,197.0,0,0,0,100
17:39:35,4,1,5,6.5,0.05,0.09,0.04,18.6,120,24,154,197.0,0,0,0,100
17:39:35,4,1,5,6.5,0.05,0.09,0.04,18.5,120,24,154,197.0,0,0,0,100
17:39:36,4,1,5,6.5,0.05,0.09,0.04,18.5,120,24,154,197.0,0,2,1,100
17:39:36,4,1,5,6.5,0.05,0.09,0.04,18.2,120,24,154,197.0,0,2,1,100
17:39:36,4,1,5,6.5,0.05,0.09,0.04,18.5,120,24,154,197.0,0,2,1,100
17:39:36,4,1,5,6.5,0.05,0.09,0.04,18.5,120,24,154,197.0,0,2,1,100
17:39:36,4,1,5,6.5,0.05,0.09,0.04,18.4,120,24,154,197.0,0,2,1,100
17:39:36,4,1,5,6.5,0.05,0.09,0.04,18.4,120,24,154,197.0,0,2,1,100
17:39:36,5,3,5,7.7,0.04,0.11,0.05,18.6,155,80,154,233.0,0,2,1,100
17:39:36,5,3,5,7.7,0.04,0.11,0.05,18.4,155,80,154,233.0,0,2,1,100
17:39:36,5,3,5,7.7,0.04,0.11,0.05,18.2,155,80,154,233.0,0,2,1,100
17:39:36,5,3,5,7.7,0.04,0.11,0.05,18.6,155,80,154,233.0,0,2,1,100
17:39:37,5,3,5,7.7,0.04,0.11,0.05,18.2,155,80,154,233.0,0,0,0,100
17:39:37,5,3,5,7.7,0.04,0.11,0.05,18.4,155,80,154,233.0,0,0,0,100
17:39:37,5,3,5,7.7,0.04,0.11,0.05,18.5,155,80,154,233.0,0,0,0,100
17:39:37,5,3,5,7.7,0.04,0.11,0.05,18.3,155,80,154,233.0,0,0,0,100
17:39:37,5,3,5,7.7,0.04,0.11,0.05,18.4,155,80,154,233.0,0,0,0,100
17:39:37,5,3,5,7.7,0.04,0.11,0.05,18.4,155,80,154,233.0,0,0,0,100
17:39:37,4,4,7,9.0,0.04,0.1,0.05,18.4,107,118,213,266.0,0,0,0,100
17:39:37,4,4,7,9.0,0.04,0.1,0.05,18.6,107,118,213,266.0,0,0,0,100
17:39:37,4,4,7,9.0,0.04,0.1,0.05,18.4,107,118,213,266.0,0,0,0,100
17:39:37,4,4,7,9.0,0.04,0.1,0.05,18.6,107,118,213,266.0,0,0,0,100
17:39:38,4,4,7,9.0,0.04,0.1,0.05,18.5,107,118,213,266.0,2,0,0,100
17:39:38,4,4,7,9.0,0.04,0.1,0.05,18.5,107,118,213,266.0,2,0,0,100
17:39:38,4,4,7,9.0,0.04,0.1,0.05,18.4,107,118,213,266.0,2,0,0,100
17:39:38,4,4,7,9.0,0.04,0.1,0.05,18.4,107,118,213,266.0,2,0,0,100
17:39:38,4,4,7,9.0,0.04,0.1,0.05,18.5,107,118,213,266.0,2,0,0,100
17:39:38,4,4,7,9.0,0.04,0.1,0.05,18.3,107,118,213,266.0,2,0,0,100
17:39:38,9,5,6,11.9,0.09,0.12,0.04,18.5,255,146,162,336.0,2,0,0,100
17:39:38,9,5,6,11.9,0.09,0.12,0.04,18.4,255,146,162,336.0,2,0,0,100
17:39:38,9,5,6,11.9,0.09,0.12,0.04,18.6,255,146,162,336.0,2,0,0,100
17:39:39,9,5,6,11.9,0.09,0.12,0.04,18.5,255,146,162,336.0,2,0,0,100
17:39:39,9,5,6,11.9,0.09,0.12,0.04,18.4,255,146,162,336.0,0,0,1,100
17:39:39,9,5,6,11.9,0.09,0.12,0.04,18.6,255,146,162,336.0,0,0,1,100
17:39:39,9,5,6,11.9,0.09,0.12,0.04,18.4,255,146,162,336.0,0,0,1,100
17:39:39,9,5,6,11.9,0.09,0.12,0.04,18.4,255,146,162,336.0,0,0,1,100
17:39:39,9,5,6,11.9,0.09,0.12,0.04,18.4,255,146,162,336.0,0,0,1,100
17:39:39,9,5,6,11.9,0.09,0.12,0.04,18.4,255,146,162,336.0,0,0,1,100
17:39:39,11,5,7,14.0,0.05,0.12,0.03,18.3,245,138,183,335.0,0,0,1,100
17:39:39,11,5,7,14.0,0.05,0.12,0.03,18.4,245,138,183,335.0,0,0,1,100
17:39:39,11,5,7,14.0,0.05,0.12,0.03,18.4,245,138,183,335.0,0,0,1,100
17:39:39,11,5,7,14.0,0.05,0.12,0.03,18.5,245,138,183,335.0,0,0,1,100
17:39:40,11,5,7,14.0,0.05,0.12,0.03,18.5,245,138,183,335.0,0,0,0,100
17:39:40,11,5,7,14.0,0.05,0.12,0.03,18.4,245,138,183,335.0,0,0,0,100
17:39:40,11,5,7,14.0,0.05,0.12,0.03,18.6,245,138,183,335.0,0,0,0,100
17:39:40,11,5,7,14.0,0.05,0.12,0.03,18.5,245,138,183,335.0,0,0,0,100
17:39:40,11,5,7,14.0,0.05,0.12,0.03,18.4,245,138,183,335.0,0,0,0,100
17:39:40,11,5,7,14.0,0.05,0.12,0.03,18.5,245,138,183,335.0,0,0,0,100
17:39:40,5,5,8,10.7,0.05,0.2,0.07,18.4,133,140,229,300.0,0,0,0,100
17:39:40,5,5,8,10.7,0.05,0.2,0.07,18.4,133,140,229,300.0,0,0,0,100
17:39:40,5,5,8,10.7,0.05,0.2,0.07,18.6,133,140,229,300.0,0,0,0,100
17:39:41,5,5,8,10.7,0.05,0.2,0.07,18.4,133,140,229,300.0,0,0,0,100
17:39:41,5,5,8,10.7,0.05,0.2,0.07,18.4,133,140,229,300.0,0,0,0,100
17:39:41,5,5,8,10.7,0.05,0.2,0.07,18.6,133,140,229,300.0,0,0,0,100
17:39:41,5,5,8,10.7,0.05,0.2,0.07,18.4,133,140,229,300.0,0,0,0,100
17:39:41,5,5,8,10.7,0.05,0.2,0.07,18.4,133,140,229,300.0,0,0,0,100
17:39:41,5,5,8,10.7,0.05,0.2,0.07,18.6,133,140,229,300.0,0,0,0,100
17:39:41,5,5,8,10.7,0.05,0.2,0.07,18.4,133,140,229,300.0,0,0,0,100
17:39:41,7,4,5,9.5,0.07,0.19,0.11,18.4,190,111,149,266.0,0,0,0,100
17:39:41,7,4,5,9.5,0.07,0.19,0.11,18.6,190,111,149,266.0,0,0,0,100
17:39:41,7,4,5,9.5,0.07,0.19,0.11,18.4,190,111,149,266.0,0,0,0,100
17:39:42,7,4,5,9.5,0.07,0.19,0.11,18.4,190,111,149,266.0,0,0,0,100
17:39:42,7,4,5,9.5,0.07,0.19,0.11,18.6,190,111,149,266.0,0,0,1,100
17:39:42,7,4,5,9.5,0.07,0.19,0.11,18.4,190,111,149,266.0,0,0,1,100
17:39:42,7,4,5,9.5,0.07,0.19,0.11,18.3,190,111,149,266.0,0,0,1,100
17:39:42,7,4,5,9.5,0.07,0.19,0.11,18.4,190,111,149,266.0,0,0,1,100
17:39:42,7,4,5,9.5,0.07,0.19,0.11,18.3,190,111,149,266.0,0,0,1,100
17:39:42,7,4,5,9.5,0.07,0.19,0.11,18.6,190,111,149,266.0,0,0,1,100
17:39:42,6,2,6,8.7,0.08,0.16,0.07,18.4,174,56,170,250.0,0,0,1,100
17:39:42,6,2,6,8.7,0.08,0.16,0.07,18.4,174,56,170,250.0,0,0,1,100
17:39:42,6,2,6,8.7,0.08,0.16,0.07,18.2,174,56,170,250.0,0,0,1,100
17:39:43,6,2,6,8.7,0.08,0.16,0.07,18.6,174,56,170,250.0,0,0,1,100
17:39:43,6,2,6,8.7,0.08,0.16,0.07,18.6,174,56,170,250.0,1,2,0,100
17:39:43,6,2,6,8.7,0.08,0.16,0.07,18.4,174,56,170,250.0,1,2,0,100
17:39:43,6,2,6,8.7,0.08,0.16,0.07,18.2,174,56,170,250.0,1,2,0,100
17:39:43,6,2,6,8.7,0.08,0.16,0.07,18.3,174,56,170,250.0,1,2,0,100
17:39:43,6,2,6,8.7,0.08,0.16,0.07,18.4,174,56,170,250.0,1,2,0,100
17:39:43,6,2,6,8.7,0.08,0.16,0.07,18.4,174,56,170,250.0,1,2,0,100
17:39:43,7,2,5,8.8,0.04,0.11,0.03,18.5,167,67,152,236.0,1,2,0,100
17:39:43,7,2,5,8.8,0.04,0.11,0.03,18.4,167,67,152,236.0,1,2,0,100
17:39:43,7,2,5,8.8,0.04,0.11,0.03,18.5,167,67,152,236.0,1,2,0,100
17:39:44,7,2,5,8.8,0.04,0.11,0.03,18.6,167,67,152,236.0,1,2,0,100
17:39:44,7,2,5,8.8,0.04,0.11,0.03,18.2,167,67,152,236.0,0,0,0,100
17:39:44,7,2,5,8.8,0.04,0.11,0.03,18.4,167,67,152,236.0,0,0,0,100
17:39:44,7,2,5,8.8,0.04,0.11,0.03,18.4,167,67,152,236.0,0,0,0,100
17:39:44,7,2,5,8.8,0.04,0.11,0.03,18.4,167,67,152,236.0,0,0,0,100
17:39:44,7,2,5,8.8,0.04,0.11,0.03,18.5,167,67,152,236.0,0,0,0,100
17:39:44,7,2,5,8.8,0.04,0.11,0.03,18.2,167,67,152,236.0,0,0,0,100
17:39:44,6,4,7,10.0,0.04,0.16,0.08,18.4,191,113,195,295.0,0,0,0,100
17:39:44,6,4,7,10.0,0.04,0.16,0.08,18.4,191,113,195,295.0,0,0,0,100
17:39:44,6,4,7,10.0,0.04,0.16,0.08,18.4,191,113,195,295.0,0,0,0,100
17:39:45,6,4,7,10.0,0.04,0.16,0.08,18.5,191,113,195,295.0,0,0,0,100
17:39:45,6,4,7,10.0,0.04,0.16,0.08,18.6,191,113,195,295.0,0,0,0,100
17:39:45,6,4,7,10.0,0.04,0.16,0.08,18.5,191,113,195,295.0,0,0,0,100
17:39:45,6,4,7,10.0,0.04,0.16,0.08,18.4,191,113,195,295.0,0,0,0,100
17:39:45,6,4,7,10.0,0.04,0.16,0.08,18.4,191,113,195,295.0,0,0,0,100
17:39:45,6,4,7,10.0,0.04,0.16,0.08,18.2,191,113,195,295.0,0,0,0,100
17:39:45,6,4,7,10.0,0.04,0.16,0.08,18.5,191,113,195,295.0,0,0,0,100
17:39:45,6,5,8,11.2,0.05,0.13,0.06,18.2,149,128,234,306.0,0,0,0,100
17:39:45,6,5,8,11.2,0.05,0.13,0.06,18.5,149,128,234,306.0,0,0,0,100
17:39:45,6,5,8,11.2,0.05,0.13,0.06,18.4,149,128,234,306.0,0,0,0,100
17:39:46,6,5,8,11.2,0.05,0.13,0.06,18.4,149,128,234,306.0,0,0,0,100
17:39:46,6,5,8,11.2,0.05,0.13,0.06,18.4,149,128,234,306.0,0,0,0,100
17:39:46,6,5,8,11.2,0.05,0.13,0.06,18.4,149,128,234,306.0,0,0,0,100
17:39:46,6,5,8,11.2,0.05,0.13,0.06,18.4,149,128,234,306.0,0,0,0,100
17:39:46,6,5,8,11.2,0.05,0.13,0.06,18.4,149,128,234,306.0,0,0,0,100
17:39:46,6,5,8,11.2,0.05,0.13,0.06,18.5,149,128,234,306.0,0,0,0,100
17:39:46,6,5,8,11.2,0.05,0.13,0.06,18.5,149,128,234,306.0,0,0,0,100
17:39:46,8,6,7,12.2,0.1,0.19,0.04,18.2,234,133,178,323.0,0,0,0,100
17:39:46,8,6,7,12.2,0.1,0.19,0.04,18.6,234,133,178,323.0,0,0,0,100
17:39:46,8,6,7,12.2,0.1,0.19,0.04,18.4,234,133,178,323.0,0,0,0,100
17:39:47,8,6,7,12.2,0.1,0.19,0.04,18.5,234,133,178,323.0,0,0,0,100
17:39:47,8,6,7,12.2,0.1,0.19,0.04,18.4,234,133,178,323.0,0,0,1,100
17:39:47,8,6,7,12.2,0.1,0.19,0.04,18.5,234,133,178,323.0,0,0,1,100
17:39:47,8,6,7,12.2,0.1,0.19,0.04,18.4,234,133,178,323.0,0,0,1,100
17:39:47,8,6,7,12.2,0.1,0.19,0.04,18.4,234,133,178,323.0,0,0,1,100
17:39:47,8,6,7,12.2,0.1,0.19,0.04,18.6,234,133,178,323.0,0,0,1,100
17:39:47,8,6,7,12.2,0.1,0.19,0.04,18.4,234,133,178,323.0,0,0,1,100
17:39:47,7,5,8,11.7,0.1,0.15,0.08,18.4,216,135,216,334.0,0,0,1,100
17:39:47,7,5,8,11.7,0.1,0.15,0.08,18.3,216,135,216,334.0,0,0,1,100
17:39:48,7,5,8,11.7,0.1,0.15,0.08,18.4,216,135,216,334.0,0,0,1,100
17:39:48,7,5,8,11.7,0.1,0.15,0.08,18.5,216,135,216,334.0,0,0,1,100
17:39:48,7,5,8,11.7,0.1,0.15,0.08,18.2,216,135,216,334.0,1,0,0,100
17:39:48,7,5,8,11.7,0.1,0.15,0.08,18.2,216,135,216,334.0,1,0,0,100
17:39:48,7,5,8,11.7,0.1,0.15,0.08,18.3,216,135,216,334.0,1,0,0,100
17:39:48,7,5,8,11.7,0.1,0.15,0.08,18.5,216,135,216,334.0,1,0,0,100
17:39:48,7,5,8,11.7,0.1,0.15,0.08,18.5,216,135,216,334.0,1,0,0,100
17:39:48,7,5,8,11.7,0.1,0.15,0.08,18.4,216,135,216,334.0,1,0,0,100
17:39:48,5,6,9,11.9,0.08,0.2,0.13,18.2,115,128,237,293.0,1,0,0,100
17:39:48,5,6,9,11.9,0.08,0.2,0.13,18.4,115,128,237,293.0,1,0,0,100
17:39:48,5,6,9,11.9,0.08,0.2,0.13,18.3,115,128,237,293.0,1,0,0,100
17:39:49,5,6,9,11.9,0.08,0.2,0.13,18.3,115,128,237,293.0,1,0,0,100
17:39:49,5,6,9,11.9,0.08,0.2,0.13,18.4,115,128,237,293.0,2,0,0,100
17:39:49,5,6,9,11.9,0.08,0.2,0.13,18.6,115,128,237,293.0,2,0,0,100
17:39:49,5,6,9,11.9,0.08,0.2,0.13,18.4,115,128,237,293.0,2,0,0,100
17:39:49,5,6,9,11.9,0.08,0.2,0.13,18.4,115,128,237,293.0,2,0,0,100
17:39:49,5,6,9,11.9,0.08,0.2,0.13,18.6,115,128,237,293.0,2,0,0,100
17:39:49,5,6,9,11.9,0.08,0.2,0.13,18.4,115,128,237,293.0,2,0,0,100
17:39:49,5,2,4,6.7,0.03,0.12,0.09,18.5,148,78,115,203.0,2,0,0,100
17:39:49,5,2,4,6.7,0.03,0.12,0.09,18.4,148,78,115,203.0,2,0,0,100
17:39:49,5,2,4,6.7,0.03,0.12,0.09,18.4,148,78,115,203.0,2,0,0,100
17:39:50,5,2,4,6.7,0.03,0.12,0.09,18.5,148,78,115,203.0,2,0,0,100
17:39:50,5,2,4,6.7,0.03,0.12,0.09,18.2,148,78,115,203.0,0,0,0,100
17:39:50,5,2,4,6.7,0.03,0.12,0.09,18.6,148,78,115,203.0,0,0,0,100
17:39:50,5,2,4,6.7,0.03,0.12,0.09,18.4,148,78,115,203.0,0,0,0,100
17:39:50,5,2,4,6.7,0.03,0.12,0.09,18.5,148,78,115,203.0,0,0,0,100
17:39:50,5,2,4,6.7,0.03,0.12,0.09,18.4,148,78,115,203.0,0,0,0,100
17:39:50,5,2,4,6.7,0.03,0.12,0.09,18.3,148,78,115,203.0,0,0,0,100
17:39:50,3,3,6,7.3,0.1,0.15,0.04,18.4,104,50,153,192.0,0,0,0,100
17:39:50,3,3,6,7.3,0.1,0.15,0.04,18.2,104,50,153,192.0,0,0,0,100
17:39:51,3,3,6,7.3,0.1,0.15,0.04,18.6,104,50,153,192.0,0,0,0,100
17:39:51,3,3,6,7.3,0.1,0.15,0.04,18.2,104,50,153,192.0,0,0,0,100
17:39:51,3,3,6,7.3,0.1,0.15,0.04,18.4,104,50,153,192.0,0,0,0,100
17:39:51,3,3,6,7.3,0.1,0.15,0.04,18.4,104,50,153,192.0,0,0,0,100
17:39:51,3,3,6,7.3,0.1,0.15,0.04,18.4,104,50,153,192.0,0,0,0,100
17:39:51,3,3,6,7.3,0.1,0.15,0.04,18.4,104,50,153,192.0,0,0,0,100
17:39:51,3,3,6,7.3,0.1,0.15,0.04,18.5,104,50,153,192.0,0,0,0,100
17:39:51,3,3,6,7.3,0.1,0.15,0.04,18.7,104,50,153,192.0,0,0,0,100
17:39:51,9,3,4,10.3,0.09,0.22,0.03,18.5,184,86,133,243.0,0,0,0,100
17:39:51,9,3,4,10.3,0.09,0.22,0.03,18.6,184,86,133,243.0,0,0,0,100
17:39:52,9,3,4,10.3,0.09,0.22,0.03,18.3,184,86,133,243.0,0,0,0,100
17:39:52,9,3,4,10.3,0.09,0.22,0.03,18.4,184,86,133,243.0,0,0,0,100
17:39:52,9,3,4,10.3,0.09,0.22,0.03,18.4,184,86,133,243.0,0,0,1,100
17:39:52,9,3,4,10.3,0.09,0.22,0.03,18.6,184,86,133,243.0,0,0,1,100
17:39:52,9,3,4,10.3,0.09,0.22,0.03,18.2,184,86,133,243.0,0,0,1,100
17:39:52,9,3,4,10.3,0.09,0.22,0.03,18.2,184,86,133,243.0,0,0,1,100
17:39:52,9,3,4,10.3,0.09,0.22,0.03,18.4,184,86,133,243.0,0,0,1,100
17:39:52,9,3,4,10.3,0.09,0.22,0.03,18.5,184,86,133,243.0,0,0,1,100
17:39:52,7,6,9,12.9,0.03,0.22,0.08,18.4,169,128,224,308.0,0,0,1,100
17:39:52,7,6,9,12.9,0.03,0.22,0.08,18.4,169,128,224,308.0,0,0,1,100
17:39:53,7,6,9,12.9,0.03,0.22,0.08,18.4,169,128,224,308.0,0,0,1,100
17:39:53,7,6,9,12.9,0.03,0.22,0.08,18.4,169,128,224,308.0,0,0,1,100
17:39:53,7,6,9,12.9,0.03,0.22,0.08,18.5,169,128,224,308.0,2,0,0,100
17:39:53,7,6,9,12.9,0.03,0.22,0.08,18.5,169,128,224,308.0,2,0,0,100
17:39:53,7,6,9,12.9,0.03,0.22,0.08,18.5,169,128,224,308.0,2,0,0,100
17:39:53,7,6,9,12.9,0.03,0.22,0.08,18.6,169,128,224,308.0,2,0,0,100
17:39:53,7,6,9,12.9,0.03,0.22,0.08,18.4,169,128,224,308.0,2,0,0,100
17:39:53,7,6,9,12.9,0.03,0.22,0.08,18.4,169,128,224,308.0,2,0,0,100
17:39:53,7,5,9,12.4,0.04,0.13,0.1,18.3,205,148,271,371.0,2,0,0,100
17:39:53,7,5,9,12.4,0.04,0.13,0.1,18.6,205,148,271,371.0,2,0,0,100
17:39:54,7,5,9,12.4,0.04,0.13,0.1,18.4,205,148,271,371.0,2,0,0,100
17:39:54,7,5,9,12.4,0.04,0.13,0.1,18.5,205,148,271,371.0,2,0,0,100
17:39:54,7,5,9,12.4,0.04,0.13,0.1,18.7,205,148,271,371.0,0,0,0,100
17:39:54,7,5,9,12.4,0.04,0.13,0.1,18.5,205,148,271,371.0,0,0,0,100
17:39:54,7,5,9,12.4,0.04,0.13,0.1,18.5,205,148,271,371.0,0,0,0,100
17:39:54,7,5,9,12.4,0.04,0.13,0.1,18.7,205,148,271,371.0,0,0,0,100
17:39:54,7,5,9,12.4,0.04,0.13,0.1,18.4,205,148,271,371.0,0,0,0,100
17:39:54,7,5,9,12.4,0.04,0.13,0.1,18.5,205,148,271,371.0,0,0,0,100
17:39:54,9,5,5,11.4,0.08,0.15,0.03,18.2,256,148,172,342.0,0,0,0,100
17:39:54,9,5,5,11.4,0.08,0.15,0.03,18.4,256,148,172,342.0,0,0,0,100
17:39:55,9,5,5,11.4,0.08,0.15,0.03,18.5,256,148,172,342.0,0,0,0,100
17:39:55,9,5,5,11.4,0.08,0.15,0.03,18.4,256,148,172,342.0,0,0,0,100
17:39:55,9,5,5,11.4,0.08,0.15,0.03,18.4,256,148,172,342.0,0,0,2,100
17:39:55,9,5,5,11.4,0.08,0.15,0.03,18.6,256,148,172,342.0,0,0,2,100
17:39:55,9,5,5,11.4,0.08,0.15,0.03,18.4,256,148,172,342.0,0,0,2,100
17:39:55,9,5,5,11.4,0.08,0.15,0.03,18.4,256,148,172,342.0,0,0,2,100
17:39:55,9,5,5,11.4,0.08,0.15,0.03,18.6,256,148,172,342.0,0,0,2,100
17:39:55,9,5,5,11.4,0.08,0.15,0.03,18.5,256,148,172,342.0,0,0,2,100
17:39:55,9,4,9,13.3,0.07,0.1,0.04,18.4,185,121,197,296.0,0,0,2,100
17:39:55,9,4,9,13.3,0.07,0.1,0.04,18.5,185,121,197,296.0,0,0,2,100
17:39:56,9,4,9,13.3,0.07,0.1,0.04,18.3,185,121,197,296.0,0,0,2,100
17:39:56,9,4,9,13.3,0.07,0.1,0.04,18.4,185,121,197,296.0,0,0,2,100
17:39:56,9,4,9,13.3,0.07,0.1,0.04,18.5,185,121,197,296.0,0,0,0,100
17:39:56,9,4,9,13.3,0.07,0.1,0.04,18.6,185,121,197,296.0,0,0,0,100
17:39:56,9,4,9,13.3,0.07,0.1,0.04,18.4,185,121,197,296.0,0,0,0,100
17:39:56,9,4,9,13.3,0.07,0.1,0.04,18.4,185,121,197,296.0,0,0,0,100
17:39:56,9,4,9,13.3,0.07,0.1,0.04,18.6,185,121,197,296.0,0,0,0,100
17:39:56,9,4,9,13.3,0.07,0.1,0.04,18.6,185,121,197,296.0,0,0,0,100
17:39:56,6,3,7,9.7,0.04,0.16,0.11,18.6,163,88,177,256.0,0,0,0,100
17:39:56,6,3,7,9.7,0.04,0.16,0.11,18.4,163,88,177,256.0,0,0,0,100
17:39:57,6,3,7,9.7,0.04,0.16,0.11,18.4,163,88,177,256.0,0,0,0,100
17:39:57,6,3,7,9.7,0.04,0.16,0.11,18.5,163,88,177,256.0,0,0,0,100
17:39:57,6,3,7,9.7,0.04,0.16,0.11,18.5,163,88,177,256.0,0,0,1,100
17:39:57,6,3,7,9.7,0.04,0.16,0.11,18.2,163,88,177,256.0,0,0,1,100
17:39:57,6,3,7,9.7,0.04,0.16,0.11,18.4,163,88,177,256.0,0,0,1,100
17:39:57,6,3,7,9.7,0.04,0.16,0.11,18.5,163,88,177,256.0,0,0,1,100
17:39:57,6,3,7,9.7,0.04,0.16,0.11,18.6,163,88,177,256.0,0,0,1,100
17:39:57,6,3,7,9.7,0.04,0.16,0.11,18.4,163,88,177,256.0,0,0,1,100
17:39:57,6,1,5,7.9,0.07,0.16,0.06,18.4,151,34,119,195.0,0,0,1,100
17:39:57,6,1,5,7.9,0.07,0.16,0.06,18.4,151,34,119,195.0,0,0,1,100
17:39:58,6,1,5,7.9,0.07,0.16,0.06,18.6,151,34,119,195.0,0,0,1,100
17:39:58,6,1,5,7.9,0.07,0.16,0.06,18.4,151,34,119,195.0,0,0,1,100
17:39:58,6,1,5,7.9,0.07,0.16,0.06,18.3,151,34,119,195.0,3,1,0,100
17:39:58,6,1,5,7.9,0.07,0.16,0.06,18.7,151,34,119,195.0,3,1,0,100
17:39:58,6,1,5,7.9,0.07,0.16,0.06,18.5,151,34,119,195.0,3,1,0,100
17:39:58,6,1,5,7.9,0.07,0.16,0.06,18.4,151,34,119,195.0,3,1,0,100
17:39:58,6,1,5,7.9,0.07,0.16,0.06,18.4,151,34,119,195.0,3,1,0,100
17:39:58,6,1,5,7.9,0.07,0.16,0.06,18.4,151,34,119,195.0,3,1,0,100
17:39:58,6,2,7,9.4,0.05,0.12,0.05,18.6,147,78,151,225.0,3,1,0,100
17:39:58,6,2,7,9.4,0.05,0.12,0.05,18.4,147,78,151,225.0,3,1,0,100
17:39:59,6,2,7,9.4,0.05,0.12,0.05,18.2,147,78,151,225.0,3,1,0,100
17:39:59,6,2,7,9.4,0.05,0.12,0.05,18.4,147,78,151,225.0,3,1,0,100
17:39:59,6,2,7,9.4,0.05,0.12,0.05,18.4,147,78,151,225.0,0,0,0,100
17:39:59,6,2,7,9.4,0.05,0.12,0.05,18.4,147,78,151,225.0,0,0,0,100
17:39:59,6,2,7,9.4,0.05,0.12,0.05,18.2,147,78,151,225.0,0,0,0,100
17:39:59,6,2,7,9.4,0.05,0.12,0.05,18.5,147,78,151,225.0,0,0,0,100
17:39:59,6,2,7,9.4,0.05,0.12,0.05,18.5,147,78,151,225.0,0,0,0,100
17:39:59,6,2,7,9.4,0.05,0.12,0.05,18.5,147,78,151,225.0,0,0,0,100
17:39:59,10,4,4,11.5,0.05,0.24,0.05,18.7,234,124,106,285.0,0,0,0,100
17:39:59,10,4,4,11.5,0.05,0.24,0.05,18.4,234,124,106,285.0,0,0,0,100
17:40:00,10,4,4,11.5,0.05,0.24,0.05,18.4,234,124,106,285.0,0,0,0,100
17:40:00,10,4,4,11.5,0.05,0.24,0.05,18.4,234,124,106,285.0,0,0,0,100
17:40:00,10,4,4,11.5,0.05,0.24,0.05,18.4,234,124,106,285.0,0,0,1,100
17:40:00,10,4,4,11.5,0.05,0.24,0.05,18.4,234,124,106,285.0,0,0,1,100
17:40:00,10,4,4,11.5,0.05,0.24,0.05,18.3,234,124,106,285.0,0,0,1,100
17:40:00,10,4,4,11.5,0.05,0.24,0.05,18.4,234,124,106,285.0,0,0,1,100
17:40:00,10,4,4,11.5,0.05,0.24,0.05,18.3,234,124,106,285.0,0,0,1,100
17:40:00,10,4,4,11.5,0.05,0.24,0.05,18.6,234,124,106,285.0,0,0,1,100
17:40:00,7,5,8,11.7,0.03,0.18,0.07,18.4,188,147,251,346.0,0,0,1,100
17:40:00,7,5,8,11.7,0.03,0.18,0.07,18.5,188,147,251,346.0,0,0,1,100
17:40:01,7,5,8,11.7,0.03,0.18,0.07,18.7,188,147,251,346.0,0,0,1,100
17:40:01,7,5,8,11.7,0.03,0.18,0.07,18.4,188,147,251,346.0,0,0,1,100
17:40:01,7,5,8,11.7,0.03,0.18,0.07,18.4,188,147,251,346.0,0,0,0,100
17:40:01,7,5,8,11.7,0.03,0.18,0.07,18.4,188,147,251,346.0,0,0,0,100
17:40:01,7,5,8,11.7,0.03,0.18,0.07,18.6,188,147,251,346.0,0,0,0,100
17:40:01,7,5,8,11.7,0.03,0.18,0.07,18.2,188,147,251,346.0,0,0,0,100
17:40:01,7,5,8,11.7,0.03,0.18,0.07,18.6,188,147,251,346.0,0,0,0,100
17:40:01,7,5,8,11.7,0.03,0.18,0.07,18.5,188,147,251,346.0,0,0,0,100
17:40:01,6,4,8,10.8,0.06,0.12,0.08,18.4,168,147,251,336.0,0,0,0,100
17:40:01,6,4,8,10.8,0.06,0.12,0.08,18.3,168,147,251,336.0,0,0,0,100
17:40:02,6,4,8,10.8,0.06,0.12,0.08,18.5,168,147,251,336.0,0,0,0,100
17:40:02,6,4,8,10.8,0.06,0.12,0.08,18.4,168,147,251,336.0,0,0,0,100
17:40:02,6,4,8,10.8,0.06,0.12,0.08,18.4,168,147,251,336.0,0,0,0,100
17:40:02,6,4,8,10.8,0.06,0.12,0.08,18.5,168,147,251,336.0,0,0,0,100
17:40:02,6,4,8,10.8,0.06,0.12,0.08,18.6,168,147,251,336.0,0,0,0,100
17:40:02,6,4,8,10.8,0.06,0.12,0.08,18.5,168,147,251,336.0,0,0,0,100
17:40:02,6,4,8,10.8,0.06,0.12,0.08,18.4,168,147,251,336.0,0,0,0,100
17:40:02,6,4,8,10.8,0.06,0.12,0.08,18.4,168,147,251,336.0,0,0,0,100
17:40:02,9,6,5,11.9,0.11,0.17,0.07,18.4,246,131,115,301.0,0,0,0,100
17:40:03,9,6,5,11.9,0.11,0.17,0.07,18.4,246,131,115,301.0,0,0,0,100
17:40:03,9,6,5,11.9,0.11,0.17,0.07,18.4,246,131,115,301.0,0,0,0,100
17:40:03,9,6,5,11.9,0.11,0.17,0.07,18.3,246,131,115,301.0,0,0,0,100
17:40:03,9,6,5,11.9,0.11,0.17,0.07,18.5,246,131,115,301.0,0,0,2,100
17:40:03,9,6,5,11.9,0.11,0.17,0.07,18.4,246,131,115,301.0,0,0,2,100
17:40:03,9,6,5,11.9,0.11,0.17,0.07,18.4,246,131,115,301.0,0,0,2,100
17:40:03,9,6,5,11.9,0.11,0.17,0.07,18.2,246,131,115,301.0,0,0,2,100
17:40:03,9,6,5,11.9,0.11,0.17,0.07,18.4,246,131,115,301.0,0,0,2,100
17:40:03,9,6,5,11.9,0.11,0.17,0.07,18.4,246,131,115,301.0,0,0,2,100
17:40:03,6,5,6,9.8,0.11,0.16,0.05,18.4,177,105,171,268.0,0,0,2,100
17:40:03,6,5,6,9.8,0.11,0.16,0.05,18.7,177,105,171,268.0,0,0,2,100
17:40:04,6,5,6,9.8,0.11,0.16,0.05,18.4,177,105,171,268.0,0,0,2,100
17:40:04,6,5,6,9.8,0.11,0.16,0.05,18.5,177,105,171,268.0,0,0,2,100
17:40:04,6,5,6,9.8,0.11,0.16,0.05,18.6,177,105,171,268.0,2,0,0,100
17:40:04,6,5,6,9.8,0.11,0.16,0.05,18.4,177,105,171,268.0,2,0,0,100
17:40:04,6,5,6,9.8,0.11,0.16,0.05,18.6,177,105,171,268.0,2,0,0,100
17:40:04,6,5,6,9.8,0.11,0.16,0.05,18.4,177,105,171,268.0,2,0,0,100
17:40:04,6,5,6,9.8,0.11,0.16,0.05,18.4,177,105,171,268.0,2,0,0,100
17:40:04,6,5,6,9.8,0.11,0.16,0.05,18.5,177,105,171,268.0,2,0,0,100
17:40:04,5,2,5,7.3,0.04,0.15,0.06,18.5,158,50,147,222.0,2,0,0,100
17:40:04,5,2,5,7.3,0.04,0.15,0.06,18.7,158,50,147,222.0,2,0,0,100
17:40:05,5,2,5,7.3,0.04,0.15,0.06,18.4,158,50,147,222.0,2,0,0,100
17:40:05,5,2,5,7.3,0.04,0.15,0.06,18.4,158,50,147,222.0,2,0,0,100
17:40:05,5,2,5,7.3,0.04,0.15,0.06,18.6,158,50,147,222.0,0,2,0,100
17:40:05,5,2,5,7.3,0.04,0.15,0.06,18.5,158,50,147,222.0,0,2,0,100
17:40:05,5,2,5,7.3,0.04,0.15,0.06,18.3,158,50,147,222.0,0,2,0,100
17:40:05,5,2,5,7.3,0.04,0.15,0.06,18.4,158,50,147,222.0,0,2,0,100
17:40:05,5,2,5,7.3,0.04,0.15,0.06,18.7,158,50,147,222.0,0,2,0,100
17:40:05,5,2,5,7.3,0.04,0.15,0.06,18.4,158,50,147,222.0,0,2,0,100
17:40:05,5,1,4,6.5,0.04,0.14,0.08,18.5,146,48,133,203.0,0,2,0,100
17:40:05,5,1,4,6.5,0.04,0.14,0.08,18.3,146,48,133,203.0,0,2,0,100
17:40:06,5,1,4,6.5,0.04,0.14,0.08,18.7,146,48,133,203.0,0,2,0,100
17:40:06,5,1,4,6.5,0.04,0.14,0.08,18.6,146,48,133,203.0,0,2,0,100
17:40:06,5,1,4,6.5,0.04,0.14,0.08,18.4,146,48,133,203.0,0,0,0,100
17:40:06,5,1,4,6.5,0.04,0.14,0.08,18.7,146,48,133,203.0,0,0,0,100
17:40:06,5,1,4,6.5,0.04,0.14,0.08,18.5,146,48,133,203.0,0,0,0,100
17:40:06,5,1,4,6.5,0.04,0.14,0.08,18.5,146,48,133,203.0,0,0,0,100
17:40:06,5,1,4,6.5,0.04,0.14,0.08,18.5,146,48,133,203.0,0,0,0,100
17:40:06,5,1,4,6.5,0.04,0.14,0.08,18.4,146,48,133,203.0,0,0,0,100
17:40:06,5,3,5,7.7,0.09,0.12,0.04,18.5,158,97,163,247.0,0,0,0,100
17:40:06,5,3,5,7.7,0.09,0.12,0.04,18.5,158,97,163,247.0,0,0,0,100
17:40:07,5,3,5,7.7,0.09,0.12,0.04,18.2,158,97,163,247.0,0,0,0,100
17:40:07,5,3,5,7.7,0.09,0.12,0.04,18.5,158,97,163,247.0,0,0,0,100
17:40:07,5,3,5,7.7,0.09,0.12,0.04,18.8,158,97,163,247.0,0,0,0,100
17:40:07,5,3,5,7.7,0.09,0.12,0.04,18.5,158,97,163,247.0,0,0,0,100
17:40:07,5,3,5,7.7,0.09,0.12,0.04,18.4,158,97,163,247.0,0,0,0,100
17:40:07,5,3,5,7.7,0.09,0.12,0.04,18.7,158,97,163,247.0,0,0,0,100
17:40:07,5,3,5,7.7,0.09,0.12,0.04,18.5,158,97,163,247.0,0,0,0,100
17:40:07,5,3,5,7.7,0.09,0.12,0.04,18.2,158,97,163,247.0,0,0,0,100
17:40:07,9,5,4,11.0,0.08,0.24,0.05,18.4,235,147,104,296.0,0,0,0,100
17:40:07,9,5,4,11.0,0.08,0.24,0.05,18.4,235,147,104,296.0,0,0,0,100
17:40:08,9,5,4,11.0,0.08,0.24,0.05,18.7,235,147,104,296.0,0,0,0,100
17:40:08,9,5,4,11.0,0.08,0.24,0.05,18.4,235,147,104,296.0,0,0,0,100
17:40:08,9,5,4,11.0,0.08,0.24,0.05,18.4,235,147,104,296.0,0,0,1,100
17:40:08,9,5,4,11.0,0.08,0.24,0.05,18.6,235,147,104,296.0,0,0,1,100
17:40:08,9,5,4,11.0,0.08,0.24,0.05,18.5,235,147,104,296.0,0,0,1,100
17:40:08,9,5,4,11.0,0.08,0.24,0.05,18.2,235,147,104,296.0,0,0,1,100
17:40:08,9,5,4,11.0,0.08,0.24,0.05,18.3,235,147,104,296.0,0,0,1,100
17:40:08,9,5,4,11.0,0.08,0.24,0.05,18.5,235,147,104,296.0,0,0,1,100
17:40:08,6,4,8,10.8,0.05,0.12,0.07,18.7,179,140,245,334.0,0,0,1,100
17:40:09,6,4,8,10.8,0.05,0.12,0.07,18.4,179,140,245,334.0,0,0,1,100
17:40:09,6,4,8,10.8,0.05,0.12,0.07,18.4,179,140,245,334.0,0,0,1,100
17:40:09,6,4,8,10.8,0.05,0.12,0.07,18.2,179,140,245,334.0,0,0,1,100
17:40:09,6,4,8,10.8,0.05,0.12,0.07,18.4,179,140,245,334.0,1,0,0,100
17:40:09,6,4,8,10.8,0.05,0.12,0.07,18.5,179,140,245,334.0,1,0,0,100
17:40:09,6,4,8,10.8,0.05,0.12,0.07,18.4,179,140,245,334.0,1,0,0,100
17:40:09,6,4,8,10.8,0.05,0.12,0.07,18.4,179,140,245,334.0,1,0,0,100
17:40:09,6,4,8,10.8,0.05,0.12,0.07,18.4,179,140,245,334.0,1,0,0,100
17:40:09,6,4,8,10.8,0.05,0.12,0.07,18.4,179,140,245,334.0,1,0,0,100
17:40:09,6,5,8,11.2,0.04,0.14,0.09,18.4,198,146,252,352.0,1,0,0,100
17:40:10,6,5,8,11.2,0.04,0.14,0.09,18.5,198,146,252,352.0,1,0,0,100
17:40:10,6,5,8,11.2,0.04,0.14,0.09,18.5,198,146,252,352.0,1,0,0,100
17:40:10,6,5,8,11.2,0.04,0.14,0.09,18.3,198,146,252,352.0,1,0,0,100
17:40:10,6,5,8,11.2,0.04,0.14,0.09,18.2,198,146,252,352.0,0,0,0,100
17:40:10,6,5,8,11.2,0.04,0.14,0.09,18.5,198,146,252,352.0,0,0,0,100
17:40:10,6,5,8,11.2,0.04,0.14,0.09,18.5,198,146,252,352.0,0,0,0,100
17:40:10,6,5,8,11.2,0.04,0.14,0.09,18.4,198,146,252,352.0,0,0,0,100
17:40:10,6,5,8,11.2,0.04,0.14,0.09,18.4,198,146,252,352.0,0,0,0,100
17:40:10,6,5,8,11.2,0.04,0.14,0.09,18.6,198,146,252,352.0,0,0,0,100
17:40:10,8,4,3,9.4,0.08,0.14,0.07,18.3,225,124,119,283.0,0,0,0,100
17:40:11,8,4,3,9.4,0.08,0.14,0.07,18.6,225,124,119,283.0,0,0,0,100
17:40:11,8,4,3,9.4,0.08,0.14,0.07,18.4,225,124,119,283.0,0,0,0,100
17:40:11,8,4,3,9.4,0.08,0.14,0.07,18.4,225,124,119,283.0,0,0,0,100
17:40:11,8,4,3,9.4,0.08,0.14,0.07,18.4,225,124,119,283.0,0,0,1,100
17:40:11,8,4,3,9.4,0.08,0.14,0.07,18.7,225,124,119,283.0,0,0,1,100
17:40:11,8,4,3,9.4,0.08,0.14,0.07,18.6,225,124,119,283.0,0,0,1,100
17:40:11,8,4,3,9.4,0.08,0.14,0.07,18.4,225,124,119,283.0,0,0,1,100
17:40:11,8,4,3,9.4,0.08,0.14,0.07,18.4,225,124,119,283.0,0,0,1,100
17:40:11,8,4,3,9.4,0.08,0.14,0.07,18.5,225,124,119,283.0,0,0,1,100
17:40:11,5,2,6,8.1,0.08,0.13,0.07,18.5,126,70,171,224.0,0,0,1,100
17:40:12,5,2,6,8.1,0.08,0.13,0.07,18.5,126,70,171,224.0,0,0,1,100
17:40:12,5,2,6,8.1,0.08,0.13,0.07,18.5,126,70,171,224.0,0,0,1,100
17:40:12,5,2,6,8.1,0.08,0.13,0.07,18.4,126,70,171,224.0,0,0,1,100
17:40:12,5,2,6,8.1,0.08,0.13,0.07,18.3,126,70,171,224.0,1,1,0,100
17:40:12,5,2,6,8.1,0.08,0.13,0.07,18.7,126,70,171,224.0,1,1,0,100
17:40:12,5,2,6,8.1,0.08,0.13,0.07,18.2,126,70,171,224.0,1,1,0,100
17:40:12,5,2,6,8.1,0.08,0.13,0.07,18.5,126,70,171,224.0,1,1,0,100
17:40:12,5,2,6,8.1,0.08,0.13,0.07,18.6,126,70,171,224.0,1,1,0,100
17:40:12,5,2,6,8.1,0.08,0.13,0.07,18.4,126,70,171,224.0,1,1,0,100
17:40:12,6,1,5,7.9,0.07,0.21,0.12,18.4,177,36,134,225.0,1,1,0,100
17:40:13,6,1,5,7.9,0.07,0.21,0.12,18.4,177,36,134,225.0,1,1,0,100
17:40:13,6,1,5,7.9,0.07,0.21,0.12,18.4,177,36,134,225.0,1,1,0,100
17:40:13,6,1,5,7.9,0.07,0.21,0.12,18.5,177,36,134,225.0,1,1,0,100
17:40:13,6,1,5,7.9,0.07,0.21,0.12,18.4,177,36,134,225.0,0,2,1,100
17:40:13,6,1,5,7.9,0.07,0.21,0.12,18.4,177,36,134,225.0,0,2,1,100
17:40:13,6,1,5,7.9,0.07,0.21,0.12,18.4,177,36,134,225.0,0,2,1,100
17:40:13,6,1,5,7.9,0.07,0.21,0.12,18.6,177,36,134,225.0,0,2,1,100
17:40:13,6,1,5,7.9,0.07,0.21,0.12,18.6,177,36,134,225.0,0,2,1,100
17:40:13,6,1,5,7.9,0.07,0.21,0.12,18.4,177,36,134,225.0,0,2,1,100
17:40:13,5,4,7,9.5,0.05,0.14,0.06,18.4,128,105,200,260.0,0,2,1,100
17:40:14,5,4,7,9.5,0.05,0.14,0.06,18.4,128,105,200,260.0,0,2,1,100
17:40:14,5,4,7,9.5,0.05,0.14,0.06,18.4,128,105,200,260.0,0,2,1,100
17:40:14,5,4,7,9.5,0.05,0.14,0.06,18.3,128,105,200,260.0,0,2,1,100
17:40:14,5,4,7,9.5,0.05,0.14,0.06,18.4,128,105,200,260.0,3,0,0,100
17:40:14,5,4,7,9.5,0.05,0.14,0.06,18.4,128,105,200,260.0,3,0,0,100
17:40:14,5,4,7,9.5,0.05,0.14,0.06,18.6,128,105,200,260.0,3,0,0,100
17:40:14,5,4,7,9.5,0.05,0.14,0.06,18.4,128,105,200,260.0,3,0,0,100
17:40:14,5,4,7,9.5,0.05,0.14,0.06,18.4,128,105,200,260.0,3,0,0,100
17:40:14,5,4,7,9.5,0.05,0.14,0.06,18.5,128,105,200,260.0,3,0,0,100
17:40:14,9,7,8,13.9,0.08,0.27,0.1,18.4,218,155,215,343.0,3,0,0,100
17:40:15,9,7,8,13.9,0.08,0.27,0.1,18.5,218,155,215,343.0,3,0,0,100
17:40:15,9,7,8,13.9,0.08,0.27,0.1,18.6,218,155,215,343.0,3,0,0,100
17:40:15,9,7,8,13.9,0.08,0.27,0.1,18.7,218,155,215,343.0,3,0,0,100
17:40:15,9,7,8,13.9,0.08,0.27,0.1,18.3,218,155,215,343.0,1,0,0,100
17:40:15,9,7,8,13.9,0.08,0.27,0.1,18.4,218,155,215,343.0,1,0,0,100
17:40:15,9,7,8,13.9,0.08,0.27,0.1,18.4,218,155,215,343.0,1,0,0,100
17:40:15,9,7,8,13.9,0.08,0.27,0.1,18.5,218,155,215,343.0,1,0,0,100
17:40:15,9,7,8,13.9,0.08,0.27,0.1,18.4,218,155,215,343.0,1,0,0,100
17:40:15,9,7,8,13.9,0.08,0.27,0.1,18.4,218,155,215,343.0,1,0,0,100
17:40:15,14,7,9,18.1,0.09,0.31,0.04,18.5,333,175,133,399.0,1,0,0,100
17:40:16,14,7,9,18.1,0.09,0.31,0.04,18.4,333,175,133,399.0,1,0,0,100
17:40:16,14,7,9,18.1,0.09,0.31,0.04,18.5,333,175,133,399.0,1,0,0,100
17:40:16,14,7,9,18.1,0.09,0.31,0.04,18.5,333,175,133,399.0,1,0,0,100
17:40:16,14,7,9,18.1,0.09,0.31,0.04,18.4,333,175,133,399.0,0,0,2,100
17:40:16,14,7,9,18.1,0.09,0.31,0.04,18.6,333,175,133,399.0,0,0,2,100
17:40:16,14,7,9,18.1,0.09,0.31,0.04,18.4,333,175,133,399.0,0,0,2,100
17:40:16,14,7,9,18.1,0.09,0.31,0.04,18.6,333,175,133,399.0,0,0,2,100
17:40:16,14,7,9,18.1,0.09,0.31,0.04,18.4,333,175,133,399.0,0,0,2,100
17:40:16,14,7,9,18.1,0.09,0.31,0.04,18.4,333,175,133,399.0,0,0,2,100
17:40:16,6,6,13,15.5,0.04,0.21,0.07,18.5,192,133,251,343.0,0,0,2,100
17:40:17,6,6,13,15.5,0.04,0.21,0.07,18.7,192,133,251,343.0,0,0,2,100
17:40:17,6,6,13,15.5,0.04,0.21,0.07,18.2,192,133,251,343.0,0,0,2,100
17:40:17,6,6,13,15.5,0.04,0.21,0.07,18.4,192,133,251,343.0,0,0,2,100
17:40:17,6,6,13,15.5,0.04,0.21,0.07,18.5,192,133,251,343.0,2,0,0,100
17:40:17,6,6,13,15.5,0.04,0.21,0.07,18.4,192,133,251,343.0,2,0,0,100
17:40:17,6,6,13,15.5,0.04,0.21,0.07,18.2,192,133,251,343.0,2,0,0,100
17:40:17,6,6,13,15.5,0.04,0.21,0.07,18.5,192,133,251,343.0,2,0,0,100
17:40:17,6,6,13,15.5,0.04,0.21,0.07,18.4,192,133,251,343.0,2,0,0,100
17:40:17,6,6,13,15.5,0.04,0.21,0.07,18.6,192,133,251,343.0,2,0,0,100
17:40:17,5,4,7,9.5,0.06,0.1,0.06,18.4,161,120,225,302.0,2,0,0,100
17:40:18,5,4,7,9.5,0.06,0.1,0.06,18.5,161,120,225,302.0,2,0,0,100
17:40:18,5,4,7,9.5,0.06,0.1,0.06,18.5,161,120,225,302.0,2,0,0,100
17:40:18,5,4,7,9.5,0.06,0.1,0.06,18.5,161,120,225,302.0,2,0,0,100
17:40:18,5,4,7,9.5,0.06,0.1,0.06,18.5,161,120,225,302.0,0,0,0,100
17:40:18,5,4,7,9.5,0.06,0.1,0.06,18.4,161,120,225,302.0,0,0,0,100
17:40:18,5,4,7,9.5,0.06,0.1,0.06,18.6,161,120,225,302.0,0,0,0,100
17:40:18,5,4,7,9.5,0.06,0.1,0.06,18.5,161,120,225,302.0,0,0,0,100
17:40:18,5,4,7,9.5,0.06,0.1,0.06,18.5,161,120,225,302.0,0,0,0,100
17:40:18,5,4,7,9.5,0.06,0.1,0.06,18.4,161,120,225,302.0,0,0,0,100
17:40:18,6,2,4,7.5,0.1,0.17,0.08,18.4,188,85,118,238.0,0,0,0,100
17:40:19,6,2,4,7.5,0.1,0.17,0.08,18.4,188,85,118,238.0,0,0,0,100
17:40:19,6,2,4,7.5,0.1,0.17,0.08,18.6,188,85,118,238.0,0,0,0,100
17:40:19,6,2,4,7.5,0.1,0.17,0.08,18.4,188,85,118,238.0,0,0,0,100
17:40:19,6,2,4,7.5,0.1,0.17,0.08,18.4,188,85,118,238.0,0,0,1,100
17:40:19,6,2,4,7.5,0.1,0.17,0.08,18.5,188,85,118,238.0,0,0,1,100
17:40:19,6,2,4,7.5,0.1,0.17,0.08,18.5,188,85,118,238.0,0,0,1,100
17:40:19,6,2,4,7.5,0.1,0.17,0.08,18.4,188,85,118,238.0,0,0,1,100
17:40:19,6,2,4,7.5,0.1,0.17,0.08,18.4,188,85,118,238.0,0,0,1,100
17:40:19,6,2,4,7.5,0.1,0.17,0.08,18.5,188,85,118,238.0,0,0,1,100
17:40:19,6,2,4,7.5,0.1,0.17,0.08,18.4,188,85,118,238.0,0,0,1,100
17:40:20,4,2,5,6.7,0.07,0.14,0.04,18.7,115,37,147,190.0,0,0,1,100
17:40:20,4,2,5,6.7,0.07,0.14,0.04,18.4,115,37,147,190.0,0,0,1,100
17:40:20,4,2,5,6.7,0.07,0.14,0.04,18.5,115,37,147,190.0,0,0,1,100
17:40:20,4,2,5,6.7,0.07,0.14,0.04,18.5,115,37,147,190.0,2,3,0,100
17:40:20,4,2,5,6.7,0.07,0.14,0.04,18.4,115,37,147,190.0,2,3,0,100
17:40:20,4,2,5,6.7,0.07,0.14,0.04,18.6,115,37,147,190.0,2,3,0,100
17:40:20,4,2,5,6.7,0.07,0.14,0.04,18.5,115,37,147,190.0,2,3,0,100
17:40:20,4,2,5,6.7,0.07,0.14,0.04,18.5,115,37,147,190.0,2,3,0,100
17:40:20,4,2,5,6.7,0.07,0.14,0.04,18.4,115,37,147,190.0,2,3,0,100
17:40:21,4,2,5,6.7,0.07,0.14,0.04,18.4,115,37,147,190.0,2,3,0,100
17:40:21,7,2,4,8.3,0.07,0.19,0.05,18.6,180,75,118,228.0,2,3,0,100
17:40:21,7,2,4,8.3,0.07,0.19,0.05,18.4,180,75,118,228.0,2,3,0,100
17:40:21,7,2,4,8.3,0.07,0.19,0.05,18.5,180,75,118,228.0,2,3,0,100
17:40:21,7,2,4,8.3,0.07,0.19,0.05,18.7,180,75,118,228.0,0,0,0,100
17:40:21,7,2,4,8.3,0.07,0.19,0.05,18.5,180,75,118,228.0,0,0,0,100
17:40:21,7,2,4,8.3,0.07,0.19,0.05,18.6,180,75,118,228.0,0,0,0,100
17:40:21,7,2,4,8.3,0.07,0.19,0.05,18.4,180,75,118,228.0,0,0,0,100
17:40:21,7,2,4,8.3,0.07,0.19,0.05,18.4,180,75,118,228.0,0,0,0,100
17:40:21,7,2,4,8.3,0.07,0.19,0.05,18.4,180,75,118,228.0,0,0,0,100
17:40:22,7,2,4,8.3,0.07,0.19,0.05,18.4,180,75,118,228.0,0,0,0,100
17:40:22,4,4,8,9.8,0.03,0.09,0.05,18.4,115,117,203,261.0,0,0,0,100
17:40:22,4,4,8,9.8,0.03,0.09,0.05,18.4,115,117,203,261.0,0,0,0,100
17:40:22,4,4,8,9.8,0.03,0.09,0.05,18.6,115,117,203,261.0,0,0,0,100
17:40:22,4,4,8,9.8,0.03,0.09,0.05,18.6,115,117,203,261.0,1,0,0,100
17:40:22,4,4,8,9.8,0.03,0.09,0.05,18.4,115,117,203,261.0,1,0,0,100
17:40:22,4,4,8,9.8,0.03,0.09,0.05,18.6,115,117,203,261.0,1,0,0,100
17:40:22,4,4,8,9.8,0.03,0.09,0.05,18.6,115,117,203,261.0,1,0,0,100
17:40:22,4,4,8,9.8,0.03,0.09,0.05,18.4,115,117,203,261.0,1,0,0,100
17:40:22,4,4,8,9.8,0.03,0.09,0.05,18.2,115,117,203,261.0,1,0,0,100
17:40:23,4,4,8,9.8,0.03,0.09,0.05,18.4,115,117,203,261.0,1,0,0,100
17:40:23,8,5,7,11.7,0.1,0.16,0.06,18.6,241,146,189,339.0,1,0,0,100
17:40:23,8,5,7,11.7,0.1,0.16,0.06,18.4,241,146,189,339.0,1,0,0,100
17:40:23,8,5,7,11.7,0.1,0.16,0.06,18.6,241,146,189,339.0,1,0,0,100
17:40:23,8,5,7,11.7,0.1,0.16,0.06,18.5,241,146,189,339.0,0,0,1,100
17:40:23,8,5,7,11.7,0.1,0.16,0.06,18.5,241,146,189,339.0,0,0,1,100
17:40:23,8,5,7,11.7,0.1,0.16,0.06,18.6,241,146,189,339.0,0,0,1,100
17:40:23,8,5,7,11.7,0.1,0.16,0.06,18.6,241,146,189,339.0,0,0,1,100
17:40:23,8,5,7,11.7,0.1,0.16,0.06,18.4,241,146,189,339.0,0,0,1,100
17:40:23,8,5,7,11.7,0.1,0.16,0.06,18.5,241,146,189,339.0,0,0,1,100
17:40:24,8,5,7,11.7,0.1,0.16,0.06,18.4,241,146,189,339.0,0,0,1,100
17:40:24,8,5,5,10.7,0.09,0.14,0.04,18.5,249,149,160,331.0,0,0,1,100
17:40:24,8,5,5,10.7,0.09,0.14,0.04,18.8,249,149,160,331.0,0,0,1,100
17:40:24,8,5,5,10.7,0.09,0.14,0.04,18.4,249,149,160,331.0,0,0,1,100
17:40:24,8,5,5,10.7,0.09,0.14,0.04,18.2,249,149,160,331.0,0,0,0,100
17:40:24,8,5,5,10.7,0.09,0.14,0.04,18.6,249,149,160,331.0,0,0,0,100
17:40:24,8,5,5,10.7,0.09,0.14,0.04,18.6,249,149,160,331.0,0,0,0,100
17:40:24,8,5,5,10.7,0.09,0.14,0.04,18.4,249,149,160,331.0,0,0,0,100
17:40:24,8,5,5,10.7,0.09,0.14,0.04,18.6,249,149,160,331.0,0,0,0,100
17:40:24,8,5,5,10.7,0.09,0.14,0.04,18.6,249,149,160,331.0,0,0,0,100
17:40:25,8,5,5,10.7,0.09,0.14,0.04,18.4,249,149,160,331.0,0,0,0,100
17:40:25,5,4,7,9.5,0.05,0.09,0.06,18.6,142,122,214,284.0,0,0,0,100
17:40:25,5,4,7,9.5,0.05,0.09,0.06,18.4,142,122,214,284.0,0,0,0,100
17:40:25,5,4,7,9.5,0.05,0.09,0.06,18.5,142,122,214,284.0,0,0,0,100
17:40:25,5,4,7,9.5,0.05,0.09,0.06,18.6,142,122,214,284.0,2,0,0,100
17:40:25,5,4,7,9.5,0.05,0.09,0.06,18.4,142,122,214,284.0,2,0,0,100
17:40:25,5,4,7,9.5,0.05,0.09,0.06,18.4,142,122,214,284.0,2,0,0,100
17:40:25,5,4,7,9.5,0.05,0.09,0.06,18.2,142,122,214,284.0,2,0,0,100
17:40:25,5,4,7,9.5,0.05,0.09,0.06,18.6,142,122,214,284.0,2,0,0,100
17:40:25,5,4,7,9.5,0.05,0.09,0.06,18.5,142,122,214,284.0,2,0,0,100
17:40:26,5,4,7,9.5,0.05,0.09,0.06,18.7,142,122,214,284.0,2,0,0,100
17:40:26,8,5,6,11.2,0.05,0.14,0.09,18.5,203,101,190,296.0,2,0,0,100
17:40:26,8,5,6,11.2,0.05,0.14,0.09,18.4,203,101,190,296.0,2,0,0,100
17:40:26,8,5,6,11.2,0.05,0.14,0.09,18.4,203,101,190,296.0,2,0,0,100
17:40:26,8,5,6,11.2,0.05,0.14,0.09,18.5,203,101,190,296.0,0,0,4,100
17:40:26,8,5,6,11.2,0.05,0.14,0.09,18.5,203,101,190,296.0,0,0,4,100
17:40:26,8,5,6,11.2,0.05,0.14,0.09,18.6,203,101,190,296.0,0,0,4,100
17:40:26,8,5,6,11.2,0.05,0.14,0.09,18.4,203,101,190,296.0,0,0,4,100
17:40:26,8,5,6,11.2,0.05,0.14,0.09,18.5,203,101,190,296.0,0,0,4,100
17:40:26,8,5,6,11.2,0.05,0.14,0.09,18.4,203,101,190,296.0,0,0,4,100
17:40:27,8,5,6,11.2,0.05,0.14,0.09,18.5,203,101,190,296.0,0,0,4,100
17:40:27,6,3,6,9.0,0.05,0.15,0.07,18.5,152,56,135,211.0,0,0,4,100
17:40:27,6,3,6,9.0,0.05,0.15,0.07,18.6,152,56,135,211.0,0,0,4,100
17:40:27,6,3,6,9.0,0.05,0.15,0.07,18.5,152,56,135,211.0,0,0,4,100
17:40:27,6,3,6,9.0,0.05,0.15,0.07,18.6,152,56,135,211.0,1,3,0,100
17:40:27,6,3,6,9.0,0.05,0.15,0.07,18.3,152,56,135,211.0,1,3,0,100
17:40:27,6,3,6,9.0,0.05,0.15,0.07,18.4,152,56,135,211.0,1,3,0,100
17:40:27,6,3,6,9.0,0.05,0.15,0.07,18.7,152,56,135,211.0,1,3,0,100
17:40:27,6,3,6,9.0,0.05,0.15,0.07,18.7,152,56,135,211.0,1,3,0,100
17:40:27,6,3,6,9.0,0.05,0.15,0.07,18.4,152,56,135,211.0,1,3,0,100
17:40:28,6,3,6,9.0,0.05,0.15,0.07,18.6,152,56,135,211.0,1,3,0,100
17:40:28,6,2,5,8.1,0.07,0.2,0.03,18.5,148,48,141,210.0,1,3,0,100
17:40:28,6,2,5,8.1,0.07,0.2,0.03,18.4,148,48,141,210.0,1,3,0,100
17:40:28,6,2,5,8.1,0.07,0.2,0.03,18.3,148,48,141,210.0,1,3,0,100
17:40:28,6,2,5,8.1,0.07,0.2,0.03,18.4,148,48,141,210.0,0,0,1,100
17:40:28,6,2,5,8.1,0.07,0.2,0.03,18.5,148,48,141,210.0,0,0,1,100
17:40:28,6,2,5,8.1,0.07,0.2,0.03,18.4,148,48,141,210.0,0,0,1,100
17:40:28,6,2,5,8.1,0.07,0.2,0.03,18.4,148,48,141,210.0,0,0,1,100
17:40:28,6,2,5,8.1,0.07,0.2,0.03,18.6,148,48,141,210.0,0,0,1,100
17:40:28,6,2,5,8.1,0.07,0.2,0.03,18.4,148,48,141,210.0,0,0,1,100
17:40:29,6,2,5,8.1,0.07,0.2,0.03,18.4,148,48,141,210.0,0,0,1,100
17:40:29,7,5,6,10.5,0.04,0.26,0.08,18.4,176,122,160,267.0,0,0,1,100
17:40:29,7,5,6,10.5,0.04,0.26,0.08,18.4,176,122,160,267.0,0,0,1,100
17:40:29,7,5,6,10.5,0.04,0.26,0.08,18.4,176,122,160,267.0,0,0,1,100
17:40:29,7,5,6,10.5,0.04,0.26,0.08,18.6,176,122,160,267.0,0,0,0,100
17:40:29,7,5,6,10.5,0.04,0.26,0.08,18.4,176,122,160,267.0,0,0,0,100
17:40:29,7,5,6,10.5,0.04,0.26,0.08,18.5,176,122,160,267.0,0,0,0,100
17:40:29,7,5,6,10.5,0.04,0.26,0.08,18.6,176,122,160,267.0,0,0,0,100
17:40:29,7,5,6,10.5,0.04,0.26,0.08,18.8,176,122,160,267.0,0,0,0,100
17:40:29,7,5,6,10.5,0.04,0.26,0.08,18.7,176,122,160,267.0,0,0,0,100
17:40:30,7,5,6,10.5,0.04,0.26,0.08,18.5,176,122,160,267.0,0,0,0,100
17:40:30,6,5,8,11.2,0.05,0.41,0.1,18.5,159,147,240,323.0,0,0,0,100
17:40:30,6,5,8,11.2,0.05,0.41,0.1,18.6,159,147,240,323.0,0,0,0,100
17:40:30,6,5,8,11.2,0.05,0.41,0.1,18.6,159,147,240,323.0,0,0,0,100
17:40:30,6,5,8,11.2,0.05,0.41,0.1,18.5,159,147,240,323.0,1,0,0,100
17:40:30,6,5,8,11.2,0.05,0.41,0.1,18.6,159,147,240,323.0,1,0,0,100
17:40:30,6,5,8,11.2,0.05,0.41,0.1,18.5,159,147,240,323.0,1,0,0,100
17:40:30,6,5,8,11.2,0.05,0.41,0.1,18.4,159,147,240,323.0,1,0,0,100
17:40:30,6,5,8,11.2,0.05,0.41,0.1,18.5,159,147,240,323.0,1,0,0,100
17:40:30,6,5,8,11.2,0.05,0.41,0.1,18.5,159,147,240,323.0,1,0,0,100
17:40:31,6,5,8,11.2,0.05,0.41,0.1,18.6,159,147,240,323.0,1,0,0,100
17:40:31,9,10,11,17.4,0.06,0.14,0.05,18.4,254,184,214,380.0,1,0,0,100
17:40:31,9,10,11,17.4,0.06,0.14,0.05,18.4,254,184,214,380.0,1,0,0,100
17:40:31,9,10,11,17.4,0.06,0.14,0.05,18.4,254,184,214,380.0,1,0,0,100
17:40:31,9,10,11,17.4,0.06,0.14,0.05,18.4,254,184,214,380.0,0,0,0,100
17:40:31,9,10,11,17.4,0.06,0.14,0.05,18.6,254,184,214,380.0,0,0,0,100
17:40:31,9,10,11,17.4,0.06,0.14,0.05,18.5,254,184,214,380.0,0,0,0,100
17:40:31,9,10,11,17.4,0.06,0.14,0.05,18.4,254,184,214,380.0,0,0,0,100
17:40:31,9,10,11,17.4,0.06,0.14,0.05,18.6,254,184,214,380.0,0,0,0,100
17:40:31,9,10,11,17.4,0.06,0.14,0.05,18.3,254,184,214,380.0,0,0,0,100
17:40:32,9,10,11,17.4,0.06,0.14,0.05,18.4,254,184,214,380.0,0,0,0,100
17:40:32,9,5,6,11.9,0.09,0.14,0.04,18.5,244,152,165,331.0,0,0,0,100
17:40:32,9,5,6,11.9,0.09,0.14,0.04,18.4,244,152,165,331.0,0,0,0,100
17:40:32,9,5,6,11.9,0.09,0.14,0.04,18.4,244,152,165,331.0,0,0,0,100
17:40:32,9,5,6,11.9,0.09,0.14,0.04,18.7,244,152,165,331.0,0,0,0,100
17:40:32,9,5,6,11.9,0.09,0.14,0.04,18.5,244,152,165,331.0,0,0,0,100
17:40:32,9,5,6,11.9,0.09,0.14,0.04,18.4,244,152,165,331.0,0,0,0,100
17:40:32,9,5,6,11.9,0.09,0.14,0.04,18.5,244,152,165,331.0,0,0,0,100
17:40:32,9,5,6,11.9,0.09,0.14,0.04,18.2,244,152,165,331.0,0,0,0,100
17:40:32,9,5,6,11.9,0.09,0.14,0.04,18.4,244,152,165,331.0,0,0,0,100
17:40:33,9,5,6,11.9,0.09,0.14,0.04,18.4,244,152,165,331.0,0,0,0,100
17:40:33,3,3,7,8.2,0.05,0.16,0.07,18.6,109,114,197,252.0,0,0,0,100
17:40:33,3,3,7,8.2,0.05,0.16,0.07,18.5,109,114,197,252.0,0,0,0,100
17:40:33,3,3,7,8.2,0.05,0.16,0.07,18.5,109,114,197,252.0,0,0,0,100
17:40:33,3,3,7,8.2,0.05,0.16,0.07,18.5,109,114,197,252.0,1,0,0,100
17:40:33,3,3,7,8.2,0.05,0.16,0.07,18.4,109,114,197,252.0,1,0,0,100
17:40:33,3,3,7,8.2,0.05,0.16,0.07,18.6,109,114,197,252.0,1,0,0,100
17:40:33,3,3,7,8.2,0.05,0.16,0.07,18.6,109,114,197,252.0,1,0,0,100
17:40:33,3,3,7,8.2,0.05,0.16,0.07,18.5,109,114,197,252.0,1,0,0,100
17:40:33,3,3,7,8.2,0.05,0.16,0.07,18.6,109,114,197,252.0,1,0,0,100
17:40:34,3,3,7,8.2,0.05,0.16,0.07,18.6,109,114,197,252.0,1,0,0,100
17:40:34,5,2,5,7.3,0.03,0.11,0.1,18.6,146,70,145,217.0,1,0,0,100
17:40:34,5,2,5,7.3,0.03,0.11,0.1,18.4,146,70,145,217.0,1,0,0,100
17:40:34,5,2,5,7.3,0.03,0.11,0.1,18.5,146,70,145,217.0,1,0,0,100
17:40:34,5,2,5,7.3,0.03,0.11,0.1,18.6,146,70,145,217.0,0,0,1,100
17:40:34,5,2,5,7.3,0.03,0.11,0.1,18.4,146,70,145,217.0,0,0,1,100
17:40:34,5,2,5,7.3,0.03,0.11,0.1,18.7,146,70,145,217.0,0,0,1,100
17:40:34,5,2,5,7.3,0.03,0.11,0.1,18.4,146,70,145,217.0,0,0,1,100
17:40:34,5,2,5,7.3,0.03,0.11,0.1,18.5,146,70,145,217.0,0,0,1,100
17:40:34,5,2,5,7.3,0.03,0.11,0.1,18.6,146,70,145,217.0,0,0,1,100
17:40:35,5,2,5,7.3,0.03,0.11,0.1,18.5,146,70,145,217.0,0,0,1,100
17:40:35,5,2,6,8.1,0.08,0.14,0.04,18.5,132,37,158,209.0,0,0,1,100
17:40:35,5,2,6,8.1,0.08,0.14,0.04,18.4,132,37,158,209.0,0,0,1,100
17:40:35,5,2,6,8.1,0.08,0.14,0.04,18.4,132,37,158,209.0,0,0,1,100
17:40:35,5,2,6,8.1,0.08,0.14,0.04,18.4,132,37,158,209.0,2,2,0,100
17:40:35,5,2,6,8.1,0.08,0.14,0.04,18.6,132,37,158,209.0,2,2,0,100
17:40:35,5,2,6,8.1,0.08,0.14,0.04,18.4,132,37,158,209.0,2,2,0,100
17:40:35,5,2,6,8.1,0.08,0.14,0.04,18.5,132,37,158,209.0,2,2,0,100
17:40:35,5,2,6,8.1,0.08,0.14,0.04,18.4,132,37,158,209.0,2,2,0,100
17:40:36,5,2,6,8.1,0.08,0.14,0.04,18.4,132,37,158,209.0,2,2,0,100
17:40:36,5,2,6,8.1,0.08,0.14,0.04,18.5,132,37,158,209.0,2,2,0,100
17:40:36,7,3,6,9.7,0.08,0.12,0.07,18.7,207,103,148,275.0,2,2,0,100
17:40:36,7,3,6,9.7,0.08,0.12,0.07,18.6,207,103,148,275.0,2,2,0,100
17:40:36,7,3,6,9.7,0.08,0.12,0.07,18.4,207,103,148,275.0,2,2,0,100
17:40:36,7,3,6,9.7,0.08,0.12,0.07,18.6,207,103,148,275.0,0,0,0,100
17:40:36,7,3,6,9.7,0.08,0.12,0.07,18.6,207,103,148,275.0,0,0,0,100
17:40:36,7,3,6,9.7,0.08,0.12,0.07,18.5,207,103,148,275.0,0,0,0,100
17:40:36,7,3,6,9.7,0.08,0.12,0.07,18.4,207,103,148,275.0,0,0,0,100
17:40:36,7,3,6,9.7,0.08,0.12,0.07,18.1,207,103,148,275.0,0,0,0,100
17:40:36,7,3,6,9.7,0.08,0.12,0.07,18.6,207,103,148,275.0,0,0,0,100
17:40:37,7,3,6,9.7,0.08,0.12,0.07,18.6,207,103,148,275.0,0,0,0,100
17:40:37,7,4,7,10.7,0.05,0.11,0.04,18.5,198,113,194,299.0,0,0,0,100
17:40:37,7,4,7,10.7,0.05,0.11,0.04,18.6,198,113,194,299.0,0,0,0,100
17:40:37,7,4,7,10.7,0.05,0.11,0.04,18.4,198,113,194,299.0,0,0,0,100
17:40:37,7,4,7,10.7,0.05,0.11,0.04,18.5,198,113,194,299.0,0,0,0,100
17:40:37,7,4,7,10.7,0.05,0.11,0.04,18.2,198,113,194,299.0,0,0,0,100
17:40:37,7,4,7,10.7,0.05,0.11,0.04,18.6,198,113,194,299.0,0,0,0,100
17:40:37,7,4,7,10.7,0.05,0.11,0.04,18.4,198,113,194,299.0,0,0,0,100
17:40:37,7,4,7,10.7,0.05,0.11,0.04,18.4,198,113,194,299.0,0,0,0,100
17:40:38,7,4,7,10.7,0.05,0.11,0.04,18.6,198,113,194,299.0,0,0,0,100
17:40:38,7,4,7,10.7,0.05,0.11,0.04,18.4,198,113,194,299.0,0,0,0,100
17:40:38,5,5,7,9.9,0.04,0.15,0.08,18.4,145,143,224,303.0,0,0,0,100
17:40:38,5,5,7,9.9,0.04,0.15,0.08,18.4,145,143,224,303.0,0,0,0,100
17:40:38,5,5,7,9.9,0.04,0.15,0.08,18.7,145,143,224,303.0,0,0,0,100
17:40:38,5,5,7,9.9,0.04,0.15,0.08,18.5,145,143,224,303.0,1,0,0,100
17:40:38,5,5,7,9.9,0.04,0.15,0.08,18.4,145,143,224,303.0,1,0,0,100
17:40:38,5,5,7,9.9,0.04,0.15,0.08,18.4,145,143,224,303.0,1,0,0,100
17:40:38,5,5,7,9.9,0.04,0.15,0.08,18.5,145,143,224,303.0,1,0,0,100
17:40:38,5,5,7,9.9,0.04,0.15,0.08,18.4,145,143,224,303.0,1,0,0,100
17:40:39,5,5,7,9.9,0.04,0.15,0.08,18.7,145,143,224,303.0,1,0,0,100
17:40:39,5,5,7,9.9,0.04,0.15,0.08,18.4,145,143,224,303.0,1,0,0,100
17:40:39,8,5,6,11.2,0.09,0.2,0.07,18.6,252,147,198,353.0,1,0,0,100
17:40:39,8,5,6,11.2,0.09,0.2,0.07,18.5,252,147,198,353.0,1,0,0,100
17:40:39,8,5,6,11.2,0.09,0.2,0.07,18.4,252,147,198,353.0,1,0,0,100
17:40:39,8,5,6,11.2,0.09,0.2,0.07,18.4,252,147,198,353.0,0,0,1,100
17:40:39,8,5,6,11.2,0.09,0.2,0.07,18.6,252,147,198,353.0,0,0,1,100
17:40:39,8,5,6,11.2,0.09,0.2,0.07,18.6,252,147,198,353.0,0,0,1,100
17:40:39,8,5,6,11.2,0.09,0.2,0.07,18.6,252,147,198,353.0,0,0,1,100
17:40:39,8,5,6,11.2,0.09,0.2,0.07,18.5,252,147,198,353.0,0,0,1,100
17:40:40,8,5,6,11.2,0.09,0.2,0.07,18.3,252,147,198,353.0,0,0,1,100
17:40:40,8,5,6,11.2,0.09,0.2,0.07,18.5,252,147,198,353.0,0,0,1,100
17:40:40,7,5,7,11.1,0.11,0.19,0.06,18.3,219,127,205,326.0,0,0,1,100
17:40:40,7,5,7,11.1,0.11,0.19,0.06,18.4,219,127,205,326.0,0,0,1,100
17:40:40,7,5,7,11.1,0.11,0.19,0.06,18.4,219,127,205,326.0,0,0,1,100
17:40:40,7,5,7,11.1,0.11,0.19,0.06,18.4,219,127,205,326.0,0,0,0,100
17:40:40,7,5,7,11.1,0.11,0.19,0.06,18.6,219,127,205,326.0,0,0,0,100
17:40:40,7,5,7,11.1,0.11,0.19,0.06,18.4,219,127,205,326.0,0,0,0,100
17:40:40,7,5,7,11.1,0.11,0.19,0.06,18.6,219,127,205,326.0,0,0,0,100
17:40:40,7,5,7,11.1,0.11,0.19,0.06,18.4,219,127,205,326.0,0,0,0,100
17:40:41,7,5,7,11.1,0.11,0.19,0.06,18.4,219,127,205,326.0,0,0,0,100
17:40:41,7,5,7,11.1,0.11,0.19,0.06,18.4,219,127,205,326.0,0,0,0,100
17:40:41,5,3,8,9.9,0.04,0.17,0.13,18.6,148,76,183,247.0,0,0,0,100
17:40:41,5,3,8,9.9,0.04,0.17,0.13,18.5,148,76,183,247.0,0,0,0,100
17:40:41,5,3,8,9.9,0.04,0.17,0.13,18.4,148,76,183,247.0,0,0,0,100
17:40:41,5,3,8,9.9,0.04,0.17,0.13,18.4,148,76,183,247.0,1,0,0,100
17:40:41,5,3,8,9.9,0.04,0.17,0.13,18.6,148,76,183,247.0,1,0,0,100
17:40:41,5,3,8,9.9,0.04,0.17,0.13,18.4,148,76,183,247.0,1,0,0,100
17:40:41,5,3,8,9.9,0.04,0.17,0.13,18.5,148,76,183,247.0,1,0,0,100
17:40:41,5,3,8,9.9,0.04,0.17,0.13,18.6,148,76,183,247.0,1,0,0,100
17:40:42,5,3,8,9.9,0.04,0.17,0.13,18.6,148,76,183,247.0,1,0,0,100
17:40:42,5,3,8,9.9,0.04,0.17,0.13,18.6,148,76,183,247.0,1,0,0,100
17:40:42,8,2,3,8.8,0.06,0.18,0.11,18.6,184,43,102,215.0,1,0,0,100
17:40:42,8,2,3,8.8,0.06,0.18,0.11,18.5,184,43,102,215.0,1,0,0,100
17:40:42,8,2,3,8.8,0.06,0.18,0.11,18.5,184,43,102,215.0,1,0,0,100
17:40:42,8,2,3,8.8,0.06,0.18,0.11,18.8,184,43,102,215.0,0,1,0,100
17:40:42,8,2,3,8.8,0.06,0.18,0.11,18.4,184,43,102,215.0,0,1,0,100
17:40:42,8,2,3,8.8,0.06,0.18,0.11,18.5,184,43,102,215.0,0,1,0,100
17:40:42,8,2,3,8.8,0.06,0.18,0.11,18.4,184,43,102,215.0,0,1,0,100
17:40:42,8,2,3,8.8,0.06,0.18,0.11,18.4,184,43,102,215.0,0,1,0,100
17:40:43,8,2,3,8.8,0.06,0.18,0.11,18.4,184,43,102,215.0,0,1,0,100
17:40:43,8,2,3,8.8,0.06,0.18,0.11,18.7,184,43,102,215.0,0,1,0,100
17:40:43,4,2,5,6.7,0.06,0.11,0.06,18.6,112,66,154,202.0,0,1,0,100
17:40:43,4,2,5,6.7,0.06,0.11,0.06,18.5,112,66,154,202.0,0,1,0,100
17:40:43,4,2,5,6.7,0.06,0.11,0.06,18.6,112,66,154,202.0,0,1,0,100
17:40:43,4,2,5,6.7,0.06,0.11,0.06,18.7,112,66,154,202.0,0,0,0,100
17:40:43,4,2,5,6.7,0.06,0.11,0.06,18.4,112,66,154,202.0,0,0,0,100
17:40:43,4,2,5,6.7,0.06,0.11,0.06,18.4,112,66,154,202.0,0,0,0,100
17:40:43,4,2,5,6.7,0.06,0.11,0.06,18.6,112,66,154,202.0,0,0,0,100
17:40:43,4,2,5,6.7,0.06,0.11,0.06,18.4,112,66,154,202.0,0,0,0,100
17:40:44,4,2,5,6.7,0.06,0.11,0.06,18.4,112,66,154,202.0,0,0,0,100
17:40:44,4,2,5,6.7,0.06,0.11,0.06,18.4,112,66,154,202.0,0,0,0,100
17:40:44,8,4,4,9.8,0.04,0.17,0.02,18.6,234,114,118,286.0,0,0,0,100
17:40:44,8,4,4,9.8,0.04,0.17,0.02,18.2,234,114,118,286.0,0,0,0,100
17:40:44,8,4,4,9.8,0.04,0.17,0.02,18.6,234,114,118,286.0,0,0,0,100
17:40:44,8,4,4,9.8,0.04,0.17,0.02,18.5,234,114,118,286.0,0,0,1,100
17:40:44,8,4,4,9.8,0.04,0.17,0.02,18.4,234,114,118,286.0,0,0,1,100
17:40:44,8,4,4,9.8,0.04,0.17,0.02,18.4,234,114,118,286.0,0,0,1,100
17:40:44,8,4,4,9.8,0.04,0.17,0.02,18.6,234,114,118,286.0,0,0,1,100
17:40:44,8,4,4,9.8,0.04,0.17,0.02,18.6,234,114,118,286.0,0,0,1,100
17:40:45,8,4,4,9.8,0.04,0.17,0.02,18.6,234,114,118,286.0,0,0,1,100
17:40:45,8,4,4,9.8,0.04,0.17,0.02,18.4,234,114,118,286.0,0,0,1,100
17:40:45,7,5,9,12.4,0.03,0.19,0.06,18.5,188,153,251,349.0,0,0,1,100
17:40:45,7,5,9,12.4,0.03,0.19,0.06,18.6,188,153,251,349.0,0,0,1,100
17:40:45,7,5,9,12.4,0.03,0.19,0.06,18.4,188,153,251,349.0,0,0,1,100
17:40:45,7,5,9,12.4,0.03,0.19,0.06,18.4,188,153,251,349.0,4,0,0,100
17:40:45,7,5,9,12.4,0.03,0.19,0.06,18.5,188,153,251,349.0,4,0,0,100
17:40:45,7,5,9,12.4,0.03,0.19,0.06,18.8,188,153,251,349.0,4,0,0,100
17:40:45,7,5,9,12.4,0.03,0.19,0.06,18.5,188,153,251,349.0,4,0,0,100
17:40:45,7,5,9,12.4,0.03,0.19,0.06,18.3,188,153,251,349.0,4,0,0,100
17:40:46,7,5,9,12.4,0.03,0.19,0.06,18.7,188,153,251,349.0,4,0,0,100
17:40:46,7,5,9,12.4,0.03,0.19,0.06,18.4,188,153,251,349.0,4,0,0,100
17:40:46,5,5,9,11.4,0.03,0.17,0.04,18.7,135,142,248,316.0,4,0,0,100
17:40:46,5,5,9,11.4,0.03,0.17,0.04,18.5,135,142,248,316.0,4,0,0,100
17:40:46,5,5,9,11.4,0.03,0.17,0.04,18.4,135,142,248,316.0,4,0,0,100
17:40:46,5,5,9,11.4,0.03,0.17,0.04,18.4,135,142,248,316.0,0,0,0,100
17:40:46,5,5,9,11.4,0.03,0.17,0.04,18.3,135,142,248,316.0,0,0,0,100
17:40:46,5,5,9,11.4,0.03,0.17,0.04,18.4,135,142,248,316.0,0,0,0,100
17:40:46,5,5,9,11.4,0.03,0.17,0.04,18.4,135,142,248,316.0,0,0,0,100
17:40:46,5,5,9,11.4,0.03,0.17,0.04,18.5,135,142,248,316.0,0,0,0,100
17:40:47,5,5,9,11.4,0.03,0.17,0.04,18.6,135,142,248,316.0,0,0,0,100
17:40:47,5,5,9,11.4,0.03,0.17,0.04,18.5,135,142,248,316.0,0,0,0,100
17:40:47,9,5,6,11.9,0.09,0.29,0.04,18.3,257,131,140,321.0,0,0,0,100
17:40:47,9,5,6,11.9,0.09,0.29,0.04,18.5,257,131,140,321.0,0,0,0,100
17:40:47,9,5,6,11.9,0.09,0.29,0.04,18.3,257,131,140,321.0,0,0,0,100
17:40:47,9,5,6,11.9,0.09,0.29,0.04,18.6,257,131,140,321.0,0,0,1,100
17:40:47,9,5,6,11.9,0.09,0.29,0.04,18.7,257,131,140,321.0,0,0,1,100
17:40:47,9,5,6,11.9,0.09,0.29,0.04,18.4,257,131,140,321.0,0,0,1,100
17:40:47,9,5,6,11.9,0.09,0.29,0.04,18.6,257,131,140,321.0,0,0,1,100
17:40:48,9,5,6,11.9,0.09,0.29,0.04,18.7,257,131,140,321.0,0,0,1,100
17:40:48,9,5,6,11.9,0.09,0.29,0.04,18.7,257,131,140,321.0,0,0,1,100
17:40:48,9,5,6,11.9,0.09,0.29,0.04,18.4,257,131,140,321.0,0,0,1,100
17:40:48,9,5,8,13.0,0.14,0.24,0.08,18.6,215,131,213,330.0,0,0,1,100
17:40:48,9,5,8,13.0,0.14,0.24,0.08,18.6,215,131,213,330.0,0,0,1,100
17:40:48,9,5,8,13.0,0.14,0.24,0.08,18.4,215,131,213,330.0,0,0,1,100
17:40:48,9,5,8,13.0,0.14,0.24,0.08,18.3,215,131,213,330.0,3,0,0,100
17:40:48,9,5,8,13.0,0.14,0.24,0.08,18.5,215,131,213,330.0,3,0,0,100
17:40:48,9,5,8,13.0,0.14,0.24,0.08,18.7,215,131,213,330.0,3,0,0,100
17:40:48,9,5,8,13.0,0.14,0.24,0.08,18.8,215,131,213,330.0,3,0,0,100
17:40:48,9,5,8,13.0,0.14,0.24,0.08,18.4,215,131,213,330.0,3,0,0,100
17:40:49,9,5,8,13.0,0.14,0.24,0.08,18.6,215,131,213,330.0,3,0,0,100
17:40:49,9,5,8,13.0,0.14,0.24,0.08,18.6,215,131,213,330.0,3,0,0,100
17:40:49,5,2,5,7.3,0.08,0.12,0.09,18.8,134,58,157,214.0,3,0,0,100
17:40:49,5,2,5,7.3,0.08,0.12,0.09,18.5,134,58,157,214.0,3,0,0,100
17:40:49,5,2,5,7.3,0.08,0.12,0.09,18.4,134,58,157,214.0,3,0,0,100
17:40:49,5,2,5,7.3,0.08,0.12,0.09,18.6,134,58,157,214.0,0,0,1,100
17:40:49,5,2,5,7.3,0.08,0.12,0.09,18.3,134,58,157,214.0,0,0,1,100
17:40:49,5,2,5,7.3,0.08,0.12,0.09,18.6,134,58,157,214.0,0,0,1,100
17:40:49,5,2,5,7.3,0.08,0.12,0.09,18.4,134,58,157,214.0,0,0,1,100
17:40:50,5,2,5,7.3,0.08,0.12,0.09,18.6,134,58,157,214.0,0,0,1,100
17:40:50,5,2,5,7.3,0.08,0.12,0.09,18.4,134,58,157,214.0,0,0,1,100
17:40:50,5,2,5,7.3,0.08,0.12,0.09,18.5,134,58,157,214.0,0,0,1,100
17:40:50,5,2,6,8.1,0.05,0.12,0.07,18.4,161,63,162,237.0,0,0,1,100
17:40:50,5,2,6,8.1,0.05,0.12,0.07,18.3,161,63,162,237.0,0,0,1,100
17:40:50,5,2,6,8.1,0.05,0.12,0.07,18.4,161,63,162,237.0,0,0,1,100
17:40:50,5,2,6,8.1,0.05,0.12,0.07,18.4,161,63,162,237.0,1,0,0,100
17:40:50,5,2,6,8.1,0.05,0.12,0.07,18.5,161,63,162,237.0,1,0,0,100
17:40:50,5,2,6,8.1,0.05,0.12,0.07,18.3,161,63,162,237.0,1,0,0,100
17:40:50,5,2,6,8.1,0.05,0.12,0.07,18.7,161,63,162,237.0,1,0,0,100
17:40:51,5,2,6,8.1,0.05,0.12,0.07,18.4,161,63,162,237.0,1,0,0,100
17:40:51,5,2,6,8.1,0.05,0.12,0.07,18.6,161,63,162,237.0,1,0,0,100
17:40:51,5,2,6,8.1,0.05,0.12,0.07,18.4,161,63,162,237.0,1,0,0,100
17:40:51,4,3,7,8.6,0.07,0.15,0.07,18.6,141,94,192,256.0,1,0,0,100
17:40:51,4,3,7,8.6,0.07,0.15,0.07,18.7,141,94,192,256.0,1,0,0,100
17:40:51,4,3,7,8.6,0.07,0.15,0.07,18.4,141,94,192,256.0,1,0,0,100
17:40:51,4,3,7,8.6,0.07,0.15,0.07,18.5,141,94,192,256.0,1,0,0,100
17:40:51,4,3,7,8.6,0.07,0.15,0.07,18.5,141,94,192,256.0,1,0,0,100
17:40:51,4,3,7,8.6,0.07,0.15,0.07,18.7,141,94,192,256.0,1,0,0,100
17:40:51,4,3,7,8.6,0.07,0.15,0.07,18.6,141,94,192,256.0,1,0,0,100
17:40:52,4,3,7,8.6,0.07,0.15,0.07,18.8,141,94,192,256.0,1,0,0,100
17:40:52,4,3,7,8.6,0.07,0.15,0.07,18.6,141,94,192,256.0,1,0,0,100
17:40:52,4,3,7,8.6,0.07,0.15,0.07,18.4,141,94,192,256.0,1,0,0,100
17:40:52,9,5,4,11.0,0.12,0.22,0.05,18.6,256,158,111,321.0,1,0,0,100
17:40:52,9,5,4,11.0,0.12,0.22,0.05,18.4,256,158,111,321.0,1,0,0,100
17:40:52,9,5,4,11.0,0.12,0.22,0.05,18.6,256,158,111,321.0,1,0,0,100
17:40:52,9,5,4,11.0,0.12,0.22,0.05,18.5,256,158,111,321.0,0,0,0,100
17:40:52,9,5,4,11.0,0.12,0.22,0.05,18.6,256,158,111,321.0,0,0,0,100
17:40:52,9,5,4,11.0,0.12,0.22,0.05,18.7,256,158,111,321.0,0,0,0,100
17:40:52,9,5,4,11.0,0.12,0.22,0.05,18.6,256,158,111,321.0,0,0,0,100
17:40:53,9,5,4,11.0,0.12,0.22,0.05,18.4,256,158,111,321.0,0,0,0,100
17:40:53,9,5,4,11.0,0.12,0.22,0.05,18.6,256,158,111,321.0,0,0,0,100
17:40:53,9,5,4,11.0,0.12,0.22,0.05,18.3,256,158,111,321.0,0,0,0,100
17:40:53,7,5,8,11.7,0.07,0.16,0.09,18.6,221,152,218,346.0,0,0,0,100
17:40:53,7,5,8,11.7,0.07,0.16,0.09,18.6,221,152,218,346.0,0,0,0,100
17:40:53,7,5,8,11.7,0.07,0.16,0.09,18.4,221,152,218,346.0,0,0,0,100
17:40:53,7,5,8,11.7,0.07,0.16,0.09,18.5,221,152,218,346.0,0,0,0,100
17:40:53,7,5,8,11.7,0.07,0.16,0.09,18.7,221,152,218,346.0,0,0,0,100
17:40:53,7,5,8,11.7,0.07,0.16,0.09,18.7,221,152,218,346.0,0,0,0,100
17:40:53,7,5,8,11.7,0.07,0.16,0.09,18.6,221,152,218,346.0,0,0,0,100
17:40:54,7,5,8,11.7,0.07,0.16,0.09,18.5,221,152,218,346.0,0,0,0,100
17:40:54,7,5,8,11.7,0.07,0.16,0.09,18.5,221,152,218,346.0,0,0,0,100
17:40:54,7,5,8,11.7,0.07,0.16,0.09,18.6,221,152,218,346.0,0,0,0,100
17:40:54,5,6,8,11.2,0.03,0.16,0.09,18.4,157,155,245,330.0,0,0,0,100
17:40:54,5,6,8,11.2,0.03,0.16,0.09,18.6,157,155,245,330.0,0,0,0,100
17:40:54,5,6,8,11.2,0.03,0.16,0.09,18.5,157,155,245,330.0,0,0,0,100
17:40:54,5,6,8,11.2,0.03,0.16,0.09,18.4,157,155,245,330.0,1,0,0,100
17:40:54,5,6,8,11.2,0.03,0.16,0.09,18.5,157,155,245,330.0,1,0,0,100
17:40:54,5,6,8,11.2,0.03,0.16,0.09,18.4,157,155,245,330.0,1,0,0,100
17:40:54,5,6,8,11.2,0.03,0.16,0.09,18.8,157,155,245,330.0,1,0,0,100
17:40:55,5,6,8,11.2,0.03,0.16,0.09,18.4,157,155,245,330.0,1,0,0,100
17:40:55,5,6,8,11.2,0.03,0.16,0.09,18.7,157,155,245,330.0,1,0,0,100
17:40:55,5,6,8,11.2,0.03,0.16,0.09,18.7,157,155,245,330.0,1,0,0,100
17:40:55,9,6,4,11.5,0.09,0.16,0.06,18.5,197,107,144,266.0,1,0,0,100
17:40:55,9,6,4,11.5,0.09,0.16,0.06,18.4,197,107,144,266.0,1,0,0,100
17:40:55,9,6,4,11.5,0.09,0.16,0.06,18.4,197,107,144,266.0,1,0,0,100
17:40:55,9,6,4,11.5,0.09,0.16,0.06,18.4,197,107,144,266.0,0,0,1,100
17:40:55,9,6,4,11.5,0.09,0.16,0.06,18.4,197,107,144,266.0,0,0,1,100
17:40:55,9,6,4,11.5,0.09,0.16,0.06,18.6,197,107,144,266.0,0,0,1,100
17:40:55,9,6,4,11.5,0.09,0.16,0.06,18.6,197,107,144,266.0,0,0,1,100
17:40:56,9,6,4,11.5,0.09,0.16,0.06,18.6,197,107,144,266.0,0,0,1,100
17:40:56,9,6,4,11.5,0.09,0.16,0.06,18.7,197,107,144,266.0,0,0,1,100
17:40:56,9,6,4,11.5,0.09,0.16,0.06,18.6,197,107,144,266.0,0,0,1,100
17:40:56,7,5,9,12.4,0.11,0.19,0.05,18.5,181,80,195,278.0,0,0,1,100
17:40:56,7,5,9,12.4,0.11,0.19,0.05,18.6,181,80,195,278.0,0,0,1,100
17:40:56,7,5,9,12.4,0.11,0.19,0.05,18.6,181,80,195,278.0,0,0,1,100
17:40:56,7,5,9,12.4,0.11,0.19,0.05,18.3,181,80,195,278.0,2,0,0,100
17:40:56,7,5,9,12.4,0.11,0.19,0.05,18.5,181,80,195,278.0,2,0,0,100
17:40:56,7,5,9,12.4,0.11,0.19,0.05,18.6,181,80,195,278.0,2,0,0,100
17:40:56,7,5,9,12.4,0.11,0.19,0.05,18.4,181,80,195,278.0,2,0,0,100
17:40:57,7,5,9,12.4,0.11,0.19,0.05,18.4,181,80,195,278.0,2,0,0,100
17:40:57,7,5,9,12.4,0.11,0.19,0.05,18.7,181,80,195,278.0,2,0,0,100
17:40:57,7,5,9,12.4,0.11,0.19,0.05,18.5,181,80,195,278.0,2,0,0,100
17:40:57,7,2,5,8.8,0.05,0.16,0.05,18.4,158,36,154,224.0,2,0,0,100
17:40:57,7,2,5,8.8,0.05,0.16,0.05,18.7,158,36,154,224.0,2,0,0,100
17:40:57,7,2,5,8.8,0.05,0.16,0.05,18.5,158,36,154,224.0,2,0,0,100
17:40:57,7,2,5,8.8,0.05,0.16,0.05,18.7,158,36,154,224.0,0,2,1,100
17:40:57,7,2,5,8.8,0.05,0.16,0.05,18.6,158,36,154,224.0,0,2,1,100
17:40:57,7,2,5,8.8,0.05,0.16,0.05,18.6,158,36,154,224.0,0,2,1,100
17:40:57,7,2,5,8.8,0.05,0.16,0.05,18.4,158,36,154,224.0,0,2,1,100
17:40:58,7,2,5,8.8,0.05,0.16,0.05,18.7,158,36,154,224.0,0,2,1,100
17:40:58,7,2,5,8.8,0.05,0.16,0.05,18.7,158,36,154,224.0,0,2,1,100
17:40:58,7,2,5,8.8,0.05,0.16,0.05,18.4,158,36,154,224.0,0,2,1,100
17:40:58,5,3,6,8.4,0.03,0.18,0.06,18.7,161,81,187,260.0,0,2,1,100
17:40:58,5,3,6,8.4,0.03,0.18,0.06,18.5,161,81,187,260.0,0,2,1,100
17:40:58,5,3,6,8.4,0.03,0.18,0.06,18.5,161,81,187,260.0,0,2,1,100
17:40:58,5,3,6,8.4,0.03,0.18,0.06,18.6,161,81,187,260.0,0,0,0,100
17:40:58,5,3,6,8.4,0.03,0.18,0.06,18.5,161,81,187,260.0,0,0,0,100
17:40:58,5,3,6,8.4,0.03,0.18,0.06,18.5,161,81,187,260.0,0,0,0,100
17:40:58,5,3,6,8.4,0.03,0.18,0.06,18.7,161,81,187,260.0,0,0,0,100
17:40:59,5,3,6,8.4,0.03,0.18,0.06,18.4,161,81,187,260.0,0,0,0,100
17:40:59,5,3,6,8.4,0.03,0.18,0.06,18.5,161,81,187,260.0,0,0,0,100
17:40:59,5,3,6,8.4,0.03,0.18,0.06,18.6,161,81,187,260.0,0,0,0,100
17:40:59,5,5,7,9.9,0.05,0.14,0.06,18.4,157,107,212,285.0,0,0,0,100
17:40:59,5,5,7,9.9,0.05,0.14,0.06,18.6,157,107,212,285.0,0,0,0,100
17:40:59,5,5,7,9.9,0.05,0.14,0.06,18.6,157,107,212,285.0,0,0,0,100
17:40:59,5,5,7,9.9,0.05,0.14,0.06,18.7,157,107,212,285.0,0,0,0,100
17:40:59,5,5,7,9.9,0.05,0.14,0.06,18.4,157,107,212,285.0,0,0,0,100
17:40:59,5,5,7,9.9,0.05,0.14,0.06,18.5,157,107,212,285.0,0,0,0,100
17:40:59,5,5,7,9.9,0.05,0.14,0.06,18.5,157,107,212,285.0,0,0,0,100
17:41:00,5,5,7,9.9,0.05,0.14,0.06,18.6,157,107,212,285.0,0,0,0,100
17:41:00,5,5,7,9.9,0.05,0.14,0.06,18.4,157,107,212,285.0,0,0,0,100
17:41:00,5,5,7,9.9,0.05,0.14,0.06,18.4,157,107,212,285.0,0,0,0,100
17:41:00,8,5,4,10.2,0.07,0.16,0.03,18.4,227,128,121,287.0,0,0,0,100
17:41:00,8,5,4,10.2,0.07,0.16,0.03,18.6,227,128,121,287.0,0,0,0,100
17:41:00,8,5,4,10.2,0.07,0.16,0.03,18.5,227,128,121,287.0,0,0,0,100
17:41:00,8,5,4,10.2,0.07,0.16,0.03,18.6,227,128,121,287.0,0,0,2,100
17:41:00,8,5,4,10.2,0.07,0.16,0.03,18.6,227,128,121,287.0,0,0,2,100
17:41:00,8,5,4,10.2,0.07,0.16,0.03,18.7,227,128,121,287.0,0,0,2,100
17:41:00,8,5,4,10.2,0.07,0.16,0.03,18.5,227,128,121,287.0,0,0,2,100
17:41:01,8,5,4,10.2,0.07,0.16,0.03,18.6,227,128,121,287.0,0,0,2,100
17:41:01,8,5,4,10.2,0.07,0.16,0.03,18.6,227,128,121,287.0,0,0,2,100
17:41:01,8,5,4,10.2,0.07,0.16,0.03,18.6,227,128,121,287.0,0,0,2,100
17:41:01,8,4,7,11.4,0.04,0.16,0.05,18.6,219,140,223,342.0,0,0,2,100
17:41:01,8,4,7,11.4,0.04,0.16,0.05,18.3,219,140,223,342.0,0,0,2,100
17:41:01,8,4,7,11.4,0.04,0.16,0.05,18.4,219,140,223,342.0,0,0,2,100
17:41:01,8,4,7,11.4,0.04,0.16,0.05,18.4,219,140,223,342.0,2,0,0,100
17:41:01,8,4,7,11.4,0.04,0.16,0.05,18.6,219,140,223,342.0,2,0,0,100
17:41:01,8,4,7,11.4,0.04,0.16,0.05,18.5,219,140,223,342.0,2,0,0,100
17:41:01,8,4,7,11.4,0.04,0.16,0.05,18.5,219,140,223,342.0,2,0,0,100
17:41:02,8,4,7,11.4,0.04,0.16,0.05,18.4,219,140,223,342.0,2,0,0,100
17:41:02,8,4,7,11.4,0.04,0.16,0.05,18.4,219,140,223,342.0,2,0,0,100
17:41:02,8,4,7,11.4,0.04,0.16,0.05,18.5,219,140,223,342.0,2,0,0,100
17:41:02,5,5,8,10.7,0.04,0.14,0.09,18.9,150,136,227,304.0,2,0,0,100
17:41:02,5,5,8,10.7,0.04,0.14,0.09,18.5,150,136,227,304.0,2,0,0,100
17:41:02,5,5,8,10.7,0.04,0.14,0.09,18.4,150,136,227,304.0,2,0,0,100
17:41:02,5,5,8,10.7,0.04,0.14,0.09,18.5,150,136,227,304.0,0,0,0,100
17:41:02,5,5,8,10.7,0.04,0.14,0.09,18.7,150,136,227,304.0,0,0,0,100
17:41:02,5,5,8,10.7,0.04,0.14,0.09,18.6,150,136,227,304.0,0,0,0,100
17:41:02,5,5,8,10.7,0.04,0.14,0.09,18.6,150,136,227,304.0,0,0,0,100
17:41:03,5,5,8,10.7,0.04,0.14,0.09,18.6,150,136,227,304.0,0,0,0,100
17:41:03,5,5,8,10.7,0.04,0.14,0.09,18.5,150,136,227,304.0,0,0,0,100
17:41:03,5,5,8,10.7,0.04,0.14,0.09,18.6,150,136,227,304.0,0,0,0,100
17:41:03,6,4,4,8.2,0.07,0.15,0.09,18.6,184,115,134,255.0,0,0,0,100
17:41:03,6,4,4,8.2,0.07,0.15,0.09,18.5,184,115,134,255.0,0,0,0,100
17:41:03,6,4,4,8.2,0.07,0.15,0.09,18.4,184,115,134,255.0,0,0,0,100
17:41:03,6,4,4,8.2,0.07,0.15,0.09,18.6,184,115,134,255.0,0,0,0,100
17:41:03,6,4,4,8.2,0.07,0.15,0.09,18.4,184,115,134,255.0,0,0,0,100
17:41:03,6,4,4,8.2,0.07,0.15,0.09,18.5,184,115,134,255.0,0,0,0,100
17:41:03,6,4,4,8.2,0.07,0.15,0.09,18.6,184,115,134,255.0,0,0,0,100
17:41:04,6,4,4,8.2,0.07,0.15,0.09,18.6,184,115,134,255.0,0,0,0,100
17:41:04,6,4,4,8.2,0.07,0.15,0.09,18.4,184,115,134,255.0,0,0,0,100
17:41:04,6,4,4,8.2,0.07,0.15,0.09,18.5,184,115,134,255.0,0,0,0,100
17:41:04,5,2,5,7.3,0.1,0.11,0.05,18.5,120,45,142,191.0,0,0,0,100
17:41:04,5,2,5,7.3,0.1,0.11,0.05,18.7,120,45,142,191.0,0,0,0,100
17:41:04,5,2,5,7.3,0.1,0.11,0.05,18.7,120,45,142,191.0,0,0,0,100
17:41:04,5,2,5,7.3,0.1,0.11,0.05,18.4,120,45,142,191.0,0,1,0,100
17:41:04,5,2,5,7.3,0.1,0.11,0.05,18.4,120,45,142,191.0,0,1,0,100
17:41:04,5,2,5,7.3,0.1,0.11,0.05,18.6,120,45,142,191.0,0,1,0,100
17:41:04,5,2,5,7.3,0.1,0.11,0.05,18.4,120,45,142,191.0,0,1,0,100
17:41:05,5,2,5,7.3,0.1,0.11,0.05,18.4,120,45,142,191.0,0,1,0,100
17:41:05,5,2,5,7.3,0.1,0.11,0.05,18.5,120,45,142,191.0,0,1,0,100
17:41:05,5,2,5,7.3,0.1,0.11,0.05,18.3,120,45,142,191.0,0,1,0,100
17:41:05,6,2,5,8.1,0.1,0.22,0.11,18.5,177,71,126,229.0,0,1,0,100
17:41:05,6,2,5,8.1,0.1,0.22,0.11,18.6,177,71,126,229.0,0,1,0,100
17:41:05,6,2,5,8.1,0.1,0.22,0.11,18.4,177,71,126,229.0,0,1,0,100
17:41:05,6,2,5,8.1,0.1,0.22,0.11,18.5,177,71,126,229.0,0,0,1,100
17:41:05,6,2,5,8.1,0.1,0.22,0.11,18.4,177,71,126,229.0,0,0,1,100
17:41:05,6,2,5,8.1,0.1,0.22,0.11,18.4,177,71,126,229.0,0,0,1,100
17:41:06,6,2,5,8.1,0.1,0.22,0.11,18.6,177,71,126,229.0,0,0,1,100
17:41:06,6,2,5,8.1,0.1,0.22,0.11,18.4,177,71,126,229.0,0,0,1,100
17:41:06,6,2,5,8.1,0.1,0.22,0.11,18.3,177,71,126,229.0,0,0,1,100
17:41:06,6,2,5,8.1,0.1,0.22,0.11,18.4,177,71,126,229.0,0,0,1,100
17:41:06,8,5,7,11.7,0.04,0.15,0.1,18.7,187,116,230,318.0,0,0,1,100
17:41:06,8,5,7,11.7,0.04,0.15,0.1,18.4,187,116,230,318.0,0,0,1,100
17:41:06,8,5,7,11.7,0.04,0.15,0.1,18.7,187,116,230,318.0,0,0,1,100
17:41:06,8,5,7,11.7,0.04,0.15,0.1,18.5,187,116,230,318.0,1,0,0,100
17:41:06,8,5,7,11.7,0.04,0.15,0.1,18.6,187,116,230,318.0,1,0,0,100
17:41:06,8,5,7,11.7,0.04,0.15,0.1,18.6,187,116,230,318.0,1,0,0,100
17:41:07,8,5,7,11.7,0.04,0.15,0.1,18.6,187,116,230,318.0,1,0,0,100
17:41:07,8,5,7,11.7,0.04,0.15,0.1,18.6,187,116,230,318.0,1,0,0,100
17:41:07,8,5,7,11.7,0.04,0.15,0.1,18.7,187,116,230,318.0,1,0,0,100
17:41:07,8,5,7,11.7,0.04,0.15,0.1,18.6,187,116,230,318.0,1,0,0,100
17:41:07,7,4,7,10.7,0.05,0.14,0.07,18.7,209,138,230,340.0,1,0,0,100
17:41:07,7,4,7,10.7,0.05,0.14,0.07,18.6,209,138,230,340.0,1,0,0,100
17:41:07,7,4,7,10.7,0.05,0.14,0.07,18.4,209,138,230,340.0,1,0,0,100
17:41:07,7,4,7,10.7,0.05,0.14,0.07,18.5,209,138,230,340.0,0,0,0,100
17:41:07,7,4,7,10.7,0.05,0.14,0.07,18.4,209,138,230,340.0,0,0,0,100
17:41:07,7,4,7,10.7,0.05,0.14,0.07,18.6,209,138,230,340.0,0,0,0,100
17:41:08,7,4,7,10.7,0.05,0.14,0.07,18.4,209,138,230,340.0,0,0,0,100
17:41:08,7,4,7,10.7,0.05,0.14,0.07,18.7,209,138,230,340.0,0,0,0,100
17:41:08,7,4,7,10.7,0.05,0.14,0.07,18.4,209,138,230,340.0,0,0,0,100
17:41:08,7,4,7,10.7,0.05,0.14,0.07,18.5,209,138,230,340.0,0,0,0,100
17:41:08,8,5,3,9.9,0.07,0.12,0.03,18.7,260,155,107,321.0,0,0,0,100
17:41:08,8,5,3,9.9,0.07,0.12,0.03,18.5,260,155,107,321.0,0,0,0,100
17:41:08,8,5,3,9.9,0.07,0.12,0.03,18.5,260,155,107,321.0,0,0,0,100
17:41:08,8,5,3,9.9,0.07,0.12,0.03,18.4,260,155,107,321.0,0,0,1,100
17:41:08,8,5,3,9.9,0.07,0.12,0.03,18.5,260,155,107,321.0,0,0,1,100
17:41:08,8,5,3,9.9,0.07,0.12,0.03,18.6,260,155,107,321.0,0,0,1,100
17:41:09,8,5,3,9.9,0.07,0.12,0.03,18.5,260,155,107,321.0,0,0,1,100
17:41:09,8,5,3,9.9,0.07,0.12,0.03,18.5,260,155,107,321.0,0,0,1,100
17:41:09,8,5,3,9.9,0.07,0.12,0.03,18.6,260,155,107,321.0,0,0,1,100
17:41:09,8,5,3,9.9,0.07,0.12,0.03,18.4,260,155,107,321.0,0,0,1,100
17:41:09,8,5,8,12.4,0.11,0.19,0.08,18.4,216,165,222,351.0,0,0,1,100
17:41:09,8,5,8,12.4,0.11,0.19,0.08,18.3,216,165,222,351.0,0,0,1,100
17:41:09,8,5,8,12.4,0.11,0.19,0.08,18.5,216,165,222,351.0,0,0,1,100
17:41:09,8,5,8,12.4,0.11,0.19,0.08,18.6,216,165,222,351.0,1,0,0,100
17:41:09,8,5,8,12.4,0.11,0.19,0.08,18.7,216,165,222,351.0,1,0,0,100
17:41:09,8,5,8,12.4,0.11,0.19,0.08,18.7,216,165,222,351.0,1,0,0,100
17:41:10,8,5,8,12.4,0.11,0.19,0.08,18.7,216,165,222,351.0,1,0,0,100
17:41:10,8,5,8,12.4,0.11,0.19,0.08,18.5,216,165,222,351.0,1,0,0,100
17:41:10,8,5,8,12.4,0.11,0.19,0.08,18.6,216,165,222,351.0,1,0,0,100
17:41:10,8,5,8,12.4,0.11,0.19,0.08,18.4,216,165,222,351.0,1,0,0,100
17:41:10,6,4,10,12.3,0.04,0.13,0.08,18.4,163,122,223,302.0,1,0,0,100
17:41:10,6,4,10,12.3,0.04,0.13,0.08,18.7,163,122,223,302.0,1,0,0,100
17:41:10,6,4,10,12.3,0.04,0.13,0.08,18.6,163,122,223,302.0,1,0,0,100
17:41:10,6,4,10,12.3,0.04,0.13,0.08,18.5,163,122,223,302.0,0,0,0,100
17:41:10,6,4,10,12.3,0.04,0.13,0.08,18.4,163,122,223,302.0,0,0,0,100
17:41:10,6,4,10,12.3,0.04,0.13,0.08,18.5,163,122,223,302.0,0,0,0,100
17:41:11,6,4,10,12.3,0.04,0.13,0.08,18.6,163,122,223,302.0,0,0,0,100
17:41:11,6,4,10,12.3,0.04,0.13,0.08,18.2,163,122,223,302.0,0,0,0,100
17:41:11,6,4,10,12.3,0.04,0.13,0.08,18.5,163,122,223,302.0,0,0,0,100
17:41:11,6,4,10,12.3,0.04,0.13,0.08,18.6,163,122,223,302.0,0,0,0,100
17:41:11,8,2,5,9.6,0.1,0.21,0.07,18.6,177,66,117,222.0,0,0,0,100
17:41:11,8,2,5,9.6,0.1,0.21,0.07,18.7,177,66,117,222.0,0,0,0,100
17:41:11,8,2,5,9.6,0.1,0.21,0.07,18.7,177,66,117,222.0,0,0,0,100
17:41:11,8,2,5,9.6,0.1,0.21,0.07,18.5,177,66,117,222.0,0,1,2,100
17:41:11,8,2,5,9.6,0.1,0.21,0.07,18.8,177,66,117,222.0,0,1,2,100
17:41:11,8,2,5,9.6,0.1,0.21,0.07,18.4,177,66,117,222.0,0,1,2,100
17:41:12,8,2,5,9.6,0.1,0.21,0.07,18.7,177,66,117,222.0,0,1,2,100
17:41:12,8,2,5,9.6,0.1,0.21,0.07,18.4,177,66,117,222.0,0,1,2,100
17:41:12,8,2,5,9.6,0.1,0.21,0.07,18.7,177,66,117,222.0,0,1,2,100
17:41:12,8,2,5,9.6,0.1,0.21,0.07,18.4,177,66,117,222.0,0,1,2,100
17:41:12,6,2,8,10.2,0.1,0.2,0.05,18.7,130,56,191,238.0,0,1,2,100
17:41:12,6,2,8,10.2,0.1,0.2,0.05,18.5,130,56,191,238.0,0,1,2,100
17:41:12,6,2,8,10.2,0.1,0.2,0.05,18.7,130,56,191,238.0,0,1,2,100
17:41:12,6,2,8,10.2,0.1,0.2,0.05,18.5,130,56,191,238.0,1,0,0,100
17:41:12,6,2,8,10.2,0.1,0.2,0.05,18.5,130,56,191,238.0,1,0,0,100
17:41:12,6,2,8,10.2,0.1,0.2,0.05,18.6,130,56,191,238.0,1,0,0,100
17:41:13,6,2,8,10.2,0.1,0.2,0.05,18.5,130,56,191,238.0,1,0,0,100
17:41:13,6,2,8,10.2,0.1,0.2,0.05,18.4,130,56,191,238.0,1,0,0,100
17:41:13,6,2,8,10.2,0.1,0.2,0.05,18.5,130,56,191,238.0,1,0,0,100
17:41:13,6,2,8,10.2,0.1,0.2,0.05,18.5,130,56,191,238.0,1,0,0,100
17:41:13,7,3,4,8.6,0.05,0.15,0.09,18.5,201,93,128,256.0,1,0,0,100
17:41:13,7,3,4,8.6,0.05,0.15,0.09,18.5,201,93,128,256.0,1,0,0,100
17:41:13,7,3,4,8.6,0.05,0.15,0.09,18.7,201,93,128,256.0,1,0,0,100
17:41:13,7,3,4,8.6,0.05,0.15,0.09,18.5,201,93,128,256.0,0,0,0,100
17:41:13,7,3,4,8.6,0.05,0.15,0.09,18.6,201,93,128,256.0,0,0,0,100
17:41:13,7,3,4,8.6,0.05,0.15,0.09,18.4,201,93,128,256.0,0,0,0,100
17:41:14,7,3,4,8.6,0.05,0.15,0.09,18.7,201,93,128,256.0,0,0,0,100
17:41:14,7,3,4,8.6,0.05,0.15,0.09,18.5,201,93,128,256.0,0,0,0,100
17:41:14,7,3,4,8.6,0.05,0.15,0.09,18.5,201,93,128,256.0,0,0,0,100
17:41:14,7,3,4,8.6,0.05,0.15,0.09,18.6,201,93,128,256.0,0,0,0,100
17:41:14,6,6,8,11.7,0.04,0.13,0.08,18.4,170,128,226,310.0,0,0,0,100
17:41:14,6,6,8,11.7,0.04,0.13,0.08,18.4,170,128,226,310.0,0,0,0,100
17:41:14,6,6,8,11.7,0.04,0.13,0.08,18.5,170,128,226,310.0,0,0,0,100
17:41:14,6,6,8,11.7,0.04,0.13,0.08,18.7,170,128,226,310.0,4,0,0,100
17:41:14,6,6,8,11.7,0.04,0.13,0.08,18.5,170,128,226,310.0,4,0,0,100
17:41:14,6,6,8,11.7,0.04,0.13,0.08,18.5,170,128,226,310.0,4,0,0,100
17:41:15,6,6,8,11.7,0.04,0.13,0.08,18.4,170,128,226,310.0,4,0,0,100
17:41:15,6,6,8,11.7,0.04,0.13,0.08,18.6,170,128,226,310.0,4,0,0,100
17:41:15,6,6,8,11.7,0.04,0.13,0.08,18.6,170,128,226,310.0,4,0,0,100
17:41:15,6,6,8,11.7,0.04,0.13,0.08,18.5,170,128,226,310.0,4,0,0,100
17:41:15,8,5,7,11.7,0.04,0.09,0.03,18.6,205,130,211,322.0,4,0,0,100
17:41:15,8,5,7,11.7,0.04,0.09,0.03,18.4,205,130,211,322.0,4,0,0,100
17:41:15,8,5,7,11.7,0.04,0.09,0.03,18.5,205,130,211,322.0,4,0,0,100
17:41:15,8,5,7,11.7,0.04,0.09,0.03,18.6,205,130,211,322.0,0,0,0,100
17:41:15,8,5,7,11.7,0.04,0.09,0.03,18.7,205,130,211,322.0,0,0,0,100
17:41:15,8,5,7,11.7,0.04,0.09,0.03,18.5,205,130,211,322.0,0,0,0,100
17:41:16,8,5,7,11.7,0.04,0.09,0.03,18.4,205,130,211,322.0,0,0,0,100
17:41:16,8,5,7,11.7,0.04,0.09,0.03,18.6,205,130,211,322.0,0,0,0,100
17:41:16,8,5,7,11.7,0.04,0.09,0.03,18.5,205,130,211,322.0,0,0,0,100
17:41:16,8,5,7,11.7,0.04,0.09,0.03,18.4,205,130,211,322.0,0,0,0,100
17:41:16,8,4,6,10.8,0.09,0.13,0.05,18.4,227,127,151,301.0,0,0,0,100
17:41:16,8,4,6,10.8,0.09,0.13,0.05,18.6,227,127,151,301.0,0,0,0,100
17:41:16,8,4,6,10.8,0.09,0.13,0.05,18.6,227,127,151,301.0,0,0,0,100
17:41:16,8,4,6,10.8,0.09,0.13,0.05,18.7,227,127,151,301.0,0,0,2,100
17:41:16,8,4,6,10.8,0.09,0.13,0.05,18.4,227,127,151,301.0,0,0,2,100
17:41:16,8,4,6,10.8,0.09,0.13,0.05,18.4,227,127,151,301.0,0,0,2,100
17:41:17,8,4,6,10.8,0.09,0.13,0.05,18.5,227,127,151,301.0,0,0,2,100
17:41:17,8,4,6,10.8,0.09,0.13,0.05,18.6,227,127,151,301.0,0,0,2,100
17:41:17,8,4,6,10.8,0.09,0.13,0.05,18.7,227,127,151,301.0,0,0,2,100
17:41:17,8,4,6,10.8,0.09,0.13,0.05,18.7,227,127,151,301.0,0,0,2,100
17:41:17,5,4,8,10.2,0.12,0.17,0.09,18.6,170,129,215,303.0,0,0,2,100
17:41:17,5,4,8,10.2,0.12,0.17,0.09,18.7,170,129,215,303.0,0,0,2,100
17:41:17,5,4,8,10.2,0.12,0.17,0.09,18.4,170,129,215,303.0,0,0,2,100
17:41:17,5,4,8,10.2,0.12,0.17,0.09,18.5,170,129,215,303.0,1,0,0,100
17:41:17,5,4,8,10.2,0.12,0.17,0.09,18.7,170,129,215,303.0,1,0,0,100
17:41:18,5,4,8,10.2,0.12,0.17,0.09,18.7,170,129,215,303.0,1,0,0,100
17:41:18,5,4,8,10.2,0.12,0.17,0.09,18.7,170,129,215,303.0,1,0,0,100
17:41:18,5,4,8,10.2,0.12,0.17,0.09,18.7,170,129,215,303.0,1,0,0,100
17:41:18,5,4,8,10.2,0.12,0.17,0.09,18.6,170,129,215,303.0,1,0,0,100
17:41:18,5,4,8,10.2,0.12,0.17,0.09,18.6,170,129,215,303.0,1,0,0,100
17:41:18,5,3,5,7.7,0.04,0.15,0.1,18.4,140,88,159,229.0,1,0,0,100
17:41:18,5,3,5,7.7,0.04,0.15,0.1,18.5,140,88,159,229.0,1,0,0,100
17:41:18,5,3,5,7.7,0.04,0.15,0.1,18.7,140,88,159,229.0,1,0,0,100
17:41:18,5,3,5,7.7,0.04,0.15,0.1,18.5,140,88,159,229.0,0,0,0,100
17:41:18,5,3,5,7.7,0.04,0.15,0.1,18.4,140,88,159,229.0,0,0,0,100
17:41:19,5,3,5,7.7,0.04,0.15,0.1,18.4,140,88,159,229.0,0,0,0,100
17:41:19,5,3,5,7.7,0.04,0.15,0.1,18.5,140,88,159,229.0,0,0,0,100
17:41:19,5,3,5,7.7,0.04,0.15,0.1,18.5,140,88,159,229.0,0,0,0,100
17:41:19,5,3,5,7.7,0.04,0.15,0.1,18.5,140,88,159,229.0,0,0,0,100
17:41:19,5,3,5,7.7,0.04,0.15,0.1,18.3,140,88,159,229.0,0,0,0,100
17:41:19,7,4,5,9.5,0.05,0.11,0.04,18.4,138,34,145,203.0,0,0,0,100
17:41:19,7,4,5,9.5,0.05,0.11,0.04,18.4,138,34,145,203.0,0,0,0,100
17:41:19,7,4,5,9.5,0.05,0.11,0.04,18.6,138,34,145,203.0,0,0,0,100
17:41:19,7,4,5,9.5,0.05,0.11,0.04,18.4,138,34,145,203.0,0,6,0,100
17:41:19,7,4,5,9.5,0.05,0.11,0.04,18.8,138,34,145,203.0,0,6,0,100
17:41:20,7,4,5,9.5,0.05,0.11,0.04,18.5,138,34,145,203.0,0,6,0,100
17:41:20,7,4,5,9.5,0.05,0.11,0.04,18.5,138,34,145,203.0,0,6,0,100
17:41:20,7,4,5,9.5,0.05,0.11,0.04,18.6,138,34,145,203.0,0,6,0,100
17:41:20,7,4,5,9.5,0.05,0.11,0.04,18.5,138,34,145,203.0,0,6,0,100
17:41:20,7,4,5,9.5,0.05,0.11,0.04,18.4,138,34,145,203.0,0,6,0,100
17:41:20,9,3,5,10.7,0.06,0.23,0.03,18.6,192,75,141,250.0,0,6,0,100
17:41:20,9,3,5,10.7,0.06,0.23,0.03,18.9,192,75,141,250.0,0,6,0,100
17:41:20,9,3,5,10.7,0.06,0.23,0.03,18.7,192,75,141,250.0,0,6,0,100
17:41:20,9,3,5,10.7,0.06,0.23,0.03,18.5,192,75,141,250.0,0,0,2,100
17:41:20,9,3,5,10.7,0.06,0.23,0.03,18.3,192,75,141,250.0,0,0,2,100
17:41:21,9,3,5,10.7,0.06,0.23,0.03,18.6,192,75,141,250.0,0,0,2,100
17:41:21,9,3,5,10.7,0.06,0.23,0.03,18.4,192,75,141,250.0,0,0,2,100
17:41:21,9,3,5,10.7,0.06,0.23,0.03,18.4,192,75,141,250.0,0,0,2,100
17:41:21,9,3,5,10.7,0.06,0.23,0.03,18.6,192,75,141,250.0,0,0,2,100
17:41:21,9,3,5,10.7,0.06,0.23,0.03,18.5,192,75,141,250.0,0,0,2,100
17:41:21,7,5,5,9.9,0.05,0.26,0.08,18.4,195,133,163,287.0,0,0,2,100
17:41:21,7,5,5,9.9,0.05,0.26,0.08,18.6,195,133,163,287.0,0,0,2,100
17:41:21,7,5,5,9.9,0.05,0.26,0.08,18.5,195,133,163,287.0,0,0,2,100
17:41:21,7,5,5,9.9,0.05,0.26,0.08,18.5,195,133,163,287.0,0,0,0,100
17:41:21,7,5,5,9.9,0.05,0.26,0.08,18.4,195,133,163,287.0,0,0,0,100
17:41:22,7,5,5,9.9,0.05,0.26,0.08,18.8,195,133,163,287.0,0,0,0,100
17:41:22,7,5,5,9.9,0.05,0.26,0.08,18.6,195,133,163,287.0,0,0,0,100
17:41:22,7,5,5,9.9,0.05,0.26,0.08,18.7,195,133,163,287.0,0,0,0,100
17:41:22,7,5,5,9.9,0.05,0.26,0.08,18.7,195,133,163,287.0,0,0,0,100
17:41:22,7,5,5,9.9,0.05,0.26,0.08,18.6,195,133,163,287.0,0,0,0,100
17:41:22,5,5,8,10.7,0.03,0.15,0.1,18.7,119,143,252,313.0,0,0,0,100
17:41:22,5,5,8,10.7,0.03,0.15,0.1,18.4,119,143,252,313.0,0,0,0,100
17:41:22,5,5,8,10.7,0.03,0.15,0.1,18.5,119,143,252,313.0,0,0,0,100
17:41:22,5,5,8,10.7,0.03,0.15,0.1,18.6,119,143,252,313.0,1,0,0,100
17:41:22,5,5,8,10.7,0.03,0.15,0.1,18.5,119,143,252,313.0,1,0,0,100
17:41:23,5,5,8,10.7,0.03,0.15,0.1,18.4,119,143,252,313.0,1,0,0,100
17:41:23,5,5,8,10.7,0.03,0.15,0.1,18.6,119,143,252,313.0,1,0,0,100
17:41:23,5,5,8,10.7,0.03,0.15,0.1,18.8,119,143,252,313.0,1,0,0,100
17:41:23,5,5,8,10.7,0.03,0.15,0.1,18.6,119,143,252,313.0,1,0,0,100
17:41:23,5,5,8,10.7,0.03,0.15,0.1,18.3,119,143,252,313.0,1,0,0,100
17:41:23,9,5,7,12.4,0.09,0.12,0.05,18.7,271,153,221,382.0,1,0,0,100
17:41:23,9,5,7,12.4,0.09,0.12,0.05,18.5,271,153,221,382.0,1,0,0,100
17:41:23,9,5,7,12.4,0.09,0.12,0.05,18.4,271,153,221,382.0,1,0,0,100
17:41:23,9,5,7,12.4,0.09,0.12,0.05,18.5,271,153,221,382.0,0,0,1,100
17:41:23,9,5,7,12.4,0.09,0.12,0.05,18.7,271,153,221,382.0,0,0,1,100
17:41:24,9,5,7,12.4,0.09,0.12,0.05,18.7,271,153,221,382.0,0,0,1,100
17:41:24,9,5,7,12.4,0.09,0.12,0.05,18.6,271,153,221,382.0,0,0,1,100
17:41:24,9,5,7,12.4,0.09,0.12,0.05,18.6,271,153,221,382.0,0,0,1,100
17:41:24,9,5,7,12.4,0.09,0.12,0.05,18.5,271,153,221,382.0,0,0,1,100
17:41:24,9,5,7,12.4,0.09,0.12,0.05,18.6,271,153,221,382.0,0,0,1,100
17:41:24,9,5,6,11.9,0.12,0.15,0.05,18.8,263,152,172,349.0,0,0,1,100
17:41:24,9,5,6,11.9,0.12,0.15,0.05,18.6,263,152,172,349.0,0,0,1,100
17:41:24,9,5,6,11.9,0.12,0.15,0.05,18.7,263,152,172,349.0,0,0,1,100
17:41:24,9,5,6,11.9,0.12,0.15,0.05,18.5,263,152,172,349.0,0,0,0,100
17:41:24,9,5,6,11.9,0.12,0.15,0.05,18.6,263,152,172,349.0,0,0,0,100
17:41:25,9,5,6,11.9,0.12,0.15,0.05,18.7,263,152,172,349.0,0,0,0,100
17:41:25,9,5,6,11.9,0.12,0.15,0.05,18.7,263,152,172,349.0,0,0,0,100
17:41:25,9,5,6,11.9,0.12,0.15,0.05,18.6,263,152,172,349.0,0,0,0,100
17:41:25,9,5,6,11.9,0.12,0.15,0.05,18.6,263,152,172,349.0,0,0,0,100
17:41:25,9,5,6,11.9,0.12,0.15,0.05,18.6,263,152,172,349.0,0,0,0,100
17:41:25,3,4,7,8.6,0.07,0.18,0.09,18.4,127,108,200,260.0,0,0,0,100
17:41:25,3,4,7,8.6,0.07,0.18,0.09,18.4,127,108,200,260.0,0,0,0,100
17:41:25,3,4,7,8.6,0.07,0.18,0.09,18.2,127,108,200,260.0,0,0,0,100
17:41:25,3,4,7,8.6,0.07,0.18,0.09,18.4,127,108,200,260.0,1,0,0,100
17:41:25,3,4,7,8.6,0.07,0.18,0.09,18.4,127,108,200,260.0,1,0,0,100
17:41:26,3,4,7,8.6,0.07,0.18,0.09,18.7,127,108,200,260.0,1,0,0,100
17:41:26,3,4,7,8.6,0.07,0.18,0.09,18.5,127,108,200,260.0,1,0,0,100
17:41:26,3,4,7,8.6,0.07,0.18,0.09,18.4,127,108,200,260.0,1,0,0,100
17:41:26,3,4,7,8.6,0.07,0.18,0.09,18.4,127,108,200,260.0,1,0,0,100
17:41:26,3,4,7,8.6,0.07,0.18,0.09,18.6,127,108,200,260.0,1,0,0,100
17:41:26,5,2,4,6.7,0.03,0.18,0.08,18.5,143,56,121,196.0,1,0,0,100
17:41:26,5,2,4,6.7,0.03,0.18,0.08,18.7,143,56,121,196.0,1,0,0,100
17:41:26,5,2,4,6.7,0.03,0.18,0.08,18.6,143,56,121,196.0,1,0,0,100
17:41:26,5,2,4,6.7,0.03,0.18,0.08,18.4,143,56,121,196.0,0,3,2,100
17:41:26,5,2,4,6.7,0.03,0.18,0.08,18.2,143,56,121,196.0,0,3,2,100
17:41:27,5,2,4,6.7,0.03,0.18,0.08,18.9,143,56,121,196.0,0,3,2,100
17:41:27,5,2,4,6.7,0.03,0.18,0.08,18.4,143,56,121,196.0,0,3,2,100
17:41:27,5,2,4,6.7,0.03,0.18,0.08,18.6,143,56,121,196.0,0,3,2,100
17:41:27,5,2,4,6.7,0.03,0.18,0.08,18.5,143,56,121,196.0,0,3,2,100
17:41:27,5,2,4,6.7,0.03,0.18,0.08,18.6,143,56,121,196.0,0,3,2,100
17:41:27,4,3,7,8.6,0.07,0.23,0.08,18.3,122,82,185,236.0,0,3,2,100
17:41:27,4,3,7,8.6,0.07,0.23,0.08,18.6,122,82,185,236.0,0,3,2,100
17:41:27,4,3,7,8.6,0.07,0.23,0.08,18.9,122,82,185,236.0,0,3,2,100
17:41:27,4,3,7,8.6,0.07,0.23,0.08,18.8,122,82,185,236.0,2,0,0,100
17:41:27,4,3,7,8.6,0.07,0.23,0.08,18.6,122,82,185,236.0,2,0,0,100
17:41:28,4,3,7,8.6,0.07,0.23,0.08,18.5,122,82,185,236.0,2,0,0,100
17:41:28,4,3,7,8.6,0.07,0.23,0.08,18.5,122,82,185,236.0,2,0,0,100
17:41:28,4,3,7,8.6,0.07,0.23,0.08,18.7,122,82,185,236.0,2,0,0,100
17:41:28,4,3,7,8.6,0.07,0.23,0.08,18.6,122,82,185,236.0,2,0,0,100
17:41:28,4,3,7,8.6,0.07,0.23,0.08,18.6,122,82,185,236.0,2,0,0,100
17:41:28,10,5,5,12.2,0.1,0.27,0.05,18.5,275,145,174,356.0,2,0,0,100
17:41:28,10,5,5,12.2,0.1,0.27,0.05,18.6,275,145,174,356.0,2,0,0,100
17:41:28,10,5,5,12.2,0.1,0.27,0.05,18.7,275,145,174,356.0,2,0,0,100
17:41:28,10,5,5,12.2,0.1,0.27,0.05,18.5,275,145,174,356.0,0,0,0,100
17:41:28,10,5,5,12.2,0.1,0.27,0.05,18.5,275,145,174,356.0,0,0,0,100
17:41:29,10,5,5,12.2,0.1,0.27,0.05,18.6,275,145,174,356.0,0,0,0,100
17:41:29,10,5,5,12.2,0.1,0.27,0.05,18.4,275,145,174,356.0,0,0,0,100
17:41:29,10,5,5,12.2,0.1,0.27,0.05,18.7,275,145,174,356.0,0,0,0,100
17:41:29,10,5,5,12.2,0.1,0.27,0.05,18.5,275,145,174,356.0,0,0,0,100
17:41:29,10,5,5,12.2,0.1,0.27,0.05,18.6,275,145,174,356.0,0,0,0,100
17:41:29,8,7,9,13.9,0.07,0.2,0.09,18.5,222,152,186,327.0,0,0,0,100
17:41:29,8,7,9,13.9,0.07,0.2,0.09,18.6,222,152,186,327.0,0,0,0,100
17:41:29,8,7,9,13.9,0.07,0.2,0.09,18.6,222,152,186,327.0,0,0,0,100
17:41:29,8,7,9,13.9,0.07,0.2,0.09,18.5,222,152,186,327.0,0,0,0,100
17:41:29,8,7,9,13.9,0.07,0.2,0.09,18.4,222,152,186,327.0,0,0,0,100
17:41:30,8,7,9,13.9,0.07,0.2,0.09,18.6,222,152,186,327.0,0,0,0,100
17:41:30,8,7,9,13.9,0.07,0.2,0.09,18.8,222,152,186,327.0,0,0,0,100
17:41:30,8,7,9,13.9,0.07,0.2,0.09,18.6,222,152,186,327.0,0,0,0,100
17:41:30,8,7,9,13.9,0.07,0.2,0.09,18.5,222,152,186,327.0,0,0,0,100
17:41:30,8,7,9,13.9,0.07,0.2,0.09,18.5,222,152,186,327.0,0,0,0,100
17:41:30,9,7,12,16.6,0.03,0.27,0.08,18.6,159,149,247,329.0,0,0,0,100
17:41:30,9,7,12,16.6,0.03,0.27,0.08,18.6,159,149,247,329.0,0,0,0,100
17:41:30,9,7,12,16.6,0.03,0.27,0.08,18.6,159,149,247,329.0,0,0,0,100
17:41:30,9,7,12,16.6,0.03,0.27,0.08,18.6,159,149,247,329.0,1,0,0,100
17:41:30,9,7,12,16.6,0.03,0.27,0.08,18.4,159,149,247,329.0,1,0,0,100
17:41:31,9,7,12,16.6,0.03,0.27,0.08,18.5,159,149,247,329.0,1,0,0,100
17:41:31,9,7,12,16.6,0.03,0.27,0.08,18.6,159,149,247,329.0,1,0,0,100
17:41:31,9,7,12,16.6,0.03,0.27,0.08,18.5,159,149,247,329.0,1,0,0,100
17:41:31,9,7,12,16.6,0.03,0.27,0.08,18.5,159,149,247,329.0,1,0,0,100
17:41:31,9,7,12,16.6,0.03,0.27,0.08,18.6,159,149,247,329.0,1,0,0,100
17:41:31,8,5,5,10.7,0.04,0.1,0.03,18.6,203,127,189,305.0,1,0,0,100
17:41:31,8,5,5,10.7,0.04,0.1,0.03,18.6,203,127,189,305.0,1,0,0,100
17:41:31,8,5,5,10.7,0.04,0.1,0.03,18.5,203,127,189,305.0,1,0,0,100
17:41:31,8,5,5,10.7,0.04,0.1,0.03,18.6,203,127,189,305.0,0,0,3,100
17:41:31,8,5,5,10.7,0.04,0.1,0.03,18.4,203,127,189,305.0,0,0,3,100
17:41:32,8,5,5,10.7,0.04,0.1,0.03,18.6,203,127,189,305.0,0,0,3,100
17:41:32,8,5,5,10.7,0.04,0.1,0.03,18.6,203,127,189,305.0,0,0,3,100
17:41:32,8,5,5,10.7,0.04,0.1,0.03,18.5,203,127,189,305.0,0,0,3,100
17:41:32,8,5,5,10.7,0.04,0.1,0.03,18.6,203,127,189,305.0,0,0,3,100
17:41:32,8,5,5,10.7,0.04,0.1,0.03,18.7,203,127,189,305.0,0,0,3,100
17:41:32,8,4,5,10.2,0.08,0.15,0.04,18.7,206,101,161,280.0,0,0,3,100
17:41:32,8,4,5,10.2,0.08,0.15,0.04,18.7,206,101,161,280.0,0,0,3,100
17:41:32,8,4,5,10.2,0.08,0.15,0.04,18.5,206,101,161,280.0,0,0,3,100
17:41:32,8,4,5,10.2,0.08,0.15,0.04,18.9,206,101,161,280.0,0,0,0,100
17:41:32,8,4,5,10.2,0.08,0.15,0.04,18.4,206,101,161,280.0,0,0,0,100
17:41:33,8,4,5,10.2,0.08,0.15,0.04,18.7,206,101,161,280.0,0,0,0,100
17:41:33,8,4,5,10.2,0.08,0.15,0.04,18.5,206,101,161,280.0,0,0,0,100
17:41:33,8,4,5,10.2,0.08,0.15,0.04,18.6,206,101,161,280.0,0,0,0,100
17:41:33,8,4,5,10.2,0.08,0.15,0.04,18.5,206,101,161,280.0,0,0,0,100
17:41:33,8,4,5,10.2,0.08,0.15,0.04,18.4,206,101,161,280.0,0,0,0,100
17:41:33,4,2,5,6.7,0.09,0.21,0.07,18.4,121,68,163,214.0,0,0,0,100
17:41:33,4,2,5,6.7,0.09,0.21,0.07,18.6,121,68,163,214.0,0,0,0,100
17:41:33,4,2,5,6.7,0.09,0.21,0.07,18.7,121,68,163,214.0,0,0,0,100
17:41:33,4,2,5,6.7,0.09,0.21,0.07,18.6,121,68,163,214.0,1,0,0,100
17:41:33,4,2,5,6.7,0.09,0.21,0.07,18.5,121,68,163,214.0,1,0,0,100
17:41:34,4,2,5,6.7,0.09,0.21,0.07,18.4,121,68,163,214.0,1,0,0,100
17:41:34,4,2,5,6.7,0.09,0.21,0.07,18.5,121,68,163,214.0,1,0,0,100
17:41:34,4,2,5,6.7,0.09,0.21,0.07,18.4,121,68,163,214.0,1,0,0,100
17:41:34,4,2,5,6.7,0.09,0.21,0.07,18.6,121,68,163,214.0,1,0,0,100
17:41:34,4,2,5,6.7,0.09,0.21,0.07,18.6,121,68,163,214.0,1,0,0,100
17:41:34,5,1,4,6.5,0.03,0.2,0.06,18.6,140,45,113,185.0,1,0,0,100
17:41:34,5,1,4,6.5,0.03,0.2,0.06,18.4,140,45,113,185.0,1,0,0,100
17:41:34,5,1,4,6.5,0.03,0.2,0.06,18.7,140,45,113,185.0,1,0,0,100
17:41:34,5,1,4,6.5,0.03,0.2,0.06,18.6,140,45,113,185.0,0,0,0,100
17:41:35,5,1,4,6.5,0.03,0.2,0.06,18.5,140,45,113,185.0,0,0,0,100
17:41:35,5,1,4,6.5,0.03,0.2,0.06,18.7,140,45,113,185.0,0,0,0,100
17:41:35,5,1,4,6.5,0.03,0.2,0.06,18.7,140,45,113,185.0,0,0,0,100
17:41:35,5,1,4,6.5,0.03,0.2,0.06,18.6,140,45,113,185.0,0,0,0,100
17:41:35,5,1,4,6.5,0.03,0.2,0.06,18.4,140,45,113,185.0,0,0,0,100
17:41:35,5,1,4,6.5,0.03,0.2,0.06,18.6,140,45,113,185.0,0,0,0,100
17:41:35,4,3,6,7.8,0.05,0.17,0.08,18.5,108,92,173,224.0,0,0,0,100
17:41:35,4,3,6,7.8,0.05,0.17,0.08,18.4,108,92,173,224.0,0,0,0,100
17:41:35,4,3,6,7.8,0.05,0.17,0.08,18.4,108,92,173,224.0,0,0,0,100
17:41:35,4,3,6,7.8,0.05,0.17,0.08,18.7,108,92,173,224.0,0,0,0,100
17:41:36,4,3,6,7.8,0.05,0.17,0.08,18.6,108,92,173,224.0,0,0,0,100
17:41:36,4,3,6,7.8,0.05,0.17,0.08,18.4,108,92,173,224.0,0,0,0,100
17:41:36,4,3,6,7.8,0.05,0.17,0.08,18.7,108,92,173,224.0,0,0,0,100
17:41:36,4,3,6,7.8,0.05,0.17,0.08,18.5,108,92,173,224.0,0,0,0,100
17:41:36,4,3,6,7.8,0.05,0.17,0.08,18.6,108,92,173,224.0,0,0,0,100
17:41:36,4,3,6,7.8,0.05,0.17,0.08,18.5,108,92,173,224.0,0,0,0,100
17:41:36,9,4,5,11.0,0.08,0.18,0.03,18.6,235,126,144,303.0,0,0,0,100
17:41:36,9,4,5,11.0,0.08,0.18,0.03,18.4,235,126,144,303.0,0,0,0,100
17:41:36,9,4,5,11.0,0.08,0.18,0.03,18.5,235,126,144,303.0,0,0,0,100
17:41:36,9,4,5,11.0,0.08,0.18,0.03,18.6,235,126,144,303.0,0,0,1,100
17:41:37,9,4,5,11.0,0.08,0.18,0.03,18.6,235,126,144,303.0,0,0,1,100
17:41:37,9,4,5,11.0,0.08,0.18,0.03,18.4,235,126,144,303.0,0,0,1,100
17:41:37,9,4,5,11.0,0.08,0.18,0.03,18.6,235,126,144,303.0,0,0,1,100
17:41:37,9,4,5,11.0,0.08,0.18,0.03,18.5,235,126,144,303.0,0,0,1,100
17:41:37,9,4,5,11.0,0.08,0.18,0.03,18.8,235,126,144,303.0,0,0,1,100
17:41:37,9,4,5,11.0,0.08,0.18,0.03,18.5,235,126,144,303.0,0,0,1,100
17:41:37,8,5,7,11.7,0.08,0.17,0.05,18.8,220,144,205,333.0,0,0,1,100
17:41:37,8,5,7,11.7,0.08,0.17,0.05,18.6,220,144,205,333.0,0,0,1,100
17:41:37,8,5,7,11.7,0.08,0.17,0.05,18.6,220,144,205,333.0,0,0,1,100
17:41:37,8,5,7,11.7,0.08,0.17,0.05,18.6,220,144,205,333.0,0,0,0,100
17:41:38,8,5,7,11.7,0.08,0.17,0.05,18.6,220,144,205,333.0,0,0,0,100
17:41:38,8,5,7,11.7,0.08,0.17,0.05,18.6,220,144,205,333.0,0,0,0,100
17:41:38,8,5,7,11.7,0.08,0.17,0.05,18.5,220,144,205,333.0,0,0,0,100
17:41:38,8,5,7,11.7,0.08,0.17,0.05,18.4,220,144,205,333.0,0,0,0,100
17:41:38,8,5,7,11.7,0.08,0.17,0.05,18.6,220,144,205,333.0,0,0,0,100
17:41:38,8,5,7,11.7,0.08,0.17,0.05,18.5,220,144,205,333.0,0,0,0,100
17:41:38,4,6,10,12.3,0.04,0.14,0.08,18.7,100,158,250,312.0,0,0,0,100
17:41:38,4,6,10,12.3,0.04,0.14,0.08,18.4,100,158,250,312.0,0,0,0,100
17:41:38,4,6,10,12.3,0.04,0.14,0.08,18.9,100,158,250,312.0,0,0,0,100
17:41:39,4,6,10,12.3,0.04,0.14,0.08,18.5,100,158,250,312.0,1,0,0,100
17:41:39,4,6,10,12.3,0.04,0.14,0.08,18.8,100,158,250,312.0,1,0,0,100
17:41:39,4,6,10,12.3,0.04,0.14,0.08,18.6,100,158,250,312.0,1,0,0,100
17:41:39,4,6,10,12.3,0.04,0.14,0.08,18.4,100,158,250,312.0,1,0,0,100
17:41:39,4,6,10,12.3,0.04,0.14,0.08,18.7,100,158,250,312.0,1,0,0,100
17:41:39,4,6,10,12.3,0.04,0.14,0.08,18.6,100,158,250,312.0,1,0,0,100
17:41:39,4,6,10,12.3,0.04,0.14,0.08,18.4,100,158,250,312.0,1,0,0,100
17:41:39,7,4,6,10.0,0.09,0.13,0.06,18.5,219,118,182,308.0,1,0,0,100
17:41:39,7,4,6,10.0,0.09,0.13,0.06,18.7,219,118,182,308.0,1,0,0,100
17:41:39,7,4,6,10.0,0.09,0.13,0.06,18.6,219,118,182,308.0,1,0,0,100
17:41:39,7,4,6,10.0,0.09,0.13,0.06,18.6,219,118,182,308.0,0,0,0,100
17:41:40,7,4,6,10.0,0.09,0.13,0.06,18.6,219,118,182,308.0,0,0,0,100
17:41:40,7,4,6,10.0,0.09,0.13,0.06,18.5,219,118,182,308.0,0,0,0,100
17:41:40,7,4,6,10.0,0.09,0.13,0.06,18.5,219,118,182,308.0,0,0,0,100
17:41:40,7,4,6,10.0,0.09,0.13,0.06,18.7,219,118,182,308.0,0,0,0,100
17:41:40,7,4,6,10.0,0.09,0.13,0.06,18.6,219,118,182,308.0,0,0,0,100
17:41:40,7,4,6,10.0,0.09,0.13,0.06,18.7,219,118,182,308.0,0,0,0,100
17:41:40,7,6,7,11.6,0.08,0.14,0.05,18.4,211,108,154,283.0,0,0,0,100
17:41:40,7,6,7,11.6,0.08,0.14,0.05,18.6,211,108,154,283.0,0,0,0,100
17:41:40,7,6,7,11.6,0.08,0.14,0.05,18.6,211,108,154,283.0,0,0,0,100
17:41:40,7,6,7,11.6,0.08,0.14,0.05,18.7,211,108,154,283.0,1,0,0,100
17:41:41,7,6,7,11.6,0.08,0.14,0.05,18.5,211,108,154,283.0,1,0,0,100
17:41:41,7,6,7,11.6,0.08,0.14,0.05,18.4,211,108,154,283.0,1,0,0,100
17:41:41,7,6,7,11.6,0.08,0.14,0.05,18.6,211,108,154,283.0,1,0,0,100
17:41:41,7,6,7,11.6,0.08,0.14,0.05,18.6,211,108,154,283.0,1,0,0,100
17:41:41,7,6,7,11.6,0.08,0.14,0.05,18.6,211,108,154,283.0,1,0,0,100
17:41:41,7,6,7,11.6,0.08,0.14,0.05,18.6,211,108,154,283.0,1,0,0,100
17:41:41,5,2,5,7.3,0.04,0.13,0.07,18.6,147,38,142,208.0,1,0,0,100
17:41:41,5,2,5,7.3,0.04,0.13,0.07,18.7,147,38,142,208.0,1,0,0,100
17:41:41,5,2,5,7.3,0.04,0.13,0.07,18.8,147,38,142,208.0,1,0,0,100
17:41:42,5,2,5,7.3,0.04,0.13,0.07,18.7,147,38,142,208.0,0,2,1,100
17:41:42,5,2,5,7.3,0.04,0.13,0.07,18.4,147,38,142,208.0,0,2,1,100
17:41:42,5,2,5,7.3,0.04,0.13,0.07,18.6,147,38,142,208.0,0,2,1,100
17:41:42,5,2,5,7.3,0.04,0.13,0.07,18.5,147,38,142,208.0,0,2,1,100
17:41:42,5,2,5,7.3,0.04,0.13,0.07,18.7,147,38,142,208.0,0,2,1,100
17:41:42,5,2,5,7.3,0.04,0.13,0.07,18.6,147,38,142,208.0,0,2,1,100
17:41:42,5,2,5,7.3,0.04,0.13,0.07,18.7,147,38,142,208.0,0,2,1,100
17:41:42,5,2,5,7.3,0.05,0.17,0.08,18.8,151,73,133,214.0,0,2,1,100
17:41:42,5,2,5,7.3,0.05,0.17,0.08,18.6,151,73,133,214.0,0,2,1,100
17:41:42,5,2,5,7.3,0.05,0.17,0.08,18.5,151,73,133,214.0,0,2,1,100
17:41:42,5,2,5,7.3,0.05,0.17,0.08,18.4,151,73,133,214.0,0,0,0,100
17:41:43,5,2,5,7.3,0.05,0.17,0.08,18.5,151,73,133,214.0,0,0,0,100
17:41:43,5,2,5,7.3,0.05,0.17,0.08,18.8,151,73,133,214.0,0,0,0,100
17:41:43,5,2,5,7.3,0.05,0.17,0.08,18.6,151,73,133,214.0,0,0,0,100
17:41:43,5,2,5,7.3,0.05,0.17,0.08,18.6,151,73,133,214.0,0,0,0,100
17:41:43,5,2,5,7.3,0.05,0.17,0.08,18.6,151,73,133,214.0,0,0,0,100
17:41:43,5,2,5,7.3,0.05,0.17,0.08,18.6,151,73,133,214.0,0,0,0,100
17:41:43,7,4,8,11.4,0.04,0.24,0.06,18.4,180,122,211,303.0,0,0,0,100
17:41:43,7,4,8,11.4,0.04,0.24,0.06,18.5,180,122,211,303.0,0,0,0,100
17:41:43,7,4,8,11.4,0.04,0.24,0.06,18.4,180,122,211,303.0,0,0,0,100
17:41:43,7,4,8,11.4,0.04,0.24,0.06,18.6,180,122,211,303.0,3,0,0,100
17:41:44,7,4,8,11.4,0.04,0.24,0.06,18.6,180,122,211,303.0,3,0,0,100
17:41:44,7,4,8,11.4,0.04,0.24,0.06,18.7,180,122,211,303.0,3,0,0,100
17:41:44,7,4,8,11.4,0.04,0.24,0.06,18.5,180,122,211,303.0,3,0,0,100
17:41:44,7,4,8,11.4,0.04,0.24,0.06,18.6,180,122,211,303.0,3,0,0,100
17:41:44,7,4,8,11.4,0.04,0.24,0.06,18.7,180,122,211,303.0,3,0,0,100
17:41:44,7,4,8,11.4,0.04,0.24,0.06,18.5,180,122,211,303.0,3,0,0,100
17:41:44,10,7,6,13.6,0.06,0.2,0.03,18.4,274,150,184,363.0,3,0,0,100
17:41:44,10,7,6,13.6,0.06,0.2,0.03,18.4,274,150,184,363.0,3,0,0,100
17:41:44,10,7,6,13.6,0.06,0.2,0.03,18.6,274,150,184,363.0,3,0,0,100
17:41:45,10,7,6,13.6,0.06,0.2,0.03,18.6,274,150,184,363.0,0,0,0,100
17:41:45,10,7,6,13.6,0.06,0.2,0.03,18.5,274,150,184,363.0,0,0,0,100
17:41:45,10,7,6,13.6,0.06,0.2,0.03,18.4,274,150,184,363.0,0,0,0,100
17:41:45,10,7,6,13.6,0.06,0.2,0.03,18.4,274,150,184,363.0,0,0,0,100
17:41:45,10,7,6,13.6,0.06,0.2,0.03,18.5,274,150,184,363.0,0,0,0,100
17:41:45,10,7,6,13.6,0.06,0.2,0.03,18.8,274,150,184,363.0,0,0,0,100
17:41:45,10,7,6,13.6,0.06,0.2,0.03,18.4,274,150,184,363.0,0,0,0,100
17:41:45,8,5,7,11.7,0.08,0.15,0.06,18.6,243,150,215,357.0,0,0,0,100
17:41:45,8,5,7,11.7,0.08,0.15,0.06,18.4,243,150,215,357.0,0,0,0,100
17:41:45,8,5,7,11.7,0.08,0.15,0.06,18.7,243,150,215,357.0,0,0,0,100
17:41:45,8,5,7,11.7,0.08,0.15,0.06,18.9,243,150,215,357.0,0,0,0,100
17:41:46,8,5,7,11.7,0.08,0.15,0.06,18.6,243,150,215,357.0,0,0,0,100
17:41:46,8,5,7,11.7,0.08,0.15,0.06,18.5,243,150,215,357.0,0,0,0,100
17:41:46,8,5,7,11.7,0.08,0.15,0.06,18.6,243,150,215,357.0,0,0,0,100
17:41:46,8,5,7,11.7,0.08,0.15,0.06,18.6,243,150,215,357.0,0,0,0,100
17:41:46,8,5,7,11.7,0.08,0.15,0.06,18.5,243,150,215,357.0,0,0,0,100
17:41:46,8,5,7,11.7,0.08,0.15,0.06,18.7,243,150,215,357.0,0,0,0,100
17:41:46,4,4,8,9.8,0.03,0.12,0.08,18.6,113,124,225,281.0,0,0,0,100
17:41:46,4,4,8,9.8,0.03,0.12,0.08,18.6,113,124,225,281.0,0,0,0,100
17:41:46,4,4,8,9.8,0.03,0.12,0.08,18.5,113,124,225,281.0,0,0,0,100
17:41:47,4,4,8,9.8,0.03,0.12,0.08,18.6,113,124,225,281.0,0,0,0,100
17:41:47,4,4,8,9.8,0.03,0.12,0.08,18.6,113,124,225,281.0,0,0,0,100
17:41:47,4,4,8,9.8,0.03,0.12,0.08,18.7,113,124,225,281.0,0,0,0,100
17:41:47,4,4,8,9.8,0.03,0.12,0.08,18.7,113,124,225,281.0,0,0,0,100
17:41:47,4,4,8,9.8,0.03,0.12,0.08,18.5,113,124,225,281.0,0,0,0,100
17:41:47,4,4,8,9.8,0.03,0.12,0.08,18.8,113,124,225,281.0,0,0,0,100
17:41:47,4,4,8,9.8,0.03,0.12,0.08,18.6,113,124,225,281.0,0,0,0,100
17:41:47,6,3,4,7.8,0.06,0.16,0.1,18.4,176,92,126,235.0,0,0,0,100
17:41:47,6,3,4,7.8,0.06,0.16,0.1,18.6,176,92,126,235.0,0,0,0,100
17:41:47,6,3,4,7.8,0.06,0.16,0.1,18.6,176,92,126,235.0,0,0,0,100
17:41:48,6,3,4,7.8,0.06,0.16,0.1,18.5,176,92,126,235.0,0,0,1,100
17:41:48,6,3,4,7.8,0.06,0.16,0.1,18.7,176,92,126,235.0,0,0,1,100
17:41:48,6,3,4,7.8,0.06,0.16,0.1,18.8,176,92,126,235.0,0,0,1,100
17:41:48,6,3,4,7.8,0.06,0.16,0.1,18.7,176,92,126,235.0,0,0,1,100
17:41:48,6,3,4,7.8,0.06,0.16,0.1,18.5,176,92,126,235.0,0,0,1,100
17:41:48,6,3,4,7.8,0.06,0.16,0.1,18.5,176,92,126,235.0,0,0,1,100
17:41:48,6,3,4,7.8,0.06,0.16,0.1,18.4,176,92,126,235.0,0,0,1,100
17:41:48,4,1,4,5.7,0.03,0.09,0.03,18.5,138,42,127,192.0,0,0,1,100
17:41:48,4,1,4,5.7,0.03,0.09,0.03,18.6,138,42,127,192.0,0,0,1,100
17:41:48,4,1,4,5.7,0.03,0.09,0.03,18.8,138,42,127,192.0,0,0,1,100
17:41:49,4,1,4,5.7,0.03,0.09,0.03,18.5,138,42,127,192.0,2,2,0,100
17:41:49,4,1,4,5.7,0.03,0.09,0.03,18.6,138,42,127,192.0,2,2,0,100
17:41:49,4,1,4,5.7,0.03,0.09,0.03,18.6,138,42,127,192.0,2,2,0,100
17:41:49,4,1,4,5.7,0.03,0.09,0.03,18.5,138,42,127,192.0,2,2,0,100
17:41:49,4,1,4,5.7,0.03,0.09,0.03,18.7,138,42,127,192.0,2,2,0,100
17:41:49,4,1,4,5.7,0.03,0.09,0.03,18.6,138,42,127,192.0,2,2,0,100
17:41:49,4,1,4,5.7,0.03,0.09,0.03,18.6,138,42,127,192.0,2,2,0,100
17:41:49,8,7,7,12.7,0.07,0.17,0.09,18.6,177,62,127,226.0,2,2,0,100
17:41:49,8,7,7,12.7,0.07,0.17,0.09,18.5,177,62,127,226.0,2,2,0,100
17:41:49,8,7,7,12.7,0.07,0.17,0.09,18.7,177,62,127,226.0,2,2,0,100
17:41:50,8,7,7,12.7,0.07,0.17,0.09,18.7,177,62,127,226.0,0,1,0,100
17:41:50,8,7,7,12.7,0.07,0.17,0.09,18.7,177,62,127,226.0,0,1,0,100
17:41:50,8,7,7,12.7,0.07,0.17,0.09,18.5,177,62,127,226.0,0,1,0,100
17:41:50,8,7,7,12.7,0.07,0.17,0.09,18.8,177,62,127,226.0,0,1,0,100
17:41:50,8,7,7,12.7,0.07,0.17,0.09,18.8,177,62,127,226.0,0,1,0,100
17:41:50,8,7,7,12.7,0.07,0.17,0.09,18.7,177,62,127,226.0,0,1,0,100
17:41:50,8,7,7,12.7,0.07,0.17,0.09,18.5,177,62,127,226.0,0,1,0,100
17:41:50,6,3,6,9.0,0.04,0.1,0.09,18.6,179,99,184,275.0,0,1,0,100
17:41:50,6,3,6,9.0,0.04,0.1,0.09,18.7,179,99,184,275.0,0,1,0,100
17:41:50,6,3,6,9.0,0.04,0.1,0.09,18.6,179,99,184,275.0,0,1,0,100
17:41:51,6,3,6,9.0,0.04,0.1,0.09,18.7,179,99,184,275.0,1,0,0,100
17:41:51,6,3,6,9.0,0.04,0.1,0.09,18.6,179,99,184,275.0,1,0,0,100
17:41:51,6,3,6,9.0,0.04,0.1,0.09,18.5,179,99,184,275.0,1,0,0,100
17:41:51,6,3,6,9.0,0.04,0.1,0.09,18.6,179,99,184,275.0,1,0,0,100
17:41:51,6,3,6,9.0,0.04,0.1,0.09,18.6,179,99,184,275.0,1,0,0,100
17:41:51,6,3,6,9.0,0.04,0.1,0.09,18.5,179,99,184,275.0,1,0,0,100
17:41:51,6,3,6,9.0,0.04,0.1,0.09,18.5,179,99,184,275.0,1,0,0,100
17:41:51,6,8,9,13.5,0.09,0.17,0.07,18.6,174,142,208,306.0,1,0,0,100
17:41:51,6,8,9,13.5,0.09,0.17,0.07,18.5,174,142,208,306.0,1,0,0,100
17:41:51,6,8,9,13.5,0.09,0.17,0.07,18.6,174,142,208,306.0,1,0,0,100
17:41:52,6,8,9,13.5,0.09,0.17,0.07,18.4,174,142,208,306.0,0,0,0,100
17:41:52,6,8,9,13.5,0.09,0.17,0.07,18.5,174,142,208,306.0,0,0,0,100
17:41:52,6,8,9,13.5,0.09,0.17,0.07,18.4,174,142,208,306.0,0,0,0,100
17:41:52,6,8,9,13.5,0.09,0.17,0.07,18.5,174,142,208,306.0,0,0,0,100
17:41:52,6,8,9,13.5,0.09,0.17,0.07,18.6,174,142,208,306.0,0,0,0,100
17:41:52,6,8,9,13.5,0.09,0.17,0.07,18.8,174,142,208,306.0,0,0,0,100
17:41:52,6,8,9,13.5,0.09,0.17,0.07,18.6,174,142,208,306.0,0,0,0,100
17:41:52,8,5,6,11.2,0.1,0.14,0.07,18.6,257,151,170,343.0,0,0,0,100
17:41:52,8,5,6,11.2,0.1,0.14,0.07,18.5,257,151,170,343.0,0,0,0,100
17:41:52,8,5,6,11.2,0.1,0.14,0.07,18.4,257,151,170,343.0,0,0,0,100
17:41:53,8,5,6,11.2,0.1,0.14,0.07,18.5,257,151,170,343.0,0,0,1,100
17:41:53,8,5,6,11.2,0.1,0.14,0.07,18.4,257,151,170,343.0,0,0,1,100
17:41:53,8,5,6,11.2,0.1,0.14,0.07,18.7,257,151,170,343.0,0,0,1,100
17:41:53,8,5,6,11.2,0.1,0.14,0.07,18.5,257,151,170,343.0,0,0,1,100
17:41:53,8,5,6,11.2,0.1,0.14,0.07,18.5,257,151,170,343.0,0,0,1,100
17:41:53,8,5,6,11.2,0.1,0.14,0.07,18.6,257,151,170,343.0,0,0,1,100
17:41:53,8,5,6,11.2,0.1,0.14,0.07,18.6,257,151,170,343.0,0,0,1,100
17:41:53,10,6,9,14.7,0.1,0.26,0.07,18.6,232,144,232,358.0,0,0,1,100
17:41:53,10,6,9,14.7,0.1,0.26,0.07,18.4,232,144,232,358.0,0,0,1,100
17:41:53,10,6,9,14.7,0.1,0.26,0.07,18.6,232,144,232,358.0,0,0,1,100
17:41:54,10,6,9,14.7,0.1,0.26,0.07,18.5,232,144,232,358.0,0,0,0,100
17:41:54,10,6,9,14.7,0.1,0.26,0.07,18.5,232,144,232,358.0,0,0,0,100
17:41:54,10,6,9,14.7,0.1,0.26,0.07,18.6,232,144,232,358.0,0,0,0,100
17:41:54,10,6,9,14.7,0.1,0.26,0.07,18.6,232,144,232,358.0,0,0,0,100
17:41:54,10,6,9,14.7,0.1,0.26,0.07,18.7,232,144,232,358.0,0,0,0,100
17:41:54,10,6,9,14.7,0.1,0.26,0.07,18.6,232,144,232,358.0,0,0,0,100
17:41:54,10,6,9,14.7,0.1,0.26,0.07,18.6,232,144,232,358.0,0,0,0,100
17:41:54,8,6,10,14.1,0.04,0.19,0.11,18.6,207,108,228,326.0,0,0,0,100
17:41:54,8,6,10,14.1,0.04,0.19,0.11,18.5,207,108,228,326.0,0,0,0,100
17:41:54,8,6,10,14.1,0.04,0.19,0.11,18.7,207,108,228,326.0,0,0,0,100
17:41:55,8,6,10,14.1,0.04,0.19,0.11,18.5,207,108,228,326.0,2,0,0,100
17:41:55,8,6,10,14.1,0.04,0.19,0.11,18.5,207,108,228,326.0,2,0,0,100
17:41:55,8,6,10,14.1,0.04,0.19,0.11,18.6,207,108,228,326.0,2,0,0,100
17:41:55,8,6,10,14.1,0.04,0.19,0.11,18.5,207,108,228,326.0,2,0,0,100
17:41:55,8,6,10,14.1,0.04,0.19,0.11,18.4,207,108,228,326.0,2,0,0,100
17:41:55,8,6,10,14.1,0.04,0.19,0.11,18.5,207,108,228,326.0,2,0,0,100
17:41:55,8,6,10,14.1,0.04,0.19,0.11,18.6,207,108,228,326.0,2,0,0,100
17:41:55,6,2,3,7.0,0.08,0.13,0.07,18.6,173,59,101,209.0,2,0,0,100
17:41:55,6,2,3,7.0,0.08,0.13,0.07,18.6,173,59,101,209.0,2,0,0,100
17:41:55,6,2,3,7.0,0.08,0.13,0.07,18.4,173,59,101,209.0,2,0,0,100
17:41:56,6,2,3,7.0,0.08,0.13,0.07,18.4,173,59,101,209.0,0,2,0,100
17:41:56,6,2,3,7.0,0.08,0.13,0.07,18.5,173,59,101,209.0,0,2,0,100
17:41:56,6,2,3,7.0,0.08,0.13,0.07,18.7,173,59,101,209.0,0,2,0,100
17:41:56,6,2,3,7.0,0.08,0.13,0.07,18.7,173,59,101,209.0,0,2,0,100
17:41:56,6,2,3,7.0,0.08,0.13,0.07,18.6,173,59,101,209.0,0,2,0,100
17:41:56,6,2,3,7.0,0.08,0.13,0.07,18.7,173,59,101,209.0,0,2,0,100
17:41:56,6,2,3,7.0,0.08,0.13,0.07,18.6,173,59,101,209.0,0,2,0,100
17:41:56,4,2,5,6.7,0.09,0.1,0.04,18.4,100,39,147,182.0,0,2,0,100
17:41:56,4,2,5,6.7,0.09,0.1,0.04,18.6,100,39,147,182.0,0,2,0,100
17:41:56,4,2,5,6.7,0.09,0.1,0.04,18.6,100,39,147,182.0,0,2,0,100
17:41:57,4,2,5,6.7,0.09,0.1,0.04,18.5,100,39,147,182.0,1,1,0,100
17:41:57,4,2,5,6.7,0.09,0.1,0.04,18.9,100,39,147,182.0,1,1,0,100
17:41:57,4,2,5,6.7,0.09,0.1,0.04,18.4,100,39,147,182.0,1,1,0,100
17:41:57,4,2,5,6.7,0.09,0.1,0.04,18.7,100,39,147,182.0,1,1,0,100
17:41:57,4,2,5,6.7,0.09,0.1,0.04,18.3,100,39,147,182.0,1,1,0,100
17:41:57,4,2,5,6.7,0.09,0.1,0.04,18.4,100,39,147,182.0,1,1,0,100
17:41:57,4,2,5,6.7,0.09,0.1,0.04,18.4,100,39,147,182.0,1,1,0,100
17:41:57,9,6,4,11.5,0.04,0.15,0.04,18.6,214,87,108,255.0,1,1,0,100
17:41:57,9,6,4,11.5,0.04,0.15,0.04,18.5,214,87,108,255.0,1,1,0,100
17:41:57,9,6,4,11.5,0.04,0.15,0.04,18.7,214,87,108,255.0,1,1,0,100
17:41:58,9,6,4,11.5,0.04,0.15,0.04,18.6,214,87,108,255.0,0,0,2,100
17:41:58,9,6,4,11.5,0.04,0.15,0.04,18.4,214,87,108,255.0,0,0,2,100
17:41:58,9,6,4,11.5,0.04,0.15,0.04,18.6,214,87,108,255.0,0,0,2,100
17:41:58,9,6,4,11.5,0.04,0.15,0.04,18.4,214,87,108,255.0,0,0,2,100
17:41:58,9,6,4,11.5,0.04,0.15,0.04,18.4,214,87,108,255.0,0,0,2,100
17:41:58,9,6,4,11.5,0.04,0.15,0.04,18.7,214,87,108,255.0,0,0,2,100
17:41:58,9,6,4,11.5,0.04,0.15,0.04,18.6,214,87,108,255.0,0,0,2,100
17:41:58,7,4,7,10.7,0.03,0.12,0.05,18.5,183,122,208,303.0,0,0,2,100
17:41:58,7,4,7,10.7,0.03,0.12,0.05,18.7,183,122,208,303.0,0,0,2,100
17:41:58,7,4,7,10.7,0.03,0.12,0.05,18.6,183,122,208,303.0,0,0,2,100
17:41:59,7,4,7,10.7,0.03,0.12,0.05,18.3,183,122,208,303.0,3,0,0,100
17:41:59,7,4,7,10.7,0.03,0.12,0.05,18.7,183,122,208,303.0,3,0,0,100
17:41:59,7,4,7,10.7,0.03,0.12,0.05,18.6,183,122,208,303.0,3,0,0,100
17:41:59,7,4,7,10.7,0.03,0.12,0.05,18.5,183,122,208,303.0,3,0,0,100
17:41:59,7,4,7,10.7,0.03,0.12,0.05,18.6,183,122,208,303.0,3,0,0,100
17:41:59,7,4,7,10.7,0.03,0.12,0.05,18.7,183,122,208,303.0,3,0,0,100
17:41:59,7,4,7,10.7,0.03,0.12,0.05,18.5,183,122,208,303.0,3,0,0,100
17:41:59,9,6,9,14.1,0.03,0.21,0.05,18.6,221,157,242,363.0,3,0,0,100
17:41:59,9,6,9,14.1,0.03,0.21,0.05,18.8,221,157,242,363.0,3,0,0,100
17:41:59,9,6,9,14.1,0.03,0.21,0.05,18.8,221,157,242,363.0,3,0,0,100
17:42:00,9,6,9,14.1,0.03,0.21,0.05,18.5,221,157,242,363.0,0,0,0,100
17:42:00,9,6,9,14.1,0.03,0.21,0.05,18.4,221,157,242,363.0,0,0,0,100
17:42:00,9,6,9,14.1,0.03,0.21,0.05,18.5,221,157,242,363.0,0,0,0,100
17:42:00,9,6,9,14.1,0.03,0.21,0.05,18.5,221,157,242,363.0,0,0,0,100
17:42:00,9,6,9,14.1,0.03,0.21,0.05,18.6,221,157,242,363.0,0,0,0,100
17:42:00,9,6,9,14.1,0.03,0.21,0.05,18.4,221,157,242,363.0,0,0,0,100
17:42:00,9,6,9,14.1,0.03,0.21,0.05,18.6,221,157,242,363.0,0,0,0,100
17:42:00,9,6,9,14.1,0.03,0.21,0.05,18.5,221,157,242,363.0,0,0,0,100
17:42:00,10,5,6,12.7,0.09,0.15,0.04,18.6,263,155,121,328.0,0,0,0,100
17:42:00,10,5,6,12.7,0.09,0.15,0.04,18.5,263,155,121,328.0,0,0,0,100
17:42:01,10,5,6,12.7,0.09,0.15,0.04,18.6,263,155,121,328.0,0,0,1,100
17:42:01,10,5,6,12.7,0.09,0.15,0.04,18.4,263,155,121,328.0,0,0,1,100
17:42:01,10,5,6,12.7,0.09,0.15,0.04,18.6,263,155,121,328.0,0,0,1,100
17:42:01,10,5,6,12.7,0.09,0.15,0.04,18.7,263,155,121,328.0,0,0,1,100
17:42:01,10,5,6,12.7,0.09,0.15,0.04,18.4,263,155,121,328.0,0,0,1,100
17:42:01,10,5,6,12.7,0.09,0.15,0.04,18.7,263,155,121,328.0,0,0,1,100
17:42:01,10,5,6,12.7,0.09,0.15,0.04,18.6,263,155,121,328.0,0,0,1,100
17:42:01,10,5,6,12.7,0.09,0.15,0.04,18.7,263,155,121,328.0,0,0,1,100
17:42:01,8,5,7,11.7,0.09,0.16,0.07,18.6,236,143,193,337.0,0,0,1,100
17:42:01,8,5,7,11.7,0.09,0.16,0.07,18.6,236,143,193,337.0,0,0,1,100
17:42:02,8,5,7,11.7,0.09,0.16,0.07,18.6,236,143,193,337.0,0,0,0,100
17:42:02,8,5,7,11.7,0.09,0.16,0.07,18.7,236,143,193,337.0,0,0,0,100
17:42:02,8,5,7,11.7,0.09,0.16,0.07,18.7,236,143,193,337.0,0,0,0,100
17:42:02,8,5,7,11.7,0.09,0.16,0.07,18.6,236,143,193,337.0,0,0,0,100
17:42:02,8,5,7,11.7,0.09,0.16,0.07,18.4,236,143,193,337.0,0,0,0,100
17:42:02,8,5,7,11.7,0.09,0.16,0.07,18.6,236,143,193,337.0,0,0,0,100
17:42:02,8,5,7,11.7,0.09,0.16,0.07,18.6,236,143,193,337.0,0,0,0,100
17:42:02,8,5,7,11.7,0.09,0.16,0.07,18.7,236,143,193,337.0,0,0,0,100
17:42:02,5,4,9,11.0,0.04,0.18,0.13,18.6,140,80,174,237.0,0,0,0,100
17:42:03,5,4,9,11.0,0.04,0.18,0.13,18.7,140,80,174,237.0,0,0,0,100
17:42:03,5,4,9,11.0,0.04,0.18,0.13,18.7,140,80,174,237.0,0,0,1,100
17:42:03,5,4,9,11.0,0.04,0.18,0.13,18.5,140,80,174,237.0,0,0,1,100
17:42:03,5,4,9,11.0,0.04,0.18,0.13,18.5,140,80,174,237.0,0,0,1,100
17:42:03,5,4,9,11.0,0.04,0.18,0.13,18.7,140,80,174,237.0,0,0,1,100
17:42:03,5,4,9,11.0,0.04,0.18,0.13,18.6,140,80,174,237.0,0,0,1,100
17:42:03,5,4,9,11.0,0.04,0.18,0.13,18.6,140,80,174,237.0,0,0,1,100
17:42:03,5,4,9,11.0,0.04,0.18,0.13,18.7,140,80,174,237.0,0,0,1,100
17:42:03,5,4,9,11.0,0.04,0.18,0.13,18.6,140,80,174,237.0,0,0,1,100
17:42:03,6,1,5,7.9,0.05,0.14,0.09,18.6,169,30,152,229.0,0,0,1,100
17:42:03,6,1,5,7.9,0.05,0.14,0.09,18.5,169,30,152,229.0,0,0,1,100
17:42:04,6,1,5,7.9,0.05,0.14,0.09,18.5,169,30,152,229.0,2,2,0,100
17:42:04,6,1,5,7.9,0.05,0.14,0.09,18.6,169,30,152,229.0,2,2,0,100
17:42:04,6,1,5,7.9,0.05,0.14,0.09,18.6,169,30,152,229.0,2,2,0,100
17:42:04,6,1,5,7.9,0.05,0.14,0.09,18.4,169,30,152,229.0,2,2,0,100
17:42:04,6,1,5,7.9,0.05,0.14,0.09,18.7,169,30,152,229.0,2,2,0,100
17:42:04,6,1,5,7.9,0.05,0.14,0.09,18.6,169,30,152,229.0,2,2,0,100
17:42:04,6,1,5,7.9,0.05,0.14,0.09,18.4,169,30,152,229.0,2,2,0,100
17:42:04,6,1,5,7.9,0.05,0.14,0.09,18.4,169,30,152,229.0,2,2,0,100
17:42:04,6,3,5,8.4,0.1,0.17,0.04,18.6,167,83,146,237.0,2,2,0,100
17:42:05,6,3,5,8.4,0.1,0.17,0.04,18.6,167,83,146,237.0,2,2,0,100
17:42:05,6,3,5,8.4,0.1,0.17,0.04,18.6,167,83,146,237.0,1,0,0,100
17:42:05,6,3,5,8.4,0.1,0.17,0.04,18.7,167,83,146,237.0,1,0,0,100
17:42:05,6,3,5,8.4,0.1,0.17,0.04,18.6,167,83,146,237.0,1,0,0,100
17:42:05,6,3,5,8.4,0.1,0.17,0.04,18.5,167,83,146,237.0,1,0,0,100
17:42:05,6,3,5,8.4,0.1,0.17,0.04,18.6,167,83,146,237.0,1,0,0,100
17:42:05,6,3,5,8.4,0.1,0.17,0.04,18.6,167,83,146,237.0,1,0,0,100
17:42:05,6,3,5,8.4,0.1,0.17,0.04,18.8,167,83,146,237.0,1,0,0,100
17:42:05,6,3,5,8.4,0.1,0.17,0.04,18.6,167,83,146,237.0,1,0,0,100
17:42:05,9,5,11,15.1,0.09,0.2,0.08,18.5,216,126,155,294.0,1,0,0,100
17:42:06,9,5,11,15.1,0.09,0.2,0.08,18.6,216,126,155,294.0,1,0,0,100
17:42:06,9,5,11,15.1,0.09,0.2,0.08,18.4,216,126,155,294.0,0,0,0,100
17:42:06,9,5,11,15.1,0.09,0.2,0.08,18.4,216,126,155,294.0,0,0,0,100
17:42:06,9,5,11,15.1,0.09,0.2,0.08,18.7,216,126,155,294.0,0,0,0,100
17:42:06,9,5,11,15.1,0.09,0.2,0.08,18.4,216,126,155,294.0,0,0,0,100
17:42:06,9,5,11,15.1,0.09,0.2,0.08,18.5,216,126,155,294.0,0,0,0,100
17:42:06,9,5,11,15.1,0.09,0.2,0.08,18.4,216,126,155,294.0,0,0,0,100
17:42:06,9,5,11,15.1,0.09,0.2,0.08,18.6,216,126,155,294.0,0,0,0,100
17:42:06,9,5,11,15.1,0.09,0.2,0.08,18.5,216,126,155,294.0,0,0,0,100
17:42:06,6,4,7,10.0,0.04,0.13,0.08,18.6,180,136,231,323.0,0,0,0,100
17:42:07,6,4,7,10.0,0.04,0.13,0.08,18.4,180,136,231,323.0,0,0,0,100
17:42:07,6,4,7,10.0,0.04,0.13,0.08,18.5,180,136,231,323.0,0,0,0,100
17:42:07,6,4,7,10.0,0.04,0.13,0.08,18.7,180,136,231,323.0,0,0,0,100
17:42:07,6,4,7,10.0,0.04,0.13,0.08,18.6,180,136,231,323.0,0,0,0,100
17:42:07,6,4,7,10.0,0.04,0.13,0.08,18.5,180,136,231,323.0,0,0,0,100
17:42:07,6,4,7,10.0,0.04,0.13,0.08,18.4,180,136,231,323.0,0,0,0,100
17:42:07,6,4,7,10.0,0.04,0.13,0.08,18.4,180,136,231,323.0,0,0,0,100
17:42:07,6,4,7,10.0,0.04,0.13,0.08,18.6,180,136,231,323.0,0,0,0,100
17:42:07,6,4,7,10.0,0.04,0.13,0.08,18.6,180,136,231,323.0,0,0,0,100
17:42:07,8,5,7,11.7,0.09,0.16,0.06,18.4,236,146,232,362.0,0,0,0,100
17:42:08,8,5,7,11.7,0.09,0.16,0.06,18.6,236,146,232,362.0,0,0,0,100
17:42:08,8,5,7,11.7,0.09,0.16,0.06,18.4,236,146,232,362.0,0,0,0,100
17:42:08,8,5,7,11.7,0.09,0.16,0.06,18.7,236,146,232,362.0,0,0,0,100
17:42:08,8,5,7,11.7,0.09,0.16,0.06,18.6,236,146,232,362.0,0,0,0,100
17:42:08,8,5,7,11.7,0.09,0.16,0.06,18.6,236,146,232,362.0,0,0,0,100
17:42:08,8,5,7,11.7,0.09,0.16,0.06,18.5,236,146,232,362.0,0,0,0,100
17:42:08,8,5,7,11.7,0.09,0.16,0.06,18.6,236,146,232,362.0,0,0,0,100
17:42:08,8,5,7,11.7,0.09,0.16,0.06,18.7,236,146,232,362.0,0,0,0,100
17:42:08,8,5,7,11.7,0.09,0.16,0.06,18.5,236,146,232,362.0,0,0,0,100
17:42:08,11,7,6,14.4,0.08,0.1,0.06,18.4,233,142,151,312.0,0,0,0,100
17:42:09,11,7,6,14.4,0.08,0.1,0.06,18.4,233,142,151,312.0,0,0,0,100
17:42:09,11,7,6,14.4,0.08,0.1,0.06,18.6,233,142,151,312.0,0,0,2,100
17:42:09,11,7,6,14.4,0.08,0.1,0.06,18.6,233,142,151,312.0,0,0,2,100
17:42:09,11,7,6,14.4,0.08,0.1,0.06,18.6,233,142,151,312.0,0,0,2,100
17:42:09,11,7,6,14.4,0.08,0.1,0.06,18.7,233,142,151,312.0,0,0,2,100
17:42:09,11,7,6,14.4,0.08,0.1,0.06,18.5,233,142,151,312.0,0,0,2,100
17:42:09,11,7,6,14.4,0.08,0.1,0.06,18.6,233,142,151,312.0,0,0,2,100
17:42:09,11,7,6,14.4,0.08,0.1,0.06,18.7,233,142,151,312.0,0,0,2,100
17:42:09,11,7,6,14.4,0.08,0.1,0.06,18.5,233,142,151,312.0,0,0,2,100
17:42:09,4,3,7,8.6,0.05,0.12,0.05,18.4,136,94,199,259.0,0,0,2,100
17:42:10,4,3,7,8.6,0.05,0.12,0.05,18.6,136,94,199,259.0,0,0,2,100
17:42:10,4,3,7,8.6,0.05,0.12,0.05,18.7,136,94,199,259.0,1,0,0,100
17:42:10,4,3,7,8.6,0.05,0.12,0.05,18.7,136,94,199,259.0,1,0,0,100
17:42:10,4,3,7,8.6,0.05,0.12,0.05,18.7,136,94,199,259.0,1,0,0,100
17:42:10,4,3,7,8.6,0.05,0.12,0.05,18.7,136,94,199,259.0,1,0,0,100
17:42:10,4,3,7,8.6,0.05,0.12,0.05,18.6,136,94,199,259.0,1,0,0,100
17:42:10,4,3,7,8.6,0.05,0.12,0.05,18.4,136,94,199,259.0,1,0,0,100
17:42:10,4,3,7,8.6,0.05,0.12,0.05,18.7,136,94,199,259.0,1,0,0,100
17:42:10,4,3,7,8.6,0.05,0.12,0.05,18.4,136,94,199,259.0,1,0,0,100
17:42:10,8,1,5,9.5,0.04,0.15,0.12,18.6,221,50,127,260.0,1,0,0,100
17:42:11,8,1,5,9.5,0.04,0.15,0.12,18.7,221,50,127,260.0,1,0,0,100
17:42:11,8,1,5,9.5,0.04,0.15,0.12,18.3,221,50,127,260.0,0,1,0,100
17:42:11,8,1,5,9.5,0.04,0.15,0.12,18.7,221,50,127,260.0,0,1,0,100
17:42:11,8,1,5,9.5,0.04,0.15,0.12,18.5,221,50,127,260.0,0,1,0,100
17:42:11,8,1,5,9.5,0.04,0.15,0.12,18.5,221,50,127,260.0,0,1,0,100
17:42:11,8,1,5,9.5,0.04,0.15,0.12,18.5,221,50,127,260.0,0,1,0,100
17:42:11,8,1,5,9.5,0.04,0.15,0.12,18.6,221,50,127,260.0,0,1,0,100
17:42:11,8,1,5,9.5,0.04,0.15,0.12,18.6,221,50,127,260.0,0,1,0,100
17:42:11,8,1,5,9.5,0.04,0.15,0.12,18.6,221,50,127,260.0,0,1,0,100
17:42:11,4,2,5,6.7,0.05,0.23,0.08,18.4,130,58,162,216.0,0,1,0,100
17:42:12,4,2,5,6.7,0.05,0.23,0.08,18.3,130,58,162,216.0,0,1,0,100
17:42:12,4,2,5,6.7,0.05,0.23,0.08,18.6,130,58,162,216.0,2,0,0,100
17:42:12,4,2,5,6.7,0.05,0.23,0.08,18.7,130,58,162,216.0,2,0,0,100
17:42:12,4,2,5,6.7,0.05,0.23,0.08,18.4,130,58,162,216.0,2,0,0,100
17:42:12,4,2,5,6.7,0.05,0.23,0.08,18.4,130,58,162,216.0,2,0,0,100
17:42:12,4,2,5,6.7,0.05,0.23,0.08,18.6,130,58,162,216.0,2,0,0,100
17:42:12,4,2,5,6.7,0.05,0.23,0.08,18.6,130,58,162,216.0,2,0,0,100
17:42:12,4,2,5,6.7,0.05,0.23,0.08,18.6,130,58,162,216.0,2,0,0,100
17:42:12,4,2,5,6.7,0.05,0.23,0.08,18.6,130,58,162,216.0,2,0,0,100
17:42:12,6,8,5,11.2,0.09,0.24,0.04,18.5,187,92,166,266.0,2,0,0,100
17:42:13,6,8,5,11.2,0.09,0.24,0.04,18.4,187,92,166,266.0,2,0,0,100
17:42:13,6,8,5,11.2,0.09,0.24,0.04,18.6,187,92,166,266.0,0,0,2,100
17:42:13,6,8,5,11.2,0.09,0.24,0.04,18.8,187,92,166,266.0,0,0,2,100
17:42:13,6,8,5,11.2,0.09,0.24,0.04,18.6,187,92,166,266.0,0,0,2,100
17:42:13,6,8,5,11.2,0.09,0.24,0.04,18.7,187,92,166,266.0,0,0,2,100
17:42:13,6,8,5,11.2,0.09,0.24,0.04,18.6,187,92,166,266.0,0,0,2,100
17:42:13,6,8,5,11.2,0.09,0.24,0.04,18.5,187,92,166,266.0,0,0,2,100
17:42:13,6,8,5,11.2,0.09,0.24,0.04,18.6,187,92,166,266.0,0,0,2,100
17:42:13,6,8,5,11.2,0.09,0.24,0.04,18.5,187,92,166,266.0,0,0,2,100
17:42:13,10,5,6,12.7,0.07,0.23,0.05,18.6,242,142,186,337.0,0,0,2,100
17:42:14,10,5,6,12.7,0.07,0.23,0.05,18.6,242,142,186,337.0,0,0,2,100
17:42:14,10,5,6,12.7,0.07,0.23,0.05,18.4,242,142,186,337.0,0,0,1,100
17:42:14,10,5,6,12.7,0.07,0.23,0.05,18.4,242,142,186,337.0,0,0,1,100
17:42:14,10,5,6,12.7,0.07,0.23,0.05,18.5,242,142,186,337.0,0,0,1,100
17:42:14,10,5,6,12.7,0.07,0.23,0.05,18.6,242,142,186,337.0,0,0,1,100
17:42:14,10,5,6,12.7,0.07,0.23,0.05,18.5,242,142,186,337.0,0,0,1,100
17:42:14,10,5,6,12.7,0.07,0.23,0.05,18.5,242,142,186,337.0,0,0,1,100
17:42:14,10,5,6,12.7,0.07,0.23,0.05,18.4,242,142,186,337.0,0,0,1,100
17:42:14,10,5,6,12.7,0.07,0.23,0.05,18.7,242,142,186,337.0,0,0,1,100
17:42:15,5,5,9,11.4,0.03,0.18,0.05,18.6,147,143,247,321.0,0,0,1,100
17:42:15,5,5,9,11.4,0.03,0.18,0.05,18.4,147,143,247,321.0,0,0,1,100
17:42:15,5,5,9,11.4,0.03,0.18,0.05,18.8,147,143,247,321.0,2,0,0,100
17:42:15,5,5,9,11.4,0.03,0.18,0.05,18.7,147,143,247,321.0,2,0,0,100
17:42:15,5,5,9,11.4,0.03,0.18,0.05,18.6,147,143,247,321.0,2,0,0,100
17:42:15,5,5,9,11.4,0.03,0.18,0.05,18.5,147,143,247,321.0,2,0,0,100
17:42:15,5,5,9,11.4,0.03,0.18,0.05,18.4,147,143,247,321.0,2,0,0,100
17:42:15,5,5,9,11.4,0.03,0.18,0.05,18.4,147,143,247,321.0,2,0,0,100
17:42:15,5,5,9,11.4,0.03,0.18,0.05,18.7,147,143,247,321.0,2,0,0,100
17:42:15,5,5,9,11.4,0.03,0.18,0.05,18.5,147,143,247,321.0,2,0,0,100
17:42:15,8,5,8,12.4,0.1,0.26,0.07,18.5,233,149,211,348.0,2,0,0,100
17:42:16,8,5,8,12.4,0.1,0.26,0.07,18.4,233,149,211,348.0,2,0,0,100
17:42:16,8,5,8,12.4,0.1,0.26,0.07,18.7,233,149,211,348.0,0,0,0,100
17:42:16,8,5,8,12.4,0.1,0.26,0.07,18.7,233,149,211,348.0,0,0,0,100
17:42:16,8,5,8,12.4,0.1,0.26,0.07,18.7,233,149,211,348.0,0,0,0,100
17:42:16,8,5,8,12.4,0.1,0.26,0.07,18.5,233,149,211,348.0,0,0,0,100
17:42:16,8,5,8,12.4,0.1,0.26,0.07,18.6,233,149,211,348.0,0,0,0,100
17:42:16,8,5,8,12.4,0.1,0.26,0.07,18.6,233,149,211,348.0,0,0,0,100
17:42:16,8,5,8,12.4,0.1,0.26,0.07,18.7,233,149,211,348.0,0,0,0,100
17:42:16,8,5,8,12.4,0.1,0.26,0.07,18.7,233,149,211,348.0,0,0,0,100
17:42:17,9,5,5,11.4,0.12,0.16,0.07,18.5,249,147,134,319.0,0,0,0,100
17:42:17,9,5,5,11.4,0.12,0.16,0.07,18.7,249,147,134,319.0,0,0,0,100
17:42:17,9,5,5,11.4,0.12,0.16,0.07,18.4,249,147,134,319.0,0,0,2,100
17:42:17,9,5,5,11.4,0.12,0.16,0.07,18.5,249,147,134,319.0,0,0,2,100
17:42:17,9,5,5,11.4,0.12,0.16,0.07,18.6,249,147,134,319.0,0,0,2,100
17:42:17,9,5,5,11.4,0.12,0.16,0.07,18.6,249,147,134,319.0,0,0,2,100
17:42:17,9,5,5,11.4,0.12,0.16,0.07,18.6,249,147,134,319.0,0,0,2,100
17:42:17,9,5,5,11.4,0.12,0.16,0.07,18.5,249,147,134,319.0,0,0,2,100
17:42:17,9,5,5,11.4,0.12,0.16,0.07,18.7,249,147,134,319.0,0,0,2,100
17:42:17,9,5,5,11.4,0.12,0.16,0.07,18.5,249,147,134,319.0,0,0,2,100
17:42:18,4,4,9,10.6,0.08,0.17,0.05,18.5,99,71,183,220.0,0,0,2,100
17:42:18,4,4,9,10.6,0.08,0.17,0.05,18.5,99,71,183,220.0,0,0,2,100
17:42:18,4,4,9,10.6,0.08,0.17,0.05,18.6,99,71,183,220.0,0,0,0,100
17:42:18,4,4,9,10.6,0.08,0.17,0.05,18.6,99,71,183,220.0,0,0,0,100
17:42:18,4,4,9,10.6,0.08,0.17,0.05,18.9,99,71,183,220.0,0,0,0,100
17:42:18,4,4,9,10.6,0.08,0.17,0.05,18.6,99,71,183,220.0,0,0,0,100
17:42:18,4,4,9,10.6,0.08,0.17,0.05,18.4,99,71,183,220.0,0,0,0,100
17:42:18,4,4,9,10.6,0.08,0.17,0.05,18.5,99,71,183,220.0,0,0,0,100
17:42:18,4,4,9,10.6,0.08,0.17,0.05,18.5,99,71,183,220.0,0,0,0,100
17:42:18,4,4,9,10.6,0.08,0.17,0.05,18.8,99,71,183,220.0,0,0,0,100
17:42:19,7,1,7,9.9,0.04,0.13,0.1,18.6,162,42,87,189.0,0,0,0,100
17:42:19,7,1,7,9.9,0.04,0.13,0.1,18.6,162,42,87,189.0,0,0,0,100
17:42:19,7,1,7,9.9,0.04,0.13,0.1,18.4,162,42,87,189.0,0,2,3,100
17:42:19,7,1,7,9.9,0.04,0.13,0.1,18.5,162,42,87,189.0,0,2,3,100
17:42:19,7,1,7,9.9,0.04,0.13,0.1,18.6,162,42,87,189.0,0,2,3,100
17:42:19,7,1,7,9.9,0.04,0.13,0.1,18.5,162,42,87,189.0,0,2,3,100
17:42:19,7,1,7,9.9,0.04,0.13,0.1,18.7,162,42,87,189.0,0,2,3,100
17:42:19,7,1,7,9.9,0.04,0.13,0.1,18.8,162,42,87,189.0,0,2,3,100
17:42:19,7,1,7,9.9,0.04,0.13,0.1,18.7,162,42,87,189.0,0,2,3,100
17:42:19,7,1,7,9.9,0.04,0.13,0.1,18.5,162,42,87,189.0,0,2,3,100
17:42:20,4,3,7,8.6,0.07,0.14,0.1,18.5,95,94,199,240.0,0,2,3,100
17:42:20,4,3,7,8.6,0.07,0.14,0.1,18.6,95,94,199,240.0,0,2,3,100
17:42:20,4,3,7,8.6,0.07,0.14,0.1,18.4,95,94,199,240.0,1,0,0,100
17:42:20,4,3,7,8.6,0.07,0.14,0.1,18.5,95,94,199,240.0,1,0,0,100
17:42:20,4,3,7,8.6,0.07,0.14,0.1,18.4,95,94,199,240.0,1,0,0,100
17:42:20,4,3,7,8.6,0.07,0.14,0.1,18.6,95,94,199,240.0,1,0,0,100
17:42:20,4,3,7,8.6,0.07,0.14,0.1,18.6,95,94,199,240.0,1,0,0,100
17:42:20,4,3,7,8.6,0.07,0.14,0.1,18.6,95,94,199,240.0,1,0,0,100
17:42:20,4,3,7,8.6,0.07,0.14,0.1,18.4,95,94,199,240.0,1,0,0,100
17:42:20,4,3,7,8.6,0.07,0.14,0.1,18.4,95,94,199,240.0,1,0,0,100
17:42:21,9,5,6,11.9,0.07,0.14,0.03,18.5,244,125,181,329.0,1,0,0,100
17:42:21,9,5,6,11.9,0.07,0.14,0.03,18.6,244,125,181,329.0,1,0,0,100
17:42:21,9,5,6,11.9,0.07,0.14,0.03,18.4,244,125,181,329.0,0,0,1,100
17:42:21,9,5,6,11.9,0.07,0.14,0.03,18.4,244,125,181,329.0,0,0,1,100
17:42:21,9,5,6,11.9,0.07,0.14,0.03,18.7,244,125,181,329.0,0,0,1,100
17:42:21,9,5,6,11.9,0.07,0.14,0.03,18.6,244,125,181,329.0,0,0,1,100
17:42:21,9,5,6,11.9,0.07,0.14,0.03,18.4,244,125,181,329.0,0,0,1,100
17:42:21,9,5,6,11.9,0.07,0.14,0.03,18.5,244,125,181,329.0,0,0,1,100
17:42:21,9,5,6,11.9,0.07,0.14,0.03,18.8,244,125,181,329.0,0,0,1,100
17:42:21,9,5,6,11.9,0.07,0.14,0.03,18.7,244,125,181,329.0,0,0,1,100
17:42:22,10,6,7,13.6,0.08,0.16,0.06,18.5,269,163,180,362.0,0,0,1,100
17:42:22,10,6,7,13.6,0.08,0.16,0.06,18.6,269,163,180,362.0,0,0,1,100
17:42:22,10,6,7,13.6,0.08,0.16,0.06,18.6,269,163,180,362.0,0,0,0,100
17:42:22,10,6,7,13.6,0.08,0.16,0.06,18.4,269,163,180,362.0,0,0,0,100
17:42:22,10,6,7,13.6,0.08,0.16,0.06,18.5,269,163,180,362.0,0,0,0,100
17:42:22,10,6,7,13.6,0.08,0.16,0.06,18.8,269,163,180,362.0,0,0,0,100
17:42:22,10,6,7,13.6,0.08,0.16,0.06,18.4,269,163,180,362.0,0,0,0,100
17:42:22,10,6,7,13.6,0.08,0.16,0.06,18.5,269,163,180,362.0,0,0,0,100
17:42:22,10,6,7,13.6,0.08,0.16,0.06,18.6,269,163,180,362.0,0,0,0,100
17:42:22,10,6,7,13.6,0.08,0.16,0.06,18.8,269,163,180,362.0,0,0,0,100
17:42:23,4,6,10,12.3,0.03,0.18,0.08,18.5,123,154,244,314.0,0,0,0,100
17:42:23,4,6,10,12.3,0.03,0.18,0.08,18.5,123,154,244,314.0,0,0,0,100
17:42:23,4,6,10,12.3,0.03,0.18,0.08,18.4,123,154,244,314.0,3,0,0,100
17:42:23,4,6,10,12.3,0.03,0.18,0.08,18.2,123,154,244,314.0,3,0,0,100
17:42:23,4,6,10,12.3,0.03,0.18,0.08,18.6,123,154,244,314.0,3,0,0,100
17:42:23,4,6,10,12.3,0.03,0.18,0.08,18.5,123,154,244,314.0,3,0,0,100
17:42:23,4,6,10,12.3,0.03,0.18,0.08,18.7,123,154,244,314.0,3,0,0,100
17:42:23,4,6,10,12.3,0.03,0.18,0.08,18.5,123,154,244,314.0,3,0,0,100
17:42:23,4,6,10,12.3,0.03,0.18,0.08,18.6,123,154,244,314.0,3,0,0,100
17:42:23,4,6,10,12.3,0.03,0.18,0.08,18.7,123,154,244,314.0,3,0,0,100
17:42:24,9,4,6,11.5,0.12,0.19,0.09,18.6,221,127,180,312.0,3,0,0,100
17:42:24,9,4,6,11.5,0.12,0.19,0.09,18.4,221,127,180,312.0,3,0,0,100
17:42:24,9,4,6,11.5,0.12,0.19,0.09,18.6,221,127,180,312.0,0,0,1,100
17:42:24,9,4,6,11.5,0.12,0.19,0.09,18.6,221,127,180,312.0,0,0,1,100
17:42:24,9,4,6,11.5,0.12,0.19,0.09,18.8,221,127,180,312.0,0,0,1,100
17:42:24,9,4,6,11.5,0.12,0.19,0.09,18.4,221,127,180,312.0,0,0,1,100
17:42:24,9,4,6,11.5,0.12,0.19,0.09,18.6,221,127,180,312.0,0,0,1,100
17:42:24,9,4,6,11.5,0.12,0.19,0.09,18.6,221,127,180,312.0,0,0,1,100
17:42:24,9,4,6,11.5,0.12,0.19,0.09,18.4,221,127,180,312.0,0,0,1,100
17:42:24,9,4,6,11.5,0.12,0.19,0.09,18.6,221,127,180,312.0,0,0,1,100
17:42:25,7,4,7,10.7,0.13,0.17,0.05,18.4,187,88,174,270.0,0,0,1,100
17:42:25,7,4,7,10.7,0.13,0.17,0.05,18.6,187,88,174,270.0,0,0,1,100
17:42:25,7,4,7,10.7,0.13,0.17,0.05,18.6,187,88,174,270.0,1,0,0,100
17:42:25,7,4,7,10.7,0.13,0.17,0.05,18.5,187,88,174,270.0,1,0,0,100
17:42:25,7,4,7,10.7,0.13,0.17,0.05,18.7,187,88,174,270.0,1,0,0,100
17:42:25,7,4,7,10.7,0.13,0.17,0.05,18.5,187,88,174,270.0,1,0,0,100
17:42:25,7,4,7,10.7,0.13,0.17,0.05,18.6,187,88,174,270.0,1,0,0,100
17:42:25,7,4,7,10.7,0.13,0.17,0.05,18.7,187,88,174,270.0,1,0,0,100
17:42:25,7,4,7,10.7,0.13,0.17,0.05,18.4,187,88,174,270.0,1,0,0,100
17:42:26,7,4,7,10.7,0.13,0.17,0.05,18.6,187,88,174,270.0,1,0,0,100
17:42:26,5,2,6,8.1,0.14,0.19,0.08,18.2,159,34,190,250.0,1,0,0,100
17:42:26,5,2,6,8.1,0.14,0.19,0.08,18.5,159,34,190,250.0,1,0,0,100
17:42:26,5,2,6,8.1,0.14,0.19,0.08,18.5,159,34,190,250.0,2,2,0,100
17:42:26,5,2,6,8.1,0.14,0.19,0.08,18.8,159,34,190,250.0,2,2,0,100
17:42:26,5,2,6,8.1,0.14,0.19,0.08,18.4,159,34,190,250.0,2,2,0,100
17:42:26,5,2,6,8.1,0.14,0.19,0.08,18.4,159,34,190,250.0,2,2,0,100
17:42:26,5,2,6,8.1,0.14,0.19,0.08,18.5,159,34,190,250.0,2,2,0,100
17:42:26,5,2,6,8.1,0.14,0.19,0.08,18.4,159,34,190,250.0,2,2,0,100
17:42:26,5,2,6,8.1,0.14,0.19,0.08,18.7,159,34,190,250.0,2,2,0,100
17:42:26,5,2,6,8.1,0.14,0.19,0.08,18.7,159,34,190,250.0,2,2,0,100
17:42:27,6,2,4,7.5,0.05,0.2,0.07,18.8,179,75,141,240.0,2,2,0,100
17:42:27,6,2,4,7.5,0.05,0.2,0.07,18.4,179,75,141,240.0,2,2,0,100
17:42:27,6,2,4,7.5,0.05,0.2,0.07,18.5,179,75,141,240.0,0,0,0,100
17:42:27,6,2,4,7.5,0.05,0.2,0.07,18.7,179,75,141,240.0,0,0,0,100
17:42:27,6,2,4,7.5,0.05,0.2,0.07,18.6,179,75,141,240.0,0,0,0,100
17:42:27,6,2,4,7.5,0.05,0.2,0.07,18.6,179,75,141,240.0,0,0,0,100
17:42:27,6,2,4,7.5,0.05,0.2,0.07,18.6,179,75,141,240.0,0,0,0,100
17:42:27,6,2,4,7.5,0.05,0.2,0.07,18.7,179,75,141,240.0,0,0,0,100
17:42:27,6,2,4,7.5,0.05,0.2,0.07,18.7,179,75,141,240.0,0,0,0,100
17:42:28,6,2,4,7.5,0.05,0.2,0.07,18.6,179,75,141,240.0,0,0,0,100
17:42:28,3,4,7,8.6,0.05,0.14,0.06,18.4,99,105,208,253.0,0,0,0,100
17:42:28,3,4,7,8.6,0.05,0.14,0.06,18.5,99,105,208,253.0,0,0,0,100
17:42:29,3,4,7,8.6,0.05,0.14,0.06,18.6,99,105,208,253.0,0,0,0,100
17:42:29,3,4,7,8.6,0.05,0.14,0.06,18.6,99,105,208,253.0,0,0,0,100
17:42:29,3,4,7,8.6,0.05,0.14,0.06,18.6,99,105,208,253.0,0,0,0,100
17:42:29,3,4,7,8.6,0.05,0.14,0.06,18.5,99,105,208,253.0,0,0,0,100
17:42:29,3,4,7,8.6,0.05,0.14,0.06,18.6,99,105,208,253.0,0,0,0,100
17:42:29,3,4,7,8.6,0.05,0.14,0.06,18.5,99,105,208,253.0,0,0,0,100
17:42:29,3,4,7,8.6,0.05,0.14,0.06,18.7,99,105,208,253.0,0,0,0,100
17:42:29,3,4,7,8.6,0.05,0.14,0.06,18.4,99,105,208,253.0,0,0,0,100
17:42:29,9,5,6,11.9,0.05,0.11,0.04,18.6,243,136,178,330.0,0,0,0,100
17:42:29,9,5,6,11.9,0.05,0.11,0.04,18.4,243,136,178,330.0,0,0,0,100
17:42:29,9,5,6,11.9,0.05,0.11,0.04,18.4,243,136,178,330.0,0,0,3,100
17:42:29,9,5,6,11.9,0.05,0.11,0.04,18.6,243,136,178,330.0,0,0,3,100
17:42:29,9,5,6,11.9,0.05,0.11,0.04,18.5,243,136,178,330.0,0,0,3,100
17:42:29,9,5,6,11.9,0.05,0.11,0.04,18.5,243,136,178,330.0,0,0,3,100
17:42:29,9,5,6,11.9,0.05,0.11,0.04,18.9,243,136,178,330.0,0,0,3,100
17:42:29,9,5,6,11.9,0.05,0.11,0.04,18.6,243,136,178,330.0,0,0,3,100
17:42:29,9,5,6,11.9,0.05,0.11,0.04,18.4,243,136,178,330.0,0,0,3,100
17:42:30,9,5,6,11.9,0.05,0.11,0.04,18.4,243,136,178,330.0,0,0,3,100
17:42:30,8,5,6,11.2,0.03,0.14,0.03,18.6,233,132,171,318.0,0,0,3,100
17:42:30,8,5,6,11.2,0.03,0.14,0.03,18.6,233,132,171,318.0,0,0,3,100
17:42:30,8,5,6,11.2,0.03,0.14,0.03,18.4,233,132,171,318.0,0,0,0,100
17:42:30,8,5,6,11.2,0.03,0.14,0.03,18.9,233,132,171,318.0,0,0,0,100
17:42:30,8,5,6,11.2,0.03,0.14,0.03,18.4,233,132,171,318.0,0,0,0,100
17:42:30,8,5,6,11.2,0.03,0.14,0.03,18.4,233,132,171,318.0,0,0,0,100
17:42:30,8,5,6,11.2,0.03,0.14,0.03,18.4,233,132,171,318.0,0,0,0,100
17:42:30,8,5,6,11.2,0.03,0.14,0.03,18.5,233,132,171,318.0,0,0,0,100
17:42:30,8,5,6,11.2,0.03,0.14,0.03,18.4,233,132,171,318.0,0,0,0,100
17:42:31,8,5,6,11.2,0.03,0.14,0.03,18.6,233,132,171,318.0,0,0,0,100
17:42:31,5,5,9,11.4,0.04,0.16,0.13,18.6,128,135,240,304.0,0,0,0,100
17:42:31,5,5,9,11.4,0.04,0.16,0.13,18.7,128,135,240,304.0,0,0,0,100
17:42:31,5,5,9,11.4,0.04,0.16,0.13,18.5,128,135,240,304.0,1,0,0,100
17:42:31,5,5,9,11.4,0.04,0.16,0.13,18.6,128,135,240,304.0,1,0,0,100
17:42:31,5,5,9,11.4,0.04,0.16,0.13,18.8,128,135,240,304.0,1,0,0,100
17:42:31,5,5,9,11.4,0.04,0.16,0.13,18.6,128,135,240,304.0,1,0,0,100
17:42:31,5,5,9,11.4,0.04,0.16,0.13,18.6,128,135,240,304.0,1,0,0,100
17:42:31,5,5,9,11.4,0.04,0.16,0.13,18.6,128,135,240,304.0,1,0,0,100
17:42:31,5,5,9,11.4,0.04,0.16,0.13,18.7,128,135,240,304.0,1,0,0,100
17:42:32,5,5,9,11.4,0.04,0.16,0.13,18.5,128,135,240,304.0,1,0,0,100
17:42:32,7,6,7,11.6,0.04,0.15,0.13,18.6,183,115,170,275.0,1,0,0,100
17:42:32,7,6,7,11.6,0.04,0.15,0.13,18.8,183,115,170,275.0,1,0,0,100
17:42:32,7,6,7,11.6,0.04,0.15,0.13,18.7,183,115,170,275.0,0,0,0,100
17:42:32,7,6,7,11.6,0.04,0.15,0.13,18.7,183,115,170,275.0,0,0,0,100
17:42:32,7,6,7,11.6,0.04,0.15,0.13,18.7,183,115,170,275.0,0,0,0,100
17:42:32,7,6,7,11.6,0.04,0.15,0.13,18.4,183,115,170,275.0,0,0,0,100
17:42:32,7,6,7,11.6,0.04,0.15,0.13,18.6,183,115,170,275.0,0,0,0,100
17:42:32,7,6,7,11.6,0.04,0.15,0.13,18.7,183,115,170,275.0,0,0,0,100
17:42:32,7,6,7,11.6,0.04,0.15,0.13,18.4,183,115,170,275.0,0,0,0,100
17:42:33,7,6,7,11.6,0.04,0.15,0.13,18.6,183,115,170,275.0,0,0,0,100
17:42:33,5,2,5,7.3,0.03,0.1,0.03,18.7,140,52,143,207.0,0,0,0,100
17:42:33,5,2,5,7.3,0.03,0.1,0.03,18.7,140,52,143,207.0,0,0,0,100
17:42:33,5,2,5,7.3,0.03,0.1,0.03,18.4,140,52,143,207.0,0,0,0,100
17:42:33,5,2,5,7.3,0.03,0.1,0.03,18.7,140,52,143,207.0,0,0,0,100
17:42:33,5,2,5,7.3,0.03,0.1,0.03,18.4,140,52,143,207.0,0,0,0,100
17:42:33,5,2,5,7.3,0.03,0.1,0.03,18.5,140,52,143,207.0,0,0,0,100
17:42:33,5,2,5,7.3,0.03,0.1,0.03,18.6,140,52,143,207.0,0,0,0,100
17:42:33,5,2,5,7.3,0.03,0.1,0.03,18.6,140,52,143,207.0,0,0,0,100
17:42:33,5,2,5,7.3,0.03,0.1,0.03,18.6,140,52,143,207.0,0,0,0,100
17:42:34,5,2,5,7.3,0.03,0.1,0.03,18.6,140,52,143,207.0,0,0,0,100
17:42:34,5,2,6,8.1,0.07,0.13,0.05,18.9,150,56,133,208.0,0,0,0,100
17:42:34,5,2,6,8.1,0.07,0.13,0.05,18.6,150,56,133,208.0,0,0,0,100
17:42:34,5,2,6,8.1,0.07,0.13,0.05,18.6,150,56,133,208.0,0,0,1,100
17:42:34,5,2,6,8.1,0.07,0.13,0.05,18.6,150,56,133,208.0,0,0,1,100
17:42:34,5,2,6,8.1,0.07,0.13,0.05,18.5,150,56,133,208.0,0,0,1,100
17:42:34,5,2,6,8.1,0.07,0.13,0.05,18.4,150,56,133,208.0,0,0,1,100
17:42:34,5,2,6,8.1,0.07,0.13,0.05,18.8,150,56,133,208.0,0,0,1,100
17:42:34,5,2,6,8.1,0.07,0.13,0.05,18.6,150,56,133,208.0,0,0,1,100
17:42:34,5,2,6,8.1,0.07,0.13,0.05,18.4,150,56,133,208.0,0,0,1,100
17:42:35,5,2,6,8.1,0.07,0.13,0.05,18.6,150,56,133,208.0,0,0,1,100
17:42:35,6,5,7,10.5,0.04,0.1,0.07,18.4,165,104,179,265.0,0,0,1,100
17:42:35,6,5,7,10.5,0.04,0.1,0.07,18.6,165,104,179,265.0,0,0,1,100
17:42:35,6,5,7,10.5,0.04,0.1,0.07,18.7,165,104,179,265.0,0,0,0,100
17:42:35,6,5,7,10.5,0.04,0.1,0.07,18.7,165,104,179,265.0,0,0,0,100
17:42:35,6,5,7,10.5,0.04,0.1,0.07,18.7,165,104,179,265.0,0,0,0,100
17:42:35,6,5,7,10.5,0.04,0.1,0.07,18.6,165,104,179,265.0,0,0,0,100
17:42:35,6,5,7,10.5,0.04,0.1,0.07,18.4,165,104,179,265.0,0,0,0,100
17:42:35,6,5,7,10.5,0.04,0.1,0.07,18.6,165,104,179,265.0,0,0,0,100
17:42:35,6,5,7,10.5,0.04,0.1,0.07,18.6,165,104,179,265.0,0,0,0,100
17:42:36,6,5,7,10.5,0.04,0.1,0.07,18.5,165,104,179,265.0,0,0,0,100
17:42:36,5,4,8,10.2,0.07,0.11,0.07,18.6,152,137,236,312.0,0,0,0,100
17:42:36,5,4,8,10.2,0.07,0.11,0.07,18.6,152,137,236,312.0,0,0,0,100
17:42:36,5,4,8,10.2,0.07,0.11,0.07,18.5,152,137,236,312.0,1,0,0,100
17:42:36,5,4,8,10.2,0.07,0.11,0.07,18.4,152,137,236,312.0,1,0,0,100
17:42:36,5,4,8,10.2,0.07,0.11,0.07,18.8,152,137,236,312.0,1,0,0,100
17:42:36,5,4,8,10.2,0.07,0.11,0.07,18.6,152,137,236,312.0,1,0,0,100
17:42:36,5,4,8,10.2,0.07,0.11,0.07,18.4,152,137,236,312.0,1,0,0,100
17:42:36,5,4,8,10.2,0.07,0.11,0.07,18.4,152,137,236,312.0,1,0,0,100
17:42:36,5,4,8,10.2,0.07,0.11,0.07,18.5,152,137,236,312.0,1,0,0,100
17:42:37,5,4,8,10.2,0.07,0.11,0.07,18.6,152,137,236,312.0,1,0,0,100
17:42:37,9,5,6,11.9,0.07,0.09,0.05,18.7,252,147,178,342.0,1,0,0,100
17:42:37,9,5,6,11.9,0.07,0.09,0.05,18.5,252,147,178,342.0,1,0,0,100
17:42:37,9,5,6,11.9,0.07,0.09,0.05,18.6,252,147,178,342.0,0,0,0,100
17:42:37,9,5,6,11.9,0.07,0.09,0.05,18.6,252,147,178,342.0,0,0,0,100
17:42:37,9,5,6,11.9,0.07,0.09,0.05,18.7,252,147,178,342.0,0,0,0,100
17:42:37,9,5,6,11.9,0.07,0.09,0.05,18.4,252,147,178,342.0,0,0,0,100
17:42:37,9,5,6,11.9,0.07,0.09,0.05,18.7,252,147,178,342.0,0,0,0,100
17:42:37,9,5,6,11.9,0.07,0.09,0.05,18.8,252,147,178,342.0,0,0,0,100
17:42:37,9,5,6,11.9,0.07,0.09,0.05,18.5,252,147,178,342.0,0,0,0,100
17:42:38,9,5,6,11.9,0.07,0.09,0.05,18.4,252,147,178,342.0,0,0,0,100
17:42:38,8,4,7,11.4,0.07,0.15,0.08,18.4,239,139,201,342.0,0,0,0,100
17:42:38,8,4,7,11.4,0.07,0.15,0.08,18.5,239,139,201,342.0,0,0,0,100
17:42:38,8,4,7,11.4,0.07,0.15,0.08,18.6,239,139,201,342.0,0,0,0,100
17:42:38,8,4,7,11.4,0.07,0.15,0.08,18.8,239,139,201,342.0,0,0,0,100
17:42:38,8,4,7,11.4,0.07,0.15,0.08,18.7,239,139,201,342.0,0,0,0,100
17:42:38,8,4,7,11.4,0.07,0.15,0.08,18.6,239,139,201,342.0,0,0,0,100
17:42:38,8,4,7,11.4,0.07,0.15,0.08,18.8,239,139,201,342.0,0,0,0,100
17:42:38,8,4,7,11.4,0.07,0.15,0.08,18.8,239,139,201,342.0,0,0,0,100
17:42:38,8,4,7,11.4,0.07,0.15,0.08,18.5,239,139,201,342.0,0,0,0,100
17:42:39,8,4,7,11.4,0.07,0.15,0.08,18.6,239,139,201,342.0,0,0,0,100
17:42:39,4,4,7,9.0,0.05,0.1,0.08,18.4,115,120,208,266.0,0,0,0,100
17:42:39,4,4,7,9.0,0.05,0.1,0.08,18.4,115,120,208,266.0,0,0,0,100
17:42:39,4,4,7,9.0,0.05,0.1,0.08,18.7,115,120,208,266.0,1,0,0,100
17:42:39,4,4,7,9.0,0.05,0.1,0.08,18.5,115,120,208,266.0,1,0,0,100
17:42:39,4,4,7,9.0,0.05,0.1,0.08,18.6,115,120,208,266.0,1,0,0,100
17:42:39,4,4,7,9.0,0.05,0.1,0.08,18.4,115,120,208,266.0,1,0,0,100
17:42:39,4,4,7,9.0,0.05,0.1,0.08,18.6,115,120,208,266.0,1,0,0,100
17:42:39,4,4,7,9.0,0.05,0.1,0.08,18.7,115,120,208,266.0,1,0,0,100
17:42:40,4,4,7,9.0,0.05,0.1,0.08,18.4,115,120,208,266.0,1,0,0,100
17:42:40,4,4,7,9.0,0.05,0.1,0.08,18.5,115,120,208,266.0,1,0,0,100
17:42:40,6,2,3,7.0,0.04,0.09,0.05,18.5,171,67,104,211.0,1,0,0,100
17:42:40,6,2,3,7.0,0.04,0.09,0.05,18.4,171,67,104,211.0,1,0,0,100
17:42:40,6,2,3,7.0,0.04,0.09,0.05,18.6,171,67,104,211.0,0,0,1,100
17:42:40,6,2,3,7.0,0.04,0.09,0.05,18.4,171,67,104,211.0,0,0,1,100
17:42:40,6,2,3,7.0,0.04,0.09,0.05,18.8,171,67,104,211.0,0,0,1,100
17:42:40,6,2,3,7.0,0.04,0.09,0.05,18.5,171,67,104,211.0,0,0,1,100
17:42:40,6,2,3,7.0,0.04,0.09,0.05,18.7,171,67,104,211.0,0,0,1,100
17:42:40,6,2,3,7.0,0.04,0.09,0.05,18.6,171,67,104,211.0,0,0,1,100
17:42:40,6,2,3,7.0,0.04,0.09,0.05,18.6,171,67,104,211.0,0,0,1,100
17:42:41,6,2,3,7.0,0.04,0.09,0.05,18.7,171,67,104,211.0,0,0,1,100
17:42:41,5,2,5,7.3,0.08,0.25,0.04,18.6,116,50,154,199.0,0,0,1,100
17:42:41,5,2,5,7.3,0.08,0.25,0.04,18.6,116,50,154,199.0,0,0,1,100
17:42:41,5,2,5,7.3,0.08,0.25,0.04,18.6,116,50,154,199.0,2,1,0,100
17:42:41,5,2,5,7.3,0.08,0.25,0.04,18.8,116,50,154,199.0,2,1,0,100
17:42:41,5,2,5,7.3,0.08,0.25,0.04,18.6,116,50,154,199.0,2,1,0,100
17:42:41,5,2,5,7.3,0.08,0.25,0.04,18.8,116,50,154,199.0,2,1,0,100
17:42:41,5,2,5,7.3,0.08,0.25,0.04,18.6,116,50,154,199.0,2,1,0,100
17:42:41,5,2,5,7.3,0.08,0.25,0.04,18.6,116,50,154,199.0,2,1,0,100
17:42:41,5,2,5,7.3,0.08,0.25,0.04,18.6,116,50,154,199.0,2,1,0,100
17:42:42,5,2,5,7.3,0.08,0.25,0.04,18.5,116,50,154,199.0,2,1,0,100
17:42:42,8,4,5,10.2,0.07,0.33,0.05,18.7,220,101,130,275.0,2,1,0,100
17:42:42,8,4,5,10.2,0.07,0.33,0.05,18.4,220,101,130,275.0,2,1,0,100
17:42:42,8,4,5,10.2,0.07,0.33,0.05,18.7,220,101,130,275.0,0,0,4,100
17:42:42,8,4,5,10.2,0.07,0.33,0.05,18.6,220,101,130,275.0,0,0,4,100
17:42:42,8,4,5,10.2,0.07,0.33,0.05,18.7,220,101,130,275.0,0,0,4,100
17:42:42,8,4,5,10.2,0.07,0.33,0.05,18.4,220,101,130,275.0,0,0,4,100
17:42:42,8,4,5,10.2,0.07,0.33,0.05,18.6,220,101,130,275.0,0,0,4,100
17:42:42,8,4,5,10.2,0.07,0.33,0.05,18.4,220,101,130,275.0,0,0,4,100
17:42:42,8,4,5,10.2,0.07,0.33,0.05,18.4,220,101,130,275.0,0,0,4,100
17:42:43,8,4,5,10.2,0.07,0.33,0.05,18.6,220,101,130,275.0,0,0,4,100
17:42:43,8,7,10,14.6,0.05,0.3,0.08,18.4,199,124,222,323.0,0,0,4,100
17:42:43,8,7,10,14.6,0.05,0.3,0.08,18.4,199,124,222,323.0,0,0,4,100
17:42:43,8,7,10,14.6,0.05,0.3,0.08,18.6,199,124,222,323.0,1,0,0,100
17:42:43,8,7,10,14.6,0.05,0.3,0.08,18.7,199,124,222,323.0,1,0,0,100
17:42:43,8,7,10,14.6,0.05,0.3,0.08,18.6,199,124,222,323.0,1,0,0,100
17:42:43,8,7,10,14.6,0.05,0.3,0.08,18.9,199,124,222,323.0,1,0,0,100
17:42:43,8,7,10,14.6,0.05,0.3,0.08,18.7,199,124,222,323.0,1,0,0,100
17:42:43,8,7,10,14.6,0.05,0.3,0.08,18.5,199,124,222,323.0,1,0,0,100
17:42:44,8,7,10,14.6,0.05,0.3,0.08,18.5,199,124,222,323.0,1,0,0,100
17:42:44,8,7,10,14.6,0.05,0.3,0.08,18.6,199,124,222,323.0,1,0,0,100
17:42:44,7,5,9,12.4,0.04,0.12,0.04,18.5,179,133,257,340.0,1,0,0,100
17:42:44,7,5,9,12.4,0.04,0.12,0.04,18.7,179,133,257,340.0,1,0,0,100
17:42:44,7,5,9,12.4,0.04,0.12,0.04,18.4,179,133,257,340.0,1,0,0,100
17:42:44,7,5,9,12.4,0.04,0.12,0.04,18.6,179,133,257,340.0,1,0,0,100
17:42:44,7,5,9,12.4,0.04,0.12,0.04,18.7,179,133,257,340.0,1,0,0,100
17:42:44,7,5,9,12.4,0.04,0.12,0.04,18.5,179,133,257,340.0,1,0,0,100
17:42:44,7,5,9,12.4,0.04,0.12,0.04,18.5,179,133,257,340.0,1,0,0,100
17:42:44,7,5,9,12.4,0.04,0.12,0.04,18.6,179,133,257,340.0,1,0,0,100
17:42:45,7,5,9,12.4,0.04,0.12,0.04,18.6,179,133,257,340.0,1,0,0,100
17:42:45,7,5,9,12.4,0.04,0.12,0.04,18.8,179,133,257,340.0,1,0,0,100
17:42:45,7,5,7,11.1,0.1,0.12,0.03,18.4,218,127,173,306.0,1,0,0,100
17:42:45,7,5,7,11.1,0.1,0.12,0.03,18.6,218,127,173,306.0,1,0,0,100
17:42:45,7,5,7,11.1,0.1,0.12,0.03,18.4,218,127,173,306.0,0,0,2,100
17:42:45,7,5,7,11.1,0.1,0.12,0.03,18.6,218,127,173,306.0,0,0,2,100
17:42:45,7,5,7,11.1,0.1,0.12,0.03,18.7,218,127,173,306.0,0,0,2,100
17:42:45,7,5,7,11.1,0.1,0.12,0.03,18.6,218,127,173,306.0,0,0,2,100
17:42:45,7,5,7,11.1,0.1,0.12,0.03,18.7,218,127,173,306.0,0,0,2,100
17:42:45,7,5,7,11.1,0.1,0.12,0.03,18.6,218,127,173,306.0,0,0,2,100
17:42:46,7,5,7,11.1,0.1,0.12,0.03,18.7,218,127,173,306.0,0,0,2,100
17:42:46,7,5,7,11.1,0.1,0.12,0.03,18.6,218,127,173,306.0,0,0,2,100
17:42:46,7,4,6,10.0,0.06,0.14,0.05,18.4,214,125,186,310.0,0,0,2,100
17:42:46,7,4,6,10.0,0.06,0.14,0.05,18.5,214,125,186,310.0,0,0,2,100
17:42:46,7,4,6,10.0,0.06,0.14,0.05,18.6,214,125,186,310.0,1,0,0,100
17:42:46,7,4,6,10.0,0.06,0.14,0.05,18.7,214,125,186,310.0,1,0,0,100
17:42:46,7,4,6,10.0,0.06,0.14,0.05,18.5,214,125,186,310.0,1,0,0,100
17:42:46,7,4,6,10.0,0.06,0.14,0.05,18.7,214,125,186,310.0,1,0,0,100
17:42:46,7,4,6,10.0,0.06,0.14,0.05,18.6,214,125,186,310.0,1,0,0,100
17:42:46,7,4,6,10.0,0.06,0.14,0.05,18.4,214,125,186,310.0,1,0,0,100
17:42:47,7,4,6,10.0,0.06,0.14,0.05,18.6,214,125,186,310.0,1,0,0,100
17:42:47,7,4,6,10.0,0.06,0.14,0.05,18.6,214,125,186,310.0,1,0,0,100
17:42:47,4,3,7,8.6,0.05,0.19,0.1,18.4,134,92,199,257.0,1,0,0,100
17:42:47,4,3,7,8.6,0.05,0.19,0.1,18.4,134,92,199,257.0,1,0,0,100
17:42:47,4,3,7,8.6,0.05,0.19,0.1,18.6,134,92,199,257.0,2,0,0,100
17:42:47,4,3,7,8.6,0.05,0.19,0.1,18.5,134,92,199,257.0,2,0,0,100
17:42:47,4,3,7,8.6,0.05,0.19,0.1,18.4,134,92,199,257.0,2,0,0,100
17:42:47,4,3,7,8.6,0.05,0.19,0.1,18.5,134,92,199,257.0,2,0,0,100
17:42:47,4,3,7,8.6,0.05,0.19,0.1,18.6,134,92,199,257.0,2,0,0,100
17:42:47,4,3,7,8.6,0.05,0.19,0.1,18.6,134,92,199,257.0,2,0,0,100
17:42:48,4,3,7,8.6,0.05,0.19,0.1,18.8,134,92,199,257.0,2,0,0,100
17:42:48,4,3,7,8.6,0.05,0.19,0.1,18.6,134,92,199,257.0,2,0,0,100
17:42:48,5,2,5,7.3,0.03,0.13,0.05,18.7,142,41,124,193.0,2,0,0,100
17:42:48,5,2,5,7.3,0.03,0.13,0.05,18.7,142,41,124,193.0,2,0,0,100
17:42:48,5,2,5,7.3,0.03,0.13,0.05,18.6,142,41,124,193.0,0,3,1,100
17:42:48,5,2,5,7.3,0.03,0.13,0.05,18.5,142,41,124,193.0,0,3,1,100
17:42:48,5,2,5,7.3,0.03,0.13,0.05,18.5,142,41,124,193.0,0,3,1,100
17:42:48,5,2,5,7.3,0.03,0.13,0.05,18.7,142,41,124,193.0,0,3,1,100
17:42:48,5,2,5,7.3,0.03,0.13,0.05,18.5,142,41,124,193.0,0,3,1,100
17:42:48,5,2,5,7.3,0.03,0.13,0.05,18.4,142,41,124,193.0,0,3,1,100
17:42:49,5,2,5,7.3,0.03,0.13,0.05,18.4,142,41,124,193.0,0,3,1,100
17:42:49,5,2,5,7.3,0.03,0.13,0.05,18.7,142,41,124,193.0,0,3,1,100
17:42:49,5,2,5,7.3,0.06,0.12,0.03,18.7,142,72,152,220.0,0,3,1,100
17:42:49,5,2,5,7.3,0.06,0.12,0.03,18.8,142,72,152,220.0,0,3,1,100
17:42:49,5,2,5,7.3,0.06,0.12,0.03,18.6,142,72,152,220.0,0,0,0,100
17:42:49,5,2,5,7.3,0.06,0.12,0.03,18.3,142,72,152,220.0,0,0,0,100
17:42:49,5,2,5,7.3,0.06,0.12,0.03,18.4,142,72,152,220.0,0,0,0,100
17:42:49,5,2,5,7.3,0.06,0.12,0.03,18.6,142,72,152,220.0,0,0,0,100
17:42:49,5,2,5,7.3,0.06,0.12,0.03,18.4,142,72,152,220.0,0,0,0,100
17:42:49,5,2,5,7.3,0.06,0.12,0.03,18.5,142,72,152,220.0,0,0,0,100
17:42:50,5,2,5,7.3,0.06,0.12,0.03,18.6,142,72,152,220.0,0,0,0,100
17:42:50,5,2,5,7.3,0.06,0.12,0.03,18.5,142,72,152,220.0,0,0,0,100
17:42:50,7,4,3,8.6,0.07,0.14,0.04,18.4,196,121,110,255.0,0,0,0,100
17:42:50,7,4,3,8.6,0.07,0.14,0.04,18.6,196,121,110,255.0,0,0,0,100
17:42:50,7,4,3,8.6,0.07,0.14,0.04,18.7,196,121,110,255.0,0,0,1,100
17:42:50,7,4,3,8.6,0.07,0.14,0.04,18.6,196,121,110,255.0,0,0,1,100
17:42:50,7,4,3,8.6,0.07,0.14,0.04,18.5,196,121,110,255.0,0,0,1,100
17:42:50,7,4,3,8.6,0.07,0.14,0.04,18.7,196,121,110,255.0,0,0,1,100
17:42:50,7,4,3,8.6,0.07,0.14,0.04,18.7,196,121,110,255.0,0,0,1,100
17:42:50,7,4,3,8.6,0.07,0.14,0.04,18.7,196,121,110,255.0,0,0,1,100
17:42:51,7,4,3,8.6,0.07,0.14,0.04,18.5,196,121,110,255.0,0,0,1,100
17:42:51,7,4,3,8.6,0.07,0.14,0.04,18.7,196,121,110,255.0,0,0,1,100
17:42:51,5,4,8,10.2,0.05,0.11,0.05,18.6,168,134,237,320.0,0,0,1,100
17:42:51,5,4,8,10.2,0.05,0.11,0.05,18.6,168,134,237,320.0,0,0,1,100
17:42:51,5,4,8,10.2,0.05,0.11,0.05,18.8,168,134,237,320.0,3,0,0,100
17:42:51,5,4,8,10.2,0.05,0.11,0.05,18.5,168,134,237,320.0,3,0,0,100
17:42:51,5,4,8,10.2,0.05,0.11,0.05,18.6,168,134,237,320.0,3,0,0,100
17:42:51,5,4,8,10.2,0.05,0.11,0.05,18.4,168,134,237,320.0,3,0,0,100
17:42:51,5,4,8,10.2,0.05,0.11,0.05,18.5,168,134,237,320.0,3,0,0,100
17:42:51,5,4,8,10.2,0.05,0.11,0.05,18.9,168,134,237,320.0,3,0,0,100
17:42:52,5,4,8,10.2,0.05,0.11,0.05,18.4,168,134,237,320.0,3,0,0,100
17:42:52,5,4,8,10.2,0.05,0.11,0.05,18.4,168,134,237,320.0,3,0,0,100
17:42:52,8,5,8,12.4,0.08,0.15,0.09,18.6,225,164,242,369.0,3,0,0,100
17:42:52,8,5,8,12.4,0.08,0.15,0.09,18.5,225,164,242,369.0,3,0,0,100
17:42:52,8,5,8,12.4,0.08,0.15,0.09,18.6,225,164,242,369.0,0,0,0,100
17:42:52,8,5,8,12.4,0.08,0.15,0.09,18.4,225,164,242,369.0,0,0,0,100
17:42:52,8,5,8,12.4,0.08,0.15,0.09,18.4,225,164,242,369.0,0,0,0,100
17:42:52,8,5,8,12.4,0.08,0.15,0.09,18.6,225,164,242,369.0,0,0,0,100
17:42:52,8,5,8,12.4,0.08,0.15,0.09,18.4,225,164,242,369.0,0,0,0,100
17:42:52,8,5,8,12.4,0.08,0.15,0.09,18.5,225,164,242,369.0,0,0,0,100
17:42:53,8,5,8,12.4,0.08,0.15,0.09,18.5,225,164,242,369.0,0,0,0,100
17:42:53,8,5,8,12.4,0.08,0.15,0.09,18.7,225,164,242,369.0,0,0,0,100
17:42:53,10,5,4,11.9,0.08,0.2,0.04,18.7,266,143,110,321.0,0,0,0,100
17:42:53,10,5,4,11.9,0.08,0.2,0.04,18.7,266,143,110,321.0,0,0,0,100
17:42:53,10,5,4,11.9,0.08,0.2,0.04,18.7,266,143,110,321.0,0,0,0,100
17:42:53,10,5,4,11.9,0.08,0.2,0.04,18.7,266,143,110,321.0,0,0,0,100
17:42:53,10,5,4,11.9,0.08,0.2,0.04,18.4,266,143,110,321.0,0,0,0,100
17:42:53,10,5,4,11.9,0.08,0.2,0.04,18.7,266,143,110,321.0,0,0,0,100
17:42:53,10,5,4,11.9,0.08,0.2,0.04,18.6,266,143,110,321.0,0,0,0,100
17:42:53,10,5,4,11.9,0.08,0.2,0.04,18.5,266,143,110,321.0,0,0,0,100
17:42:54,10,5,4,11.9,0.08,0.2,0.04,18.5,266,143,110,321.0,0,0,0,100
17:42:54,10,5,4,11.9,0.08,0.2,0.04,18.5,266,143,110,321.0,0,0,0,100
17:42:54,6,4,6,9.4,0.1,0.15,0.08,18.7,174,115,193,284.0,0,0,0,100
17:42:54,6,4,6,9.4,0.1,0.15,0.08,18.6,174,115,193,284.0,0,0,0,100
17:42:54,6,4,6,9.4,0.1,0.15,0.08,18.5,174,115,193,284.0,1,0,0,100
17:42:54,6,4,6,9.4,0.1,0.15,0.08,18.6,174,115,193,284.0,1,0,0,100
17:42:54,6,4,6,9.4,0.1,0.15,0.08,18.7,174,115,193,284.0,1,0,0,100
17:42:54,6,4,6,9.4,0.1,0.15,0.08,18.5,174,115,193,284.0,1,0,0,100
17:42:54,6,4,6,9.4,0.1,0.15,0.08,18.5,174,115,193,284.0,1,0,0,100
17:42:54,6,4,6,9.4,0.1,0.15,0.08,18.7,174,115,193,284.0,1,0,0,100
17:42:55,6,4,6,9.4,0.1,0.15,0.08,18.5,174,115,193,284.0,1,0,0,100
17:42:55,6,4,6,9.4,0.1,0.15,0.08,18.6,174,115,193,284.0,1,0,0,100
17:42:55,5,2,6,8.1,0.05,0.13,0.07,18.6,151,70,164,234.0,1,0,0,100
17:42:55,5,2,6,8.1,0.05,0.13,0.07,18.5,151,70,164,234.0,1,0,0,100
17:42:55,5,2,6,8.1,0.05,0.13,0.07,18.8,151,70,164,234.0,0,1,1,100
17:42:55,5,2,6,8.1,0.05,0.13,0.07,18.5,151,70,164,234.0,0,1,1,100
17:42:55,5,2,6,8.1,0.05,0.13,0.07,18.7,151,70,164,234.0,0,1,1,100
17:42:55,5,2,6,8.1,0.05,0.13,0.07,18.4,151,70,164,234.0,0,1,1,100
17:42:55,5,2,6,8.1,0.05,0.13,0.07,18.5,151,70,164,234.0,0,1,1,100
17:42:55,5,2,6,8.1,0.05,0.13,0.07,18.5,151,70,164,234.0,0,1,1,100
17:42:56,5,2,6,8.1,0.05,0.13,0.07,18.3,151,70,164,234.0,0,1,1,100
17:42:56,5,2,6,8.1,0.05,0.13,0.07,18.5,151,70,164,234.0,0,1,1,100
17:42:56,7,2,6,9.4,0.08,0.24,0.08,18.7,169,59,153,235.0,0,1,1,100
17:42:56,7,2,6,9.4,0.08,0.24,0.08,18.7,169,59,153,235.0,0,1,1,100
17:42:56,7,2,6,9.4,0.08,0.24,0.08,18.4,169,59,153,235.0,3,0,0,100
17:42:56,7,2,6,9.4,0.08,0.24,0.08,18.4,169,59,153,235.0,3,0,0,100
17:42:56,7,2,6,9.4,0.08,0.24,0.08,18.4,169,59,153,235.0,3,0,0,100
17:42:56,7,2,6,9.4,0.08,0.24,0.08,18.5,169,59,153,235.0,3,0,0,100
17:42:56,7,2,6,9.4,0.08,0.24,0.08,18.4,169,59,153,235.0,3,0,0,100
17:42:56,7,2,6,9.4,0.08,0.24,0.08,18.6,169,59,153,235.0,3,0,0,100
17:42:57,7,2,6,9.4,0.08,0.24,0.08,18.6,169,59,153,235.0,3,0,0,100
17:42:57,7,2,6,9.4,0.08,0.24,0.08,18.6,169,59,153,235.0,3,0,0,100
17:42:57,8,6,10,14.1,0.09,0.34,0.06,18.6,207,132,204,319.0,3,0,0,100
17:42:57,8,6,10,14.1,0.09,0.34,0.06,18.5,207,132,204,319.0,3,0,0,100
17:42:57,8,6,10,14.1,0.09,0.34,0.06,18.5,207,132,204,319.0,1,0,0,100
17:42:57,8,6,10,14.1,0.09,0.34,0.06,18.4,207,132,204,319.0,1,0,0,100
17:42:57,8,6,10,14.1,0.09,0.34,0.06,18.6,207,132,204,319.0,1,0,0,100
17:42:57,8,6,10,14.1,0.09,0.34,0.06,18.4,207,132,204,319.0,1,0,0,100
17:42:57,8,6,10,14.1,0.09,0.34,0.06,18.6,207,132,204,319.0,1,0,0,100
17:42:57,8,6,10,14.1,0.09,0.34,0.06,18.6,207,132,204,319.0,1,0,0,100
17:42:58,8,6,10,14.1,0.09,0.34,0.06,18.7,207,132,204,319.0,1,0,0,100
17:42:58,8,6,10,14.1,0.09,0.34,0.06,18.6,207,132,204,319.0,1,0,0,100
17:42:58,9,5,4,11.0,0.08,0.13,0.06,18.5,259,147,131,325.0,1,0,0,100
17:42:58,9,5,4,11.0,0.08,0.13,0.06,18.4,259,147,131,325.0,1,0,0,100
17:42:58,9,5,4,11.0,0.08,0.13,0.06,18.5,259,147,131,325.0,0,0,0,100
17:42:58,9,5,4,11.0,0.08,0.13,0.06,18.5,259,147,131,325.0,0,0,0,100
17:42:58,9,5,4,11.0,0.08,0.13,0.06,18.6,259,147,131,325.0,0,0,0,100
17:42:58,9,5,4,11.0,0.08,0.13,0.06,18.4,259,147,131,325.0,0,0,0,100
17:42:58,9,5,4,11.0,0.08,0.13,0.06,18.7,259,147,131,325.0,0,0,0,100
17:42:58,9,5,4,11.0,0.08,0.13,0.06,18.6,259,147,131,325.0,0,0,0,100
17:42:59,9,5,4,11.0,0.08,0.13,0.06,18.4,259,147,131,325.0,0,0,0,100
17:42:59,9,5,4,11.0,0.08,0.13,0.06,18.6,259,147,131,325.0,0,0,0,100
17:42:59,6,6,7,11.0,0.05,0.13,0.05,18.7,192,140,234,333.0,0,0,0,100
17:42:59,6,6,7,11.0,0.05,0.13,0.05,18.5,192,140,234,333.0,0,0,0,100
17:42:59,6,6,7,11.0,0.05,0.13,0.05,18.5,192,140,234,333.0,1,0,0,100
17:42:59,6,6,7,11.0,0.05,0.13,0.05,18.6,192,140,234,333.0,1,0,0,100
17:42:59,6,6,7,11.0,0.05,0.13,0.05,18.4,192,140,234,333.0,1,0,0,100
17:42:59,6,6,7,11.0,0.05,0.13,0.05,18.6,192,140,234,333.0,1,0,0,100
17:42:59,6,6,7,11.0,0.05,0.13,0.05,18.7,192,140,234,333.0,1,0,0,100
17:43:00,6,6,7,11.0,0.05,0.13,0.05,18.6,192,140,234,333.0,1,0,0,100
17:43:00,6,6,7,11.0,0.05,0.13,0.05,18.5,192,140,234,333.0,1,0,0,100
17:43:00,6,6,7,11.0,0.05,0.13,0.05,18.5,192,140,234,333.0,1,0,0,100
17:43:00,6,4,7,10.0,0.05,0.14,0.08,18.6,189,129,235,328.0,1,0,0,100
17:43:00,6,4,7,10.0,0.05,0.14,0.08,18.6,189,129,235,328.0,1,0,0,100
17:43:00,6,4,7,10.0,0.05,0.14,0.08,18.6,189,129,235,328.0,0,0,0,100
17:43:00,6,4,7,10.0,0.05,0.14,0.08,18.8,189,129,235,328.0,0,0,0,100
17:43:00,6,4,7,10.0,0.05,0.14,0.08,18.5,189,129,235,328.0,0,0,0,100
17:43:00,6,4,7,10.0,0.05,0.14,0.08,18.4,189,129,235,328.0,0,0,0,100
17:43:00,6,4,7,10.0,0.05,0.14,0.08,18.5,189,129,235,328.0,0,0,0,100
17:43:00,6,4,7,10.0,0.05,0.14,0.08,18.6,189,129,235,328.0,0,0,0,100
17:43:01,6,4,7,10.0,0.05,0.14,0.08,18.6,189,129,235,328.0,0,0,0,100
17:43:01,6,4,7,10.0,0.05,0.14,0.08,18.6,189,129,235,328.0,0,0,0,100
17:43:01,6,3,5,8.4,0.06,0.11,0.05,18.5,195,104,104,244.0,0,0,0,100
17:43:01,6,3,5,8.4,0.06,0.11,0.05,18.7,195,104,104,244.0,0,0,0,100
17:43:01,6,3,5,8.4,0.06,0.11,0.05,18.6,195,104,104,244.0,0,0,2,100
17:43:01,6,3,5,8.4,0.06,0.11,0.05,18.4,195,104,104,244.0,0,0,2,100
17:43:01,6,3,5,8.4,0.06,0.11,0.05,18.5,195,104,104,244.0,0,0,2,100
17:43:01,6,3,5,8.4,0.06,0.11,0.05,18.7,195,104,104,244.0,0,0,2,100
17:43:01,6,3,5,8.4,0.06,0.11,0.05,18.7,195,104,104,244.0,0,0,2,100
17:43:02,6,3,5,8.4,0.06,0.11,0.05,18.7,195,104,104,244.0,0,0,2,100
17:43:02,6,3,5,8.4,0.06,0.11,0.05,18.6,195,104,104,244.0,0,0,2,100
17:43:02,6,3,5,8.4,0.06,0.11,0.05,18.5,195,104,104,244.0,0,0,2,100
17:43:02,5,4,6,8.8,0.07,0.14,0.03,18.9,120,68,160,211.0,0,0,2,100
17:43:02,5,4,6,8.8,0.07,0.14,0.03,18.4,120,68,160,211.0,0,0,2,100
17:43:02,5,4,6,8.8,0.07,0.14,0.03,18.5,120,68,160,211.0,2,0,0,100
17:43:02,5,4,6,8.8,0.07,0.14,0.03,18.4,120,68,160,211.0,2,0,0,100
17:43:02,5,4,6,8.8,0.07,0.14,0.03,18.4,120,68,160,211.0,2,0,0,100
17:43:02,5,4,6,8.8,0.07,0.14,0.03,18.4,120,68,160,211.0,2,0,0,100
17:43:02,5,4,6,8.8,0.07,0.14,0.03,18.6,120,68,160,211.0,2,0,0,100
17:43:03,5,4,6,8.8,0.07,0.14,0.03,18.6,120,68,160,211.0,2,0,0,100
17:43:03,5,4,6,8.8,0.07,0.14,0.03,18.6,120,68,160,211.0,2,0,0,100
17:43:03,5,4,6,8.8,0.07,0.14,0.03,18.4,120,68,160,211.0,2,0,0,100
17:43:03,5,1,3,5.9,0.03,0.12,0.05,18.6,148,35,112,189.0,2,0,0,100
17:43:03,5,1,3,5.9,0.03,0.12,0.05,18.3,148,35,112,189.0,2,0,0,100
17:43:03,5,1,3,5.9,0.03,0.12,0.05,18.4,148,35,112,189.0,0,0,0,100
17:43:03,5,1,3,5.9,0.03,0.12,0.05,18.6,148,35,112,189.0,0,0,0,100
17:43:03,5,1,3,5.9,0.03,0.12,0.05,18.5,148,35,112,189.0,0,0,0,100
17:43:03,5,1,3,5.9,0.03,0.12,0.05,18.7,148,35,112,189.0,0,0,0,100
17:43:03,5,1,3,5.9,0.03,0.12,0.05,18.6,148,35,112,189.0,0,0,0,100
17:43:04,5,1,3,5.9,0.03,0.12,0.05,18.6,148,35,112,189.0,0,0,0,100
17:43:04,5,1,3,5.9,0.03,0.12,0.05,18.6,148,35,112,189.0,0,0,0,100
17:43:04,5,1,3,5.9,0.03,0.12,0.05,18.7,148,35,112,189.0,0,0,0,100
17:43:04,5,3,7,9.1,0.06,0.13,0.09,18.5,134,88,189,248.0,0,0,0,100
17:43:04,5,3,7,9.1,0.06,0.13,0.09,18.5,134,88,189,248.0,0,0,0,100
17:43:04,5,3,7,9.1,0.06,0.13,0.09,18.7,134,88,189,248.0,2,0,0,100
17:43:04,5,3,7,9.1,0.06,0.13,0.09,18.4,134,88,189,248.0,2,0,0,100
17:43:04,5,3,7,9.1,0.06,0.13,0.09,18.4,134,88,189,248.0,2,0,0,100
17:43:04,5,3,7,9.1,0.06,0.13,0.09,18.5,134,88,189,248.0,2,0,0,100
17:43:04,5,3,7,9.1,0.06,0.13,0.09,18.8,134,88,189,248.0,2,0,0,100
17:43:05,5,3,7,9.1,0.06,0.13,0.09,18.5,134,88,189,248.0,2,0,0,100
17:43:05,5,3,7,9.1,0.06,0.13,0.09,18.6,134,88,189,248.0,2,0,0,100
17:43:05,5,3,7,9.1,0.06,0.13,0.09,18.7,134,88,189,248.0,2,0,0,100
17:43:05,7,5,6,10.5,0.04,0.11,0.05,18.6,211,117,172,296.0,2,0,0,100
17:43:05,7,5,6,10.5,0.04,0.11,0.05,18.6,211,117,172,296.0,2,0,0,100
17:43:05,7,5,6,10.5,0.04,0.11,0.05,18.4,211,117,172,296.0,0,0,2,100
17:43:05,7,5,6,10.5,0.04,0.11,0.05,18.6,211,117,172,296.0,0,0,2,100
17:43:05,7,5,6,10.5,0.04,0.11,0.05,18.4,211,117,172,296.0,0,0,2,100
17:43:05,7,5,6,10.5,0.04,0.11,0.05,18.5,211,117,172,296.0,0,0,2,100
17:43:05,7,5,6,10.5,0.04,0.11,0.05,18.4,211,117,172,296.0,0,0,2,100
17:43:06,7,5,6,10.5,0.04,0.11,0.05,18.6,211,117,172,296.0,0,0,2,100
17:43:06,7,5,6,10.5,0.04,0.11,0.05,18.3,211,117,172,296.0,0,0,2,100
17:43:06,7,5,6,10.5,0.04,0.11,0.05,18.4,211,117,172,296.0,0,0,2,100
17:43:06,9,8,5,13.0,0.1,0.15,0.03,18.6,244,138,148,317.0,0,0,2,100
17:43:06,9,8,5,13.0,0.1,0.15,0.03,18.6,244,138,148,317.0,0,0,2,100
17:43:06,9,8,5,13.0,0.1,0.15,0.03,18.6,244,138,148,317.0,0,0,3,100
17:43:06,9,8,5,13.0,0.1,0.15,0.03,18.4,244,138,148,317.0,0,0,3,100
17:43:06,9,8,5,13.0,0.1,0.15,0.03,18.5,244,138,148,317.0,0,0,3,100
17:43:06,9,8,5,13.0,0.1,0.15,0.03,18.5,244,138,148,317.0,0,0,3,100
17:43:06,9,8,5,13.0,0.1,0.15,0.03,18.4,244,138,148,317.0,0,0,3,100
17:43:07,9,8,5,13.0,0.1,0.15,0.03,18.4,244,138,148,317.0,0,0,3,100
17:43:07,9,8,5,13.0,0.1,0.15,0.03,18.7,244,138,148,317.0,0,0,3,100
17:43:07,9,8,5,13.0,0.1,0.15,0.03,18.5,244,138,148,317.0,0,0,3,100
17:43:07,6,5,10,12.7,0.04,0.28,0.1,18.5,164,143,253,334.0,0,0,3,100
17:43:07,6,5,10,12.7,0.04,0.28,0.1,18.6,164,143,253,334.0,0,0,3,100
17:43:07,6,5,10,12.7,0.04,0.28,0.1,18.5,164,143,253,334.0,2,0,0,100
17:43:07,6,5,10,12.7,0.04,0.28,0.1,18.5,164,143,253,334.0,2,0,0,100
17:43:07,6,5,10,12.7,0.04,0.28,0.1,18.6,164,143,253,334.0,2,0,0,100
17:43:07,6,5,10,12.7,0.04,0.28,0.1,18.7,164,143,253,334.0,2,0,0,100
17:43:07,6,5,10,12.7,0.04,0.28,0.1,18.6,164,143,253,334.0,2,0,0,100
17:43:08,6,5,10,12.7,0.04,0.28,0.1,18.5,164,143,253,334.0,2,0,0,100
17:43:08,6,5,10,12.7,0.04,0.28,0.1,18.6,164,143,253,334.0,2,0,0,100
17:43:08,6,5,10,12.7,0.04,0.28,0.1,18.6,164,143,253,334.0,2,0,0,100
17:43:08,8,5,7,11.7,0.05,0.15,0.09,18.4,207,144,225,338.0,2,0,0,100
17:43:08,8,5,7,11.7,0.05,0.15,0.09,18.6,207,144,225,338.0,2,0,0,100
17:43:08,8,5,7,11.7,0.05,0.15,0.09,18.3,207,144,225,338.0,0,0,0,100
17:43:08,8,5,7,11.7,0.05,0.15,0.09,18.6,207,144,225,338.0,0,0,0,100
17:43:08,8,5,7,11.7,0.05,0.15,0.09,18.4,207,144,225,338.0,0,0,0,100
17:43:08,8,5,7,11.7,0.05,0.15,0.09,18.4,207,144,225,338.0,0,0,0,100
17:43:08,8,5,7,11.7,0.05,0.15,0.09,18.5,207,144,225,338.0,0,0,0,100
17:43:09,8,5,7,11.7,0.05,0.15,0.09,18.5,207,144,225,338.0,0,0,0,100
17:43:09,8,5,7,11.7,0.05,0.15,0.09,18.5,207,144,225,338.0,0,0,0,100
17:43:09,8,5,7,11.7,0.05,0.15,0.09,18.2,207,144,225,338.0,0,0,0,100
17:43:09,6,3,4,7.8,0.07,0.13,0.04,18.5,190,82,123,241.0,0,0,0,100
17:43:09,6,3,4,7.8,0.07,0.13,0.04,18.8,190,82,123,241.0,0,0,0,100
17:43:09,6,3,4,7.8,0.07,0.13,0.04,18.3,190,82,123,241.0,0,0,2,100
17:43:09,6,3,4,7.8,0.07,0.13,0.04,18.5,190,82,123,241.0,0,0,2,100
17:43:09,6,3,4,7.8,0.07,0.13,0.04,18.6,190,82,123,241.0,0,0,2,100
17:43:09,6,3,4,7.8,0.07,0.13,0.04,18.4,190,82,123,241.0,0,0,2,100
17:43:09,6,3,4,7.8,0.07,0.13,0.04,18.4,190,82,123,241.0,0,0,2,100
17:43:10,6,3,4,7.8,0.07,0.13,0.04,18.6,190,82,123,241.0,0,0,2,100
17:43:10,6,3,4,7.8,0.07,0.13,0.04,18.5,190,82,123,241.0,0,0,2,100
17:43:10,6,3,4,7.8,0.07,0.13,0.04,18.6,190,82,123,241.0,0,0,2,100
17:43:10,3,1,6,6.8,0.1,0.28,0.04,18.6,110,44,153,194.0,0,0,2,100
17:43:10,3,1,6,6.8,0.1,0.28,0.04,18.4,110,44,153,194.0,0,0,2,100
17:43:10,3,1,6,6.8,0.1,0.28,0.04,18.7,110,44,153,194.0,2,1,0,100
17:43:10,3,1,6,6.8,0.1,0.28,0.04,18.5,110,44,153,194.0,2,1,0,100
17:43:10,3,1,6,6.8,0.1,0.28,0.04,18.4,110,44,153,194.0,2,1,0,100
17:43:10,3,1,6,6.8,0.1,0.28,0.04,18.5,110,44,153,194.0,2,1,0,100
17:43:10,3,1,6,6.8,0.1,0.28,0.04,18.4,110,44,153,194.0,2,1,0,100
17:43:11,3,1,6,6.8,0.1,0.28,0.04,18.4,110,44,153,194.0,2,1,0,100
17:43:11,3,1,6,6.8,0.1,0.28,0.04,18.4,110,44,153,194.0,2,1,0,100
17:43:11,3,1,6,6.8,0.1,0.28,0.04,18.6,110,44,153,194.0,2,1,0,100
17:43:11,7,2,5,8.8,0.03,0.24,0.06,18.4,169,70,110,213.0,2,1,0,100
17:43:11,7,2,5,8.8,0.03,0.24,0.06,18.5,169,70,110,213.0,2,1,0,100
17:43:11,7,2,5,8.8,0.03,0.24,0.06,18.6,169,70,110,213.0,0,0,2,100
17:43:11,7,2,5,8.8,0.03,0.24,0.06,18.5,169,70,110,213.0,0,0,2,100
17:43:11,7,2,5,8.8,0.03,0.24,0.06,18.7,169,70,110,213.0,0,0,2,100
17:43:11,7,2,5,8.8,0.03,0.24,0.06,18.6,169,70,110,213.0,0,0,2,100
17:43:12,7,2,5,8.8,0.03,0.24,0.06,18.6,169,70,110,213.0,0,0,2,100
17:43:12,7,2,5,8.8,0.03,0.24,0.06,18.5,169,70,110,213.0,0,0,2,100
17:43:12,7,2,5,8.8,0.03,0.24,0.06,18.5,169,70,110,213.0,0,0,2,100
17:43:12,7,2,5,8.8,0.03,0.24,0.06,18.3,169,70,110,213.0,0,0,2,100
17:43:12,4,4,8,9.8,0.04,0.33,0.09,18.6,118,114,225,278.0,0,0,2,100
17:43:12,4,4,8,9.8,0.04,0.33,0.09,18.4,118,114,225,278.0,0,0,2,100
17:43:12,4,4,8,9.8,0.04,0.33,0.09,18.7,118,114,225,278.0,3,0,0,100
17:43:12,4,4,8,9.8,0.04,0.33,0.09,18.7,118,114,225,278.0,3,0,0,100
17:43:12,4,4,8,9.8,0.04,0.33,0.09,18.4,118,114,225,278.0,3,0,0,100
17:43:12,4,4,8,9.8,0.04,0.33,0.09,18.4,118,114,225,278.0,3,0,0,100
17:43:12,4,4,8,9.8,0.04,0.33,0.09,18.5,118,114,225,278.0,3,0,0,100
17:43:13,4,4,8,9.8,0.04,0.33,0.09,18.4,118,114,225,278.0,3,0,0,100
17:43:13,4,4,8,9.8,0.04,0.33,0.09,18.4,118,114,225,278.0,3,0,0,100
17:43:13,4,4,8,9.8,0.04,0.33,0.09,18.7,118,114,225,278.0,3,0,0,100
17:43:13,9,5,7,12.4,0.08,0.16,0.04,18.6,252,155,210,363.0,3,0,0,100
17:43:13,9,5,7,12.4,0.08,0.16,0.04,18.3,252,155,210,363.0,3,0,0,100
17:43:13,9,5,7,12.4,0.08,0.16,0.04,18.9,252,155,210,363.0,0,0,0,100
17:43:13,9,5,7,12.4,0.08,0.16,0.04,18.6,252,155,210,363.0,0,0,0,100
17:43:13,9,5,7,12.4,0.08,0.16,0.04,18.3,252,155,210,363.0,0,0,0,100
17:43:13,9,5,7,12.4,0.08,0.16,0.04,18.4,252,155,210,363.0,0,0,0,100
17:43:14,9,5,7,12.4,0.08,0.16,0.04,18.4,252,155,210,363.0,0,0,0,100
17:43:14,9,5,7,12.4,0.08,0.16,0.04,18.6,252,155,210,363.0,0,0,0,100
17:43:14,9,5,7,12.4,0.08,0.16,0.04,18.5,252,155,210,363.0,0,0,0,100
17:43:14,9,5,7,12.4,0.08,0.16,0.04,18.6,252,155,210,363.0,0,0,0,100
17:43:14,10,4,5,11.9,0.05,0.25,0.04,18.4,277,153,152,351.0,0,0,0,100
17:43:14,10,4,5,11.9,0.05,0.25,0.04,18.5,277,153,152,351.0,0,0,0,100
17:43:14,10,4,5,11.9,0.05,0.25,0.04,18.6,277,153,152,351.0,0,0,1,100
17:43:14,10,4,5,11.9,0.05,0.25,0.04,18.4,277,153,152,351.0,0,0,1,100
17:43:14,10,4,5,11.9,0.05,0.25,0.04,18.5,277,153,152,351.0,0,0,1,100
17:43:14,10,4,5,11.9,0.05,0.25,0.04,18.5,277,153,152,351.0,0,0,1,100
17:43:15,10,4,5,11.9,0.05,0.25,0.04,18.4,277,153,152,351.0,0,0,1,100
17:43:15,10,4,5,11.9,0.05,0.25,0.04,18.5,277,153,152,351.0,0,0,1,100
17:43:15,10,4,5,11.9,0.05,0.25,0.04,18.6,277,153,152,351.0,0,0,1,100
17:43:15,10,4,5,11.9,0.05,0.25,0.04,18.4,277,153,152,351.0,0,0,1,100
17:43:15,6,4,8,10.8,0.06,0.2,0.09,18.5,171,136,229,317.0,0,0,1,100
17:43:15,6,4,8,10.8,0.06,0.2,0.09,18.7,171,136,229,317.0,0,0,1,100
17:43:15,6,4,8,10.8,0.06,0.2,0.09,18.4,171,136,229,317.0,1,0,0,100
17:43:15,6,4,8,10.8,0.06,0.2,0.09,18.4,171,136,229,317.0,1,0,0,100
17:43:15,6,4,8,10.8,0.06,0.2,0.09,18.5,171,136,229,317.0,1,0,0,100
17:43:15,6,4,8,10.8,0.06,0.2,0.09,18.5,171,136,229,317.0,1,0,0,100
17:43:16,6,4,8,10.8,0.06,0.2,0.09,18.6,171,136,229,317.0,1,0,0,100
17:43:16,6,4,8,10.8,0.06,0.2,0.09,18.7,171,136,229,317.0,1,0,0,100
17:43:16,6,4,8,10.8,0.06,0.2,0.09,18.6,171,136,229,317.0,1,0,0,100
17:43:16,6,4,8,10.8,0.06,0.2,0.09,18.4,171,136,229,317.0,1,0,0,100
17:43:16,5,4,7,9.5,0.05,0.08,0.04,18.5,150,110,208,279.0,1,0,0,100
17:43:16,5,4,7,9.5,0.05,0.08,0.04,18.4,150,110,208,279.0,1,0,0,100
17:43:16,5,4,7,9.5,0.05,0.08,0.04,18.4,150,110,208,279.0,0,0,2,100
17:43:16,5,4,7,9.5,0.05,0.08,0.04,18.3,150,110,208,279.0,0,0,2,100
17:43:16,5,4,7,9.5,0.05,0.08,0.04,18.5,150,110,208,279.0,0,0,2,100
17:43:16,5,4,7,9.5,0.05,0.08,0.04,18.6,150,110,208,279.0,0,0,2,100
17:43:17,5,4,7,9.5,0.05,0.08,0.04,18.6,150,110,208,279.0,0,0,2,100
17:43:17,5,4,7,9.5,0.05,0.08,0.04,18.7,150,110,208,279.0,0,0,2,100
17:43:17,5,4,7,9.5,0.05,0.08,0.04,18.4,150,110,208,279.0,0,0,2,100
17:43:17,5,4,7,9.5,0.05,0.08,0.04,18.5,150,110,208,279.0,0,0,2,100
17:43:17,7,4,5,9.5,0.08,0.13,0.07,18.6,159,56,155,229.0,0,0,2,100
17:43:17,7,4,5,9.5,0.08,0.13,0.07,18.4,159,56,155,229.0,0,0,2,100
17:43:17,7,4,5,9.5,0.08,0.13,0.07,18.5,159,56,155,229.0,0,2,0,100
17:43:17,7,4,5,9.5,0.08,0.13,0.07,18.6,159,56,155,229.0,0,2,0,100
17:43:17,7,4,5,9.5,0.08,0.13,0.07,18.7,159,56,155,229.0,0,2,0,100
17:43:17,7,4,5,9.5,0.08,0.13,0.07,18.5,159,56,155,229.0,0,2,0,100
17:43:18,7,4,5,9.5,0.08,0.13,0.07,18.7,159,56,155,229.0,0,2,0,100
17:43:18,7,4,5,9.5,0.08,0.13,0.07,18.5,159,56,155,229.0,0,2,0,100
17:43:18,7,4,5,9.5,0.08,0.13,0.07,18.4,159,56,155,229.0,0,2,0,100
17:43:18,7,4,5,9.5,0.08,0.13,0.07,18.6,159,56,155,229.0,0,2,0,100
17:43:18,6,4,5,8.8,0.13,0.16,0.07,18.6,139,71,142,211.0,0,2,0,100
17:43:18,6,4,5,8.8,0.13,0.16,0.07,18.5,139,71,142,211.0,0,2,0,100
17:43:18,6,4,5,8.8,0.13,0.16,0.07,18.5,139,71,142,211.0,1,0,0,100
17:43:18,6,4,5,8.8,0.13,0.16,0.07,18.4,139,71,142,211.0,1,0,0,100
17:43:18,6,4,5,8.8,0.13,0.16,0.07,18.5,139,71,142,211.0,1,0,0,100
17:43:18,6,4,5,8.8,0.13,0.16,0.07,18.5,139,71,142,211.0,1,0,0,100
17:43:19,6,4,5,8.8,0.13,0.16,0.07,18.2,139,71,142,211.0,1,0,0,100
17:43:19,6,4,5,8.8,0.13,0.16,0.07,18.5,139,71,142,211.0,1,0,0,100
17:43:19,6,4,5,8.8,0.13,0.16,0.07,18.6,139,71,142,211.0,1,0,0,100
17:43:19,6,4,5,8.8,0.13,0.16,0.07,18.6,139,71,142,211.0,1,0,0,100
17:43:19,7,3,5,9.1,0.05,0.15,0.1,18.5,185,102,164,267.0,1,0,0,100
17:43:19,7,3,5,9.1,0.05,0.15,0.1,18.6,185,102,164,267.0,1,0,0,100
17:43:19,7,3,5,9.1,0.05,0.15,0.1,18.5,185,102,164,267.0,0,0,0,100
17:43:19,7,3,5,9.1,0.05,0.15,0.1,18.5,185,102,164,267.0,0,0,0,100
17:43:19,7,3,5,9.1,0.05,0.15,0.1,18.4,185,102,164,267.0,0,0,0,100
17:43:19,7,3,5,9.1,0.05,0.15,0.1,18.6,185,102,164,267.0,0,0,0,100
17:43:20,7,3,5,9.1,0.05,0.15,0.1,18.4,185,102,164,267.0,0,0,0,100
17:43:20,7,3,5,9.1,0.05,0.15,0.1,18.5,185,102,164,267.0,0,0,0,100
17:43:20,7,3,5,9.1,0.05,0.15,0.1,18.4,185,102,164,267.0,0,0,0,100
17:43:20,7,3,5,9.1,0.05,0.15,0.1,18.6,185,102,164,267.0,0,0,0,100
17:43:20,5,7,12,14.8,0.04,0.18,0.1,18.5,136,124,221,288.0,0,0,0,100
17:43:20,5,7,12,14.8,0.04,0.18,0.1,18.4,136,124,221,288.0,0,0,0,100
17:43:20,5,7,12,14.8,0.04,0.18,0.1,18.5,136,124,221,288.0,0,0,0,100
17:43:20,5,7,12,14.8,0.04,0.18,0.1,18.7,136,124,221,288.0,0,0,0,100
17:43:20,5,7,12,14.8,0.04,0.18,0.1,18.5,136,124,221,288.0,0,0,0,100
17:43:20,5,7,12,14.8,0.04,0.18,0.1,18.5,136,124,221,288.0,0,0,0,100
17:43:21,5,7,12,14.8,0.04,0.18,0.1,18.6,136,124,221,288.0,0,0,0,100
17:43:21,5,7,12,14.8,0.04,0.18,0.1,18.5,136,124,221,288.0,0,0,0,100
17:43:21,5,7,12,14.8,0.04,0.18,0.1,18.6,136,124,221,288.0,0,0,0,100
17:43:21,5,7,12,14.8,0.04,0.18,0.1,18.7,136,124,221,288.0,0,0,0,100
17:43:21,9,5,6,11.9,0.07,0.16,0.06,18.4,267,149,198,364.0,0,0,0,100
17:43:21,9,5,6,11.9,0.07,0.16,0.06,18.4,267,149,198,364.0,0,0,0,100
17:43:21,9,5,6,11.9,0.07,0.16,0.06,18.6,267,149,198,364.0,0,0,1,100
17:43:21,9,5,6,11.9,0.07,0.16,0.06,18.4,267,149,198,364.0,0,0,1,100
17:43:21,9,5,6,11.9,0.07,0.16,0.06,18.3,267,149,198,364.0,0,0,1,100
17:43:21,9,5,6,11.9,0.07,0.16,0.06,18.4,267,149,198,364.0,0,0,1,100
17:43:22,9,5,6,11.9,0.07,0.16,0.06,18.3,267,149,198,364.0,0,0,1,100
17:43:22,9,5,6,11.9,0.07,0.16,0.06,18.6,267,149,198,364.0,0,0,1,100
17:43:22,9,5,6,11.9,0.07,0.16,0.06,18.5,267,149,198,364.0,0,0,1,100
17:43:22,9,5,6,11.9,0.07,0.16,0.06,18.7,267,149,198,364.0,0,0,1,100
17:43:22,10,5,6,12.7,0.09,0.14,0.05,18.5,236,144,174,327.0,0,0,1,100
17:43:22,10,5,6,12.7,0.09,0.14,0.05,18.6,236,144,174,327.0,0,0,1,100
17:43:22,10,5,6,12.7,0.09,0.14,0.05,18.3,236,144,174,327.0,0,0,1,100
17:43:22,10,5,6,12.7,0.09,0.14,0.05,18.5,236,144,174,327.0,0,0,1,100
17:43:22,10,5,6,12.7,0.09,0.14,0.05,18.4,236,144,174,327.0,0,0,1,100
17:43:22,10,5,6,12.7,0.09,0.14,0.05,18.5,236,144,174,327.0,0,0,1,100
17:43:23,10,5,6,12.7,0.09,0.14,0.05,18.4,236,144,174,327.0,0,0,1,100
17:43:23,10,5,6,12.7,0.09,0.14,0.05,18.7,236,144,174,327.0,0,0,1,100
17:43:23,10,5,6,12.7,0.09,0.14,0.05,18.4,236,144,174,327.0,0,0,1,100
17:43:23,10,5,6,12.7,0.09,0.14,0.05,18.6,236,144,174,327.0,0,0,1,100
17:43:23,4,4,8,9.8,0.05,0.21,0.09,18.7,121,112,223,277.0,0,0,1,100
17:43:23,4,4,8,9.8,0.05,0.21,0.09,18.5,121,112,223,277.0,0,0,1,100
17:43:23,4,4,8,9.8,0.05,0.21,0.09,18.4,121,112,223,277.0,3,0,0,100
17:43:23,4,4,8,9.8,0.05,0.21,0.09,18.5,121,112,223,277.0,3,0,0,100
17:43:23,4,4,8,9.8,0.05,0.21,0.09,18.7,121,112,223,277.0,3,0,0,100
17:43:23,4,4,8,9.8,0.05,0.21,0.09,18.6,121,112,223,277.0,3,0,0,100
17:43:24,4,4,8,9.8,0.05,0.21,0.09,18.4,121,112,223,277.0,3,0,0,100
17:43:24,4,4,8,9.8,0.05,0.21,0.09,18.6,121,112,223,277.0,3,0,0,100
17:43:24,4,4,8,9.8,0.05,0.21,0.09,18.7,121,112,223,277.0,3,0,0,100
17:43:24,4,4,8,9.8,0.05,0.21,0.09,18.4,121,112,223,277.0,3,0,0,100
17:43:24,6,2,4,7.5,0.05,0.15,0.07,18.7,188,72,134,242.0,3,0,0,100
17:43:24,6,2,4,7.5,0.05,0.15,0.07,18.6,188,72,134,242.0,3,0,0,100
17:43:24,6,2,4,7.5,0.05,0.15,0.07,18.5,188,72,134,242.0,0,0,1,100
17:43:24,6,2,4,7.5,0.05,0.15,0.07,18.5,188,72,134,242.0,0,0,1,100
17:43:24,6,2,4,7.5,0.05,0.15,0.07,18.4,188,72,134,242.0,0,0,1,100
17:43:24,6,2,4,7.5,0.05,0.15,0.07,18.4,188,72,134,242.0,0,0,1,100
17:43:25,6,2,4,7.5,0.05,0.15,0.07,18.4,188,72,134,242.0,0,0,1,100
17:43:25,6,2,4,7.5,0.05,0.15,0.07,18.5,188,72,134,242.0,0,0,1,100
17:43:25,6,2,4,7.5,0.05,0.15,0.07,18.6,188,72,134,242.0,0,0,1,100
17:43:25,6,2,4,7.5,0.05,0.15,0.07,18.4,188,72,134,242.0,0,0,1,100
17:43:25,5,2,6,8.1,0.08,0.16,0.07,18.5,135,31,165,215.0,0,0,1,100
17:43:25,5,2,6,8.1,0.08,0.16,0.07,18.8,135,31,165,215.0,0,0,1,100
17:43:25,5,2,6,8.1,0.08,0.16,0.07,18.7,135,31,165,215.0,0,1,0,100
17:43:25,5,2,6,8.1,0.08,0.16,0.07,18.4,135,31,165,215.0,0,1,0,100
17:43:25,5,2,6,8.1,0.08,0.16,0.07,18.6,135,31,165,215.0,0,1,0,100
17:43:26,5,2,6,8.1,0.08,0.16,0.07,18.6,135,31,165,215.0,0,1,0,100
17:43:26,5,2,6,8.1,0.08,0.16,0.07,18.4,135,31,165,215.0,0,1,0,100
17:43:26,5,2,6,8.1,0.08,0.16,0.07,18.6,135,31,165,215.0,0,1,0,100
17:43:26,5,2,6,8.1,0.08,0.16,0.07,18.4,135,31,165,215.0,0,1,0,100
17:43:26,5,2,6,8.1,0.08,0.16,0.07,18.4,135,31,165,215.0,0,1,0,100
17:43:26,7,3,5,9.1,0.07,0.14,0.03,18.4,188,84,135,246.0,0,1,0,100
17:43:26,7,3,5,9.1,0.07,0.14,0.03,18.4,188,84,135,246.0,0,1,0,100
17:43:26,7,3,5,9.1,0.07,0.14,0.03,18.6,188,84,135,246.0,0,0,1,100
17:43:26,7,3,5,9.1,0.07,0.14,0.03,18.4,188,84,135,246.0,0,0,1,100
17:43:26,7,3,5,9.1,0.07,0.14,0.03,18.6,188,84,135,246.0,0,0,1,100
17:43:26,7,3,5,9.1,0.07,0.14,0.03,18.4,188,84,135,246.0,0,0,1,100
17:43:27,7,3,5,9.1,0.07,0.14,0.03,18.6,188,84,135,246.0,0,0,1,100
17:43:27,7,3,5,9.1,0.07,0.14,0.03,18.4,188,84,135,246.0,0,0,1,100
17:43:27,7,3,5,9.1,0.07,0.14,0.03,18.7,188,84,135,246.0,0,0,1,100
17:43:27,7,3,5,9.1,0.07,0.14,0.03,18.6,188,84,135,246.0,0,0,1,100
17:43:27,7,5,7,11.1,0.03,0.09,0.03,18.7,178,120,201,294.0,0,0,1,100
17:43:27,7,5,7,11.1,0.03,0.09,0.03,18.5,178,120,201,294.0,0,0,1,100
17:43:27,7,5,7,11.1,0.03,0.09,0.03,18.5,178,120,201,294.0,0,0,0,100
17:43:27,7,5,7,11.1,0.03,0.09,0.03,18.5,178,120,201,294.0,0,0,0,100
17:43:27,7,5,7,11.1,0.03,0.09,0.03,18.5,178,120,201,294.0,0,0,0,100
17:43:27,7,5,7,11.1,0.03,0.09,0.03,18.4,178,120,201,294.0,0,0,0,100
17:43:28,7,5,7,11.1,0.03,0.09,0.03,18.5,178,120,201,294.0,0,0,0,100
17:43:28,7,5,7,11.1,0.03,0.09,0.03,18.4,178,120,201,294.0,0,0,0,100
17:43:28,7,5,7,11.1,0.03,0.09,0.03,18.6,178,120,201,294.0,0,0,0,100
17:43:28,7,5,7,11.1,0.03,0.09,0.03,18.4,178,120,201,294.0,0,0,0,100
17:43:28,5,5,8,10.7,0.03,0.38,0.05,18.4,142,137,230,303.0,0,0,0,100
17:43:28,5,5,8,10.7,0.03,0.38,0.05,18.6,142,137,230,303.0,0,0,0,100
17:43:28,5,5,8,10.7,0.03,0.38,0.05,18.4,142,137,230,303.0,4,0,0,100
17:43:28,5,5,8,10.7,0.03,0.38,0.05,18.5,142,137,230,303.0,4,0,0,100
17:43:28,5,5,8,10.7,0.03,0.38,0.05,18.5,142,137,230,303.0,4,0,0,100
17:43:28,5,5,8,10.7,0.03,0.38,0.05,18.5,142,137,230,303.0,4,0,0,100
17:43:29,5,5,8,10.7,0.03,0.38,0.05,18.6,142,137,230,303.0,4,0,0,100
17:43:29,5,5,8,10.7,0.03,0.38,0.05,18.4,142,137,230,303.0,4,0,0,100
17:43:29,5,5,8,10.7,0.03,0.38,0.05,18.6,142,137,230,303.0,4,0,0,100
17:43:29,5,5,8,10.7,0.03,0.38,0.05,18.6,142,137,230,303.0,4,0,0,100
17:43:29,9,6,6,12.4,0.05,0.4,0.06,18.4,250,167,174,347.0,4,0,0,100
17:43:29,9,6,6,12.4,0.05,0.4,0.06,18.4,250,167,174,347.0,4,0,0,100
17:43:29,9,6,6,12.4,0.05,0.4,0.06,18.4,250,167,174,347.0,1,0,1,100
17:43:29,9,6,6,12.4,0.05,0.4,0.06,18.4,250,167,174,347.0,1,0,1,100
17:43:29,9,6,6,12.4,0.05,0.4,0.06,18.6,250,167,174,347.0,1,0,1,100
17:43:30,9,6,6,12.4,0.05,0.4,0.06,18.6,250,167,174,347.0,1,0,1,100
17:43:30,9,6,6,12.4,0.05,0.4,0.06,18.4,250,167,174,347.0,1,0,1,100
17:43:30,9,6,6,12.4,0.05,0.4,0.06,18.4,250,167,174,347.0,1,0,1,100
17:43:30,9,6,6,12.4,0.05,0.4,0.06,18.4,250,167,174,347.0,1,0,1,100
17:43:30,9,6,6,12.4,0.05,0.4,0.06,18.4,250,167,174,347.0,1,0,1,100
17:43:30,8,5,9,13.0,0.11,0.19,0.04,18.4,243,143,186,338.0,1,0,1,100
17:43:30,8,5,9,13.0,0.11,0.19,0.04,18.4,243,143,186,338.0,1,0,1,100
17:43:30,8,5,9,13.0,0.11,0.19,0.04,18.6,243,143,186,338.0,0,0,0,100
17:43:30,8,5,9,13.0,0.11,0.19,0.04,18.6,243,143,186,338.0,0,0,0,100
17:43:30,8,5,9,13.0,0.11,0.19,0.04,18.4,243,143,186,338.0,0,0,0,100
17:43:30,8,5,9,13.0,0.11,0.19,0.04,18.6,243,143,186,338.0,0,0,0,100
17:43:31,8,5,9,13.0,0.11,0.19,0.04,18.5,243,143,186,338.0,0,0,0,100
17:43:31,8,5,9,13.0,0.11,0.19,0.04,18.4,243,143,186,338.0,0,0,0,100
17:43:31,8,5,9,13.0,0.11,0.19,0.04,18.4,243,143,186,338.0,0,0,0,100
17:43:31,8,5,9,13.0,0.11,0.19,0.04,18.5,243,143,186,338.0,0,0,0,100
17:43:31,6,4,8,10.8,0.07,0.18,0.1,18.6,135,98,197,258.0,0,0,0,100
17:43:31,6,4,8,10.8,0.07,0.18,0.1,18.5,135,98,197,258.0,0,0,0,100
17:43:31,6,4,8,10.8,0.07,0.18,0.1,18.6,135,98,197,258.0,1,0,0,100
17:43:31,6,4,8,10.8,0.07,0.18,0.1,18.5,135,98,197,258.0,1,0,0,100
17:43:31,6,4,8,10.8,0.07,0.18,0.1,18.4,135,98,197,258.0,1,0,0,100
17:43:32,6,4,8,10.8,0.07,0.18,0.1,18.4,135,98,197,258.0,1,0,0,100
17:43:32,6,4,8,10.8,0.07,0.18,0.1,18.4,135,98,197,258.0,1,0,0,100
17:43:32,6,4,8,10.8,0.07,0.18,0.1,18.5,135,98,197,258.0,1,0,0,100
17:43:32,6,4,8,10.8,0.07,0.18,0.1,18.3,135,98,197,258.0,1,0,0,100
17:43:32,6,4,8,10.8,0.07,0.18,0.1,18.4,135,98,197,258.0,1,0,0,100
17:43:32,5,1,4,6.5,0.05,0.12,0.09,18.7,144,35,119,190.0,1,0,0,100
17:43:32,5,1,4,6.5,0.05,0.12,0.09,18.5,144,35,119,190.0,1,0,0,100
17:43:32,5,1,4,6.5,0.05,0.12,0.09,18.4,144,35,119,190.0,0,2,1,100
17:43:32,5,1,4,6.5,0.05,0.12,0.09,18.5,144,35,119,190.0,0,2,1,100
17:43:32,5,1,4,6.5,0.05,0.12,0.09,18.4,144,35,119,190.0,0,2,1,100
17:43:33,5,1,4,6.5,0.05,0.12,0.09,18.4,144,35,119,190.0,0,2,1,100
17:43:33,5,1,4,6.5,0.05,0.12,0.09,18.5,144,35,119,190.0,0,2,1,100
17:43:33,5,1,4,6.5,0.05,0.12,0.09,18.4,144,35,119,190.0,0,2,1,100
17:43:33,5,1,4,6.5,0.05,0.12,0.09,18.5,144,35,119,190.0,0,2,1,100
17:43:33,5,1,4,6.5,0.05,0.12,0.09,18.5,144,35,119,190.0,0,2,1,100
17:43:33,4,3,6,7.8,0.09,0.15,0.09,18.5,114,72,162,211.0,0,2,1,100
17:43:33,4,3,6,7.8,0.09,0.15,0.09,18.5,114,72,162,211.0,0,2,1,100
17:43:33,4,3,6,7.8,0.09,0.15,0.09,18.4,114,72,162,211.0,2,1,0,100
17:43:33,4,3,6,7.8,0.09,0.15,0.09,18.5,114,72,162,211.0,2,1,0,100
17:43:33,4,3,6,7.8,0.09,0.15,0.09,18.7,114,72,162,211.0,2,1,0,100
17:43:34,4,3,6,7.8,0.09,0.15,0.09,18.5,114,72,162,211.0,2,1,0,100
17:43:34,4,3,6,7.8,0.09,0.15,0.09,18.5,114,72,162,211.0,2,1,0,100
17:43:34,4,3,6,7.8,0.09,0.15,0.09,18.6,114,72,162,211.0,2,1,0,100
17:43:34,4,3,6,7.8,0.09,0.15,0.09,18.5,114,72,162,211.0,2,1,0,100
17:43:34,4,3,6,7.8,0.09,0.15,0.09,18.4,114,72,162,211.0,2,1,0,100
17:43:34,8,4,5,10.2,0.08,0.17,0.05,18.4,223,122,134,287.0,2,1,0,100
17:43:34,8,4,5,10.2,0.08,0.17,0.05,18.5,223,122,134,287.0,2,1,0,100
17:43:34,8,4,5,10.2,0.08,0.17,0.05,18.5,223,122,134,287.0,0,0,0,100
17:43:34,8,4,5,10.2,0.08,0.17,0.05,18.6,223,122,134,287.0,0,0,0,100
17:43:34,8,4,5,10.2,0.08,0.17,0.05,18.4,223,122,134,287.0,0,0,0,100
17:43:35,8,4,5,10.2,0.08,0.17,0.05,18.4,223,122,134,287.0,0,0,0,100
17:43:35,8,4,5,10.2,0.08,0.17,0.05,18.4,223,122,134,287.0,0,0,0,100
17:43:35,8,4,5,10.2,0.08,0.17,0.05,18.7,223,122,134,287.0,0,0,0,100
17:43:35,8,4,5,10.2,0.08,0.17,0.05,18.5,223,122,134,287.0,0,0,0,100
17:43:35,8,4,5,10.2,0.08,0.17,0.05,18.4,223,122,134,287.0,0,0,0,100
17:43:35,10,6,8,14.1,0.08,0.15,0.07,18.4,232,147,233,360.0,0,0,0,100
17:43:35,10,6,8,14.1,0.08,0.15,0.07,18.7,232,147,233,360.0,0,0,0,100
17:43:35,10,6,8,14.1,0.08,0.15,0.07,18.7,232,147,233,360.0,0,0,0,100
17:43:35,10,6,8,14.1,0.08,0.15,0.07,18.6,232,147,233,360.0,0,0,0,100
17:43:35,10,6,8,14.1,0.08,0.15,0.07,18.6,232,147,233,360.0,0,0,0,100
17:43:36,10,6,8,14.1,0.08,0.15,0.07,18.5,232,147,233,360.0,0,0,0,100
17:43:36,10,6,8,14.1,0.08,0.15,0.07,18.5,232,147,233,360.0,0,0,0,100
17:43:36,10,6,8,14.1,0.08,0.15,0.07,18.5,232,147,233,360.0,0,0,0,100
17:43:36,10,6,8,14.1,0.08,0.15,0.07,18.3,232,147,233,360.0,0,0,0,100
17:43:36,10,6,8,14.1,0.08,0.15,0.07,18.6,232,147,233,360.0,0,0,0,100
17:43:36,6,5,8,11.2,0.04,0.14,0.08,18.4,155,144,220,305.0,0,0,0,100
17:43:36,6,5,8,11.2,0.04,0.14,0.08,18.5,155,144,220,305.0,0,0,0,100
17:43:36,6,5,8,11.2,0.04,0.14,0.08,18.4,155,144,220,305.0,0,0,0,100
17:43:36,6,5,8,11.2,0.04,0.14,0.08,18.4,155,144,220,305.0,0,0,0,100
17:43:36,6,5,8,11.2,0.04,0.14,0.08,18.6,155,144,220,305.0,0,0,0,100
17:43:37,6,5,8,11.2,0.04,0.14,0.08,18.7,155,144,220,305.0,0,0,0,100
17:43:37,6,5,8,11.2,0.04,0.14,0.08,18.4,155,144,220,305.0,0,0,0,100
17:43:37,6,5,8,11.2,0.04,0.14,0.08,18.6,155,144,220,305.0,0,0,0,100
17:43:37,6,5,8,11.2,0.04,0.14,0.08,18.6,155,144,220,305.0,0,0,0,100
17:43:37,6,5,8,11.2,0.04,0.14,0.08,18.5,155,144,220,305.0,0,0,0,100
17:43:37,8,4,6,10.8,0.09,0.19,0.04,18.5,227,130,148,301.0,0,0,0,100
17:43:37,8,4,6,10.8,0.09,0.19,0.04,18.4,227,130,148,301.0,0,0,0,100
17:43:37,8,4,6,10.8,0.09,0.19,0.04,18.5,227,130,148,301.0,0,0,2,100
17:43:37,8,4,6,10.8,0.09,0.19,0.04,18.4,227,130,148,301.0,0,0,2,100
17:43:37,8,4,6,10.8,0.09,0.19,0.04,18.4,227,130,148,301.0,0,0,2,100
17:43:38,8,4,6,10.8,0.09,0.19,0.04,18.5,227,130,148,301.0,0,0,2,100
17:43:38,8,4,6,10.8,0.09,0.19,0.04,18.4,227,130,148,301.0,0,0,2,100
17:43:38,8,4,6,10.8,0.09,0.19,0.04,18.4,227,130,148,301.0,0,0,2,100
17:43:38,8,4,6,10.8,0.09,0.19,0.04,18.6,227,130,148,301.0,0,0,2,100
17:43:38,8,4,6,10.8,0.09,0.19,0.04,18.5,227,130,148,301.0,0,0,2,100
17:43:38,7,3,6,9.7,0.07,0.15,0.04,18.4,180,99,190,280.0,0,0,2,100
17:43:38,7,3,6,9.7,0.07,0.15,0.04,18.6,180,99,190,280.0,0,0,2,100
17:43:38,7,3,6,9.7,0.07,0.15,0.04,18.4,180,99,190,280.0,0,0,0,100
17:43:38,7,3,6,9.7,0.07,0.15,0.04,18.5,180,99,190,280.0,0,0,0,100
17:43:38,7,3,6,9.7,0.07,0.15,0.04,18.4,180,99,190,280.0,0,0,0,100
17:43:39,7,3,6,9.7,0.07,0.15,0.04,18.4,180,99,190,280.0,0,0,0,100
17:43:39,7,3,6,9.7,0.07,0.15,0.04,18.4,180,99,190,280.0,0,0,0,100
17:43:39,7,3,6,9.7,0.07,0.15,0.04,18.6,180,99,190,280.0,0,0,0,100
17:43:39,7,3,6,9.7,0.07,0.15,0.04,18.4,180,99,190,280.0,0,0,0,100
17:43:39,7,3,6,9.7,0.07,0.15,0.04,18.4,180,99,190,280.0,0,0,0,100
17:43:39,5,2,6,8.1,0.05,0.2,0.06,18.4,139,51,162,219.0,0,0,0,100
17:43:39,5,2,6,8.1,0.05,0.2,0.06,18.6,139,51,162,219.0,0,0,0,100
17:43:39,5,2,6,8.1,0.05,0.2,0.06,18.3,139,51,162,219.0,1,3,0,100
17:43:39,5,2,6,8.1,0.05,0.2,0.06,18.4,139,51,162,219.0,1,3,0,100
17:43:39,5,2,6,8.1,0.05,0.2,0.06,18.4,139,51,162,219.0,1,3,0,100
17:43:40,5,2,6,8.1,0.05,0.2,0.06,18.5,139,51,162,219.0,1,3,0,100
17:43:40,5,2,6,8.1,0.05,0.2,0.06,18.6,139,51,162,219.0,1,3,0,100
17:43:40,5,2,6,8.1,0.05,0.2,0.06,18.7,139,51,162,219.0,1,3,0,100
17:43:40,5,2,6,8.1,0.05,0.2,0.06,18.4,139,51,162,219.0,1,3,0,100
17:43:40,5,2,6,8.1,0.05,0.2,0.06,18.5,139,51,162,219.0,1,3,0,100
17:43:40,6,2,5,8.1,0.04,0.16,0.08,18.6,162,47,143,221.0,1,3,0,100
17:43:40,6,2,5,8.1,0.04,0.16,0.08,18.3,162,47,143,221.0,1,3,0,100
17:43:40,6,2,5,8.1,0.04,0.16,0.08,18.5,162,47,143,221.0,0,1,0,100
17:43:40,6,2,5,8.1,0.04,0.16,0.08,18.6,162,47,143,221.0,0,1,0,100
17:43:40,6,2,5,8.1,0.04,0.16,0.08,18.5,162,47,143,221.0,0,1,0,100
17:43:41,6,2,5,8.1,0.04,0.16,0.08,18.4,162,47,143,221.0,0,1,0,100
17:43:41,6,2,5,8.1,0.04,0.16,0.08,18.4,162,47,143,221.0,0,1,0,100
17:43:41,6,2,5,8.1,0.04,0.16,0.08,18.4,162,47,143,221.0,0,1,0,100
17:43:41,6,2,5,8.1,0.04,0.16,0.08,18.4,162,47,143,221.0,0,1,0,100
17:43:41,6,2,5,8.1,0.04,0.16,0.08,18.4,162,47,143,221.0,0,1,0,100
17:43:41,6,2,5,8.1,0.04,0.16,0.08,18.4,162,47,143,221.0,0,1,0,100
17:43:41,5,5,6,9.3,0.05,0.17,0.04,18.4,125,92,179,237.0,0,1,0,100
17:43:41,5,5,6,9.3,0.05,0.17,0.04,18.5,125,92,179,237.0,1,0,0,100
17:43:41,5,5,6,9.3,0.05,0.17,0.04,18.5,125,92,179,237.0,1,0,0,100
17:43:42,5,5,6,9.3,0.05,0.17,0.04,18.5,125,92,179,237.0,1,0,0,100
17:43:42,5,5,6,9.3,0.05,0.17,0.04,18.5,125,92,179,237.0,1,0,0,100
17:43:42,5,5,6,9.3,0.05,0.17,0.04,18.7,125,92,179,237.0,1,0,0,100
17:43:42,5,5,6,9.3,0.05,0.17,0.04,18.6,125,92,179,237.0,1,0,0,100
17:43:42,5,5,6,9.3,0.05,0.17,0.04,18.4,125,92,179,237.0,1,0,0,100
17:43:42,5,5,6,9.3,0.05,0.17,0.04,18.5,125,92,179,237.0,1,0,0,100
17:43:42,5,5,6,9.3,0.05,0.17,0.04,18.5,125,92,179,237.0,1,0,0,100
17:43:42,8,4,5,10.2,0.05,0.14,0.03,18.5,220,126,134,287.0,1,0,0,100
17:43:42,8,4,5,10.2,0.05,0.14,0.03,18.3,220,126,134,287.0,0,0,1,100
17:43:42,8,4,5,10.2,0.05,0.14,0.03,18.4,220,126,134,287.0,0,0,1,100
17:43:43,8,4,5,10.2,0.05,0.14,0.03,18.6,220,126,134,287.0,0,0,1,100
17:43:43,8,4,5,10.2,0.05,0.14,0.03,18.6,220,126,134,287.0,0,0,1,100
17:43:43,8,4,5,10.2,0.05,0.14,0.03,18.6,220,126,134,287.0,0,0,1,100
17:43:43,8,4,5,10.2,0.05,0.14,0.03,18.6,220,126,134,287.0,0,0,1,100
17:43:43,8,4,5,10.2,0.05,0.14,0.03,18.6,220,126,134,287.0,0,0,1,100
17:43:43,8,4,5,10.2,0.05,0.14,0.03,18.4,220,126,134,287.0,0,0,1,100
17:43:43,8,4,5,10.2,0.05,0.14,0.03,18.4,220,126,134,287.0,0,0,1,100
17:43:43,7,5,7,11.1,0.04,0.18,0.06,18.5,212,145,221,339.0,0,0,1,100
17:43:43,7,5,7,11.1,0.04,0.18,0.06,18.5,212,145,221,339.0,0,0,0,100
17:43:43,7,5,7,11.1,0.04,0.18,0.06,18.4,212,145,221,339.0,0,0,0,100
17:43:44,7,5,7,11.1,0.04,0.18,0.06,18.4,212,145,221,339.0,0,0,0,100
17:43:44,7,5,7,11.1,0.04,0.18,0.06,18.6,212,145,221,339.0,0,0,0,100
17:43:44,7,5,7,11.1,0.04,0.18,0.06,18.4,212,145,221,339.0,0,0,0,100
17:43:44,7,5,7,11.1,0.04,0.18,0.06,18.4,212,145,221,339.0,0,0,0,100
17:43:44,7,5,7,11.1,0.04,0.18,0.06,18.4,212,145,221,339.0,0,0,0,100
17:43:44,7,5,7,11.1,0.04,0.18,0.06,18.5,212,145,221,339.0,0,0,0,100
17:43:44,7,5,7,11.1,0.04,0.18,0.06,18.5,212,145,221,339.0,0,0,0,100
17:43:44,5,5,8,10.7,0.04,0.16,0.07,18.4,134,151,245,317.0,0,0,0,100
17:43:44,5,5,8,10.7,0.04,0.16,0.07,18.3,134,151,245,317.0,2,0,0,100
17:43:44,5,5,8,10.7,0.04,0.16,0.07,18.7,134,151,245,317.0,2,0,0,100
17:43:45,5,5,8,10.7,0.04,0.16,0.07,18.4,134,151,245,317.0,2,0,0,100
17:43:45,5,5,8,10.7,0.04,0.16,0.07,18.5,134,151,245,317.0,2,0,0,100
17:43:45,5,5,8,10.7,0.04,0.16,0.07,18.7,134,151,245,317.0,2,0,0,100
17:43:45,5,5,8,10.7,0.04,0.16,0.07,18.5,134,151,245,317.0,2,0,0,100
17:43:45,5,5,8,10.7,0.04,0.16,0.07,18.5,134,151,245,317.0,2,0,0,100
17:43:45,5,5,8,10.7,0.04,0.16,0.07,18.6,134,151,245,317.0,2,0,0,100
17:43:45,5,5,8,10.7,0.04,0.16,0.07,18.4,134,151,245,317.0,2,0,0,100
17:43:45,7,5,6,10.5,0.07,0.16,0.07,18.3,202,140,176,302.0,2,0,0,100
17:43:45,7,5,6,10.5,0.07,0.16,0.07,18.3,202,140,176,302.0,0,0,0,100
17:43:45,7,5,6,10.5,0.07,0.16,0.07,18.4,202,140,176,302.0,0,0,0,100
17:43:46,7,5,6,10.5,0.07,0.16,0.07,18.5,202,140,176,302.0,0,0,0,100
17:43:46,7,5,6,10.5,0.07,0.16,0.07,18.4,202,140,176,302.0,0,0,0,100
17:43:46,7,5,6,10.5,0.07,0.16,0.07,18.3,202,140,176,302.0,0,0,0,100
17:43:46,7,5,6,10.5,0.07,0.16,0.07,18.5,202,140,176,302.0,0,0,0,100
17:43:46,7,5,6,10.5,0.07,0.16,0.07,18.4,202,140,176,302.0,0,0,0,100
17:43:46,7,5,6,10.5,0.07,0.16,0.07,18.4,202,140,176,302.0,0,0,0,100
17:43:46,7,5,6,10.5,0.07,0.16,0.07,18.4,202,140,176,302.0,0,0,0,100
17:43:46,6,3,7,9.7,0.06,0.13,0.03,18.4,172,96,157,252.0,0,0,0,100
17:43:46,6,3,7,9.7,0.06,0.13,0.03,18.5,172,96,157,252.0,1,0,0,100
17:43:46,6,3,7,9.7,0.06,0.13,0.03,18.4,172,96,157,252.0,1,0,0,100
17:43:47,6,3,7,9.7,0.06,0.13,0.03,18.5,172,96,157,252.0,1,0,0,100
17:43:47,6,3,7,9.7,0.06,0.13,0.03,18.5,172,96,157,252.0,1,0,0,100
17:43:47,6,3,7,9.7,0.06,0.13,0.03,18.4,172,96,157,252.0,1,0,0,100
17:43:47,6,3,7,9.7,0.06,0.13,0.03,18.6,172,96,157,252.0,1,0,0,100
17:43:47,6,3,7,9.7,0.06,0.13,0.03,18.5,172,96,157,252.0,1,0,0,100
17:43:47,6,3,7,9.7,0.06,0.13,0.03,18.5,172,96,157,252.0,1,0,0,100
17:43:47,6,3,7,9.7,0.06,0.13,0.03,18.6,172,96,157,252.0,1,0,0,100
17:43:47,5,1,5,7.1,0.08,0.13,0.09,18.6,146,30,143,207.0,1,0,0,100
17:43:47,5,1,5,7.1,0.08,0.13,0.09,18.2,146,30,143,207.0,0,0,3,100
17:43:47,5,1,5,7.1,0.08,0.13,0.09,18.4,146,30,143,207.0,0,0,3,100
17:43:48,5,1,5,7.1,0.08,0.13,0.09,18.4,146,30,143,207.0,0,0,3,100
17:43:48,5,1,5,7.1,0.08,0.13,0.09,18.4,146,30,143,207.0,0,0,3,100
17:43:48,5,1,5,7.1,0.08,0.13,0.09,18.4,146,30,143,207.0,0,0,3,100
17:43:48,5,1,5,7.1,0.08,0.13,0.09,18.4,146,30,143,207.0,0,0,3,100
17:43:48,5,1,5,7.1,0.08,0.13,0.09,18.5,146,30,143,207.0,0,0,3,100
17:43:48,5,1,5,7.1,0.08,0.13,0.09,18.4,146,30,143,207.0,0,0,3,100
17:43:48,5,1,5,7.1,0.08,0.13,0.09,18.5,146,30,143,207.0,0,0,3,100
17:43:48,4,3,5,7.1,0.04,0.12,0.08,18.4,140,82,167,233.0,0,0,3,100
17:43:48,4,3,5,7.1,0.04,0.12,0.08,18.4,140,82,167,233.0,1,0,0,100
17:43:48,4,3,5,7.1,0.04,0.12,0.08,18.5,140,82,167,233.0,1,0,0,100
17:43:49,4,3,5,7.1,0.04,0.12,0.08,18.4,140,82,167,233.0,1,0,0,100
17:43:49,4,3,5,7.1,0.04,0.12,0.08,18.3,140,82,167,233.0,1,0,0,100
17:43:49,4,3,5,7.1,0.04,0.12,0.08,18.4,140,82,167,233.0,1,0,0,100
17:43:49,4,3,5,7.1,0.04,0.12,0.08,18.4,140,82,167,233.0,1,0,0,100
17:43:49,4,3,5,7.1,0.04,0.12,0.08,18.8,140,82,167,233.0,1,0,0,100
17:43:49,4,3,5,7.1,0.04,0.12,0.08,18.6,140,82,167,233.0,1,0,0,100
17:43:49,4,3,5,7.1,0.04,0.12,0.08,18.5,140,82,167,233.0,1,0,0,100
17:43:49,7,4,7,10.7,0.04,0.09,0.04,18.4,186,117,198,296.0,1,0,0,100
17:43:49,7,4,7,10.7,0.04,0.09,0.04,18.6,186,117,198,296.0,1,0,0,100
17:43:49,7,4,7,10.7,0.04,0.09,0.04,18.6,186,117,198,296.0,1,0,0,100
17:43:50,7,4,7,10.7,0.04,0.09,0.04,18.5,186,117,198,296.0,1,0,0,100
17:43:50,7,4,7,10.7,0.04,0.09,0.04,18.4,186,117,198,296.0,1,0,0,100
17:43:50,7,4,7,10.7,0.04,0.09,0.04,18.5,186,117,198,296.0,1,0,0,100
17:43:50,7,4,7,10.7,0.04,0.09,0.04,18.4,186,117,198,296.0,1,0,0,100
17:43:50,7,4,7,10.7,0.04,0.09,0.04,18.4,186,117,198,296.0,1,0,0,100
17:43:50,7,4,7,10.7,0.04,0.09,0.04,18.4,186,117,198,296.0,1,0,0,100
17:43:50,7,4,7,10.7,0.04,0.09,0.04,18.4,186,117,198,296.0,1,0,0,100
17:43:50,11,5,6,13.5,0.05,0.17,0.03,18.4,278,149,119,337.0,1,0,0,100
17:43:50,11,5,6,13.5,0.05,0.17,0.03,18.2,278,149,119,337.0,0,0,0,100
17:43:50,11,5,6,13.5,0.05,0.17,0.03,18.6,278,149,119,337.0,0,0,0,100
17:43:51,11,5,6,13.5,0.05,0.17,0.03,18.7,278,149,119,337.0,0,0,0,100
17:43:51,11,5,6,13.5,0.05,0.17,0.03,18.4,278,149,119,337.0,0,0,0,100
17:43:51,11,5,6,13.5,0.05,0.17,0.03,18.4,278,149,119,337.0,0,0,0,100
17:43:51,11,5,6,13.5,0.05,0.17,0.03,18.6,278,149,119,337.0,0,0,0,100
17:43:51,11,5,6,13.5,0.05,0.17,0.03,18.4,278,149,119,337.0,0,0,0,100
17:43:51,11,5,6,13.5,0.05,0.17,0.03,18.4,278,149,119,337.0,0,0,0,100
17:43:51,11,5,6,13.5,0.05,0.17,0.03,18.5,278,149,119,337.0,0,0,0,100
17:43:51,8,5,8,12.4,0.05,0.15,0.09,18.4,236,148,234,364.0,0,0,0,100
17:43:51,8,5,8,12.4,0.05,0.15,0.09,18.5,236,148,234,364.0,1,0,0,100
17:43:51,8,5,8,12.4,0.05,0.15,0.09,18.5,236,148,234,364.0,1,0,0,100
17:43:52,8,5,8,12.4,0.05,0.15,0.09,18.4,236,148,234,364.0,1,0,0,100
17:43:52,8,5,8,12.4,0.05,0.15,0.09,18.4,236,148,234,364.0,1,0,0,100
17:43:52,8,5,8,12.4,0.05,0.15,0.09,18.5,236,148,234,364.0,1,0,0,100
17:43:52,8,5,8,12.4,0.05,0.15,0.09,18.5,236,148,234,364.0,1,0,0,100
17:43:52,8,5,8,12.4,0.05,0.15,0.09,18.4,236,148,234,364.0,1,0,0,100
17:43:52,8,5,8,12.4,0.05,0.15,0.09,18.4,236,148,234,364.0,1,0,0,100
17:43:52,8,5,8,12.4,0.05,0.15,0.09,18.6,236,148,234,364.0,1,0,0,100
17:43:52,5,5,8,10.7,0.05,0.21,0.15,18.1,157,151,231,318.0,1,0,0,100
17:43:52,5,5,8,10.7,0.05,0.21,0.15,18.5,157,151,231,318.0,1,0,0,100
17:43:52,5,5,8,10.7,0.05,0.21,0.15,18.5,157,151,231,318.0,1,0,0,100
17:43:53,5,5,8,10.7,0.05,0.21,0.15,18.5,157,151,231,318.0,1,0,0,100
17:43:53,5,5,8,10.7,0.05,0.21,0.15,18.6,157,151,231,318.0,1,0,0,100
17:43:53,5,5,8,10.7,0.05,0.21,0.15,18.5,157,151,231,318.0,1,0,0,100
17:43:53,5,5,8,10.7,0.05,0.21,0.15,18.4,157,151,231,318.0,1,0,0,100
17:43:53,5,5,8,10.7,0.05,0.21,0.15,18.5,157,151,231,318.0,1,0,0,100
17:43:53,5,5,8,10.7,0.05,0.21,0.15,18.4,157,151,231,318.0,1,0,0,100
17:43:53,5,5,8,10.7,0.05,0.21,0.15,18.3,157,151,231,318.0,1,0,0,100
17:43:53,8,5,6,11.2,0.08,0.17,0.09,18.6,194,95,126,250.0,1,0,0,100
17:43:53,8,5,6,11.2,0.08,0.17,0.09,18.4,194,95,126,250.0,0,0,1,100
17:43:53,8,5,6,11.2,0.08,0.17,0.09,18.4,194,95,126,250.0,0,0,1,100
17:43:54,8,5,6,11.2,0.08,0.17,0.09,18.3,194,95,126,250.0,0,0,1,100
17:43:54,8,5,6,11.2,0.08,0.17,0.09,18.5,194,95,126,250.0,0,0,1,100
17:43:54,8,5,6,11.2,0.08,0.17,0.09,18.4,194,95,126,250.0,0,0,1,100
17:43:54,8,5,6,11.2,0.08,0.17,0.09,18.3,194,95,126,250.0,0,0,1,100
17:43:54,8,5,6,11.2,0.08,0.17,0.09,18.5,194,95,126,250.0,0,0,1,100
17:43:54,8,5,6,11.2,0.08,0.17,0.09,18.5,194,95,126,250.0,0,0,1,100
17:43:54,8,5,6,11.2,0.08,0.17,0.09,18.5,194,95,126,250.0,0,0,1,100
17:43:54,4,2,7,8.3,0.12,0.26,0.05,18.8,125,44,173,218.0,0,0,1,100
17:43:54,4,2,7,8.3,0.12,0.26,0.05,18.4,125,44,173,218.0,2,1,0,100
17:43:54,4,2,7,8.3,0.12,0.26,0.05,18.3,125,44,173,218.0,2,1,0,100
17:43:55,4,2,7,8.3,0.12,0.26,0.05,18.6,125,44,173,218.0,2,1,0,100
17:43:55,4,2,7,8.3,0.12,0.26,0.05,18.4,125,44,173,218.0,2,1,0,100
17:43:55,4,2,7,8.3,0.12,0.26,0.05,18.4,125,44,173,218.0,2,1,0,100
17:43:55,4,2,7,8.3,0.12,0.26,0.05,18.4,125,44,173,218.0,2,1,0,100
17:43:55,4,2,7,8.3,0.12,0.26,0.05,18.4,125,44,173,218.0,2,1,0,100
17:43:55,4,2,7,8.3,0.12,0.26,0.05,18.4,125,44,173,218.0,2,1,0,100
17:43:55,4,2,7,8.3,0.12,0.26,0.05,18.4,125,44,173,218.0,2,1,0,100
17:43:55,7,5,8,11.7,0.05,0.14,0.05,18.5,180,68,93,214.0,2,1,0,100
17:43:55,7,5,8,11.7,0.05,0.14,0.05,18.6,180,68,93,214.0,0,0,0,100
17:43:55,7,5,8,11.7,0.05,0.14,0.05,18.5,180,68,93,214.0,0,0,0,100
17:43:56,7,5,8,11.7,0.05,0.14,0.05,18.4,180,68,93,214.0,0,0,0,100
17:43:56,7,5,8,11.7,0.05,0.14,0.05,18.3,180,68,93,214.0,0,0,0,100
17:43:56,7,5,8,11.7,0.05,0.14,0.05,18.4,180,68,93,214.0,0,0,0,100
17:43:56,7,5,8,11.7,0.05,0.14,0.05,18.5,180,68,93,214.0,0,0,0,100
17:43:56,7,5,8,11.7,0.05,0.14,0.05,18.3,180,68,93,214.0,0,0,0,100
17:43:56,7,5,8,11.7,0.05,0.14,0.05,18.5,180,68,93,214.0,0,0,0,100
17:43:56,7,5,8,11.7,0.05,0.14,0.05,18.4,180,68,93,214.0,0,0,0,100
17:43:56,7,4,7,10.7,0.03,0.18,0.07,18.5,171,112,216,297.0,0,0,0,100
17:43:56,7,4,7,10.7,0.03,0.18,0.07,18.8,171,112,216,297.0,0,0,0,100
17:43:56,7,4,7,10.7,0.03,0.18,0.07,18.3,171,112,216,297.0,0,0,0,100
17:43:57,7,4,7,10.7,0.03,0.18,0.07,18.4,171,112,216,297.0,0,0,0,100
17:43:57,7,4,7,10.7,0.03,0.18,0.07,18.6,171,112,216,297.0,0,0,0,100
17:43:57,7,4,7,10.7,0.03,0.18,0.07,18.4,171,112,216,297.0,0,0,0,100
17:43:57,7,4,7,10.7,0.03,0.18,0.07,18.2,171,112,216,297.0,0,0,0,100
17:43:57,7,4,7,10.7,0.03,0.18,0.07,18.4,171,112,216,297.0,0,0,0,100
17:43:57,7,4,7,10.7,0.03,0.18,0.07,18.6,171,112,216,297.0,0,0,0,100
17:43:57,7,4,7,10.7,0.03,0.18,0.07,18.4,171,112,216,297.0,0,0,0,100
17:43:57,7,5,8,11.7,0.05,0.16,0.03,18.4,194,124,201,306.0,0,0,0,100
17:43:57,7,5,8,11.7,0.05,0.16,0.03,18.6,194,124,201,306.0,0,0,0,100
17:43:58,7,5,8,11.7,0.05,0.16,0.03,18.4,194,124,201,306.0,0,0,0,100
17:43:58,7,5,8,11.7,0.05,0.16,0.03,18.5,194,124,201,306.0,0,0,0,100
17:43:58,7,5,8,11.7,0.05,0.16,0.03,18.6,194,124,201,306.0,0,0,0,100
17:43:58,7,5,8,11.7,0.05,0.16,0.03,18.4,194,124,201,306.0,0,0,0,100
17:43:58,7,5,8,11.7,0.05,0.16,0.03,18.3,194,124,201,306.0,0,0,0,100
17:43:58,7,5,8,11.7,0.05,0.16,0.03,18.4,194,124,201,306.0,0,0,0,100
17:43:58,7,5,8,11.7,0.05,0.16,0.03,18.4,194,124,201,306.0,0,0,0,100
17:43:58,7,5,8,11.7,0.05,0.16,0.03,18.5,194,124,201,306.0,0,0,0,100
17:43:58,8,5,5,10.7,0.07,0.08,0.03,18.4,233,131,115,291.0,0,0,0,100
17:43:58,8,5,5,10.7,0.07,0.08,0.03,18.3,233,131,115,291.0,0,0,2,100
17:43:59,8,5,5,10.7,0.07,0.08,0.03,18.5,233,131,115,291.0,0,0,2,100
17:43:59,8,5,5,10.7,0.07,0.08,0.03,18.4,233,131,115,291.0,0,0,2,100
17:43:59,8,5,5,10.7,0.07,0.08,0.03,18.5,233,131,115,291.0,0,0,2,100
17:43:59,8,5,5,10.7,0.07,0.08,0.03,18.5,233,131,115,291.0,0,0,2,100
17:43:59,8,5,5,10.7,0.07,0.08,0.03,18.6,233,131,115,291.0,0,0,2,100
17:43:59,8,5,5,10.7,0.07,0.08,0.03,18.4,233,131,115,291.0,0,0,2,100
17:43:59,8,5,5,10.7,0.07,0.08,0.03,18.5,233,131,115,291.0,0,0,2,100
17:43:59,8,5,5,10.7,0.07,0.08,0.03,18.3,233,131,115,291.0,0,0,2,100
17:43:59,7,5,7,11.1,0.07,0.24,0.09,18.4,196,132,214,319.0,0,0,2,100
17:43:59,7,5,7,11.1,0.07,0.24,0.09,18.4,196,132,214,319.0,1,0,0,100
17:44:00,7,5,7,11.1,0.07,0.24,0.09,18.5,196,132,214,319.0,1,0,0,100
17:44:00,7,5,7,11.1,0.07,0.24,0.09,18.5,196,132,214,319.0,1,0,0,100
17:44:00,7,5,7,11.1,0.07,0.24,0.09,18.4,196,132,214,319.0,1,0,0,100
17:44:00,7,5,7,11.1,0.07,0.24,0.09,18.5,196,132,214,319.0,1,0,0,100
17:44:00,7,5,7,11.1,0.07,0.24,0.09,18.5,196,132,214,319.0,1,0,0,100
17:44:00,7,5,7,11.1,0.07,0.24,0.09,18.7,196,132,214,319.0,1,0,0,100
17:44:00,7,5,7,11.1,0.07,0.24,0.09,18.5,196,132,214,319.0,1,0,0,100
17:44:00,7,5,7,11.1,0.07,0.24,0.09,18.5,196,132,214,319.0,1,0,0,100
17:44:00,6,6,8,11.7,0.04,0.19,0.09,18.4,164,124,230,308.0,1,0,0,100
17:44:00,6,6,8,11.7,0.04,0.19,0.09,18.6,164,124,230,308.0,0,0,0,100
17:44:01,6,6,8,11.7,0.04,0.19,0.09,18.7,164,124,230,308.0,0,0,0,100
17:44:01,6,6,8,11.7,0.04,0.19,0.09,18.2,164,124,230,308.0,0,0,0,100
17:44:01,6,6,8,11.7,0.04,0.19,0.09,18.4,164,124,230,308.0,0,0,0,100
17:44:01,6,6,8,11.7,0.04,0.19,0.09,18.4,164,124,230,308.0,0,0,0,100
17:44:01,6,6,8,11.7,0.04,0.19,0.09,18.4,164,124,230,308.0,0,0,0,100
17:44:01,6,6,8,11.7,0.04,0.19,0.09,18.5,164,124,230,308.0,0,0,0,100
17:44:01,6,6,8,11.7,0.04,0.19,0.09,18.4,164,124,230,308.0,0,0,0,100
17:44:01,6,6,8,11.7,0.04,0.19,0.09,18.6,164,124,230,308.0,0,0,0,100
17:44:01,6,2,4,7.5,0.05,0.18,0.09,18.6,180,80,113,227.0,0,0,0,100
17:44:01,6,2,4,7.5,0.05,0.18,0.09,18.5,180,80,113,227.0,0,0,1,100
17:44:02,6,2,4,7.5,0.05,0.18,0.09,18.4,180,80,113,227.0,0,0,1,100
17:44:02,6,2,4,7.5,0.05,0.18,0.09,18.4,180,80,113,227.0,0,0,1,100
17:44:02,6,2,4,7.5,0.05,0.18,0.09,18.5,180,80,113,227.0,0,0,1,100
17:44:02,6,2,4,7.5,0.05,0.18,0.09,18.5,180,80,113,227.0,0,0,1,100
17:44:02,6,2,4,7.5,0.05,0.18,0.09,18.4,180,80,113,227.0,0,0,1,100
17:44:02,6,2,4,7.5,0.05,0.18,0.09,18.6,180,80,113,227.0,0,0,1,100
17:44:02,6,2,4,7.5,0.05,0.18,0.09,18.5,180,80,113,227.0,0,0,1,100
17:44:02,6,2,4,7.5,0.05,0.18,0.09,18.6,180,80,113,227.0,0,0,1,100
17:44:02,4,2,6,7.5,0.05,0.09,0.03,18.3,120,51,150,199.0,0,0,1,100
17:44:02,4,2,6,7.5,0.05,0.09,0.03,18.4,120,51,150,199.0,0,0,0,100
17:44:03,4,2,6,7.5,0.05,0.09,0.03,18.4,120,51,150,199.0,0,0,0,100
17:44:03,4,2,6,7.5,0.05,0.09,0.03,18.3,120,51,150,199.0,0,0,0,100
17:44:03,4,2,6,7.5,0.05,0.09,0.03,18.6,120,51,150,199.0,0,0,0,100
17:44:03,4,2,6,7.5,0.05,0.09,0.03,18.4,120,51,150,199.0,0,0,0,100
17:44:03,4,2,6,7.5,0.05,0.09,0.03,18.7,120,51,150,199.0,0,0,0,100
17:44:03,4,2,6,7.5,0.05,0.09,0.03,18.6,120,51,150,199.0,0,0,0,100
17:44:03,4,2,6,7.5,0.05,0.09,0.03,18.5,120,51,150,199.0,0,0,0,100
17:44:03,4,2,6,7.5,0.05,0.09,0.03,18.5,120,51,150,199.0,0,0,0,100
17:44:03,5,3,4,7.1,0.05,0.12,0.04,18.5,174,88,108,223.0,0,0,0,100
17:44:03,5,3,4,7.1,0.05,0.12,0.04,18.4,174,88,108,223.0,0,0,1,100
17:44:04,5,3,4,7.1,0.05,0.12,0.04,18.4,174,88,108,223.0,0,0,1,100
17:44:04,5,3,4,7.1,0.05,0.12,0.04,18.5,174,88,108,223.0,0,0,1,100
17:44:04,5,3,4,7.1,0.05,0.12,0.04,18.5,174,88,108,223.0,0,0,1,100
17:44:04,5,3,4,7.1,0.05,0.12,0.04,18.4,174,88,108,223.0,0,0,1,100
17:44:04,5,3,4,7.1,0.05,0.12,0.04,18.5,174,88,108,223.0,0,0,1,100
17:44:04,5,3,4,7.1,0.05,0.12,0.04,18.7,174,88,108,223.0,0,0,1,100
17:44:04,5,3,4,7.1,0.05,0.12,0.04,18.5,174,88,108,223.0,0,0,1,100
17:44:04,5,3,4,7.1,0.05,0.12,0.04,18.5,174,88,108,223.0,0,0,1,100
17:44:04,6,4,8,10.8,0.03,0.15,0.07,18.4,146,132,239,310.0,0,0,1,100
17:44:04,6,4,8,10.8,0.03,0.15,0.07,18.5,146,132,239,310.0,1,0,0,100
17:44:05,6,4,8,10.8,0.03,0.15,0.07,18.2,146,132,239,310.0,1,0,0,100
17:44:05,6,4,8,10.8,0.03,0.15,0.07,18.3,146,132,239,310.0,1,0,0,100
17:44:05,6,4,8,10.8,0.03,0.15,0.07,18.4,146,132,239,310.0,1,0,0,100
17:44:05,6,4,8,10.8,0.03,0.15,0.07,18.6,146,132,239,310.0,1,0,0,100
17:44:05,6,4,8,10.8,0.03,0.15,0.07,18.5,146,132,239,310.0,1,0,0,100
17:44:05,6,4,8,10.8,0.03,0.15,0.07,18.4,146,132,239,310.0,1,0,0,100
17:44:05,6,4,8,10.8,0.03,0.15,0.07,18.4,146,132,239,310.0,1,0,0,100
17:44:05,6,4,8,10.8,0.03,0.15,0.07,18.6,146,132,239,310.0,1,0,0,100
17:44:05,10,6,8,14.1,0.07,0.21,0.06,18.4,235,163,233,369.0,1,0,0,100
17:44:05,10,6,8,14.1,0.07,0.21,0.06,18.4,235,163,233,369.0,0,0,0,100
17:44:06,10,6,8,14.1,0.07,0.21,0.06,18.6,235,163,233,369.0,0,0,0,100
17:44:06,10,6,8,14.1,0.07,0.21,0.06,18.4,235,163,233,369.0,0,0,0,100
17:44:06,10,6,8,14.1,0.07,0.21,0.06,18.3,235,163,233,369.0,0,0,0,100
17:44:06,10,6,8,14.1,0.07,0.21,0.06,18.4,235,163,233,369.0,0,0,0,100
17:44:06,10,6,8,14.1,0.07,0.21,0.06,18.4,235,163,233,369.0,0,0,0,100
17:44:06,10,6,8,14.1,0.07,0.21,0.06,18.4,235,163,233,369.0,0,0,0,100
17:44:06,10,6,8,14.1,0.07,0.21,0.06,18.5,235,163,233,369.0,0,0,0,100
17:44:06,10,6,8,14.1,0.07,0.21,0.06,18.4,235,163,233,369.0,0,0,0,100
17:44:06,9,5,4,11.0,0.09,0.19,0.03,18.6,269,154,118,332.0,0,0,0,100
17:44:06,9,5,4,11.0,0.09,0.19,0.03,18.5,269,154,118,332.0,0,0,1,100
17:44:07,9,5,4,11.0,0.09,0.19,0.03,18.6,269,154,118,332.0,0,0,1,100
17:44:07,9,5,4,11.0,0.09,0.19,0.03,18.4,269,154,118,332.0,0,0,1,100
17:44:07,9,5,4,11.0,0.09,0.19,0.03,18.5,269,154,118,332.0,0,0,1,100
17:44:07,9,5,4,11.0,0.09,0.19,0.03,18.6,269,154,118,332.0,0,0,1,100
17:44:07,9,5,4,11.0,0.09,0.19,0.03,18.3,269,154,118,332.0,0,0,1,100
17:44:07,9,5,4,11.0,0.09,0.19,0.03,18.5,269,154,118,332.0,0,0,1,100
17:44:07,9,5,4,11.0,0.09,0.19,0.03,18.4,269,154,118,332.0,0,0,1,100
17:44:07,9,5,4,11.0,0.09,0.19,0.03,18.4,269,154,118,332.0,0,0,1,100
17:44:07,6,4,7,10.0,0.06,0.16,0.08,18.2,180,126,196,294.0,0,0,1,100
17:44:07,6,4,7,10.0,0.06,0.16,0.08,18.4,180,126,196,294.0,0,0,0,100
17:44:08,6,4,7,10.0,0.06,0.16,0.08,18.3,180,126,196,294.0,0,0,0,100
17:44:08,6,4,7,10.0,0.06,0.16,0.08,18.4,180,126,196,294.0,0,0,0,100
17:44:08,6,4,7,10.0,0.06,0.16,0.08,18.6,180,126,196,294.0,0,0,0,100
17:44:08,6,4,7,10.0,0.06,0.16,0.08,18.5,180,126,196,294.0,0,0,0,100
17:44:08,6,4,7,10.0,0.06,0.16,0.08,18.3,180,126,196,294.0,0,0,0,100
17:44:08,6,4,7,10.0,0.06,0.16,0.08,18.4,180,126,196,294.0,0,0,0,100
17:44:08,6,4,7,10.0,0.06,0.16,0.08,18.5,180,126,196,294.0,0,0,0,100
17:44:08,6,4,7,10.0,0.06,0.16,0.08,18.5,180,126,196,294.0,0,0,0,100
17:44:08,5,3,6,8.4,0.05,0.14,0.07,18.4,159,95,187,263.0,0,0,0,100
17:44:09,5,3,6,8.4,0.05,0.14,0.07,18.4,159,95,187,263.0,0,0,1,100
17:44:09,5,3,6,8.4,0.05,0.14,0.07,18.7,159,95,187,263.0,0,0,1,100
17:44:09,5,3,6,8.4,0.05,0.14,0.07,18.4,159,95,187,263.0,0,0,1,100
17:44:09,5,3,6,8.4,0.05,0.14,0.07,18.3,159,95,187,263.0,0,0,1,100
17:44:09,5,3,6,8.4,0.05,0.14,0.07,18.7,159,95,187,263.0,0,0,1,100
17:44:09,5,3,6,8.4,0.05,0.14,0.07,18.4,159,95,187,263.0,0,0,1,100
17:44:09,5,3,6,8.4,0.05,0.14,0.07,18.4,159,95,187,263.0,0,0,1,100
17:44:09,5,3,6,8.4,0.05,0.14,0.07,18.4,159,95,187,263.0,0,0,1,100
17:44:09,5,3,6,8.4,0.05,0.14,0.07,18.5,159,95,187,263.0,0,0,1,100
17:44:09,5,2,6,8.1,0.11,0.19,0.09,18.2,153,53,186,247.0,0,0,1,100
17:44:09,5,2,6,8.1,0.11,0.19,0.09,18.5,153,53,186,247.0,2,2,0,100
17:44:10,5,2,6,8.1,0.11,0.19,0.09,18.4,153,53,186,247.0,2,2,0,100
17:44:10,5,2,6,8.1,0.11,0.19,0.09,18.4,153,53,186,247.0,2,2,0,100
17:44:10,5,2,6,8.1,0.11,0.19,0.09,18.4,153,53,186,247.0,2,2,0,100
17:44:10,5,2,6,8.1,0.11,0.19,0.09,18.2,153,53,186,247.0,2,2,0,100
17:44:10,5,2,6,8.1,0.11,0.19,0.09,18.6,153,53,186,247.0,2,2,0,100
17:44:10,5,2,6,8.1,0.11,0.19,0.09,18.4,153,53,186,247.0,2,2,0,100
17:44:10,5,2,6,8.1,0.11,0.19,0.09,18.2,153,53,186,247.0,2,2,0,100
17:44:10,5,2,6,8.1,0.11,0.19,0.09,18.3,153,53,186,247.0,2,2,0,100
17:44:10,6,3,6,9.0,0.08,0.23,0.05,18.5,192,97,182,282.0,2,2,0,100
17:44:11,6,3,6,9.0,0.08,0.23,0.05,18.4,192,97,182,282.0,1,0,0,100
17:44:11,6,3,6,9.0,0.08,0.23,0.05,18.6,192,97,182,282.0,1,0,0,100
17:44:11,6,3,6,9.0,0.08,0.23,0.05,18.4,192,97,182,282.0,1,0,0,100
17:44:11,6,3,6,9.0,0.08,0.23,0.05,18.3,192,97,182,282.0,1,0,0,100
17:44:11,6,3,6,9.0,0.08,0.23,0.05,18.3,192,97,182,282.0,1,0,0,100
17:44:11,6,3,6,9.0,0.08,0.23,0.05,18.4,192,97,182,282.0,1,0,0,100
17:44:11,6,3,6,9.0,0.08,0.23,0.05,18.5,192,97,182,282.0,1,0,0,100
17:44:11,6,3,6,9.0,0.08,0.23,0.05,18.6,192,97,182,282.0,1,0,0,100
17:44:11,6,3,6,9.0,0.08,0.23,0.05,18.5,192,97,182,282.0,1,0,0,100
17:44:11,9,5,6,11.9,0.05,0.11,0.05,18.4,221,121,152,294.0,1,0,0,100
17:44:12,9,5,6,11.9,0.05,0.11,0.05,18.4,221,121,152,294.0,0,0,0,100
17:44:12,9,5,6,11.9,0.05,0.11,0.05,18.5,221,121,152,294.0,0,0,0,100
17:44:12,9,5,6,11.9,0.05,0.11,0.05,18.5,221,121,152,294.0,0,0,0,100
17:44:12,9,5,6,11.9,0.05,0.11,0.05,18.5,221,121,152,294.0,0,0,0,100
17:44:12,9,5,6,11.9,0.05,0.11,0.05,18.5,221,121,152,294.0,0,0,0,100
17:44:12,9,5,6,11.9,0.05,0.11,0.05,18.4,221,121,152,294.0,0,0,0,100
17:44:12,9,5,6,11.9,0.05,0.11,0.05,18.2,221,121,152,294.0,0,0,0,100
17:44:12,9,5,6,11.9,0.05,0.11,0.05,18.4,221,121,152,294.0,0,0,0,100
17:44:12,9,5,6,11.9,0.05,0.11,0.05,18.4,221,121,152,294.0,0,0,0,100
17:44:12,4,6,11,13.2,0.03,0.13,0.07,18.6,122,134,263,319.0,0,0,0,100
17:44:13,4,6,11,13.2,0.03,0.13,0.07,18.4,122,134,263,319.0,3,0,0,100
17:44:13,4,6,11,13.2,0.03,0.13,0.07,18.5,122,134,263,319.0,3,0,0,100
17:44:13,4,6,11,13.2,0.03,0.13,0.07,18.4,122,134,263,319.0,3,0,0,100
17:44:13,4,6,11,13.2,0.03,0.13,0.07,18.4,122,134,263,319.0,3,0,0,100
17:44:13,4,6,11,13.2,0.03,0.13,0.07,18.5,122,134,263,319.0,3,0,0,100
17:44:13,4,6,11,13.2,0.03,0.13,0.07,18.7,122,134,263,319.0,3,0,0,100
17:44:13,4,6,11,13.2,0.03,0.13,0.07,18.5,122,134,263,319.0,3,0,0,100
17:44:13,4,6,11,13.2,0.03,0.13,0.07,18.5,122,134,263,319.0,3,0,0,100
17:44:13,4,6,11,13.2,0.03,0.13,0.07,18.5,122,134,263,319.0,3,0,0,100
17:44:13,8,4,7,11.4,0.04,0.08,0.03,18.4,219,123,214,330.0,3,0,0,100
17:44:14,8,4,7,11.4,0.04,0.08,0.03,18.4,219,123,214,330.0,0,0,0,100
17:44:14,8,4,7,11.4,0.04,0.08,0.03,18.7,219,123,214,330.0,0,0,0,100
17:44:14,8,4,7,11.4,0.04,0.08,0.03,18.6,219,123,214,330.0,0,0,0,100
17:44:14,8,4,7,11.4,0.04,0.08,0.03,18.5,219,123,214,330.0,0,0,0,100
17:44:14,8,4,7,11.4,0.04,0.08,0.03,18.4,219,123,214,330.0,0,0,0,100
17:44:14,8,4,7,11.4,0.04,0.08,0.03,18.4,219,123,214,330.0,0,0,0,100
17:44:14,8,4,7,11.4,0.04,0.08,0.03,18.4,219,123,214,330.0,0,0,0,100
17:44:14,8,4,7,11.4,0.04,0.08,0.03,18.4,219,123,214,330.0,0,0,0,100
17:44:14,8,4,7,11.4,0.04,0.08,0.03,18.5,219,123,214,330.0,0,0,0,100
17:44:14,8,4,5,10.2,0.09,0.1,0.04,18.4,231,119,132,291.0,0,0,0,100
17:44:15,8,4,5,10.2,0.09,0.1,0.04,18.6,231,119,132,291.0,0,0,1,100
17:44:15,8,4,5,10.2,0.09,0.1,0.04,18.5,231,119,132,291.0,0,0,1,100
17:44:15,8,4,5,10.2,0.09,0.1,0.04,18.3,231,119,132,291.0,0,0,1,100
17:44:15,8,4,5,10.2,0.09,0.1,0.04,18.7,231,119,132,291.0,0,0,1,100
17:44:15,8,4,5,10.2,0.09,0.1,0.04,18.5,231,119,132,291.0,0,0,1,100
17:44:15,8,4,5,10.2,0.09,0.1,0.04,18.6,231,119,132,291.0,0,0,1,100
17:44:15,8,4,5,10.2,0.09,0.1,0.04,18.7,231,119,132,291.0,0,0,1,100
17:44:15,8,4,5,10.2,0.09,0.1,0.04,18.4,231,119,132,291.0,0,0,1,100
17:44:15,8,4,5,10.2,0.09,0.1,0.04,18.6,231,119,132,291.0,0,0,1,100
17:44:15,5,3,7,9.1,0.07,0.12,0.05,18.4,116,92,185,237.0,0,0,1,100
17:44:16,5,3,7,9.1,0.07,0.12,0.05,18.6,116,92,185,237.0,2,0,0,100
17:44:16,5,3,7,9.1,0.07,0.12,0.05,18.2,116,92,185,237.0,2,0,0,100
17:44:16,5,3,7,9.1,0.07,0.12,0.05,18.7,116,92,185,237.0,2,0,0,100
17:44:16,5,3,7,9.1,0.07,0.12,0.05,18.2,116,92,185,237.0,2,0,0,100
17:44:16,5,3,7,9.1,0.07,0.12,0.05,18.4,116,92,185,237.0,2,0,0,100
17:44:16,5,3,7,9.1,0.07,0.12,0.05,18.7,116,92,185,237.0,2,0,0,100
17:44:16,5,3,7,9.1,0.07,0.12,0.05,18.4,116,92,185,237.0,2,0,0,100
17:44:16,5,3,7,9.1,0.07,0.12,0.05,18.3,116,92,185,237.0,2,0,0,100
17:44:16,5,3,7,9.1,0.07,0.12,0.05,18.2,116,92,185,237.0,2,0,0,100
17:44:16,5,1,3,5.9,0.03,0.1,0.09,18.4,162,44,114,203.0,2,0,0,100
17:44:17,5,1,3,5.9,0.03,0.1,0.09,18.4,162,44,114,203.0,0,0,0,100
17:44:17,5,1,3,5.9,0.03,0.1,0.09,18.4,162,44,114,203.0,0,0,0,100
17:44:17,5,1,3,5.9,0.03,0.1,0.09,18.4,162,44,114,203.0,0,0,0,100
17:44:17,5,1,3,5.9,0.03,0.1,0.09,18.5,162,44,114,203.0,0,0,0,100
17:44:17,5,1,3,5.9,0.03,0.1,0.09,18.4,162,44,114,203.0,0,0,0,100
17:44:17,5,1,3,5.9,0.03,0.1,0.09,18.6,162,44,114,203.0,0,0,0,100
17:44:17,5,1,3,5.9,0.03,0.1,0.09,18.4,162,44,114,203.0,0,0,0,100
17:44:17,5,1,3,5.9,0.03,0.1,0.09,18.5,162,44,114,203.0,0,0,0,100
17:44:17,5,1,3,5.9,0.03,0.1,0.09,18.4,162,44,114,203.0,0,0,0,100
17:44:17,4,3,5,7.1,0.08,0.08,0.06,18.5,115,67,151,201.0,0,0,0,100
17:44:18,4,3,5,7.1,0.08,0.08,0.06,18.4,115,67,151,201.0,0,0,0,100
17:44:18,4,3,5,7.1,0.08,0.08,0.06,18.5,115,67,151,201.0,0,0,0,100
17:44:18,4,3,5,7.1,0.08,0.08,0.06,18.6,115,67,151,201.0,0,0,0,100
17:44:18,4,3,5,7.1,0.08,0.08,0.06,18.3,115,67,151,201.0,0,0,0,100
17:44:18,4,3,5,7.1,0.08,0.08,0.06,18.4,115,67,151,201.0,0,0,0,100
17:44:18,4,3,5,7.1,0.08,0.08,0.06,18.6,115,67,151,201.0,0,0,0,100
17:44:18,4,3,5,7.1,0.08,0.08,0.06,18.4,115,67,151,201.0,0,0,0,100
17:44:18,4,3,5,7.1,0.08,0.08,0.06,18.6,115,67,151,201.0,0,0,0,100
17:44:18,4,3,5,7.1,0.08,0.08,0.06,18.1,115,67,151,201.0,0,0,0,100
17:44:18,10,3,6,12.0,0.08,0.26,0.03,18.4,225,96,155,290.0,0,0,0,100
17:44:19,10,3,6,12.0,0.08,0.26,0.03,18.6,225,96,155,290.0,0,0,1,100
17:44:19,10,3,6,12.0,0.08,0.26,0.03,18.2,225,96,155,290.0,0,0,1,100
17:44:19,10,3,6,12.0,0.08,0.26,0.03,18.4,225,96,155,290.0,0,0,1,100
17:44:19,10,3,6,12.0,0.08,0.26,0.03,18.4,225,96,155,290.0,0,0,1,100
17:44:19,10,3,6,12.0,0.08,0.26,0.03,18.4,225,96,155,290.0,0,0,1,100
17:44:19,10,3,6,12.0,0.08,0.26,0.03,18.2,225,96,155,290.0,0,0,1,100
17:44:19,10,3,6,12.0,0.08,0.26,0.03,18.4,225,96,155,290.0,0,0,1,100
17:44:19,10,3,6,12.0,0.08,0.26,0.03,18.4,225,96,155,290.0,0,0,1,100
17:44:19,10,3,6,12.0,0.08,0.26,0.03,18.5,225,96,155,290.0,0,0,1,100
17:44:19,8,5,7,11.7,0.08,0.29,0.09,18.2,234,145,217,351.0,0,0,1,100
17:44:20,8,5,7,11.7,0.08,0.29,0.09,18.6,234,145,217,351.0,0,0,0,100
17:44:20,8,5,7,11.7,0.08,0.29,0.09,18.4,234,145,217,351.0,0,0,0,100
17:44:20,8,5,7,11.7,0.08,0.29,0.09,18.5,234,145,217,351.0,0,0,0,100
17:44:20,8,5,7,11.7,0.08,0.29,0.09,18.4,234,145,217,351.0,0,0,0,100
17:44:20,8,5,7,11.7,0.08,0.29,0.09,18.3,234,145,217,351.0,0,0,0,100
17:44:20,8,5,7,11.7,0.08,0.29,0.09,18.3,234,145,217,351.0,0,0,0,100
17:44:20,8,5,7,11.7,0.08,0.29,0.09,18.5,234,145,217,351.0,0,0,0,100
17:44:20,8,5,7,11.7,0.08,0.29,0.09,18.4,234,145,217,351.0,0,0,0,100
17:44:20,8,5,7,11.7,0.08,0.29,0.09,18.4,234,145,217,351.0,0,0,0,100
17:44:20,5,5,11,13.1,0.04,0.16,0.09,18.6,141,145,256,326.0,0,0,0,100
17:44:21,5,5,11,13.1,0.04,0.16,0.09,18.4,141,145,256,326.0,2,0,0,100
17:44:21,5,5,11,13.1,0.04,0.16,0.09,18.4,141,145,256,326.0,2,0,0,100
17:44:21,5,5,11,13.1,0.04,0.16,0.09,18.2,141,145,256,326.0,2,0,0,100
17:44:21,5,5,11,13.1,0.04,0.16,0.09,18.7,141,145,256,326.0,2,0,0,100
17:44:21,5,5,11,13.1,0.04,0.16,0.09,18.2,141,145,256,326.0,2,0,0,100
17:44:21,5,5,11,13.1,0.04,0.16,0.09,18.4,141,145,256,326.0,2,0,0,100
17:44:21,5,5,11,13.1,0.04,0.16,0.09,18.3,141,145,256,326.0,2,0,0,100
17:44:21,5,5,11,13.1,0.04,0.16,0.09,18.6,141,145,256,326.0,2,0,0,100
17:44:21,5,5,11,13.1,0.04,0.16,0.09,18.4,141,145,256,326.0,2,0,0,100
17:44:21,7,4,5,9.5,0.07,0.12,0.06,18.5,227,126,182,317.0,2,0,0,100
17:44:22,7,4,5,9.5,0.07,0.12,0.06,18.4,227,126,182,317.0,0,0,0,100
17:44:22,7,4,5,9.5,0.07,0.12,0.06,18.6,227,126,182,317.0,0,0,0,100
17:44:22,7,4,5,9.5,0.07,0.12,0.06,18.4,227,126,182,317.0,0,0,0,100
17:44:22,7,4,5,9.5,0.07,0.12,0.06,18.2,227,126,182,317.0,0,0,0,100
17:44:22,7,4,5,9.5,0.07,0.12,0.06,18.5,227,126,182,317.0,0,0,0,100
17:44:22,7,4,5,9.5,0.07,0.12,0.06,18.3,227,126,182,317.0,0,0,0,100
17:44:22,7,4,5,9.5,0.07,0.12,0.06,18.3,227,126,182,317.0,0,0,0,100
17:44:22,7,4,5,9.5,0.07,0.12,0.06,18.5,227,126,182,317.0,0,0,0,100
17:44:22,7,4,5,9.5,0.07,0.12,0.06,18.6,227,126,182,317.0,0,0,0,100
17:44:22,8,4,6,10.8,0.08,0.19,0.03,18.3,207,122,162,290.0,0,0,0,100
17:44:23,8,4,6,10.8,0.08,0.19,0.03,18.4,207,122,162,290.0,0,0,0,100
17:44:23,8,4,6,10.8,0.08,0.19,0.03,18.2,207,122,162,290.0,0,0,0,100
17:44:23,8,4,6,10.8,0.08,0.19,0.03,18.7,207,122,162,290.0,0,0,0,100
17:44:23,8,4,6,10.8,0.08,0.19,0.03,18.4,207,122,162,290.0,0,0,0,100
17:44:23,8,4,6,10.8,0.08,0.19,0.03,18.6,207,122,162,290.0,0,0,0,100
17:44:23,8,4,6,10.8,0.08,0.19,0.03,18.3,207,122,162,290.0,0,0,0,100
17:44:23,8,4,6,10.8,0.08,0.19,0.03,18.5,207,122,162,290.0,0,0,0,100
17:44:23,8,4,6,10.8,0.08,0.19,0.03,18.4,207,122,162,290.0,0,0,0,100
17:44:23,8,4,6,10.8,0.08,0.19,0.03,18.3,207,122,162,290.0,0,0,0,100
17:44:23,4,2,6,7.5,0.07,0.1,0.07,18.4,126,70,172,224.0,0,0,0,100
17:44:24,4,2,6,7.5,0.07,0.1,0.07,18.5,126,70,172,224.0,1,0,0,100
17:44:24,4,2,6,7.5,0.07,0.1,0.07,18.4,126,70,172,224.0,1,0,0,100
17:44:24,4,2,6,7.5,0.07,0.1,0.07,18.3,126,70,172,224.0,1,0,0,100
17:44:24,4,2,6,7.5,0.07,0.1,0.07,18.5,126,70,172,224.0,1,0,0,100
17:44:24,4,2,6,7.5,0.07,0.1,0.07,18.4,126,70,172,224.0,1,0,0,100
17:44:24,4,2,6,7.5,0.07,0.1,0.07,18.4,126,70,172,224.0,1,0,0,100
17:44:24,4,2,6,7.5,0.07,0.1,0.07,18.4,126,70,172,224.0,1,0,0,100
17:44:24,4,2,6,7.5,0.07,0.1,0.07,18.5,126,70,172,224.0,1,0,0,100
17:44:24,4,2,6,7.5,0.07,0.1,0.07,18.5,126,70,172,224.0,1,0,0,100
17:44:24,6,2,5,8.1,0.03,0.13,0.08,18.3,152,52,121,201.0,1,0,0,100
17:44:25,6,2,5,8.1,0.03,0.13,0.08,18.7,152,52,121,201.0,0,3,2,100
17:44:25,6,2,5,8.1,0.03,0.13,0.08,18.2,152,52,121,201.0,0,3,2,100
17:44:25,6,2,5,8.1,0.03,0.13,0.08,18.3,152,52,121,201.0,0,3,2,100
17:44:25,6,2,5,8.1,0.03,0.13,0.08,18.4,152,52,121,201.0,0,3,2,100
17:44:25,6,2,5,8.1,0.03,0.13,0.08,18.4,152,52,121,201.0,0,3,2,100
17:44:25,6,2,5,8.1,0.03,0.13,0.08,18.4,152,52,121,201.0,0,3,2,100
17:44:25,6,2,5,8.1,0.03,0.13,0.08,18.4,152,52,121,201.0,0,3,2,100
17:44:25,6,2,5,8.1,0.03,0.13,0.08,18.4,152,52,121,201.0,0,3,2,100
17:44:25,6,2,5,8.1,0.03,0.13,0.08,18.4,152,52,121,201.0,0,3,2,100
17:44:25,5,3,6,8.4,0.04,0.15,0.05,18.5,112,89,177,228.0,0,3,2,100
17:44:26,5,3,6,8.4,0.04,0.15,0.05,18.4,112,89,177,228.0,1,0,0,100
17:44:26,5,3,6,8.4,0.04,0.15,0.05,18.5,112,89,177,228.0,1,0,0,100
17:44:26,5,3,6,8.4,0.04,0.15,0.05,18.4,112,89,177,228.0,1,0,0,100
17:44:26,5,3,6,8.4,0.04,0.15,0.05,18.4,112,89,177,228.0,1,0,0,100
17:44:26,5,3,6,8.4,0.04,0.15,0.05,18.4,112,89,177,228.0,1,0,0,100
17:44:26,5,3,6,8.4,0.04,0.15,0.05,18.4,112,89,177,228.0,1,0,0,100
17:44:26,5,3,6,8.4,0.04,0.15,0.05,18.5,112,89,177,228.0,1,0,0,100
17:44:26,5,3,6,8.4,0.04,0.15,0.05,18.4,112,89,177,228.0,1,0,0,100
17:44:26,5,3,6,8.4,0.04,0.15,0.05,18.4,112,89,177,228.0,1,0,0,100
17:44:27,9,6,6,12.4,0.04,0.21,0.03,18.2,251,143,162,331.0,1,0,0,100
17:44:27,9,6,6,12.4,0.04,0.21,0.03,18.4,251,143,162,331.0,0,0,1,100
17:44:27,9,6,6,12.4,0.04,0.21,0.03,18.5,251,143,162,331.0,0,0,1,100
17:44:27,9,6,6,12.4,0.04,0.21,0.03,18.4,251,143,162,331.0,0,0,1,100
17:44:27,9,6,6,12.4,0.04,0.21,0.03,18.4,251,143,162,331.0,0,0,1,100
17:44:27,9,6,6,12.4,0.04,0.21,0.03,18.4,251,143,162,331.0,0,0,1,100
17:44:27,9,6,6,12.4,0.04,0.21,0.03,18.3,251,143,162,331.0,0,0,1,100
17:44:27,9,6,6,12.4,0.04,0.21,0.03,18.2,251,143,162,331.0,0,0,1,100
17:44:27,9,6,6,12.4,0.04,0.21,0.03,18.3,251,143,162,331.0,0,0,1,100
17:44:27,9,6,6,12.4,0.04,0.21,0.03,18.4,251,143,162,331.0,0,0,1,100
17:44:28,8,5,7,11.7,0.04,0.12,0.04,18.7,236,145,202,343.0,0,0,1,100
17:44:28,8,5,7,11.7,0.04,0.12,0.04,18.4,236,145,202,343.0,0,0,0,100
17:44:28,8,5,7,11.7,0.04,0.12,0.04,18.3,236,145,202,343.0,0,0,0,100
17:44:28,8,5,7,11.7,0.04,0.12,0.04,18.4,236,145,202,343.0,0,0,0,100
17:44:28,8,5,7,11.7,0.04,0.12,0.04,18.4,236,145,202,343.0,0,0,0,100
17:44:28,8,5,7,11.7,0.04,0.12,0.04,18.4,236,145,202,343.0,0,0,0,100
17:44:28,8,5,7,11.7,0.04,0.12,0.04,18.4,236,145,202,343.0,0,0,0,100
17:44:28,8,5,7,11.7,0.04,0.12,0.04,18.4,236,145,202,343.0,0,0,0,100
17:44:28,8,5,7,11.7,0.04,0.12,0.04,18.5,236,145,202,343.0,0,0,0,100
17:44:28,8,5,7,11.7,0.04,0.12,0.04,18.2,236,145,202,343.0,0,0,0,100
17:44:29,5,4,8,10.2,0.02,0.09,0.03,18.4,119,127,231,289.0,0,0,0,100
17:44:29,5,4,8,10.2,0.02,0.09,0.03,18.5,119,127,231,289.0,0,0,0,100
17:44:29,5,4,8,10.2,0.02,0.09,0.03,18.4,119,127,231,289.0,0,0,0,100
17:44:29,5,4,8,10.2,0.02,0.09,0.03,18.4,119,127,231,289.0,0,0,0,100
17:44:29,5,4,8,10.2,0.02,0.09,0.03,18.3,119,127,231,289.0,0,0,0,100
17:44:29,5,4,8,10.2,0.02,0.09,0.03,18.3,119,127,231,289.0,0,0,0,100
17:44:29,5,4,8,10.2,0.02,0.09,0.03,18.5,119,127,231,289.0,0,0,0,100
17:44:29,5,4,8,10.2,0.02,0.09,0.03,18.4,119,127,231,289.0,0,0,0,100
17:44:29,5,4,8,10.2,0.02,0.09,0.03,18.4,119,127,231,289.0,0,0,0,100
17:44:29,5,4,8,10.2,0.02,0.09,0.03,18.5,119,127,231,289.0,0,0,0,100
17:44:30,8,5,7,11.7,0.05,0.15,0.08,18.3,187,114,184,286.0,0,0,0,100
17:44:30,8,5,7,11.7,0.05,0.15,0.08,18.5,187,114,184,286.0,0,0,1,100
17:44:30,8,5,7,11.7,0.05,0.15,0.08,18.3,187,114,184,286.0,0,0,1,100
17:44:30,8,5,7,11.7,0.05,0.15,0.08,18.4,187,114,184,286.0,0,0,1,100
17:44:30,8,5,7,11.7,0.05,0.15,0.08,18.4,187,114,184,286.0,0,0,1,100
17:44:30,8,5,7,11.7,0.05,0.15,0.08,18.5,187,114,184,286.0,0,0,1,100
17:44:30,8,5,7,11.7,0.05,0.15,0.08,18.5,187,114,184,286.0,0,0,1,100
17:44:30,8,5,7,11.7,0.05,0.15,0.08,18.4,187,114,184,286.0,0,0,1,100
17:44:30,8,5,7,11.7,0.05,0.15,0.08,18.6,187,114,184,286.0,0,0,1,100
17:44:30,8,5,7,11.7,0.05,0.15,0.08,18.4,187,114,184,286.0,0,0,1,100
17:44:31,6,3,5,8.4,0.1,0.19,0.04,18.5,172,76,159,246.0,0,0,1,100
17:44:31,6,3,5,8.4,0.1,0.19,0.04,18.4,172,76,159,246.0,0,0,1,100
17:44:31,6,3,5,8.4,0.1,0.19,0.04,18.2,172,76,159,246.0,0,0,1,100
17:44:31,6,3,5,8.4,0.1,0.19,0.04,18.4,172,76,159,246.0,0,0,1,100
17:44:31,6,3,5,8.4,0.1,0.19,0.04,18.4,172,76,159,246.0,0,0,1,100
17:44:31,6,3,5,8.4,0.1,0.19,0.04,18.5,172,76,159,246.0,0,0,1,100
17:44:31,6,3,5,8.4,0.1,0.19,0.04,18.5,172,76,159,246.0,0,0,1,100
17:44:31,6,3,5,8.4,0.1,0.19,0.04,18.4,172,76,159,246.0,0,0,1,100
17:44:31,6,3,5,8.4,0.1,0.19,0.04,18.6,172,76,159,246.0,0,0,1,100
17:44:31,6,3,5,8.4,0.1,0.19,0.04,18.5,172,76,159,246.0,0,0,1,100
17:44:32,5,1,6,7.9,0.09,0.24,0.08,18.4,151,30,163,224.0,0,0,1,100
17:44:32,5,1,6,7.9,0.09,0.24,0.08,18.3,151,30,163,224.0,4,2,0,100
17:44:32,5,1,6,7.9,0.09,0.24,0.08,18.2,151,30,163,224.0,4,2,0,100
17:44:32,5,1,6,7.9,0.09,0.24,0.08,18.4,151,30,163,224.0,4,2,0,100
17:44:32,5,1,6,7.9,0.09,0.24,0.08,18.4,151,30,163,224.0,4,2,0,100
17:44:32,5,1,6,7.9,0.09,0.24,0.08,18.4,151,30,163,224.0,4,2,0,100
17:44:32,5,1,6,7.9,0.09,0.24,0.08,18.4,151,30,163,224.0,4,2,0,100
17:44:32,5,1,6,7.9,0.09,0.24,0.08,18.4,151,30,163,224.0,4,2,0,100
17:44:32,5,1,6,7.9,0.09,0.24,0.08,18.4,151,30,163,224.0,4,2,0,100
17:44:32,5,1,6,7.9,0.09,0.24,0.08,18.2,151,30,163,224.0,4,2,0,100
17:44:33,6,2,5,8.1,0.07,0.17,0.1,18.4,163,80,139,229.0,4,2,0,100
17:44:33,6,2,5,8.1,0.07,0.17,0.1,18.4,163,80,139,229.0,0,0,0,100
17:44:33,6,2,5,8.1,0.07,0.17,0.1,18.3,163,80,139,229.0,0,0,0,100
17:44:33,6,2,5,8.1,0.07,0.17,0.1,18.2,163,80,139,229.0,0,0,0,100
17:44:33,6,2,5,8.1,0.07,0.17,0.1,18.2,163,80,139,229.0,0,0,0,100
17:44:33,6,2,5,8.1,0.07,0.17,0.1,18.4,163,80,139,229.0,0,0,0,100
17:44:33,6,2,5,8.1,0.07,0.17,0.1,18.4,163,80,139,229.0,0,0,0,100
17:44:33,6,2,5,8.1,0.07,0.17,0.1,18.4,163,80,139,229.0,0,0,0,100
17:44:33,6,2,5,8.1,0.07,0.17,0.1,18.4,163,80,139,229.0,0,0,0,100
17:44:33,6,2,5,8.1,0.07,0.17,0.1,18.4,163,80,139,229.0,0,0,0,100
17:44:34,4,4,7,9.0,0.04,0.18,0.09,18.4,114,125,203,264.0,0,0,0,100
17:44:34,4,4,7,9.0,0.04,0.18,0.09,18.6,114,125,203,264.0,0,0,0,100
17:44:34,4,4,7,9.0,0.04,0.18,0.09,18.3,114,125,203,264.0,0,0,0,100
17:44:34,4,4,7,9.0,0.04,0.18,0.09,18.5,114,125,203,264.0,0,0,0,100
17:44:34,4,4,7,9.0,0.04,0.18,0.09,18.2,114,125,203,264.0,0,0,0,100
17:44:34,4,4,7,9.0,0.04,0.18,0.09,18.9,114,125,203,264.0,0,0,0,100
17:44:34,4,4,7,9.0,0.04,0.18,0.09,18.4,114,125,203,264.0,0,0,0,100
17:44:34,4,4,7,9.0,0.04,0.18,0.09,18.3,114,125,203,264.0,0,0,0,100
17:44:34,4,4,7,9.0,0.04,0.18,0.09,18.4,114,125,203,264.0,0,0,0,100
17:44:34,4,4,7,9.0,0.04,0.18,0.09,18.5,114,125,203,264.0,0,0,0,100
17:44:35,11,6,5,13.5,0.11,0.16,0.04,18.3,235,144,159,318.0,0,0,0,100
17:44:35,11,6,5,13.5,0.11,0.16,0.04,18.5,235,144,159,318.0,0,0,2,100
17:44:35,11,6,5,13.5,0.11,0.16,0.04,18.5,235,144,159,318.0,0,0,2,100
17:44:35,11,6,5,13.5,0.11,0.16,0.04,18.7,235,144,159,318.0,0,0,2,100
17:44:35,11,6,5,13.5,0.11,0.16,0.04,18.3,235,144,159,318.0,0,0,2,100
17:44:35,11,6,5,13.5,0.11,0.16,0.04,18.4,235,144,159,318.0,0,0,2,100
17:44:35,11,6,5,13.5,0.11,0.16,0.04,18.4,235,144,159,318.0,0,0,2,100
17:44:35,11,6,5,13.5,0.11,0.16,0.04,18.5,235,144,159,318.0,0,0,2,100
17:44:35,11,6,5,13.5,0.11,0.16,0.04,18.4,235,144,159,318.0,0,0,2,100
17:44:35,11,6,5,13.5,0.11,0.16,0.04,18.4,235,144,159,318.0,0,0,2,100
17:44:36,7,5,6,10.5,0.05,0.12,0.03,18.4,228,137,194,329.0,0,0,2,100
17:44:36,7,5,6,10.5,0.05,0.12,0.03,18.3,228,137,194,329.0,0,0,0,100
17:44:36,7,5,6,10.5,0.05,0.12,0.03,18.3,228,137,194,329.0,0,0,0,100
17:44:36,7,5,6,10.5,0.05,0.12,0.03,18.4,228,137,194,329.0,0,0,0,100
17:44:36,7,5,6,10.5,0.05,0.12,0.03,18.4,228,137,194,329.0,0,0,0,100
17:44:36,7,5,6,10.5,0.05,0.12,0.03,18.4,228,137,194,329.0,0,0,0,100
17:44:36,7,5,6,10.5,0.05,0.12,0.03,18.2,228,137,194,329.0,0,0,0,100
17:44:36,7,5,6,10.5,0.05,0.12,0.03,18.4,228,137,194,329.0,0,0,0,100
17:44:36,7,5,6,10.5,0.05,0.12,0.03,18.4,228,137,194,329.0,0,0,0,100
17:44:36,7,5,6,10.5,0.05,0.12,0.03,18.6,228,137,194,329.0,0,0,0,100
17:44:37,3,4,7,8.6,0.04,0.13,0.06,18.5,100,125,219,271.0,0,0,0,100
17:44:37,3,4,7,8.6,0.04,0.13,0.06,18.4,100,125,219,271.0,1,0,0,100
17:44:37,3,4,7,8.6,0.04,0.13,0.06,18.4,100,125,219,271.0,1,0,0,100
17:44:37,3,4,7,8.6,0.04,0.13,0.06,18.7,100,125,219,271.0,1,0,0,100
17:44:37,3,4,7,8.6,0.04,0.13,0.06,18.4,100,125,219,271.0,1,0,0,100
17:44:37,3,4,7,8.6,0.04,0.13,0.06,18.4,100,125,219,271.0,1,0,0,100
17:44:37,3,4,7,8.6,0.04,0.13,0.06,18.4,100,125,219,271.0,1,0,0,100
17:44:37,3,4,7,8.6,0.04,0.13,0.06,18.4,100,125,219,271.0,1,0,0,100
17:44:37,3,4,7,8.6,0.04,0.13,0.06,18.3,100,125,219,271.0,1,0,0,100
17:44:37,3,4,7,8.6,0.04,0.13,0.06,18.5,100,125,219,271.0,1,0,0,100
17:44:38,8,4,6,10.8,0.08,0.14,0.07,18.4,229,119,170,309.0,1,0,0,100
17:44:38,8,4,6,10.8,0.08,0.14,0.07,18.4,229,119,170,309.0,0,0,0,100
17:44:38,8,4,6,10.8,0.08,0.14,0.07,18.3,229,119,170,309.0,0,0,0,100
17:44:38,8,4,6,10.8,0.08,0.14,0.07,18.2,229,119,170,309.0,0,0,0,100
17:44:38,8,4,6,10.8,0.08,0.14,0.07,18.2,229,119,170,309.0,0,0,0,100
17:44:38,8,4,6,10.8,0.08,0.14,0.07,18.6,229,119,170,309.0,0,0,0,100
17:44:38,8,4,6,10.8,0.08,0.14,0.07,18.5,229,119,170,309.0,0,0,0,100
17:44:38,8,4,6,10.8,0.08,0.14,0.07,18.5,229,119,170,309.0,0,0,0,100
17:44:38,8,4,6,10.8,0.08,0.14,0.07,18.5,229,119,170,309.0,0,0,0,100
17:44:39,8,4,6,10.8,0.08,0.14,0.07,18.4,229,119,170,309.0,0,0,0,100
17:44:39,7,3,5,9.1,0.1,0.16,0.08,18.5,201,82,160,270.0,0,0,0,100
17:44:39,7,3,5,9.1,0.1,0.16,0.08,18.2,201,82,160,270.0,0,3,0,100
17:44:39,7,3,5,9.1,0.1,0.16,0.08,18.4,201,82,160,270.0,0,3,0,100
17:44:39,7,3,5,9.1,0.1,0.16,0.08,18.2,201,82,160,270.0,0,3,0,100
17:44:39,7,3,5,9.1,0.1,0.16,0.08,18.2,201,82,160,270.0,0,3,0,100
17:44:39,7,3,5,9.1,0.1,0.16,0.08,18.4,201,82,160,270.0,0,3,0,100
17:44:39,7,3,5,9.1,0.1,0.16,0.08,18.4,201,82,160,270.0,0,3,0,100
17:44:39,7,3,5,9.1,0.1,0.16,0.08,18.4,201,82,160,270.0,0,3,0,100
17:44:39,7,3,5,9.1,0.1,0.16,0.08,18.4,201,82,160,270.0,0,3,0,100
17:44:39,7,3,5,9.1,0.1,0.16,0.08,18.3,201,82,160,270.0,0,3,0,100
17:44:40,6,2,5,8.1,0.11,0.18,0.04,18.4,171,57,156,238.0,0,3,0,100
17:44:40,6,2,5,8.1,0.11,0.18,0.04,18.3,171,57,156,238.0,0,0,1,100
17:44:40,6,2,5,8.1,0.11,0.18,0.04,18.4,171,57,156,238.0,0,0,1,100
17:44:40,6,2,5,8.1,0.11,0.18,0.04,18.4,171,57,156,238.0,0,0,1,100
17:44:40,6,2,5,8.1,0.11,0.18,0.04,18.4,171,57,156,238.0,0,0,1,100
17:44:40,6,2,5,8.1,0.11,0.18,0.04,18.5,171,57,156,238.0,0,0,1,100
17:44:40,6,2,5,8.1,0.11,0.18,0.04,18.2,171,57,156,238.0,0,0,1,100
17:44:40,6,2,5,8.1,0.11,0.18,0.04,18.5,171,57,156,238.0,0,0,1,100
17:44:40,6,2,5,8.1,0.11,0.18,0.04,18.2,171,57,156,238.0,0,0,1,100
17:44:41,6,2,5,8.1,0.11,0.18,0.04,18.2,171,57,156,238.0,0,0,1,100
17:44:41,7,4,6,10.0,0.04,0.36,0.07,18.4,202,115,161,283.0,0,0,1,100
17:44:41,7,4,6,10.0,0.04,0.36,0.07,18.4,202,115,161,283.0,0,0,0,100
17:44:41,7,4,6,10.0,0.04,0.36,0.07,18.6,202,115,161,283.0,0,0,0,100
17:44:41,7,4,6,10.0,0.04,0.36,0.07,18.5,202,115,161,283.0,0,0,0,100
17:44:41,7,4,6,10.0,0.04,0.36,0.07,18.4,202,115,161,283.0,0,0,0,100
17:44:41,7,4,6,10.0,0.04,0.36,0.07,18.4,202,115,161,283.0,0,0,0,100
17:44:41,7,4,6,10.0,0.04,0.36,0.07,18.5,202,115,161,283.0,0,0,0,100
17:44:41,7,4,6,10.0,0.04,0.36,0.07,18.4,202,115,161,283.0,0,0,0,100
17:44:41,7,4,6,10.0,0.04,0.36,0.07,18.4,202,115,161,283.0,0,0,0,100
17:44:42,7,4,6,10.0,0.04,0.36,0.07,18.4,202,115,161,283.0,0,0,0,100
17:44:42,6,5,8,11.2,0.03,0.21,0.07,18.4,137,137,222,295.0,0,0,0,100
17:44:42,6,5,8,11.2,0.03,0.21,0.07,18.3,137,137,222,295.0,3,0,0,100
17:44:42,6,5,8,11.2,0.03,0.21,0.07,18.3,137,137,222,295.0,3,0,0,100
17:44:42,6,5,8,11.2,0.03,0.21,0.07,18.5,137,137,222,295.0,3,0,0,100
17:44:42,6,5,8,11.2,0.03,0.21,0.07,18.4,137,137,222,295.0,3,0,0,100
17:44:42,6,5,8,11.2,0.03,0.21,0.07,18.4,137,137,222,295.0,3,0,0,100
17:44:42,6,5,8,11.2,0.03,0.21,0.07,18.4,137,137,222,295.0,3,0,0,100
17:44:42,6,5,8,11.2,0.03,0.21,0.07,18.4,137,137,222,295.0,3,0,0,100
17:44:42,6,5,8,11.2,0.03,0.21,0.07,18.4,137,137,222,295.0,3,0,0,100
17:44:43,6,5,8,11.2,0.03,0.21,0.07,18.3,137,137,222,295.0,3,0,0,100
17:44:43,10,7,13,17.8,0.08,0.19,0.05,18.4,276,161,193,373.0,3,0,0,100
17:44:43,10,7,13,17.8,0.08,0.19,0.05,18.4,276,161,193,373.0,0,0,0,100
17:44:43,10,7,13,17.8,0.08,0.19,0.05,18.4,276,161,193,373.0,0,0,0,100
17:44:43,10,7,13,17.8,0.08,0.19,0.05,18.4,276,161,193,373.0,0,0,0,100
17:44:43,10,7,13,17.8,0.08,0.19,0.05,18.2,276,161,193,373.0,0,0,0,100
17:44:43,10,7,13,17.8,0.08,0.19,0.05,18.6,276,161,193,373.0,0,0,0,100
17:44:43,10,7,13,17.8,0.08,0.19,0.05,18.4,276,161,193,373.0,0,0,0,100
17:44:43,10,7,13,17.8,0.08,0.19,0.05,18.5,276,161,193,373.0,0,0,0,100
17:44:43,10,7,13,17.8,0.08,0.19,0.05,18.4,276,161,193,373.0,0,0,0,100
17:44:44,10,7,13,17.8,0.08,0.19,0.05,18.4,276,161,193,373.0,0,0,0,100
17:44:44,8,6,8,12.8,0.09,0.2,0.08,18.4,249,155,189,349.0,0,0,0,100
17:44:44,8,6,8,12.8,0.09,0.2,0.08,18.4,249,155,189,349.0,0,0,0,100
17:44:44,8,6,8,12.8,0.09,0.2,0.08,18.4,249,155,189,349.0,0,0,0,100
17:44:44,8,6,8,12.8,0.09,0.2,0.08,18.3,249,155,189,349.0,0,0,0,100
17:44:44,8,6,8,12.8,0.09,0.2,0.08,18.3,249,155,189,349.0,0,0,0,100
17:44:44,8,6,8,12.8,0.09,0.2,0.08,18.4,249,155,189,349.0,0,0,0,100
17:44:44,8,6,8,12.8,0.09,0.2,0.08,18.4,249,155,189,349.0,0,0,0,100
17:44:44,8,6,8,12.8,0.09,0.2,0.08,18.4,249,155,189,349.0,0,0,0,100
17:44:44,8,6,8,12.8,0.09,0.2,0.08,18.2,249,155,189,349.0,0,0,0,100
17:44:45,8,6,8,12.8,0.09,0.2,0.08,18.2,249,155,189,349.0,0,0,0,100
17:44:45,7,4,10,12.8,0.08,0.19,0.09,18.7,124,123,212,275.0,0,0,0,100
17:44:45,7,4,10,12.8,0.08,0.19,0.09,18.4,124,123,212,275.0,1,0,0,100
17:44:45,7,4,10,12.8,0.08,0.19,0.09,18.5,124,123,212,275.0,1,0,0,100
17:44:45,7,4,10,12.8,0.08,0.19,0.09,18.5,124,123,212,275.0,1,0,0,100
17:44:45,7,4,10,12.8,0.08,0.19,0.09,18.2,124,123,212,275.0,1,0,0,100
17:44:45,7,4,10,12.8,0.08,0.19,0.09,18.5,124,123,212,275.0,1,0,0,100
17:44:45,7,4,10,12.8,0.08,0.19,0.09,18.5,124,123,212,275.0,1,0,0,100
17:44:45,7,4,10,12.8,0.08,0.19,0.09,18.2,124,123,212,275.0,1,0,0,100
17:44:45,7,4,10,12.8,0.08,0.19,0.09,18.5,124,123,212,275.0,1,0,0,100
17:44:46,7,4,10,12.8,0.08,0.19,0.09,18.7,124,123,212,275.0,1,0,0,100
17:44:46,6,2,4,7.5,0.04,0.13,0.05,18.2,156,59,114,202.0,1,0,0,100
17:44:46,6,2,4,7.5,0.04,0.13,0.05,18.4,156,59,114,202.0,0,0,1,100
17:44:46,6,2,4,7.5,0.04,0.13,0.05,18.3,156,59,114,202.0,0,0,1,100
17:44:46,6,2,4,7.5,0.04,0.13,0.05,18.3,156,59,114,202.0,0,0,1,100
17:44:46,6,2,4,7.5,0.04,0.13,0.05,18.2,156,59,114,202.0,0,0,1,100
17:44:46,6,2,4,7.5,0.04,0.13,0.05,18.5,156,59,114,202.0,0,0,1,100
17:44:46,6,2,4,7.5,0.04,0.13,0.05,18.3,156,59,114,202.0,0,0,1,100
17:44:46,6,2,4,7.5,0.04,0.13,0.05,18.4,156,59,114,202.0,0,0,1,100
17:44:46,6,2,4,7.5,0.04,0.13,0.05,18.2,156,59,114,202.0,0,0,1,100
17:44:47,6,2,4,7.5,0.04,0.13,0.05,18.4,156,59,114,202.0,0,0,1,100
17:44:47,5,1,5,7.1,0.08,0.19,0.04,18.2,102,40,162,196.0,0,0,1,100
17:44:47,5,1,5,7.1,0.08,0.19,0.04,18.4,102,40,162,196.0,1,0,0,100
17:44:47,5,1,5,7.1,0.08,0.19,0.04,18.4,102,40,162,196.0,1,0,0,100
17:44:47,5,1,5,7.1,0.08,0.19,0.04,18.2,102,40,162,196.0,1,0,0,100
17:44:47,5,1,5,7.1,0.08,0.19,0.04,18.2,102,40,162,196.0,1,0,0,100
17:44:47,5,1,5,7.1,0.08,0.19,0.04,18.3,102,40,162,196.0,1,0,0,100
17:44:47,5,1,5,7.1,0.08,0.19,0.04,18.2,102,40,162,196.0,1,0,0,100
17:44:47,5,1,5,7.1,0.08,0.19,0.04,18.5,102,40,162,196.0,1,0,0,100
17:44:47,5,1,5,7.1,0.08,0.19,0.04,18.5,102,40,162,196.0,1,0,0,100
17:44:48,5,1,5,7.1,0.08,0.19,0.04,18.2,102,40,162,196.0,1,0,0,100
17:44:48,8,5,8,12.4,0.15,0.23,0.04,18.5,194,86,157,264.0,1,0,0,100
17:44:48,8,5,8,12.4,0.15,0.23,0.04,18.4,194,86,157,264.0,0,0,0,100
17:44:48,8,5,8,12.4,0.15,0.23,0.04,18.5,194,86,157,264.0,0,0,0,100
17:44:48,8,5,8,12.4,0.15,0.23,0.04,18.4,194,86,157,264.0,0,0,0,100
17:44:48,8,5,8,12.4,0.15,0.23,0.04,18.6,194,86,157,264.0,0,0,0,100
17:44:48,8,5,8,12.4,0.15,0.23,0.04,18.2,194,86,157,264.0,0,0,0,100
17:44:48,8,5,8,12.4,0.15,0.23,0.04,18.4,194,86,157,264.0,0,0,0,100
17:44:48,8,5,8,12.4,0.15,0.23,0.04,18.2,194,86,157,264.0,0,0,0,100
17:44:48,8,5,8,12.4,0.15,0.23,0.04,18.3,194,86,157,264.0,0,0,0,100
17:44:49,8,5,8,12.4,0.15,0.23,0.04,18.5,194,86,157,264.0,0,0,0,100
17:44:49,8,4,7,11.4,0.03,0.14,0.03,18.4,214,125,205,322.0,0,0,0,100
17:44:49,8,4,7,11.4,0.03,0.14,0.03,18.2,214,125,205,322.0,0,0,0,100
17:44:49,8,4,7,11.4,0.03,0.14,0.03,18.3,214,125,205,322.0,0,0,0,100
17:44:49,8,4,7,11.4,0.03,0.14,0.03,18.2,214,125,205,322.0,0,0,0,100
17:44:49,8,4,7,11.4,0.03,0.14,0.03,18.5,214,125,205,322.0,0,0,0,100
17:44:49,8,4,7,11.4,0.03,0.14,0.03,18.4,214,125,205,322.0,0,0,0,100
17:44:49,8,4,7,11.4,0.03,0.14,0.03,18.2,214,125,205,322.0,0,0,0,100
17:44:49,8,4,7,11.4,0.03,0.14,0.03,18.4,214,125,205,322.0,0,0,0,100
17:44:49,8,4,7,11.4,0.03,0.14,0.03,18.2,214,125,205,322.0,0,0,0,100
17:44:50,8,4,7,11.4,0.03,0.14,0.03,18.3,214,125,205,322.0,0,0,0,100
17:44:50,6,5,8,11.2,0.07,0.15,0.08,18.2,165,144,233,320.0,0,0,0,100
17:44:50,6,5,8,11.2,0.07,0.15,0.08,18.2,165,144,233,320.0,0,0,0,100
17:44:50,6,5,8,11.2,0.07,0.15,0.08,18.5,165,144,233,320.0,0,0,0,100
17:44:50,6,5,8,11.2,0.07,0.15,0.08,18.4,165,144,233,320.0,0,0,0,100
17:44:50,6,5,8,11.2,0.07,0.15,0.08,18.4,165,144,233,320.0,0,0,0,100
17:44:50,6,5,8,11.2,0.07,0.15,0.08,18.5,165,144,233,320.0,0,0,0,100
17:44:50,6,5,8,11.2,0.07,0.15,0.08,18.5,165,144,233,320.0,0,0,0,100
17:44:50,6,5,8,11.2,0.07,0.15,0.08,18.4,165,144,233,320.0,0,0,0,100
17:44:50,6,5,8,11.2,0.07,0.15,0.08,18.5,165,144,233,320.0,0,0,0,100
17:44:51,6,5,8,11.2,0.07,0.15,0.08,18.2,165,144,233,320.0,0,0,0,100
17:44:51,9,5,6,11.9,0.1,0.13,0.04,18.2,248,146,155,327.0,0,0,0,100
17:44:51,9,5,6,11.9,0.1,0.13,0.04,18.5,248,146,155,327.0,0,0,1,100
17:44:51,9,5,6,11.9,0.1,0.13,0.04,18.3,248,146,155,327.0,0,0,1,100
17:44:51,9,5,6,11.9,0.1,0.13,0.04,18.4,248,146,155,327.0,0,0,1,100
17:44:51,9,5,6,11.9,0.1,0.13,0.04,18.3,248,146,155,327.0,0,0,1,100
17:44:51,9,5,6,11.9,0.1,0.13,0.04,18.5,248,146,155,327.0,0,0,1,100
17:44:51,9,5,6,11.9,0.1,0.13,0.04,18.4,248,146,155,327.0,0,0,1,100
17:44:51,9,5,6,11.9,0.1,0.13,0.04,18.4,248,146,155,327.0,0,0,1,100
17:44:51,9,5,6,11.9,0.1,0.13,0.04,18.6,248,146,155,327.0,0,0,1,100
17:44:52,9,5,6,11.9,0.1,0.13,0.04,18.4,248,146,155,327.0,0,0,1,100
17:44:52,7,5,9,12.4,0.16,0.32,0.09,18.4,219,126,211,329.0,0,0,1,100
17:44:52,7,5,9,12.4,0.16,0.32,0.09,18.5,219,126,211,329.0,0,0,0,100
17:44:52,7,5,9,12.4,0.16,0.32,0.09,18.4,219,126,211,329.0,0,0,0,100
17:44:52,7,5,9,12.4,0.16,0.32,0.09,18.4,219,126,211,329.0,0,0,0,100
17:44:52,7,5,9,12.4,0.16,0.32,0.09,18.1,219,126,211,329.0,0,0,0,100
17:44:52,7,5,9,12.4,0.16,0.32,0.09,18.3,219,126,211,329.0,0,0,0,100
17:44:52,7,5,9,12.4,0.16,0.32,0.09,18.5,219,126,211,329.0,0,0,0,100
17:44:52,7,5,9,12.4,0.16,0.32,0.09,18.4,219,126,211,329.0,0,0,0,100
17:44:52,7,5,9,12.4,0.16,0.32,0.09,18.3,219,126,211,329.0,0,0,0,100
17:44:53,7,5,9,12.4,0.16,0.32,0.09,18.5,219,126,211,329.0,0,0,0,100
17:44:53,5,3,7,9.1,0.05,0.12,0.1,18.3,131,91,206,261.0,0,0,0,100
17:44:53,5,3,7,9.1,0.05,0.12,0.1,18.4,131,91,206,261.0,2,0,0,100
17:44:53,5,3,7,9.1,0.05,0.12,0.1,18.4,131,91,206,261.0,2,0,0,100
17:44:53,5,3,7,9.1,0.05,0.12,0.1,18.4,131,91,206,261.0,2,0,0,100
17:44:53,5,3,7,9.1,0.05,0.12,0.1,18.3,131,91,206,261.0,2,0,0,100
17:44:53,5,3,7,9.1,0.05,0.12,0.1,18.2,131,91,206,261.0,2,0,0,100
17:44:53,5,3,7,9.1,0.05,0.12,0.1,18.4,131,91,206,261.0,2,0,0,100
17:44:53,5,3,7,9.1,0.05,0.12,0.1,18.5,131,91,206,261.0,2,0,0,100
17:44:53,5,3,7,9.1,0.05,0.12,0.1,18.4,131,91,206,261.0,2,0,0,100
17:44:54,5,3,7,9.1,0.05,0.12,0.1,18.4,131,91,206,261.0,2,0,0,100
17:44:54,7,1,4,8.1,0.04,0.12,0.14,18.5,190,41,122,229.0,2,0,0,100
17:44:54,7,1,4,8.1,0.04,0.12,0.14,18.4,190,41,122,229.0,0,3,0,100
17:44:54,7,1,4,8.1,0.04,0.12,0.14,18.4,190,41,122,229.0,0,3,0,100
17:44:54,7,1,4,8.1,0.04,0.12,0.14,18.3,190,41,122,229.0,0,3,0,100
17:44:54,7,1,4,8.1,0.04,0.12,0.14,18.4,190,41,122,229.0,0,3,0,100
17:44:54,7,1,4,8.1,0.04,0.12,0.14,18.7,190,41,122,229.0,0,3,0,100
17:44:54,7,1,4,8.1,0.04,0.12,0.14,18.2,190,41,122,229.0,0,3,0,100
17:44:54,7,1,4,8.1,0.04,0.12,0.14,18.2,190,41,122,229.0,0,3,0,100
17:44:54,7,1,4,8.1,0.04,0.12,0.14,18.4,190,41,122,229.0,0,3,0,100
17:44:55,7,1,4,8.1,0.04,0.12,0.14,18.1,190,41,122,229.0,0,3,0,100
17:44:55,7,3,5,9.1,0.03,0.14,0.02,18.2,144,73,150,220.0,0,3,0,100
17:44:55,7,3,5,9.1,0.03,0.14,0.02,18.4,144,73,150,220.0,1,0,0,100
17:44:55,7,3,5,9.1,0.03,0.14,0.02,18.2,144,73,150,220.0,1,0,0,100
17:44:55,7,3,5,9.1,0.03,0.14,0.02,18.2,144,73,150,220.0,1,0,0,100
17:44:55,7,3,5,9.1,0.03,0.14,0.02,18.4,144,73,150,220.0,1,0,0,100
17:44:55,7,3,5,9.1,0.03,0.14,0.02,18.4,144,73,150,220.0,1,0,0,100
17:44:55,7,3,5,9.1,0.03,0.14,0.02,18.4,144,73,150,220.0,1,0,0,100
17:44:55,7,3,5,9.1,0.03,0.14,0.02,18.2,144,73,150,220.0,1,0,0,100
17:44:56,7,3,5,9.1,0.03,0.14,0.02,18.3,144,73,150,220.0,1,0,0,100
17:44:56,7,3,5,9.1,0.03,0.14,0.02,18.3,144,73,150,220.0,1,0,0,100
17:44:56,9,5,5,11.4,0.07,0.16,0.04,18.4,234,122,109,286.0,1,0,0,100
17:44:56,9,5,5,11.4,0.07,0.16,0.04,18.6,234,122,109,286.0,0,0,4,100
17:44:56,9,5,5,11.4,0.07,0.16,0.04,18.4,234,122,109,286.0,0,0,4,100
17:44:56,9,5,5,11.4,0.07,0.16,0.04,18.2,234,122,109,286.0,0,0,4,100
17:44:56,9,5,5,11.4,0.07,0.16,0.04,18.4,234,122,109,286.0,0,0,4,100
17:44:56,9,5,5,11.4,0.07,0.16,0.04,18.4,234,122,109,286.0,0,0,4,100
17:44:56,9,5,5,11.4,0.07,0.16,0.04,18.2,234,122,109,286.0,0,0,4,100
17:44:56,9,5,5,11.4,0.07,0.16,0.04,18.4,234,122,109,286.0,0,0,4,100
17:44:57,9,5,5,11.4,0.07,0.16,0.04,18.4,234,122,109,286.0,0,0,4,100
17:44:57,9,5,5,11.4,0.07,0.16,0.04,18.4,234,122,109,286.0,0,0,4,100
17:44:57,6,6,8,11.7,0.03,0.14,0.04,18.3,183,139,235,329.0,0,0,4,100
17:44:57,6,6,8,11.7,0.03,0.14,0.04,18.2,183,139,235,329.0,1,0,0,100
17:44:57,6,6,8,11.7,0.03,0.14,0.04,18.5,183,139,235,329.0,1,0,0,100
17:44:57,6,6,8,11.7,0.03,0.14,0.04,18.4,183,139,235,329.0,1,0,0,100
17:44:57,6,6,8,11.7,0.03,0.14,0.04,18.4,183,139,235,329.0,1,0,0,100
17:44:57,6,6,8,11.7,0.03,0.14,0.04,18.4,183,139,235,329.0,1,0,0,100
17:44:57,6,6,8,11.7,0.03,0.14,0.04,18.3,183,139,235,329.0,1,0,0,100
17:44:57,6,6,8,11.7,0.03,0.14,0.04,18.4,183,139,235,329.0,1,0,0,100
17:44:58,6,6,8,11.7,0.03,0.14,0.04,18.2,183,139,235,329.0,1,0,0,100
17:44:58,6,6,8,11.7,0.03,0.14,0.04,18.4,183,139,235,329.0,1,0,0,100
17:44:58,8,5,8,12.4,0.05,0.13,0.04,18.4,191,144,238,337.0,1,0,0,100
17:44:58,8,5,8,12.4,0.05,0.13,0.04,18.4,191,144,238,337.0,1,0,0,100
17:44:58,8,5,8,12.4,0.05,0.13,0.04,18.4,191,144,238,337.0,1,0,0,100
17:44:58,8,5,8,12.4,0.05,0.13,0.04,18.4,191,144,238,337.0,1,0,0,100
17:44:58,8,5,8,12.4,0.05,0.13,0.04,18.4,191,144,238,337.0,1,0,0,100
17:44:58,8,5,8,12.4,0.05,0.13,0.04,18.4,191,144,238,337.0,1,0,0,100
17:44:58,8,5,8,12.4,0.05,0.13,0.04,18.4,191,144,238,337.0,1,0,0,100
17:44:58,8,5,8,12.4,0.05,0.13,0.04,18.3,191,144,238,337.0,1,0,0,100
17:44:59,8,5,8,12.4,0.05,0.13,0.04,18.4,191,144,238,337.0,1,0,0,100
17:44:59,8,5,8,12.4,0.05,0.13,0.04,18.4,191,144,238,337.0,1,0,0,100
17:44:59,9,6,4,11.5,0.11,0.16,0.05,18.4,256,144,140,325.0,1,0,0,100
17:44:59,9,6,4,11.5,0.11,0.16,0.05,18.3,256,144,140,325.0,0,0,0,100
17:44:59,9,6,4,11.5,0.11,0.16,0.05,18.4,256,144,140,325.0,0,0,0,100
17:44:59,9,6,4,11.5,0.11,0.16,0.05,18.4,256,144,140,325.0,0,0,0,100
17:44:59,9,6,4,11.5,0.11,0.16,0.05,18.2,256,144,140,325.0,0,0,0,100
17:44:59,9,6,4,11.5,0.11,0.16,0.05,18.2,256,144,140,325.0,0,0,0,100
17:44:59,9,6,4,11.5,0.11,0.16,0.05,18.4,256,144,140,325.0,0,0,0,100
17:44:59,9,6,4,11.5,0.11,0.16,0.05,18.4,256,144,140,325.0,0,0,0,100
17:45:00,9,6,4,11.5,0.11,0.16,0.05,18.4,256,144,140,325.0,0,0,0,100
17:45:00,9,6,4,11.5,0.11,0.16,0.05,18.3,256,144,140,325.0,0,0,0,100
17:45:00,6,4,6,9.4,0.09,0.14,0.04,18.4,177,125,173,277.0,0,0,0,100
17:45:00,6,4,6,9.4,0.09,0.14,0.04,18.2,177,125,173,277.0,0,0,0,100
17:45:00,6,4,6,9.4,0.09,0.14,0.04,18.3,177,125,173,277.0,0,0,0,100
17:45:00,6,4,6,9.4,0.09,0.14,0.04,18.4,177,125,173,277.0,0,0,0,100
17:45:00,6,4,6,9.4,0.09,0.14,0.04,18.3,177,125,173,277.0,0,0,0,100
17:45:00,6,4,6,9.4,0.09,0.14,0.04,18.4,177,125,173,277.0,0,0,0,100
17:45:00,6,4,6,9.4,0.09,0.14,0.04,18.4,177,125,173,277.0,0,0,0,100
17:45:00,6,4,6,9.4,0.09,0.14,0.04,18.3,177,125,173,277.0,0,0,0,100
17:45:01,6,4,6,9.4,0.09,0.14,0.04,18.4,177,125,173,277.0,0,0,0,100
17:45:01,6,4,6,9.4,0.09,0.14,0.04,18.4,177,125,173,277.0,0,0,0,100
17:45:01,5,1,4,6.5,0.05,0.12,0.07,18.2,152,43,144,214.0,0,0,0,100
17:45:01,5,1,4,6.5,0.05,0.12,0.07,18.2,152,43,144,214.0,0,0,1,100
17:45:01,5,1,4,6.5,0.05,0.12,0.07,18.4,152,43,144,214.0,0,0,1,100
17:45:01,5,1,4,6.5,0.05,0.12,0.07,18.4,152,43,144,214.0,0,0,1,100
17:45:01,5,1,4,6.5,0.05,0.12,0.07,18.4,152,43,144,214.0,0,0,1,100
17:45:01,5,1,4,6.5,0.05,0.12,0.07,18.4,152,43,144,214.0,0,0,1,100
17:45:01,5,1,4,6.5,0.05,0.12,0.07,18.4,152,43,144,214.0,0,0,1,100
17:45:01,5,1,4,6.5,0.05,0.12,0.07,18.5,152,43,144,214.0,0,0,1,100
17:45:02,5,1,4,6.5,0.05,0.12,0.07,18.2,152,43,144,214.0,0,0,1,100
17:45:02,5,1,4,6.5,0.05,0.12,0.07,18.4,152,43,144,214.0,0,0,1,100
17:45:02,4,2,6,7.5,0.04,0.1,0.06,18.4,125,57,167,216.0,0,0,1,100
17:45:02,4,2,6,7.5,0.04,0.1,0.06,18.4,125,57,167,216.0,2,3,0,100
17:45:02,4,2,6,7.5,0.04,0.1,0.06,18.4,125,57,167,216.0,2,3,0,100
17:45:02,4,2,6,7.5,0.04,0.1,0.06,18.3,125,57,167,216.0,2,3,0,100
17:45:02,4,2,6,7.5,0.04,0.1,0.06,18.4,125,57,167,216.0,2,3,0,100
17:45:02,4,2,6,7.5,0.04,0.1,0.06,18.4,125,57,167,216.0,2,3,0,100
17:45:02,4,2,6,7.5,0.04,0.1,0.06,18.2,125,57,167,216.0,2,3,0,100
17:45:02,4,2,6,7.5,0.04,0.1,0.06,18.4,125,57,167,216.0,2,3,0,100
17:45:03,4,2,6,7.5,0.04,0.1,0.06,18.2,125,57,167,216.0,2,3,0,100
17:45:03,4,2,6,7.5,0.04,0.1,0.06,18.4,125,57,167,216.0,2,3,0,100
17:45:03,7,3,6,9.7,0.05,0.16,0.03,18.4,200,109,174,287.0,2,3,0,100
17:45:03,7,3,6,9.7,0.05,0.16,0.03,18.4,200,109,174,287.0,1,0,0,100
17:45:03,7,3,6,9.7,0.05,0.16,0.03,18.3,200,109,174,287.0,1,0,0,100
17:45:03,7,3,6,9.7,0.05,0.16,0.03,18.4,200,109,174,287.0,1,0,0,100
17:45:03,7,3,6,9.7,0.05,0.16,0.03,18.5,200,109,174,287.0,1,0,0,100
17:45:03,7,3,6,9.7,0.05,0.16,0.03,18.5,200,109,174,287.0,1,0,0,100
17:45:03,7,3,6,9.7,0.05,0.16,0.03,18.5,200,109,174,287.0,1,0,0,100
17:45:03,7,3,6,9.7,0.05,0.16,0.03,18.4,200,109,174,287.0,1,0,0,100
17:45:04,7,3,6,9.7,0.05,0.16,0.03,18.4,200,109,174,287.0,1,0,0,100
17:45:04,7,3,6,9.7,0.05,0.16,0.03,18.4,200,109,174,287.0,1,0,0,100
17:45:04,9,5,6,11.9,0.08,0.21,0.06,18.3,262,154,147,338.0,1,0,0,100
17:45:04,9,5,6,11.9,0.08,0.21,0.06,18.4,262,154,147,338.0,0,0,0,100
17:45:04,9,5,6,11.9,0.08,0.21,0.06,18.4,262,154,147,338.0,0,0,0,100
17:45:04,9,5,6,11.9,0.08,0.21,0.06,18.4,262,154,147,338.0,0,0,0,100
17:45:04,9,5,6,11.9,0.08,0.21,0.06,18.4,262,154,147,338.0,0,0,0,100
17:45:04,9,5,6,11.9,0.08,0.21,0.06,18.4,262,154,147,338.0,0,0,0,100
17:45:04,9,5,6,11.9,0.08,0.21,0.06,18.4,262,154,147,338.0,0,0,0,100
17:45:04,9,5,6,11.9,0.08,0.21,0.06,18.4,262,154,147,338.0,0,0,0,100
17:45:05,9,5,6,11.9,0.08,0.21,0.06,18.3,262,154,147,338.0,0,0,0,100
17:45:05,9,5,6,11.9,0.08,0.21,0.06,18.5,262,154,147,338.0,0,0,0,100
17:45:05,7,5,8,11.7,0.04,0.23,0.06,18.4,173,140,220,313.0,0,0,0,100
17:45:05,7,5,8,11.7,0.04,0.23,0.06,18.0,173,140,220,313.0,0,0,0,100
17:45:05,7,5,8,11.7,0.04,0.23,0.06,18.3,173,140,220,313.0,0,0,0,100
17:45:05,7,5,8,11.7,0.04,0.23,0.06,18.4,173,140,220,313.0,0,0,0,100
17:45:05,7,5,8,11.7,0.04,0.23,0.06,18.5,173,140,220,313.0,0,0,0,100
17:45:05,7,5,8,11.7,0.04,0.23,0.06,18.2,173,140,220,313.0,0,0,0,100
17:45:05,7,5,8,11.7,0.04,0.23,0.06,18.4,173,140,220,313.0,0,0,0,100
17:45:05,7,5,8,11.7,0.04,0.23,0.06,18.3,173,140,220,313.0,0,0,0,100
17:45:06,7,5,8,11.7,0.04,0.23,0.06,18.3,173,140,220,313.0,0,0,0,100
17:45:06,7,5,8,11.7,0.04,0.23,0.06,18.2,173,140,220,313.0,0,0,0,100
17:45:06,7,4,7,10.7,0.04,0.28,0.06,18.2,196,133,221,324.0,0,0,0,100
17:45:06,7,4,7,10.7,0.04,0.28,0.06,18.4,196,133,221,324.0,0,0,0,100
17:45:06,7,4,7,10.7,0.04,0.28,0.06,18.3,196,133,221,324.0,0,0,0,100
17:45:06,7,4,7,10.7,0.04,0.28,0.06,18.2,196,133,221,324.0,0,0,0,100
17:45:06,7,4,7,10.7,0.04,0.28,0.06,18.3,196,133,221,324.0,0,0,0,100
17:45:06,7,4,7,10.7,0.04,0.28,0.06,18.3,196,133,221,324.0,0,0,0,100
17:45:06,7,4,7,10.7,0.04,0.28,0.06,18.5,196,133,221,324.0,0,0,0,100
17:45:06,7,4,7,10.7,0.04,0.28,0.06,18.3,196,133,221,324.0,0,0,0,100
17:45:07,7,4,7,10.7,0.04,0.28,0.06,18.2,196,133,221,324.0,0,0,0,100
17:45:07,7,4,7,10.7,0.04,0.28,0.06,18.3,196,133,221,324.0,0,0,0,100
17:45:07,7,4,5,9.5,0.09,0.19,0.06,18.4,229,118,121,285.0,0,0,0,100
17:45:07,7,4,5,9.5,0.09,0.19,0.06,18.4,229,118,121,285.0,0,0,1,100
17:45:07,7,4,5,9.5,0.09,0.19,0.06,18.3,229,118,121,285.0,0,0,1,100
17:45:07,7,4,5,9.5,0.09,0.19,0.06,18.4,229,118,121,285.0,0,0,1,100
17:45:07,7,4,5,9.5,0.09,0.19,0.06,18.2,229,118,121,285.0,0,0,1,100
17:45:07,7,4,5,9.5,0.09,0.19,0.06,18.1,229,118,121,285.0,0,0,1,100
17:45:07,7,4,5,9.5,0.09,0.19,0.06,18.4,229,118,121,285.0,0,0,1,100
17:45:08,7,4,5,9.5,0.09,0.19,0.06,18.2,229,118,121,285.0,0,0,1,100
17:45:08,7,4,5,9.5,0.09,0.19,0.06,18.3,229,118,121,285.0,0,0,1,100
17:45:08,7,4,5,9.5,0.09,0.19,0.06,18.2,229,118,121,285.0,0,0,1,100
17:45:08,4,2,6,7.5,0.07,0.2,0.07,18.3,130,69,172,226.0,0,0,1,100
17:45:08,4,2,6,7.5,0.07,0.2,0.07,18.4,130,69,172,226.0,3,0,0,100
17:45:08,4,2,6,7.5,0.07,0.2,0.07,18.5,130,69,172,226.0,3,0,0,100
17:45:08,4,2,6,7.5,0.07,0.2,0.07,18.2,130,69,172,226.0,3,0,0,100
17:45:08,4,2,6,7.5,0.07,0.2,0.07,18.5,130,69,172,226.0,3,0,0,100
17:45:08,4,2,6,7.5,0.07,0.2,0.07,18.3,130,69,172,226.0,3,0,0,100
17:45:08,4,2,6,7.5,0.07,0.2,0.07,18.4,130,69,172,226.0,3,0,0,100
17:45:09,4,2,6,7.5,0.07,0.2,0.07,18.4,130,69,172,226.0,3,0,0,100
17:45:09,4,2,6,7.5,0.07,0.2,0.07,18.5,130,69,172,226.0,3,0,0,100
17:45:09,4,2,6,7.5,0.07,0.2,0.07,18.5,130,69,172,226.0,3,0,0,100
17:45:09,7,4,7,10.7,0.07,0.26,0.08,18.4,174,40,133,223.0,3,0,0,100
17:45:09,7,4,7,10.7,0.07,0.26,0.08,18.6,174,40,133,223.0,0,2,2,100
17:45:09,7,4,7,10.7,0.07,0.26,0.08,18.4,174,40,133,223.0,0,2,2,100
17:45:09,7,4,7,10.7,0.07,0.26,0.08,18.4,174,40,133,223.0,0,2,2,100
17:45:09,7,4,7,10.7,0.07,0.26,0.08,18.3,174,40,133,223.0,0,2,2,100
17:45:09,7,4,7,10.7,0.07,0.26,0.08,18.3,174,40,133,223.0,0,2,2,100
17:45:09,7,4,7,10.7,0.07,0.26,0.08,18.4,174,40,133,223.0,0,2,2,100
17:45:10,7,4,7,10.7,0.07,0.26,0.08,18.5,174,40,133,223.0,0,2,2,100
17:45:10,7,4,7,10.7,0.07,0.26,0.08,18.6,174,40,133,223.0,0,2,2,100
17:45:10,7,4,7,10.7,0.07,0.26,0.08,18.4,174,40,133,223.0,0,2,2,100
17:45:10,6,3,7,9.7,0.03,0.15,0.06,18.4,153,85,168,243.0,0,2,2,100
17:45:10,6,3,7,9.7,0.03,0.15,0.06,18.5,153,85,168,243.0,0,0,0,100
17:45:10,6,3,7,9.7,0.03,0.15,0.06,18.2,153,85,168,243.0,0,0,0,100
17:45:10,6,3,7,9.7,0.03,0.15,0.06,18.4,153,85,168,243.0,0,0,0,100
17:45:10,6,3,7,9.7,0.03,0.15,0.06,18.4,153,85,168,243.0,0,0,0,100
17:45:10,6,3,7,9.7,0.03,0.15,0.06,18.5,153,85,168,243.0,0,0,0,100
17:45:10,6,3,7,9.7,0.03,0.15,0.06,18.4,153,85,168,243.0,0,0,0,100
17:45:11,6,3,7,9.7,0.03,0.15,0.06,18.4,153,85,168,243.0,0,0,0,100
17:45:11,6,3,7,9.7,0.03,0.15,0.06,18.3,153,85,168,243.0,0,0,0,100
17:45:11,6,3,7,9.7,0.03,0.15,0.06,18.5,153,85,168,243.0,0,0,0,100
17:45:11,6,5,6,9.8,0.07,0.32,0.04,18.4,185,114,189,288.0,0,0,0,100
17:45:11,6,5,6,9.8,0.07,0.32,0.04,18.5,185,114,189,288.0,1,0,0,100
17:45:11,6,5,6,9.8,0.07,0.32,0.04,18.4,185,114,189,288.0,1,0,0,100
17:45:11,6,5,6,9.8,0.07,0.32,0.04,18.3,185,114,189,288.0,1,0,0,100
17:45:11,6,5,6,9.8,0.07,0.32,0.04,18.4,185,114,189,288.0,1,0,0,100
17:45:11,6,5,6,9.8,0.07,0.32,0.04,18.3,185,114,189,288.0,1,0,0,100
17:45:11,6,5,6,9.8,0.07,0.32,0.04,18.4,185,114,189,288.0,1,0,0,100
17:45:12,6,5,6,9.8,0.07,0.32,0.04,18.2,185,114,189,288.0,1,0,0,100
17:45:12,6,5,6,9.8,0.07,0.32,0.04,18.2,185,114,189,288.0,1,0,0,100
17:45:12,6,5,6,9.8,0.07,0.32,0.04,18.4,185,114,189,288.0,1,0,0,100
17:45:12,8,5,5,10.7,0.05,0.16,0.03,18.4,236,143,134,307.0,1,0,0,100
17:45:12,8,5,5,10.7,0.05,0.16,0.03,18.4,236,143,134,307.0,0,0,2,100
17:45:12,8,5,5,10.7,0.05,0.16,0.03,18.4,236,143,134,307.0,0,0,2,100
17:45:12,8,5,5,10.7,0.05,0.16,0.03,18.2,236,143,134,307.0,0,0,2,100
17:45:12,8,5,5,10.7,0.05,0.16,0.03,18.2,236,143,134,307.0,0,0,2,100
17:45:12,8,5,5,10.7,0.05,0.16,0.03,18.4,236,143,134,307.0,0,0,2,100
17:45:12,8,5,5,10.7,0.05,0.16,0.03,18.2,236,143,134,307.0,0,0,2,100
17:45:13,8,5,5,10.7,0.05,0.16,0.03,18.4,236,143,134,307.0,0,0,2,100
17:45:13,8,5,5,10.7,0.05,0.16,0.03,18.4,236,143,134,307.0,0,0,2,100
17:45:13,8,5,5,10.7,0.05,0.16,0.03,18.3,236,143,134,307.0,0,0,2,100
17:45:13,5,4,8,10.2,0.04,0.19,0.09,18.4,165,138,247,328.0,0,0,2,100
17:45:13,5,4,8,10.2,0.04,0.19,0.09,18.4,165,138,247,328.0,1,0,0,100
17:45:13,5,4,8,10.2,0.04,0.19,0.09,18.5,165,138,247,328.0,1,0,0,100
17:45:13,5,4,8,10.2,0.04,0.19,0.09,18.4,165,138,247,328.0,1,0,0,100
17:45:13,5,4,8,10.2,0.04,0.19,0.09,18.7,165,138,247,328.0,1,0,0,100
17:45:13,5,4,8,10.2,0.04,0.19,0.09,18.4,165,138,247,328.0,1,0,0,100
17:45:13,5,4,8,10.2,0.04,0.19,0.09,18.4,165,138,247,328.0,1,0,0,100
17:45:14,5,4,8,10.2,0.04,0.19,0.09,18.2,165,138,247,328.0,1,0,0,100
17:45:14,5,4,8,10.2,0.04,0.19,0.09,18.4,165,138,247,328.0,1,0,0,100
17:45:14,5,4,8,10.2,0.04,0.19,0.09,18.5,165,138,247,328.0,1,0,0,100
17:45:14,7,5,7,11.1,0.06,0.15,0.07,18.2,183,136,230,324.0,1,0,0,100
17:45:14,7,5,7,11.1,0.06,0.15,0.07,18.2,183,136,230,324.0,0,0,0,100
17:45:14,7,5,7,11.1,0.06,0.15,0.07,18.4,183,136,230,324.0,0,0,0,100
17:45:14,7,5,7,11.1,0.06,0.15,0.07,18.5,183,136,230,324.0,0,0,0,100
17:45:14,7,5,7,11.1,0.06,0.15,0.07,18.5,183,136,230,324.0,0,0,0,100
17:45:14,7,5,7,11.1,0.06,0.15,0.07,18.5,183,136,230,324.0,0,0,0,100
17:45:14,7,5,7,11.1,0.06,0.15,0.07,18.4,183,136,230,324.0,0,0,0,100
17:45:15,7,5,7,11.1,0.06,0.15,0.07,18.2,183,136,230,324.0,0,0,0,100
17:45:15,7,5,7,11.1,0.06,0.15,0.07,18.3,183,136,230,324.0,0,0,0,100
17:45:15,7,5,7,11.1,0.06,0.15,0.07,18.4,183,136,230,324.0,0,0,0,100
17:45:15,8,4,5,10.2,0.11,0.16,0.08,18.1,220,113,121,275.0,0,0,0,100
17:45:15,8,4,5,10.2,0.11,0.16,0.08,18.3,220,113,121,275.0,0,0,1,100
17:45:15,8,4,5,10.2,0.11,0.16,0.08,18.4,220,113,121,275.0,0,0,1,100
17:45:15,8,4,5,10.2,0.11,0.16,0.08,18.3,220,113,121,275.0,0,0,1,100
17:45:15,8,4,5,10.2,0.11,0.16,0.08,18.2,220,113,121,275.0,0,0,1,100
17:45:15,8,4,5,10.2,0.11,0.16,0.08,18.4,220,113,121,275.0,0,0,1,100
17:45:15,8,4,5,10.2,0.11,0.16,0.08,18.2,220,113,121,275.0,0,0,1,100
17:45:16,8,4,5,10.2,0.11,0.16,0.08,18.4,220,113,121,275.0,0,0,1,100
17:45:16,8,4,5,10.2,0.11,0.16,0.08,18.4,220,113,121,275.0,0,0,1,100
17:45:16,8,4,5,10.2,0.11,0.16,0.08,18.5,220,113,121,275.0,0,0,1,100
17:45:16,4,1,5,6.5,0.07,0.09,0.04,18.4,110,29,141,181.0,0,0,1,100
17:45:16,4,1,5,6.5,0.07,0.09,0.04,18.4,110,29,141,181.0,1,1,0,100
17:45:16,4,1,5,6.5,0.07,0.09,0.04,18.4,110,29,141,181.0,1,1,0,100
17:45:16,4,1,5,6.5,0.07,0.09,0.04,18.3,110,29,141,181.0,1,1,0,100
17:45:16,4,1,5,6.5,0.07,0.09,0.04,18.2,110,29,141,181.0,1,1,0,100
17:45:16,4,1,5,6.5,0.07,0.09,0.04,18.4,110,29,141,181.0,1,1,0,100
17:45:16,4,1,5,6.5,0.07,0.09,0.04,18.4,110,29,141,181.0,1,1,0,100
17:45:17,4,1,5,6.5,0.07,0.09,0.04,18.4,110,29,141,181.0,1,1,0,100
17:45:17,4,1,5,6.5,0.07,0.09,0.04,18.3,110,29,141,181.0,1,1,0,100
17:45:17,4,1,5,6.5,0.07,0.09,0.04,18.2,110,29,141,181.0,1,1,0,100
17:45:17,6,3,5,8.4,0.04,0.13,0.06,18.5,150,74,116,204.0,1,1,0,100
17:45:17,6,3,5,8.4,0.04,0.13,0.06,18.2,150,74,116,204.0,0,0,1,100
17:45:17,6,3,5,8.4,0.04,0.13,0.06,18.4,150,74,116,204.0,0,0,1,100
17:45:17,6,3,5,8.4,0.04,0.13,0.06,18.4,150,74,116,204.0,0,0,1,100
17:45:17,6,3,5,8.4,0.04,0.13,0.06,18.4,150,74,116,204.0,0,0,1,100
17:45:17,6,3,5,8.4,0.04,0.13,0.06,18.2,150,74,116,204.0,0,0,1,100
17:45:17,6,3,5,8.4,0.04,0.13,0.06,18.3,150,74,116,204.0,0,0,1,100
17:45:18,6,3,5,8.4,0.04,0.13,0.06,18.4,150,74,116,204.0,0,0,1,100
17:45:18,6,3,5,8.4,0.04,0.13,0.06,18.4,150,74,116,204.0,0,0,1,100
17:45:18,6,3,5,8.4,0.04,0.13,0.06,18.3,150,74,116,204.0,0,0,1,100
17:45:18,4,4,7,9.0,0.04,0.09,0.07,18.4,116,112,212,266.0,0,0,1,100
17:45:18,4,4,7,9.0,0.04,0.09,0.07,18.4,116,112,212,266.0,1,0,0,100
17:45:18,4,4,7,9.0,0.04,0.09,0.07,18.2,116,112,212,266.0,1,0,0,100
17:45:18,4,4,7,9.0,0.04,0.09,0.07,18.4,116,112,212,266.0,1,0,0,100
17:45:18,4,4,7,9.0,0.04,0.09,0.07,18.4,116,112,212,266.0,1,0,0,100
17:45:18,4,4,7,9.0,0.04,0.09,0.07,18.4,116,112,212,266.0,1,0,0,100
17:45:18,4,4,7,9.0,0.04,0.09,0.07,18.5,116,112,212,266.0,1,0,0,100
17:45:19,4,4,7,9.0,0.04,0.09,0.07,18.4,116,112,212,266.0,1,0,0,100
17:45:19,4,4,7,9.0,0.04,0.09,0.07,18.4,116,112,212,266.0,1,0,0,100
17:45:19,4,4,7,9.0,0.04,0.09,0.07,18.4,116,112,212,266.0,1,0,0,100
17:45:19,9,6,6,12.4,0.08,0.09,0.04,18.4,244,151,189,344.0,1,0,0,100
17:45:19,9,6,6,12.4,0.08,0.09,0.04,18.7,244,151,189,344.0,0,0,0,100
17:45:19,9,6,6,12.4,0.08,0.09,0.04,18.4,244,151,189,344.0,0,0,0,100
17:45:19,9,6,6,12.4,0.08,0.09,0.04,18.5,244,151,189,344.0,0,0,0,100
17:45:19,9,6,6,12.4,0.08,0.09,0.04,18.4,244,151,189,344.0,0,0,0,100
17:45:19,9,6,6,12.4,0.08,0.09,0.04,18.4,244,151,189,344.0,0,0,0,100
17:45:19,9,6,6,12.4,0.08,0.09,0.04,18.4,244,151,189,344.0,0,0,0,100
17:45:20,9,6,6,12.4,0.08,0.09,0.04,18.4,244,151,189,344.0,0,0,0,100
17:45:20,9,6,6,12.4,0.08,0.09,0.04,18.4,244,151,189,344.0,0,0,0,100
17:45:20,9,6,6,12.4,0.08,0.09,0.04,18.4,244,151,189,344.0,0,0,0,100
17:45:20,9,5,5,11.4,0.08,0.12,0.04,18.4,249,147,158,330.0,0,0,0,100
17:45:20,9,5,5,11.4,0.08,0.12,0.04,18.2,249,147,158,330.0,0,0,0,100
17:45:20,9,5,5,11.4,0.08,0.12,0.04,18.2,249,147,158,330.0,0,0,0,100
17:45:20,9,5,5,11.4,0.08,0.12,0.04,18.5,249,147,158,330.0,0,0,0,100
17:45:20,9,5,5,11.4,0.08,0.12,0.04,18.2,249,147,158,330.0,0,0,0,100
17:45:20,9,5,5,11.4,0.08,0.12,0.04,18.4,249,147,158,330.0,0,0,0,100
17:45:20,9,5,5,11.4,0.08,0.12,0.04,18.2,249,147,158,330.0,0,0,0,100
17:45:21,9,5,5,11.4,0.08,0.12,0.04,18.5,249,147,158,330.0,0,0,0,100
17:45:21,9,5,5,11.4,0.08,0.12,0.04,18.2,249,147,158,330.0,0,0,0,100
17:45:21,9,5,5,11.4,0.08,0.12,0.04,18.4,249,147,158,330.0,0,0,0,100
17:45:21,5,4,8,10.2,0.05,0.17,0.08,18.3,162,138,220,306.0,0,0,0,100
17:45:21,5,4,8,10.2,0.05,0.17,0.08,18.2,162,138,220,306.0,1,0,0,100
17:45:21,5,4,8,10.2,0.05,0.17,0.08,18.4,162,138,220,306.0,1,0,0,100
17:45:21,5,4,8,10.2,0.05,0.17,0.08,18.2,162,138,220,306.0,1,0,0,100
17:45:21,5,4,8,10.2,0.05,0.17,0.08,18.4,162,138,220,306.0,1,0,0,100
17:45:21,5,4,8,10.2,0.05,0.17,0.08,18.3,162,138,220,306.0,1,0,0,100
17:45:21,5,4,8,10.2,0.05,0.17,0.08,18.4,162,138,220,306.0,1,0,0,100
17:45:22,5,4,8,10.2,0.05,0.17,0.08,18.4,162,138,220,306.0,1,0,0,100
17:45:22,5,4,8,10.2,0.05,0.17,0.08,18.4,162,138,220,306.0,1,0,0,100
17:45:22,5,4,8,10.2,0.05,0.17,0.08,18.3,162,138,220,306.0,1,0,0,100
17:45:22,5,4,8,10.2,0.05,0.17,0.08,18.4,162,138,220,306.0,1,0,0,100
17:45:22,7,5,7,11.1,0.05,0.15,0.08,18.4,164,108,183,268.0,0,0,0,100
17:45:22,7,5,7,11.1,0.05,0.15,0.08,18.5,164,108,183,268.0,0,0,0,100
17:45:22,7,5,7,11.1,0.05,0.15,0.08,18.2,164,108,183,268.0,0,0,0,100
17:45:22,7,5,7,11.1,0.05,0.15,0.08,18.2,164,108,183,268.0,0,0,0,100
17:45:22,7,5,7,11.1,0.05,0.15,0.08,18.5,164,108,183,268.0,0,0,0,100
17:45:22,7,5,7,11.1,0.05,0.15,0.08,18.3,164,108,183,268.0,0,0,0,100
17:45:23,7,5,7,11.1,0.05,0.15,0.08,18.2,164,108,183,268.0,0,0,0,100
17:45:23,7,5,7,11.1,0.05,0.15,0.08,18.4,164,108,183,268.0,0,0,0,100
17:45:23,7,5,7,11.1,0.05,0.15,0.08,18.5,164,108,183,268.0,0,0,0,100
17:45:23,7,5,7,11.1,0.05,0.15,0.08,18.4,164,108,183,268.0,0,0,0,100
17:45:23,5,2,6,8.1,0.09,0.18,0.07,18.4,159,62,154,230.0,0,1,2,100
17:45:23,5,2,6,8.1,0.09,0.18,0.07,18.3,159,62,154,230.0,0,1,2,100
17:45:23,5,2,6,8.1,0.09,0.18,0.07,18.3,159,62,154,230.0,0,1,2,100
17:45:23,5,2,6,8.1,0.09,0.18,0.07,18.3,159,62,154,230.0,0,1,2,100
17:45:23,5,2,6,8.1,0.09,0.18,0.07,18.4,159,62,154,230.0,0,1,2,100
17:45:24,5,2,6,8.1,0.09,0.18,0.07,18.4,159,62,154,230.0,0,1,2,100
17:45:24,5,2,6,8.1,0.09,0.18,0.07,18.2,159,62,154,230.0,0,1,2,100
17:45:24,5,2,6,8.1,0.09,0.18,0.07,18.2,159,62,154,230.0,0,1,2,100
17:45:24,5,2,6,8.1,0.09,0.18,0.07,18.4,159,62,154,230.0,0,1,2,100
17:45:24,5,2,6,8.1,0.09,0.18,0.07,18.4,159,62,154,230.0,0,1,2,100
17:45:24,6,1,5,7.9,0.07,0.14,0.03,18.3,155,54,166,233.0,2,0,0,100
17:45:24,6,1,5,7.9,0.07,0.14,0.03,18.4,155,54,166,233.0,2,0,0,100
17:45:24,6,1,5,7.9,0.07,0.14,0.03,18.4,155,54,166,233.0,2,0,0,100
17:45:24,6,1,5,7.9,0.07,0.14,0.03,18.4,155,54,166,233.0,2,0,0,100
17:45:24,6,1,5,7.9,0.07,0.14,0.03,18.4,155,54,166,233.0,2,0,0,100
17:45:24,6,1,5,7.9,0.07,0.14,0.03,18.3,155,54,166,233.0,2,0,0,100
17:45:25,6,1,5,7.9,0.07,0.14,0.03,18.3,155,54,166,233.0,2,0,0,100
17:45:25,6,1,5,7.9,0.07,0.14,0.03,18.4,155,54,166,233.0,2,0,0,100
17:45:25,6,1,5,7.9,0.07,0.14,0.03,18.3,155,54,166,233.0,2,0,0,100
17:45:25,6,1,5,7.9,0.07,0.14,0.03,18.4,155,54,166,233.0,2,0,0,100
17:45:25,7,5,7,11.1,0.04,0.14,0.08,18.4,196,112,168,281.0,0,0,1,100
17:45:25,7,5,7,11.1,0.04,0.14,0.08,18.4,196,112,168,281.0,0,0,1,100
17:45:25,7,5,7,11.1,0.04,0.14,0.08,18.2,196,112,168,281.0,0,0,1,100
17:45:25,7,5,7,11.1,0.04,0.14,0.08,18.4,196,112,168,281.0,0,0,1,100
17:45:25,7,5,7,11.1,0.04,0.14,0.08,18.2,196,112,168,281.0,0,0,1,100
17:45:26,7,5,7,11.1,0.04,0.14,0.08,18.2,196,112,168,281.0,0,0,1,100
17:45:26,7,5,7,11.1,0.04,0.14,0.08,18.4,196,112,168,281.0,0,0,1,100
17:45:26,7,5,7,11.1,0.04,0.14,0.08,18.4,196,112,168,281.0,0,0,1,100
17:45:26,7,5,7,11.1,0.04,0.14,0.08,18.2,196,112,168,281.0,0,0,1,100
17:45:26,7,5,7,11.1,0.04,0.14,0.08,18.4,196,112,168,281.0,0,0,1,100
17:45:26,7,5,8,11.7,0.05,0.13,0.07,18.4,169,136,232,318.0,0,0,0,100
17:45:26,7,5,8,11.7,0.05,0.13,0.07,18.4,169,136,232,318.0,0,0,0,100
17:45:26,7,5,8,11.7,0.05,0.13,0.07,18.2,169,136,232,318.0,0,0,0,100
17:45:26,7,5,8,11.7,0.05,0.13,0.07,18.4,169,136,232,318.0,0,0,0,100
17:45:26,7,5,8,11.7,0.05,0.13,0.07,18.2,169,136,232,318.0,0,0,0,100
17:45:27,7,5,8,11.7,0.05,0.13,0.07,18.3,169,136,232,318.0,0,0,0,100
17:45:27,7,5,8,11.7,0.05,0.13,0.07,18.2,169,136,232,318.0,0,0,0,100
17:45:27,7,5,8,11.7,0.05,0.13,0.07,18.4,169,136,232,318.0,0,0,0,100
17:45:27,7,5,8,11.7,0.05,0.13,0.07,18.2,169,136,232,318.0,0,0,0,100
17:45:27,7,5,8,11.7,0.05,0.13,0.07,18.3,169,136,232,318.0,0,0,0,100
17:45:27,8,5,7,11.7,0.07,0.14,0.03,18.2,237,134,209,343.0,0,0,0,100
17:45:27,8,5,7,11.7,0.07,0.14,0.03,18.2,237,134,209,343.0,0,0,0,100
17:45:27,8,5,7,11.7,0.07,0.14,0.03,18.2,237,134,209,343.0,0,0,0,100
17:45:27,8,5,7,11.7,0.07,0.14,0.03,18.5,237,134,209,343.0,0,0,0,100
17:45:27,8,5,7,11.7,0.07,0.14,0.03,18.4,237,134,209,343.0,0,0,0,100
17:45:28,8,5,7,11.7,0.07,0.14,0.03,18.2,237,134,209,343.0,0,0,0,100
17:45:28,8,5,7,11.7,0.07,0.14,0.03,18.4,237,134,209,343.0,0,0,0,100
17:45:28,8,5,7,11.7,0.07,0.14,0.03,18.3,237,134,209,343.0,0,0,0,100
17:45:28,8,5,7,11.7,0.07,0.14,0.03,18.2,237,134,209,343.0,0,0,0,100
17:45:28,8,5,7,11.7,0.07,0.14,0.03,18.6,237,134,209,343.0,0,0,0,100
17:45:28,9,5,5,11.4,0.12,0.16,0.04,18.3,232,133,158,311.0,0,0,1,100
17:45:28,9,5,5,11.4,0.12,0.16,0.04,18.4,232,133,158,311.0,0,0,1,100
17:45:28,9,5,5,11.4,0.12,0.16,0.04,18.4,232,133,158,311.0,0,0,1,100
17:45:28,9,5,5,11.4,0.12,0.16,0.04,18.3,232,133,158,311.0,0,0,1,100
17:45:28,9,5,5,11.4,0.12,0.16,0.04,18.3,232,133,158,311.0,0,0,1,100
17:45:29,9,5,5,11.4,0.12,0.16,0.04,18.2,232,133,158,311.0,0,0,1,100
17:45:29,9,5,5,11.4,0.12,0.16,0.04,18.4,232,133,158,311.0,0,0,1,100
17:45:29,9,5,5,11.4,0.12,0.16,0.04,18.3,232,133,158,311.0,0,0,1,100
17:45:29,9,5,5,11.4,0.12,0.16,0.04,18.5,232,133,158,311.0,0,0,1,100
17:45:29,9,5,5,11.4,0.12,0.16,0.04,18.4,232,133,158,311.0,0,0,1,100
17:45:29,4,5,8,10.2,0.09,0.17,0.09,18.4,122,118,206,267.0,1,0,0,100
17:45:29,4,5,8,10.2,0.09,0.17,0.09,18.2,122,118,206,267.0,1,0,0,100
17:45:29,4,5,8,10.2,0.09,0.17,0.09,18.4,122,118,206,267.0,1,0,0,100
17:45:29,4,5,8,10.2,0.09,0.17,0.09,18.3,122,118,206,267.0,1,0,0,100
17:45:29,4,5,8,10.2,0.09,0.17,0.09,18.4,122,118,206,267.0,1,0,0,100
17:45:30,4,5,8,10.2,0.09,0.17,0.09,18.2,122,118,206,267.0,1,0,0,100
17:45:30,4,5,8,10.2,0.09,0.17,0.09,18.4,122,118,206,267.0,1,0,0,100
17:45:30,4,5,8,10.2,0.09,0.17,0.09,18.2,122,118,206,267.0,1,0,0,100
17:45:30,4,5,8,10.2,0.09,0.17,0.09,18.3,122,118,206,267.0,1,0,0,100
17:45:30,4,5,8,10.2,0.09,0.17,0.09,18.5,122,118,206,267.0,1,0,0,100
17:45:30,5,3,5,7.7,0.03,0.08,0.06,18.4,148,72,140,216.0,0,0,1,100
17:45:30,5,3,5,7.7,0.03,0.08,0.06,18.4,148,72,140,216.0,0,0,1,100
17:45:30,5,3,5,7.7,0.03,0.08,0.06,18.4,148,72,140,216.0,0,0,1,100
17:45:30,5,3,5,7.7,0.03,0.08,0.06,18.6,148,72,140,216.0,0,0,1,100
17:45:30,5,3,5,7.7,0.03,0.08,0.06,18.4,148,72,140,216.0,0,0,1,100
17:45:31,5,3,5,7.7,0.03,0.08,0.06,18.4,148,72,140,216.0,0,0,1,100
17:45:31,5,3,5,7.7,0.03,0.08,0.06,18.3,148,72,140,216.0,0,0,1,100
17:45:31,5,3,5,7.7,0.03,0.08,0.06,18.2,148,72,140,216.0,0,0,1,100
17:45:31,5,3,5,7.7,0.03,0.08,0.06,18.4,148,72,140,216.0,0,0,1,100
17:45:31,5,3,5,7.7,0.03,0.08,0.06,18.5,148,72,140,216.0,0,0,1,100
17:45:31,4,2,5,6.7,0.09,0.15,0.06,18.3,125,42,144,195.0,0,0,0,100
17:45:31,4,2,5,6.7,0.09,0.15,0.06,18.4,125,42,144,195.0,0,0,0,100
17:45:31,4,2,5,6.7,0.09,0.15,0.06,18.5,125,42,144,195.0,0,0,0,100
17:45:31,4,2,5,6.7,0.09,0.15,0.06,18.4,125,42,144,195.0,0,0,0,100
17:45:31,4,2,5,6.7,0.09,0.15,0.06,18.6,125,42,144,195.0,0,0,0,100
17:45:32,4,2,5,6.7,0.09,0.15,0.06,18.4,125,42,144,195.0,0,0,0,100
17:45:32,4,2,5,6.7,0.09,0.15,0.06,18.4,125,42,144,195.0,0,0,0,100
17:45:32,4,2,5,6.7,0.09,0.15,0.06,18.3,125,42,144,195.0,0,0,0,100
17:45:32,4,2,5,6.7,0.09,0.15,0.06,18.3,125,42,144,195.0,0,0,0,100
17:45:32,4,2,5,6.7,0.09,0.15,0.06,18.2,125,42,144,195.0,0,0,0,100
17:45:32,9,4,5,11.0,0.1,0.27,0.07,18.2,196,101,150,267.0,0,0,0,100
17:45:32,9,4,5,11.0,0.1,0.27,0.07,18.4,196,101,150,267.0,0,0,0,100
17:45:32,9,4,5,11.0,0.1,0.27,0.07,18.5,196,101,150,267.0,0,0,0,100
17:45:32,9,4,5,11.0,0.1,0.27,0.07,18.4,196,101,150,267.0,0,0,0,100
17:45:32,9,4,5,11.0,0.1,0.27,0.07,18.2,196,101,150,267.0,0,0,0,100
17:45:33,9,4,5,11.0,0.1,0.27,0.07,18.2,196,101,150,267.0,0,0,0,100
17:45:33,9,4,5,11.0,0.1,0.27,0.07,18.4,196,101,150,267.0,0,0,0,100
17:45:33,9,4,5,11.0,0.1,0.27,0.07,18.3,196,101,150,267.0,0,0,0,100
17:45:33,9,4,5,11.0,0.1,0.27,0.07,18.5,196,101,150,267.0,0,0,0,100
17:45:33,9,4,5,11.0,0.1,0.27,0.07,18.3,196,101,150,267.0,0,0,0,100
17:45:33,8,5,9,13.0,0.05,0.23,0.07,18.5,194,114,224,318.0,0,0,1,100
17:45:33,8,5,9,13.0,0.05,0.23,0.07,18.2,194,114,224,318.0,0,0,1,100
17:45:33,8,5,9,13.0,0.05,0.23,0.07,18.3,194,114,224,318.0,0,0,1,100
17:45:33,8,5,9,13.0,0.05,0.23,0.07,18.4,194,114,224,318.0,0,0,1,100
17:45:33,8,5,9,13.0,0.05,0.23,0.07,18.4,194,114,224,318.0,0,0,1,100
17:45:34,8,5,9,13.0,0.05,0.23,0.07,18.4,194,114,224,318.0,0,0,1,100
17:45:34,8,5,9,13.0,0.05,0.23,0.07,18.4,194,114,224,318.0,0,0,1,100
17:45:34,8,5,9,13.0,0.05,0.23,0.07,18.2,194,114,224,318.0,0,0,1,100
17:45:34,8,5,9,13.0,0.05,0.23,0.07,18.1,194,114,224,318.0,0,0,1,100
17:45:34,8,5,9,13.0,0.05,0.23,0.07,18.4,194,114,224,318.0,0,0,1,100
17:45:34,6,5,9,11.9,0.04,0.1,0.07,18.5,161,151,265,345.0,1,0,0,100
17:45:34,6,5,9,11.9,0.04,0.1,0.07,18.3,161,151,265,345.0,1,0,0,100
17:45:34,6,5,9,11.9,0.04,0.1,0.07,18.2,161,151,265,345.0,1,0,0,100
17:45:34,6,5,9,11.9,0.04,0.1,0.07,18.3,161,151,265,345.0,1,0,0,100
17:45:34,6,5,9,11.9,0.04,0.1,0.07,18.2,161,151,265,345.0,1,0,0,100
17:45:35,6,5,9,11.9,0.04,0.1,0.07,18.4,161,151,265,345.0,1,0,0,100
17:45:35,6,5,9,11.9,0.04,0.1,0.07,18.5,161,151,265,345.0,1,0,0,100
17:45:35,6,5,9,11.9,0.04,0.1,0.07,18.4,161,151,265,345.0,1,0,0,100
17:45:35,6,5,9,11.9,0.04,0.1,0.07,18.3,161,151,265,345.0,1,0,0,100
17:45:35,6,5,9,11.9,0.04,0.1,0.07,18.4,161,151,265,345.0,1,0,0,100
17:45:35,9,5,7,12.4,0.08,0.13,0.08,18.4,272,157,223,385.0,0,0,0,100
17:45:35,9,5,7,12.4,0.08,0.13,0.08,18.4,272,157,223,385.0,0,0,0,100
17:45:35,9,5,7,12.4,0.08,0.13,0.08,18.4,272,157,223,385.0,0,0,0,100
17:45:35,9,5,7,12.4,0.08,0.13,0.08,18.4,272,157,223,385.0,0,0,0,100
17:45:36,9,5,7,12.4,0.08,0.13,0.08,18.3,272,157,223,385.0,0,0,0,100
17:45:36,9,5,7,12.4,0.08,0.13,0.08,18.2,272,157,223,385.0,0,0,0,100
17:45:36,9,5,7,12.4,0.08,0.13,0.08,18.4,272,157,223,385.0,0,0,0,100
17:45:36,9,5,7,12.4,0.08,0.13,0.08,18.4,272,157,223,385.0,0,0,0,100
17:45:36,9,5,7,12.4,0.08,0.13,0.08,18.4,272,157,223,385.0,0,0,0,100
17:45:36,9,5,7,12.4,0.08,0.13,0.08,18.4,272,157,223,385.0,0,0,0,100
17:45:36,7,4,6,10.0,0.09,0.14,0.03,18.4,225,133,167,310.0,0,0,0,100
17:45:36,7,4,6,10.0,0.09,0.14,0.03,18.4,225,133,167,310.0,0,0,0,100
17:45:36,7,4,6,10.0,0.09,0.14,0.03,18.3,225,133,167,310.0,0,0,0,100
17:45:36,7,4,6,10.0,0.09,0.14,0.03,18.2,225,133,167,310.0,0,0,0,100
17:45:36,7,4,6,10.0,0.09,0.14,0.03,18.4,225,133,167,310.0,0,0,0,100
17:45:37,7,4,6,10.0,0.09,0.14,0.03,18.3,225,133,167,310.0,0,0,0,100
17:45:37,7,4,6,10.0,0.09,0.14,0.03,18.7,225,133,167,310.0,0,0,0,100
17:45:37,7,4,6,10.0,0.09,0.14,0.03,18.4,225,133,167,310.0,0,0,0,100
17:45:37,7,4,6,10.0,0.09,0.14,0.03,18.4,225,133,167,310.0,0,0,0,100
17:45:37,7,4,6,10.0,0.09,0.14,0.03,18.3,225,133,167,310.0,0,0,0,100
17:45:37,4,3,6,7.8,0.04,0.1,0.07,18.4,124,85,175,231.0,1,0,0,100
17:45:37,4,3,6,7.8,0.04,0.1,0.07,18.3,124,85,175,231.0,1,0,0,100
17:45:37,4,3,6,7.8,0.04,0.1,0.07,18.4,124,85,175,231.0,1,0,0,100
17:45:37,4,3,6,7.8,0.04,0.1,0.07,18.3,124,85,175,231.0,1,0,0,100
17:45:38,4,3,6,7.8,0.04,0.1,0.07,18.7,124,85,175,231.0,1,0,0,100
17:45:38,4,3,6,7.8,0.04,0.1,0.07,18.4,124,85,175,231.0,1,0,0,100
17:45:38,4,3,6,7.8,0.04,0.1,0.07,18.4,124,85,175,231.0,1,0,0,100
17:45:38,4,3,6,7.8,0.04,0.1,0.07,18.2,124,85,175,231.0,1,0,0,100
17:45:38,4,3,6,7.8,0.04,0.1,0.07,18.4,124,85,175,231.0,1,0,0,100
17:45:38,4,3,6,7.8,0.04,0.1,0.07,18.2,124,85,175,231.0,1,0,0,100
17:45:38,6,2,5,8.1,0.08,0.22,0.13,18.4,164,39,125,210.0,0,3,1,100
17:45:38,6,2,5,8.1,0.08,0.22,0.13,18.4,164,39,125,210.0,0,3,1,100
17:45:38,6,2,5,8.1,0.08,0.22,0.13,18.4,164,39,125,210.0,0,3,1,100
17:45:38,6,2,5,8.1,0.08,0.22,0.13,18.4,164,39,125,210.0,0,3,1,100
17:45:39,6,2,5,8.1,0.08,0.22,0.13,18.4,164,39,125,210.0,0,3,1,100
17:45:39,6,2,5,8.1,0.08,0.22,0.13,18.3,164,39,125,210.0,0,3,1,100
17:45:39,6,2,5,8.1,0.08,0.22,0.13,18.3,164,39,125,210.0,0,3,1,100
17:45:39,6,2,5,8.1,0.08,0.22,0.13,18.5,164,39,125,210.0,0,3,1,100
17:45:39,6,2,5,8.1,0.08,0.22,0.13,18.5,164,39,125,210.0,0,3,1,100
17:45:39,6,2,5,8.1,0.08,0.22,0.13,18.4,164,39,125,210.0,0,3,1,100
17:45:39,4,3,6,7.8,0.08,0.13,0.1,18.2,113,81,161,213.0,3,0,0,100
17:45:39,4,3,6,7.8,0.08,0.13,0.1,18.5,113,81,161,213.0,3,0,0,100
17:45:39,4,3,6,7.8,0.08,0.13,0.1,18.2,113,81,161,213.0,3,0,0,100
17:45:39,4,3,6,7.8,0.08,0.13,0.1,18.2,113,81,161,213.0,3,0,0,100
17:45:40,4,3,6,7.8,0.08,0.13,0.1,18.4,113,81,161,213.0,3,0,0,100
17:45:40,4,3,6,7.8,0.08,0.13,0.1,18.2,113,81,161,213.0,3,0,0,100
17:45:40,4,3,6,7.8,0.08,0.13,0.1,18.4,113,81,161,213.0,3,0,0,100
17:45:40,4,3,6,7.8,0.08,0.13,0.1,18.3,113,81,161,213.0,3,0,0,100
17:45:40,4,3,6,7.8,0.08,0.13,0.1,18.5,113,81,161,213.0,3,0,0,100
17:45:40,4,3,6,7.8,0.08,0.13,0.1,18.3,113,81,161,213.0,3,0,0,100
17:45:40,9,6,4,11.5,0.07,0.16,0.05,18.5,238,122,127,296.0,0,0,1,100
17:45:40,9,6,4,11.5,0.07,0.16,0.05,18.4,238,122,127,296.0,0,0,1,100
17:45:40,9,6,4,11.5,0.07,0.16,0.05,18.3,238,122,127,296.0,0,0,1,100
17:45:40,9,6,4,11.5,0.07,0.16,0.05,18.4,238,122,127,296.0,0,0,1,100
17:45:41,9,6,4,11.5,0.07,0.16,0.05,18.2,238,122,127,296.0,0,0,1,100
17:45:41,9,6,4,11.5,0.07,0.16,0.05,18.3,238,122,127,296.0,0,0,1,100
17:45:41,9,6,4,11.5,0.07,0.16,0.05,18.3,238,122,127,296.0,0,0,1,100
17:45:41,9,6,4,11.5,0.07,0.16,0.05,18.4,238,122,127,296.0,0,0,1,100
17:45:41,9,6,4,11.5,0.07,0.16,0.05,18.4,238,122,127,296.0,0,0,1,100
17:45:41,9,6,4,11.5,0.07,0.16,0.05,18.4,238,122,127,296.0,0,0,1,100
17:45:41,8,6,8,12.8,0.05,0.14,0.07,18.4,224,137,217,341.0,0,0,0,100
17:45:41,8,6,8,12.8,0.05,0.14,0.07,18.2,224,137,217,341.0,0,0,0,100
17:45:41,8,6,8,12.8,0.05,0.14,0.07,18.2,224,137,217,341.0,0,0,0,100
17:45:41,8,6,8,12.8,0.05,0.14,0.07,18.4,224,137,217,341.0,0,0,0,100
17:45:42,8,6,8,12.8,0.05,0.14,0.07,18.2,224,137,217,341.0,0,0,0,100
17:45:42,8,6,8,12.8,0.05,0.14,0.07,18.3,224,137,217,341.0,0,0,0,100
17:45:42,8,6,8,12.8,0.05,0.14,0.07,18.4,224,137,217,341.0,0,0,0,100
17:45:42,8,6,8,12.8,0.05,0.14,0.07,18.5,224,137,217,341.0,0,0,0,100
17:45:42,8,6,8,12.8,0.05,0.14,0.07,18.4,224,137,217,341.0,0,0,0,100
17:45:42,8,6,8,12.8,0.05,0.14,0.07,18.4,224,137,217,341.0,0,0,0,100
17:45:42,4,4,8,9.8,0.03,0.13,0.03,18.3,145,125,235,303.0,1,0,0,100
17:45:42,4,4,8,9.8,0.03,0.13,0.03,18.4,145,125,235,303.0,1,0,0,100
17:45:42,4,4,8,9.8,0.03,0.13,0.03,18.4,145,125,235,303.0,1,0,0,100
17:45:42,4,4,8,9.8,0.03,0.13,0.03,18.3,145,125,235,303.0,1,0,0,100
17:45:43,4,4,8,9.8,0.03,0.13,0.03,18.4,145,125,235,303.0,1,0,0,100
17:45:43,4,4,8,9.8,0.03,0.13,0.03,18.4,145,125,235,303.0,1,0,0,100
17:45:43,4,4,8,9.8,0.03,0.13,0.03,18.4,145,125,235,303.0,1,0,0,100
17:45:43,4,4,8,9.8,0.03,0.13,0.03,18.2,145,125,235,303.0,1,0,0,100
17:45:43,4,4,8,9.8,0.03,0.13,0.03,18.4,145,125,235,303.0,1,0,0,100
17:45:43,4,4,8,9.8,0.03,0.13,0.03,18.2,145,125,235,303.0,1,0,0,100
17:45:43,8,4,4,9.8,0.09,0.14,0.04,18.2,220,117,155,293.0,0,0,1,100
17:45:43,8,4,4,9.8,0.09,0.14,0.04,18.4,220,117,155,293.0,0,0,1,100
17:45:43,8,4,4,9.8,0.09,0.14,0.04,18.2,220,117,155,293.0,0,0,1,100
17:45:43,8,4,4,9.8,0.09,0.14,0.04,18.4,220,117,155,293.0,0,0,1,100
17:45:44,8,4,4,9.8,0.09,0.14,0.04,18.2,220,117,155,293.0,0,0,1,100
17:45:44,8,4,4,9.8,0.09,0.14,0.04,18.4,220,117,155,293.0,0,0,1,100
17:45:44,8,4,4,9.8,0.09,0.14,0.04,18.4,220,117,155,293.0,0,0,1,100
17:45:44,8,4,4,9.8,0.09,0.14,0.04,18.3,220,117,155,293.0,0,0,1,100
17:45:44,8,4,4,9.8,0.09,0.14,0.04,18.4,220,117,155,293.0,0,0,1,100
17:45:44,8,4,4,9.8,0.09,0.14,0.04,18.2,220,117,155,293.0,0,0,1,100
17:45:44,6,4,8,10.8,0.11,0.17,0.05,18.4,186,90,192,282.0,1,0,0,100
17:45:44,6,4,8,10.8,0.11,0.17,0.05,18.4,186,90,192,282.0,1,0,0,100
17:45:44,6,4,8,10.8,0.11,0.17,0.05,18.4,186,90,192,282.0,1,0,0,100
17:45:44,6,4,8,10.8,0.11,0.17,0.05,18.4,186,90,192,282.0,1,0,0,100
17:45:45,6,4,8,10.8,0.11,0.17,0.05,18.2,186,90,192,282.0,1,0,0,100
17:45:45,6,4,8,10.8,0.11,0.17,0.05,18.4,186,90,192,282.0,1,0,0,100
17:45:45,6,4,8,10.8,0.11,0.17,0.05,18.4,186,90,192,282.0,1,0,0,100
17:45:45,6,4,8,10.8,0.11,0.17,0.05,18.1,186,90,192,282.0,1,0,0,100
17:45:45,6,4,8,10.8,0.11,0.17,0.05,18.2,186,90,192,282.0,1,0,0,100
17:45:45,6,4,8,10.8,0.11,0.17,0.05,18.4,186,90,192,282.0,1,0,0,100
17:45:45,4,3,7,8.6,0.08,0.16,0.09,18.2,127,55,184,230.0,2,0,0,100
17:45:45,4,3,7,8.6,0.08,0.16,0.09,18.5,127,55,184,230.0,2,0,0,100
17:45:45,4,3,7,8.6,0.08,0.16,0.09,18.4,127,55,184,230.0,2,0,0,100
17:45:45,4,3,7,8.6,0.08,0.16,0.09,18.5,127,55,184,230.0,2,0,0,100
17:45:46,4,3,7,8.6,0.08,0.16,0.09,18.1,127,55,184,230.0,2,0,0,100
17:45:46,4,3,7,8.6,0.08,0.16,0.09,18.2,127,55,184,230.0,2,0,0,100
17:45:46,4,3,7,8.6,0.08,0.16,0.09,18.4,127,55,184,230.0,2,0,0,100
17:45:46,4,3,7,8.6,0.08,0.16,0.09,18.4,127,55,184,230.0,2,0,0,100
17:45:46,4,3,7,8.6,0.08,0.16,0.09,18.4,127,55,184,230.0,2,0,0,100
17:45:46,4,3,7,8.6,0.08,0.16,0.09,18.5,127,55,184,230.0,2,0,0,100
17:45:46,5,3,6,8.4,0.04,0.12,0.09,18.4,156,52,148,221.0,0,1,0,100
17:45:46,5,3,6,8.4,0.04,0.12,0.09,18.5,156,52,148,221.0,0,1,0,100
17:45:46,5,3,6,8.4,0.04,0.12,0.09,18.4,156,52,148,221.0,0,1,0,100
17:45:46,5,3,6,8.4,0.04,0.12,0.09,18.4,156,52,148,221.0,0,1,0,100
17:45:47,5,3,6,8.4,0.04,0.12,0.09,18.2,156,52,148,221.0,0,1,0,100
17:45:47,5,3,6,8.4,0.04,0.12,0.09,18.4,156,52,148,221.0,0,1,0,100
17:45:47,5,3,6,8.4,0.04,0.12,0.09,18.4,156,52,148,221.0,0,1,0,100
17:45:47,5,3,6,8.4,0.04,0.12,0.09,18.4,156,52,148,221.0,0,1,0,100
17:45:47,5,3,6,8.4,0.04,0.12,0.09,18.3,156,52,148,221.0,0,1,0,100
17:45:47,5,3,6,8.4,0.04,0.12,0.09,18.3,156,52,148,221.0,0,1,0,100
17:45:47,5,4,7,9.5,0.06,0.13,0.06,18.4,152,101,179,256.0,0,0,0,100
17:45:47,5,4,7,9.5,0.06,0.13,0.06,18.4,152,101,179,256.0,0,0,0,100
17:45:47,5,4,7,9.5,0.06,0.13,0.06,18.3,152,101,179,256.0,0,0,0,100
17:45:48,5,4,7,9.5,0.06,0.13,0.06,18.3,152,101,179,256.0,0,0,0,100
17:45:48,5,4,7,9.5,0.06,0.13,0.06,18.2,152,101,179,256.0,0,0,0,100
17:45:48,5,4,7,9.5,0.06,0.13,0.06,18.2,152,101,179,256.0,0,0,0,100
17:45:48,5,4,7,9.5,0.06,0.13,0.06,18.5,152,101,179,256.0,0,0,0,100
17:45:48,5,4,7,9.5,0.06,0.13,0.06,18.4,152,101,179,256.0,0,0,0,100
17:45:48,5,4,7,9.5,0.06,0.13,0.06,18.3,152,101,179,256.0,0,0,0,100
17:45:48,5,4,7,9.5,0.06,0.13,0.06,18.6,152,101,179,256.0,0,0,0,100
17:45:48,8,4,3,9.4,0.08,0.26,0.04,18.3,248,133,104,300.0,0,0,1,100
17:45:48,8,4,3,9.4,0.08,0.26,0.04,18.4,248,133,104,300.0,0,0,1,100
17:45:48,8,4,3,9.4,0.08,0.26,0.04,18.4,248,133,104,300.0,0,0,1,100
17:45:48,8,4,3,9.4,0.08,0.26,0.04,18.2,248,133,104,300.0,0,0,1,100
17:45:49,8,4,3,9.4,0.08,0.26,0.04,18.4,248,133,104,300.0,0,0,1,100
17:45:49,8,4,3,9.4,0.08,0.26,0.04,18.4,248,133,104,300.0,0,0,1,100
17:45:49,8,4,3,9.4,0.08,0.26,0.04,18.4,248,133,104,300.0,0,0,1,100
17:45:49,8,4,3,9.4,0.08,0.26,0.04,18.3,248,133,104,300.0,0,0,1,100
17:45:49,8,4,3,9.4,0.08,0.26,0.04,18.0,248,133,104,300.0,0,0,1,100
17:45:49,8,4,3,9.4,0.08,0.26,0.04,18.6,248,133,104,300.0,0,0,1,100
17:45:49,6,5,8,11.2,0.08,0.37,0.09,18.2,187,143,235,333.0,0,0,0,100
17:45:49,6,5,8,11.2,0.08,0.37,0.09,18.2,187,143,235,333.0,0,0,0,100
17:45:49,6,5,8,11.2,0.08,0.37,0.09,18.4,187,143,235,333.0,0,0,0,100
17:45:49,6,5,8,11.2,0.08,0.37,0.09,18.5,187,143,235,333.0,0,0,0,100
17:45:50,6,5,8,11.2,0.08,0.37,0.09,18.4,187,143,235,333.0,0,0,0,100
17:45:50,6,5,8,11.2,0.08,0.37,0.09,18.3,187,143,235,333.0,0,0,0,100
17:45:50,6,5,8,11.2,0.08,0.37,0.09,18.5,187,143,235,333.0,0,0,0,100
17:45:50,6,5,8,11.2,0.08,0.37,0.09,18.4,187,143,235,333.0,0,0,0,100
17:45:50,6,5,8,11.2,0.08,0.37,0.09,18.4,187,143,235,333.0,0,0,0,100
17:45:50,6,5,8,11.2,0.08,0.37,0.09,18.4,187,143,235,333.0,0,0,0,100
17:45:50,6,4,8,10.8,0.02,0.13,0.06,18.2,179,131,261,343.0,3,0,0,100
17:45:50,6,4,8,10.8,0.02,0.13,0.06,18.4,179,131,261,343.0,3,0,0,100
17:45:50,6,4,8,10.8,0.02,0.13,0.06,18.2,179,131,261,343.0,3,0,0,100
17:45:50,6,4,8,10.8,0.02,0.13,0.06,18.5,179,131,261,343.0,3,0,0,100
17:45:51,6,4,8,10.8,0.02,0.13,0.06,18.6,179,131,261,343.0,3,0,0,100
17:45:51,6,4,8,10.8,0.02,0.13,0.06,18.4,179,131,261,343.0,3,0,0,100
17:45:51,6,4,8,10.8,0.02,0.13,0.06,18.1,179,131,261,343.0,3,0,0,100
17:45:51,6,4,8,10.8,0.02,0.13,0.06,18.2,179,131,261,343.0,3,0,0,100
17:45:51,6,4,8,10.8,0.02,0.13,0.06,18.6,179,131,261,343.0,3,0,0,100
17:45:51,6,4,8,10.8,0.02,0.13,0.06,18.5,179,131,261,343.0,3,0,0,100
17:45:51,7,4,4,9.0,0.07,0.1,0.05,18.5,216,111,143,282.0,0,0,0,100
17:45:51,7,4,4,9.0,0.07,0.1,0.05,18.4,216,111,143,282.0,0,0,0,100
17:45:51,7,4,4,9.0,0.07,0.1,0.05,18.4,216,111,143,282.0,0,0,0,100
17:45:51,7,4,4,9.0,0.07,0.1,0.05,18.4,216,111,143,282.0,0,0,0,100
17:45:52,7,4,4,9.0,0.07,0.1,0.05,18.2,216,111,143,282.0,0,0,0,100
17:45:52,7,4,4,9.0,0.07,0.1,0.05,18.5,216,111,143,282.0,0,0,0,100
17:45:52,7,4,4,9.0,0.07,0.1,0.05,18.2,216,111,143,282.0,0,0,0,100
17:45:52,7,4,4,9.0,0.07,0.1,0.05,18.4,216,111,143,282.0,0,0,0,100
17:45:52,7,4,4,9.0,0.07,0.1,0.05,18.3,216,111,143,282.0,0,0,0,100
17:45:52,7,4,4,9.0,0.07,0.1,0.05,18.4,216,111,143,282.0,0,0,0,100
17:45:52,5,3,5,7.7,0.07,0.12,0.03,18.6,164,92,152,242.0,2,0,0,100
17:45:52,5,3,5,7.7,0.07,0.12,0.03,18.4,164,92,152,242.0,2,0,0,100
17:45:52,5,3,5,7.7,0.07,0.12,0.03,18.4,164,92,152,242.0,2,0,0,100
17:45:52,5,3,5,7.7,0.07,0.12,0.03,18.3,164,92,152,242.0,2,0,0,100
17:45:53,5,3,5,7.7,0.07,0.12,0.03,18.4,164,92,152,242.0,2,0,0,100
17:45:53,5,3,5,7.7,0.07,0.12,0.03,18.5,164,92,152,242.0,2,0,0,100
17:45:53,5,3,5,7.7,0.07,0.12,0.03,18.4,164,92,152,242.0,2,0,0,100
17:45:53,5,3,5,7.7,0.07,0.12,0.03,18.4,164,92,152,242.0,2,0,0,100
17:45:53,5,3,5,7.7,0.07,0.12,0.03,18.2,164,92,152,242.0,2,0,0,100
17:45:53,5,3,5,7.7,0.07,0.12,0.03,18.2,164,92,152,242.0,2,0,0,100
17:45:53,7,1,5,8.7,0.05,0.22,0.05,18.4,170,35,142,224.0,0,3,1,100
17:45:53,7,1,5,8.7,0.05,0.22,0.05,18.5,170,35,142,224.0,0,3,1,100
17:45:53,7,1,5,8.7,0.05,0.22,0.05,18.4,170,35,142,224.0,0,3,1,100
17:45:54,7,1,5,8.7,0.05,0.22,0.05,18.4,170,35,142,224.0,0,3,1,100
17:45:54,7,1,5,8.7,0.05,0.22,0.05,18.3,170,35,142,224.0,0,3,1,100
17:45:54,7,1,5,8.7,0.05,0.22,0.05,18.4,170,35,142,224.0,0,3,1,100
17:45:54,7,1,5,8.7,0.05,0.22,0.05,18.4,170,35,142,224.0,0,3,1,100
17:45:54,7,1,5,8.7,0.05,0.22,0.05,18.4,170,35,142,224.0,0,3,1,100
17:45:54,7,1,5,8.7,0.05,0.22,0.05,18.4,170,35,142,224.0,0,3,1,100
17:45:54,7,1,5,8.7,0.05,0.22,0.05,18.4,170,35,142,224.0,0,3,1,100
17:45:54,5,4,6,8.8,0.02,0.16,0.04,18.4,155,92,170,248.0,0,0,0,100
17:45:54,5,4,6,8.8,0.02,0.16,0.04,18.4,155,92,170,248.0,0,0,0,100
17:45:54,5,4,6,8.8,0.02,0.16,0.04,18.4,155,92,170,248.0,0,0,0,100
17:45:55,5,4,6,8.8,0.02,0.16,0.04,18.3,155,92,170,248.0,0,0,0,100
17:45:55,5,4,6,8.8,0.02,0.16,0.04,18.3,155,92,170,248.0,0,0,0,100
17:45:55,5,4,6,8.8,0.02,0.16,0.04,18.2,155,92,170,248.0,0,0,0,100
17:45:55,5,4,6,8.8,0.02,0.16,0.04,18.2,155,92,170,248.0,0,0,0,100
17:45:55,5,4,6,8.8,0.02,0.16,0.04,18.2,155,92,170,248.0,0,0,0,100
17:45:55,5,4,6,8.8,0.02,0.16,0.04,18.4,155,92,170,248.0,0,0,0,100
17:45:55,5,4,6,8.8,0.02,0.16,0.04,18.4,155,92,170,248.0,0,0,0,100
17:45:55,8,7,8,13.3,0.07,0.28,0.05,18.4,185,164,212,326.0,4,0,0,100
17:45:55,8,7,8,13.3,0.07,0.28,0.05,18.4,185,164,212,326.0,4,0,0,100
17:45:55,8,7,8,13.3,0.07,0.28,0.05,18.4,185,164,212,326.0,4,0,0,100
17:45:56,8,7,8,13.3,0.07,0.28,0.05,18.4,185,164,212,326.0,4,0,0,100
17:45:56,8,7,8,13.3,0.07,0.28,0.05,18.4,185,164,212,326.0,4,0,0,100
17:45:56,8,7,8,13.3,0.07,0.28,0.05,18.4,185,164,212,326.0,4,0,0,100
17:45:56,8,7,8,13.3,0.07,0.28,0.05,18.4,185,164,212,326.0,4,0,0,100
17:45:56,8,7,8,13.3,0.07,0.28,0.05,18.4,185,164,212,326.0,4,0,0,100
17:45:56,8,7,8,13.3,0.07,0.28,0.05,18.2,185,164,212,326.0,4,0,0,100
17:45:56,8,7,8,13.3,0.07,0.28,0.05,18.2,185,164,212,326.0,4,0,0,100
17:45:56,9,7,7,13.4,0.09,0.25,0.04,18.5,264,174,129,341.0,0,0,1,100
17:45:56,9,7,7,13.4,0.09,0.25,0.04,18.2,264,174,129,341.0,0,0,1,100
17:45:56,9,7,7,13.4,0.09,0.25,0.04,18.5,264,174,129,341.0,0,0,1,100
17:45:57,9,7,7,13.4,0.09,0.25,0.04,18.3,264,174,129,341.0,0,0,1,100
17:45:57,9,7,7,13.4,0.09,0.25,0.04,18.4,264,174,129,341.0,0,0,1,100
17:45:57,9,7,7,13.4,0.09,0.25,0.04,18.4,264,174,129,341.0,0,0,1,100
17:45:57,9,7,7,13.4,0.09,0.25,0.04,18.4,264,174,129,341.0,0,0,1,100
17:45:57,9,7,7,13.4,0.09,0.25,0.04,18.4,264,174,129,341.0,0,0,1,100
17:45:57,9,7,7,13.4,0.09,0.25,0.04,18.7,264,174,129,341.0,0,0,1,100
17:45:57,9,7,7,13.4,0.09,0.25,0.04,18.3,264,174,129,341.0,0,0,1,100
17:45:57,11,6,9,15.4,0.05,0.22,0.09,18.2,296,159,225,404.0,0,0,0,100
17:45:57,11,6,9,15.4,0.05,0.22,0.09,18.4,296,159,225,404.0,0,0,0,100
17:45:57,11,6,9,15.4,0.05,0.22,0.09,18.3,296,159,225,404.0,0,0,0,100
17:45:58,11,6,9,15.4,0.05,0.22,0.09,18.4,296,159,225,404.0,0,0,0,100
17:45:58,11,6,9,15.4,0.05,0.22,0.09,18.4,296,159,225,404.0,0,0,0,100
17:45:58,11,6,9,15.4,0.05,0.22,0.09,18.4,296,159,225,404.0,0,0,0,100
17:45:58,11,6,9,15.4,0.05,0.22,0.09,18.2,296,159,225,404.0,0,0,0,100
17:45:58,11,6,9,15.4,0.05,0.22,0.09,18.5,296,159,225,404.0,0,0,0,100
17:45:58,11,6,9,15.4,0.05,0.22,0.09,18.4,296,159,225,404.0,0,0,0,100
17:45:58,11,6,9,15.4,0.05,0.22,0.09,18.4,296,159,225,404.0,0,0,0,100
17:45:58,5,5,13,14.8,0.04,0.13,0.09,18.2,160,114,228,301.0,1,0,0,100
17:45:58,5,5,13,14.8,0.04,0.13,0.09,18.4,160,114,228,301.0,1,0,0,100
17:45:58,5,5,13,14.8,0.04,0.13,0.09,18.3,160,114,228,301.0,1,0,0,100
17:45:59,5,5,13,14.8,0.04,0.13,0.09,18.2,160,114,228,301.0,1,0,0,100
17:45:59,5,5,13,14.8,0.04,0.13,0.09,18.3,160,114,228,301.0,1,0,0,100
17:45:59,5,5,13,14.8,0.04,0.13,0.09,18.2,160,114,228,301.0,1,0,0,100
17:45:59,5,5,13,14.8,0.04,0.13,0.09,18.2,160,114,228,301.0,1,0,0,100
17:45:59,5,5,13,14.8,0.04,0.13,0.09,18.4,160,114,228,301.0,1,0,0,100
17:45:59,5,5,13,14.8,0.04,0.13,0.09,18.2,160,114,228,301.0,1,0,0,100
17:45:59,5,5,13,14.8,0.04,0.13,0.09,18.5,160,114,228,301.0,1,0,0,100
17:45:59,6,2,3,7.0,0.08,0.14,0.1,18.4,187,86,102,230.0,0,0,2,100
17:45:59,6,2,3,7.0,0.08,0.14,0.1,18.6,187,86,102,230.0,0,0,2,100
17:45:59,6,2,3,7.0,0.08,0.14,0.1,18.4,187,86,102,230.0,0,0,2,100
17:46:00,6,2,3,7.0,0.08,0.14,0.1,18.0,187,86,102,230.0,0,0,2,100
17:46:00,6,2,3,7.0,0.08,0.14,0.1,18.3,187,86,102,230.0,0,0,2,100
17:46:00,6,2,3,7.0,0.08,0.14,0.1,18.1,187,86,102,230.0,0,0,2,100
17:46:00,6,2,3,7.0,0.08,0.14,0.1,18.2,187,86,102,230.0,0,0,2,100
17:46:00,6,2,3,7.0,0.08,0.14,0.1,18.4,187,86,102,230.0,0,0,2,100
17:46:00,6,2,3,7.0,0.08,0.14,0.1,18.3,187,86,102,230.0,0,0,2,100
17:46:00,6,2,3,7.0,0.08,0.14,0.1,18.2,187,86,102,230.0,0,0,2,100
17:46:00,3,1,5,5.9,0.09,0.13,0.03,18.5,111,36,145,186.0,1,0,0,100
17:46:00,3,1,5,5.9,0.09,0.13,0.03,18.4,111,36,145,186.0,1,0,0,100
17:46:00,3,1,5,5.9,0.09,0.13,0.03,18.5,111,36,145,186.0,1,0,0,100
17:46:01,3,1,5,5.9,0.09,0.13,0.03,18.4,111,36,145,186.0,1,0,0,100
17:46:01,3,1,5,5.9,0.09,0.13,0.03,18.3,111,36,145,186.0,1,0,0,100
17:46:01,3,1,5,5.9,0.09,0.13,0.03,18.4,111,36,145,186.0,1,0,0,100
17:46:01,3,1,5,5.9,0.09,0.13,0.03,18.4,111,36,145,186.0,1,0,0,100
17:46:01,3,1,5,5.9,0.09,0.13,0.03,18.5,111,36,145,186.0,1,0,0,100
17:46:01,3,1,5,5.9,0.09,0.13,0.03,18.4,111,36,145,186.0,1,0,0,100
17:46:01,3,1,5,5.9,0.09,0.13,0.03,18.4,111,36,145,186.0,1,0,0,100
17:46:01,7,2,3,7.9,0.07,0.19,0.07,18.4,198,71,96,231.0,0,0,1,100
17:46:01,7,2,3,7.9,0.07,0.19,0.07,18.5,198,71,96,231.0,0,0,1,100
17:46:01,7,2,3,7.9,0.07,0.19,0.07,18.2,198,71,96,231.0,0,0,1,100
17:46:02,7,2,3,7.9,0.07,0.19,0.07,18.4,198,71,96,231.0,0,0,1,100
17:46:02,7,2,3,7.9,0.07,0.19,0.07,18.4,198,71,96,231.0,0,0,1,100
17:46:02,7,2,3,7.9,0.07,0.19,0.07,18.2,198,71,96,231.0,0,0,1,100
17:46:02,7,2,3,7.9,0.07,0.19,0.07,18.5,198,71,96,231.0,0,0,1,100
17:46:02,7,2,3,7.9,0.07,0.19,0.07,18.5,198,71,96,231.0,0,0,1,100
17:46:02,7,2,3,7.9,0.07,0.19,0.07,18.4,198,71,96,231.0,0,0,1,100
17:46:02,7,2,3,7.9,0.07,0.19,0.07,17.9,198,71,96,231.0,0,0,1,100
17:46:02,5,4,7,9.5,0.03,0.16,0.04,18.3,154,114,211,285.0,0,0,0,100
17:46:02,5,4,7,9.5,0.03,0.16,0.04,18.4,154,114,211,285.0,0,0,0,100
17:46:02,5,4,7,9.5,0.03,0.16,0.04,18.3,154,114,211,285.0,0,0,0,100
17:46:03,5,4,7,9.5,0.03,0.16,0.04,18.4,154,114,211,285.0,0,0,0,100
17:46:03,5,4,7,9.5,0.03,0.16,0.04,18.5,154,114,211,285.0,0,0,0,100
17:46:03,5,4,7,9.5,0.03,0.16,0.04,18.4,154,114,211,285.0,0,0,0,100
17:46:03,5,4,7,9.5,0.03,0.16,0.04,18.5,154,114,211,285.0,0,0,0,100
17:46:03,5,4,7,9.5,0.03,0.16,0.04,18.5,154,114,211,285.0,0,0,0,100
17:46:03,5,4,7,9.5,0.03,0.16,0.04,18.3,154,114,211,285.0,0,0,0,100
17:46:03,5,4,7,9.5,0.03,0.16,0.04,18.6,154,114,211,285.0,0,0,0,100
17:46:03,7,6,8,12.2,0.09,0.14,0.07,18.4,195,154,210,325.0,0,0,0,100
17:46:03,7,6,8,12.2,0.09,0.14,0.07,18.2,195,154,210,325.0,0,0,0,100
17:46:04,7,6,8,12.2,0.09,0.14,0.07,18.3,195,154,210,325.0,0,0,0,100
17:46:04,7,6,8,12.2,0.09,0.14,0.07,18.4,195,154,210,325.0,0,0,0,100
17:46:04,7,6,8,12.2,0.09,0.14,0.07,18.5,195,154,210,325.0,0,0,0,100
17:46:04,7,6,8,12.2,0.09,0.14,0.07,18.4,195,154,210,325.0,0,0,0,100
17:46:04,7,6,8,12.2,0.09,0.14,0.07,18.4,195,154,210,325.0,0,0,0,100
17:46:04,7,6,8,12.2,0.09,0.14,0.07,18.2,195,154,210,325.0,0,0,0,100
17:46:04,7,6,8,12.2,0.09,0.14,0.07,18.5,195,154,210,325.0,0,0,0,100
17:46:04,7,6,8,12.2,0.09,0.14,0.07,18.4,195,154,210,325.0,0,0,0,100
17:46:04,8,5,5,10.7,0.09,0.13,0.04,18.4,239,143,122,304.0,0,0,1,100
17:46:04,8,5,5,10.7,0.09,0.13,0.04,18.2,239,143,122,304.0,0,0,1,100
17:46:05,8,5,5,10.7,0.09,0.13,0.04,18.3,239,143,122,304.0,0,0,1,100
17:46:05,8,5,5,10.7,0.09,0.13,0.04,18.4,239,143,122,304.0,0,0,1,100
17:46:05,8,5,5,10.7,0.09,0.13,0.04,18.1,239,143,122,304.0,0,0,1,100
17:46:05,8,5,5,10.7,0.09,0.13,0.04,18.4,239,143,122,304.0,0,0,1,100
17:46:05,8,5,5,10.7,0.09,0.13,0.04,18.5,239,143,122,304.0,0,0,1,100
17:46:05,8,5,5,10.7,0.09,0.13,0.04,18.3,239,143,122,304.0,0,0,1,100
17:46:05,8,5,5,10.7,0.09,0.13,0.04,18.4,239,143,122,304.0,0,0,1,100
17:46:05,8,5,5,10.7,0.09,0.13,0.04,18.3,239,143,122,304.0,0,0,1,100
17:46:05,7,4,8,11.4,0.08,0.24,0.08,18.4,197,137,230,332.0,1,0,0,100
17:46:05,7,4,8,11.4,0.08,0.24,0.08,18.4,197,137,230,332.0,1,0,0,100
17:46:06,7,4,8,11.4,0.08,0.24,0.08,18.2,197,137,230,332.0,1,0,0,100
17:46:06,7,4,8,11.4,0.08,0.24,0.08,18.4,197,137,230,332.0,1,0,0,100
17:46:06,7,4,8,11.4,0.08,0.24,0.08,18.5,197,137,230,332.0,1,0,0,100
17:46:06,7,4,8,11.4,0.08,0.24,0.08,18.5,197,137,230,332.0,1,0,0,100
17:46:06,7,4,8,11.4,0.08,0.24,0.08,18.3,197,137,230,332.0,1,0,0,100
17:46:06,7,4,8,11.4,0.08,0.24,0.08,18.4,197,137,230,332.0,1,0,0,100
17:46:06,7,4,8,11.4,0.08,0.24,0.08,18.4,197,137,230,332.0,1,0,0,100
17:46:06,7,4,8,11.4,0.08,0.24,0.08,18.2,197,137,230,332.0,1,0,0,100
17:46:06,6,5,10,12.7,0.04,0.16,0.08,18.4,160,113,220,295.0,0,0,0,100
17:46:06,6,5,10,12.7,0.04,0.16,0.08,18.3,160,113,220,295.0,0,0,0,100
17:46:07,6,5,10,12.7,0.04,0.16,0.08,18.4,160,113,220,295.0,0,0,0,100
17:46:07,6,5,10,12.7,0.04,0.16,0.08,18.4,160,113,220,295.0,0,0,0,100
17:46:07,6,5,10,12.7,0.04,0.16,0.08,18.3,160,113,220,295.0,0,0,0,100
17:46:07,6,5,10,12.7,0.04,0.16,0.08,18.4,160,113,220,295.0,0,0,0,100
17:46:07,6,5,10,12.7,0.04,0.16,0.08,18.2,160,113,220,295.0,0,0,0,100
17:46:07,6,5,10,12.7,0.04,0.16,0.08,18.4,160,113,220,295.0,0,0,0,100
17:46:07,6,5,10,12.7,0.04,0.16,0.08,18.2,160,113,220,295.0,0,0,0,100
17:46:07,6,5,10,12.7,0.04,0.16,0.08,18.2,160,113,220,295.0,0,0,0,100
17:46:07,6,2,4,7.5,0.05,0.12,0.04,18.5,167,54,130,218.0,0,1,0,100
17:46:07,6,2,4,7.5,0.05,0.12,0.04,18.3,167,54,130,218.0,0,1,0,100
17:46:08,6,2,4,7.5,0.05,0.12,0.04,18.4,167,54,130,218.0,0,1,0,100
17:46:08,6,2,4,7.5,0.05,0.12,0.04,18.3,167,54,130,218.0,0,1,0,100
17:46:08,6,2,4,7.5,0.05,0.12,0.04,18.2,167,54,130,218.0,0,1,0,100
17:46:08,6,2,4,7.5,0.05,0.12,0.04,18.4,167,54,130,218.0,0,1,0,100
17:46:08,6,2,4,7.5,0.05,0.12,0.04,18.2,167,54,130,218.0,0,1,0,100
17:46:08,6,2,4,7.5,0.05,0.12,0.04,18.4,167,54,130,218.0,0,1,0,100
17:46:08,6,2,4,7.5,0.05,0.12,0.04,18.2,167,54,130,218.0,0,1,0,100
17:46:08,6,2,4,7.5,0.05,0.12,0.04,18.4,167,54,130,218.0,0,1,0,100
17:46:08,5,2,6,8.1,0.08,0.15,0.04,18.2,132,47,158,211.0,1,1,0,100
17:46:08,5,2,6,8.1,0.08,0.15,0.04,18.2,132,47,158,211.0,1,1,0,100
17:46:09,5,2,6,8.1,0.08,0.15,0.04,18.4,132,47,158,211.0,1,1,0,100
17:46:09,5,2,6,8.1,0.08,0.15,0.04,18.3,132,47,158,211.0,1,1,0,100
17:46:09,5,2,6,8.1,0.08,0.15,0.04,18.4,132,47,158,211.0,1,1,0,100
17:46:09,5,2,6,8.1,0.08,0.15,0.04,18.2,132,47,158,211.0,1,1,0,100
17:46:09,5,2,6,8.1,0.08,0.15,0.04,18.2,132,47,158,211.0,1,1,0,100
17:46:09,5,2,6,8.1,0.08,0.15,0.04,18.4,132,47,158,211.0,1,1,0,100
17:46:09,5,2,6,8.1,0.08,0.15,0.04,18.4,132,47,158,211.0,1,1,0,100
17:46:09,5,2,6,8.1,0.08,0.15,0.04,18.1,132,47,158,211.0,1,1,0,100
17:46:09,7,3,4,8.6,0.03,0.1,0.05,18.4,178,101,118,236.0,0,0,1,100
17:46:09,7,3,4,8.6,0.03,0.1,0.05,18.5,178,101,118,236.0,0,0,1,100
17:46:10,7,3,4,8.6,0.03,0.1,0.05,18.2,178,101,118,236.0,0,0,1,100
17:46:10,7,3,4,8.6,0.03,0.1,0.05,18.4,178,101,118,236.0,0,0,1,100
17:46:10,7,3,4,8.6,0.03,0.1,0.05,18.4,178,101,118,236.0,0,0,1,100
17:46:10,7,3,4,8.6,0.03,0.1,0.05,18.4,178,101,118,236.0,0,0,1,100
17:46:10,7,3,4,8.6,0.03,0.1,0.05,18.4,178,101,118,236.0,0,0,1,100
17:46:10,7,3,4,8.6,0.03,0.1,0.05,18.3,178,101,118,236.0,0,0,1,100
17:46:10,7,3,4,8.6,0.03,0.1,0.05,18.3,178,101,118,236.0,0,0,1,100
17:46:10,7,3,4,8.6,0.03,0.1,0.05,18.4,178,101,118,236.0,0,0,1,100
17:46:10,6,6,10,13.1,0.03,0.27,0.07,18.3,160,150,235,321.0,2,0,0,100
17:46:10,6,6,10,13.1,0.03,0.27,0.07,18.5,160,150,235,321.0,2,0,0,100
17:46:11,6,6,10,13.1,0.03,0.27,0.07,18.2,160,150,235,321.0,2,0,0,100
17:46:11,6,6,10,13.1,0.03,0.27,0.07,18.4,160,150,235,321.0,2,0,0,100
17:46:11,6,6,10,13.1,0.03,0.27,0.07,18.2,160,150,235,321.0,2,0,0,100
17:46:11,6,6,10,13.1,0.03,0.27,0.07,18.3,160,150,235,321.0,2,0,0,100
17:46:11,6,6,10,13.1,0.03,0.27,0.07,18.2,160,150,235,321.0,2,0,0,100
17:46:11,6,6,10,13.1,0.03,0.27,0.07,18.3,160,150,235,321.0,2,0,0,100
17:46:11,6,6,10,13.1,0.03,0.27,0.07,18.6,160,150,235,321.0,2,0,0,100
17:46:11,6,6,10,13.1,0.03,0.27,0.07,18.3,160,150,235,321.0,2,0,0,100
17:46:11,8,6,9,13.5,0.08,0.15,0.03,18.4,242,145,243,372.0,0,0,0,100
17:46:11,8,6,9,13.5,0.08,0.15,0.03,18.4,242,145,243,372.0,0,0,0,100
17:46:12,8,6,9,13.5,0.08,0.15,0.03,18.4,242,145,243,372.0,0,0,0,100
17:46:12,8,6,9,13.5,0.08,0.15,0.03,18.2,242,145,243,372.0,0,0,0,100
17:46:12,8,6,9,13.5,0.08,0.15,0.03,18.3,242,145,243,372.0,0,0,0,100
17:46:12,8,6,9,13.5,0.08,0.15,0.03,18.5,242,145,243,372.0,0,0,0,100
17:46:12,8,6,9,13.5,0.08,0.15,0.03,18.2,242,145,243,372.0,0,0,0,100
17:46:12,8,6,9,13.5,0.08,0.15,0.03,18.3,242,145,243,372.0,0,0,0,100
17:46:12,8,6,9,13.5,0.08,0.15,0.03,18.4,242,145,243,372.0,0,0,0,100
17:46:12,8,6,9,13.5,0.08,0.15,0.03,18.4,242,145,243,372.0,0,0,0,100
17:46:12,9,9,5,13.7,0.1,0.13,0.04,18.5,258,166,145,339.0,0,0,1,100
17:46:12,9,9,5,13.7,0.1,0.13,0.04,18.4,258,166,145,339.0,0,0,1,100
17:46:13,9,9,5,13.7,0.1,0.13,0.04,18.5,258,166,145,339.0,0,0,1,100
17:46:13,9,9,5,13.7,0.1,0.13,0.04,18.4,258,166,145,339.0,0,0,1,100
17:46:13,9,9,5,13.7,0.1,0.13,0.04,18.4,258,166,145,339.0,0,0,1,100
17:46:13,9,9,5,13.7,0.1,0.13,0.04,18.3,258,166,145,339.0,0,0,1,100
17:46:13,9,9,5,13.7,0.1,0.13,0.04,18.3,258,166,145,339.0,0,0,1,100
17:46:13,9,9,5,13.7,0.1,0.13,0.04,18.4,258,166,145,339.0,0,0,1,100
17:46:13,9,9,5,13.7,0.1,0.13,0.04,18.4,258,166,145,339.0,0,0,1,100
17:46:13,9,9,5,13.7,0.1,0.13,0.04,18.4,258,166,145,339.0,0,0,1,100
17:46:13,5,4,7,9.5,0.11,0.18,0.08,18.5,182,124,203,300.0,0,0,0,100
17:46:13,5,4,7,9.5,0.11,0.18,0.08,18.4,182,124,203,300.0,0,0,0,100
17:46:14,5,4,7,9.5,0.11,0.18,0.08,18.5,182,124,203,300.0,0,0,0,100
17:46:14,5,4,7,9.5,0.11,0.18,0.08,18.4,182,124,203,300.0,0,0,0,100
17:46:14,5,4,7,9.5,0.11,0.18,0.08,18.4,182,124,203,300.0,0,0,0,100
17:46:14,5,4,7,9.5,0.11,0.18,0.08,18.4,182,124,203,300.0,0,0,0,100
17:46:14,5,4,7,9.5,0.11,0.18,0.08,18.4,182,124,203,300.0,0,0,0,100
17:46:14,5,4,7,9.5,0.11,0.18,0.08,18.4,182,124,203,300.0,0,0,0,100
17:46:14,5,4,7,9.5,0.11,0.18,0.08,18.2,182,124,203,300.0,0,0,0,100
17:46:14,5,4,7,9.5,0.11,0.18,0.08,18.4,182,124,203,300.0,0,0,0,100
17:46:14,4,3,6,7.8,0.03,0.11,0.08,18.6,134,70,148,212.0,0,0,0,100
17:46:14,4,3,6,7.8,0.03,0.11,0.08,18.7,134,70,148,212.0,0,0,0,100
17:46:15,4,3,6,7.8,0.03,0.11,0.08,18.2,134,70,148,212.0,0,0,0,100
17:46:15,4,3,6,7.8,0.03,0.11,0.08,18.4,134,70,148,212.0,0,0,0,100
17:46:15,4,3,6,7.8,0.03,0.11,0.08,18.4,134,70,148,212.0,0,0,0,100
17:46:15,4,3,6,7.8,0.03,0.11,0.08,18.4,134,70,148,212.0,0,0,0,100
17:46:15,4,3,6,7.8,0.03,0.11,0.08,18.4,134,70,148,212.0,0,0,0,100
17:46:15,4,3,6,7.8,0.03,0.11,0.08,18.5,134,70,148,212.0,0,0,0,100
17:46:15,4,3,6,7.8,0.03,0.11,0.08,18.5,134,70,148,212.0,0,0,0,100
17:46:15,4,3,6,7.8,0.03,0.11,0.08,18.4,134,70,148,212.0,0,0,0,100
17:46:15,5,3,6,8.4,0.09,0.15,0.07,18.4,136,38,162,215.0,1,4,1,100
17:46:15,5,3,6,8.4,0.09,0.15,0.07,18.2,136,38,162,215.0,1,4,1,100
17:46:16,5,3,6,8.4,0.09,0.15,0.07,18.2,136,38,162,215.0,1,4,1,100
17:46:16,5,3,6,8.4,0.09,0.15,0.07,18.4,136,38,162,215.0,1,4,1,100
17:46:16,5,3,6,8.4,0.09,0.15,0.07,18.2,136,38,162,215.0,1,4,1,100
17:46:16,5,3,6,8.4,0.09,0.15,0.07,18.2,136,38,162,215.0,1,4,1,100
17:46:16,5,3,6,8.4,0.09,0.15,0.07,18.2,136,38,162,215.0,1,4,1,100
17:46:16,5,3,6,8.4,0.09,0.15,0.07,18.3,136,38,162,215.0,1,4,1,100
17:46:16,5,3,6,8.4,0.09,0.15,0.07,18.5,136,38,162,215.0,1,4,1,100
17:46:16,5,3,6,8.4,0.09,0.15,0.07,18.4,136,38,162,215.0,1,4,1,100
17:46:16,6,3,6,9.0,0.07,0.13,0.03,18.4,168,79,143,234.0,1,0,0,100
17:46:16,6,3,6,9.0,0.07,0.13,0.03,18.6,168,79,143,234.0,1,0,0,100
17:46:17,6,3,6,9.0,0.07,0.13,0.03,18.4,168,79,143,234.0,1,0,0,100
17:46:17,6,3,6,9.0,0.07,0.13,0.03,18.3,168,79,143,234.0,1,0,0,100
17:46:17,6,3,6,9.0,0.07,0.13,0.03,18.4,168,79,143,234.0,1,0,0,100
17:46:17,6,3,6,9.0,0.07,0.13,0.03,18.4,168,79,143,234.0,1,0,0,100
17:46:17,6,3,6,9.0,0.07,0.13,0.03,18.4,168,79,143,234.0,1,0,0,100
17:46:17,6,3,6,9.0,0.07,0.13,0.03,18.2,168,79,143,234.0,1,0,0,100
17:46:17,6,3,6,9.0,0.07,0.13,0.03,18.2,168,79,143,234.0,1,0,0,100
17:46:17,6,3,6,9.0,0.07,0.13,0.03,18.4,168,79,143,234.0,1,0,0,100
17:46:17,7,4,5,9.5,0.05,0.12,0.05,18.2,222,128,150,297.0,0,0,1,100
17:46:17,7,4,5,9.5,0.05,0.12,0.05,18.2,222,128,150,297.0,0,0,1,100
17:46:18,7,4,5,9.5,0.05,0.12,0.05,18.2,222,128,150,297.0,0,0,1,100
17:46:18,7,4,5,9.5,0.05,0.12,0.05,18.3,222,128,150,297.0,0,0,1,100
17:46:18,7,4,5,9.5,0.05,0.12,0.05,18.3,222,128,150,297.0,0,0,1,100
17:46:18,7,4,5,9.5,0.05,0.12,0.05,18.2,222,128,150,297.0,0,0,1,100
17:46:18,7,4,5,9.5,0.05,0.12,0.05,18.4,222,128,150,297.0,0,0,1,100
17:46:18,7,4,5,9.5,0.05,0.12,0.05,18.2,222,128,150,297.0,0,0,1,100
17:46:18,7,4,5,9.5,0.05,0.12,0.05,18.4,222,128,150,297.0,0,0,1,100
17:46:18,7,4,5,9.5,0.05,0.12,0.05,18.3,222,128,150,297.0,0,0,1,100
17:46:18,4,5,8,10.2,0.03,0.11,0.08,18.4,120,142,237,301.0,1,0,0,100
17:46:18,4,5,8,10.2,0.03,0.11,0.08,18.5,120,142,237,301.0,1,0,0,100
17:46:19,4,5,8,10.2,0.03,0.11,0.08,18.4,120,142,237,301.0,1,0,0,100
17:46:19,4,5,8,10.2,0.03,0.11,0.08,18.5,120,142,237,301.0,1,0,0,100
17:46:19,4,5,8,10.2,0.03,0.11,0.08,18.2,120,142,237,301.0,1,0,0,100
17:46:19,4,5,8,10.2,0.03,0.11,0.08,18.4,120,142,237,301.0,1,0,0,100
17:46:19,4,5,8,10.2,0.03,0.11,0.08,18.4,120,142,237,301.0,1,0,0,100
17:46:19,4,5,8,10.2,0.03,0.11,0.08,18.2,120,142,237,301.0,1,0,0,100
17:46:19,4,5,8,10.2,0.03,0.11,0.08,18.3,120,142,237,301.0,1,0,0,100
17:46:19,4,5,8,10.2,0.03,0.11,0.08,18.4,120,142,237,301.0,1,0,0,100
17:46:19,8,4,6,10.8,0.07,0.14,0.05,18.4,240,137,203,343.0,0,0,0,100
17:46:19,8,4,6,10.8,0.07,0.14,0.05,18.3,240,137,203,343.0,0,0,0,100
17:46:20,8,4,6,10.8,0.07,0.14,0.05,18.4,240,137,203,343.0,0,0,0,100
17:46:20,8,4,6,10.8,0.07,0.14,0.05,18.4,240,137,203,343.0,0,0,0,100
17:46:20,8,4,6,10.8,0.07,0.14,0.05,18.5,240,137,203,343.0,0,0,0,100
17:46:20,8,4,6,10.8,0.07,0.14,0.05,18.3,240,137,203,343.0,0,0,0,100
17:46:20,8,4,6,10.8,0.07,0.14,0.05,18.4,240,137,203,343.0,0,0,0,100
17:46:20,8,4,6,10.8,0.07,0.14,0.05,18.4,240,137,203,343.0,0,0,0,100
17:46:20,8,4,6,10.8,0.07,0.14,0.05,18.4,240,137,203,343.0,0,0,0,100
17:46:20,8,4,6,10.8,0.07,0.14,0.05,18.4,240,137,203,343.0,0,0,0,100
17:46:20,8,5,8,12.4,0.12,0.15,0.04,18.6,254,138,189,345.0,0,0,3,100
17:46:21,8,5,8,12.4,0.12,0.15,0.04,18.5,254,138,189,345.0,0,0,3,100
17:46:21,8,5,8,12.4,0.12,0.15,0.04,18.4,254,138,189,345.0,0,0,3,100
17:46:21,8,5,8,12.4,0.12,0.15,0.04,18.3,254,138,189,345.0,0,0,3,100
17:46:21,8,5,8,12.4,0.12,0.15,0.04,18.2,254,138,189,345.0,0,0,3,100
17:46:21,8,5,8,12.4,0.12,0.15,0.04,18.4,254,138,189,345.0,0,0,3,100
17:46:21,8,5,8,12.4,0.12,0.15,0.04,18.2,254,138,189,345.0,0,0,3,100
17:46:21,8,5,8,12.4,0.12,0.15,0.04,18.4,254,138,189,345.0,0,0,3,100
17:46:21,8,5,8,12.4,0.12,0.15,0.04,18.4,254,138,189,345.0,0,0,3,100
17:46:21,8,5,8,12.4,0.12,0.15,0.04,18.3,254,138,189,345.0,0,0,3,100
17:46:21,6,4,7,10.0,0.08,0.19,0.07,18.5,116,94,197,247.0,1,0,0,100
17:46:21,6,4,7,10.0,0.08,0.19,0.07,18.4,116,94,197,247.0,1,0,0,100
17:46:22,6,4,7,10.0,0.08,0.19,0.07,18.4,116,94,197,247.0,1,0,0,100
17:46:22,6,4,7,10.0,0.08,0.19,0.07,18.4,116,94,197,247.0,1,0,0,100
17:46:22,6,4,7,10.0,0.08,0.19,0.07,18.6,116,94,197,247.0,1,0,0,100
17:46:22,6,4,7,10.0,0.08,0.19,0.07,18.2,116,94,197,247.0,1,0,0,100
17:46:22,6,4,7,10.0,0.08,0.19,0.07,18.4,116,94,197,247.0,1,0,0,100
17:46:22,6,4,7,10.0,0.08,0.19,0.07,18.4,116,94,197,247.0,1,0,0,100
17:46:22,6,4,7,10.0,0.08,0.19,0.07,18.5,116,94,197,247.0,1,0,0,100
17:46:22,6,4,7,10.0,0.08,0.19,0.07,18.2,116,94,197,247.0,1,0,0,100
17:46:22,7,1,7,9.9,0.03,0.1,0.07,18.3,174,43,151,234.0,0,3,0,100
17:46:23,7,1,7,9.9,0.03,0.1,0.07,18.4,174,43,151,234.0,0,3,0,100
17:46:23,7,1,7,9.9,0.03,0.1,0.07,18.3,174,43,151,234.0,0,3,0,100
17:46:23,7,1,7,9.9,0.03,0.1,0.07,18.2,174,43,151,234.0,0,3,0,100
17:46:23,7,1,7,9.9,0.03,0.1,0.07,18.4,174,43,151,234.0,0,3,0,100
17:46:23,7,1,7,9.9,0.03,0.1,0.07,18.4,174,43,151,234.0,0,3,0,100
17:46:23,7,1,7,9.9,0.03,0.1,0.07,18.4,174,43,151,234.0,0,3,0,100
17:46:23,7,1,7,9.9,0.03,0.1,0.07,18.2,174,43,151,234.0,0,3,0,100
17:46:23,7,1,7,9.9,0.03,0.1,0.07,18.4,174,43,151,234.0,0,3,0,100
17:46:23,7,1,7,9.9,0.03,0.1,0.07,18.5,174,43,151,234.0,0,3,0,100
17:46:23,3,2,7,7.9,0.07,0.14,0.06,18.4,92,60,182,213.0,2,0,0,100
17:46:24,3,2,7,7.9,0.07,0.14,0.06,18.2,92,60,182,213.0,2,0,0,100
17:46:24,3,2,7,7.9,0.07,0.14,0.06,18.4,92,60,182,213.0,2,0,0,100
17:46:24,3,2,7,7.9,0.07,0.14,0.06,18.2,92,60,182,213.0,2,0,0,100
17:46:24,3,2,7,7.9,0.07,0.14,0.06,18.4,92,60,182,213.0,2,0,0,100
17:46:24,3,2,7,7.9,0.07,0.14,0.06,18.2,92,60,182,213.0,2,0,0,100
17:46:24,3,2,7,7.9,0.07,0.14,0.06,18.2,92,60,182,213.0,2,0,0,100
17:46:24,3,2,7,7.9,0.07,0.14,0.06,18.2,92,60,182,213.0,2,0,0,100
17:46:24,3,2,7,7.9,0.07,0.14,0.06,18.3,92,60,182,213.0,2,0,0,100
17:46:24,3,2,7,7.9,0.07,0.14,0.06,18.5,92,60,182,213.0,2,0,0,100
17:46:24,7,5,4,9.5,0.06,0.13,0.03,18.4,189,105,136,255.0,0,0,0,100
17:46:25,7,5,4,9.5,0.06,0.13,0.03,18.4,189,105,136,255.0,0,0,0,100
17:46:25,7,5,4,9.5,0.06,0.13,0.03,18.5,189,105,136,255.0,0,0,0,100
17:46:25,7,5,4,9.5,0.06,0.13,0.03,18.5,189,105,136,255.0,0,0,0,100
17:46:25,7,5,4,9.5,0.06,0.13,0.03,18.4,189,105,136,255.0,0,0,0,100
17:46:25,7,5,4,9.5,0.06,0.13,0.03,18.3,189,105,136,255.0,0,0,0,100
17:46:25,7,5,4,9.5,0.06,0.13,0.03,18.4,189,105,136,255.0,0,0,0,100
17:46:25,7,5,4,9.5,0.06,0.13,0.03,18.5,189,105,136,255.0,0,0,0,100
17:46:25,7,5,4,9.5,0.06,0.13,0.03,18.2,189,105,136,255.0,0,0,0,100
17:46:25,7,5,4,9.5,0.06,0.13,0.03,18.6,189,105,136,255.0,0,0,0,100
17:46:25,8,5,6,11.2,0.08,0.29,0.07,18.4,236,145,192,337.0,0,0,1,100
17:46:26,8,5,6,11.2,0.08,0.29,0.07,18.3,236,145,192,337.0,0,0,1,100
17:46:26,8,5,6,11.2,0.08,0.29,0.07,18.4,236,145,192,337.0,0,0,1,100
17:46:26,8,5,6,11.2,0.08,0.29,0.07,18.4,236,145,192,337.0,0,0,1,100
17:46:26,8,5,6,11.2,0.08,0.29,0.07,18.4,236,145,192,337.0,0,0,1,100
17:46:26,8,5,6,11.2,0.08,0.29,0.07,18.2,236,145,192,337.0,0,0,1,100
17:46:26,8,5,6,11.2,0.08,0.29,0.07,18.4,236,145,192,337.0,0,0,1,100
17:46:26,8,5,6,11.2,0.08,0.29,0.07,18.2,236,145,192,337.0,0,0,1,100
17:46:26,8,5,6,11.2,0.08,0.29,0.07,18.3,236,145,192,337.0,0,0,1,100
17:46:26,8,5,6,11.2,0.08,0.29,0.07,18.4,236,145,192,337.0,0,0,1,100
17:46:26,6,5,8,11.2,0.03,0.26,0.04,18.4,153,145,240,319.0,2,0,0,100
17:46:27,6,5,8,11.2,0.03,0.26,0.04,18.4,153,145,240,319.0,2,0,0,100
17:46:27,6,5,8,11.2,0.03,0.26,0.04,18.3,153,145,240,319.0,2,0,0,100
17:46:27,6,5,8,11.2,0.03,0.26,0.04,18.4,153,145,240,319.0,2,0,0,100
17:46:27,6,5,8,11.2,0.03,0.26,0.04,18.2,153,145,240,319.0,2,0,0,100
17:46:27,6,5,8,11.2,0.03,0.26,0.04,18.5,153,145,240,319.0,2,0,0,100
17:46:27,6,5,8,11.2,0.03,0.26,0.04,18.3,153,145,240,319.0,2,0,0,100
17:46:27,6,5,8,11.2,0.03,0.26,0.04,18.4,153,145,240,319.0,2,0,0,100
17:46:27,6,5,8,11.2,0.03,0.26,0.04,18.3,153,145,240,319.0,2,0,0,100
17:46:27,6,5,8,11.2,0.03,0.26,0.04,18.4,153,145,240,319.0,2,0,0,100
17:46:27,9,5,8,13.0,0.07,0.23,0.08,18.4,241,157,196,348.0,0,0,0,100
17:46:28,9,5,8,13.0,0.07,0.23,0.08,18.6,241,157,196,348.0,0,0,0,100
17:46:28,9,5,8,13.0,0.07,0.23,0.08,18.2,241,157,196,348.0,0,0,0,100
17:46:28,9,5,8,13.0,0.07,0.23,0.08,18.4,241,157,196,348.0,0,0,0,100
17:46:28,9,5,8,13.0,0.07,0.23,0.08,18.7,241,157,196,348.0,0,0,0,100
17:46:28,9,5,8,13.0,0.07,0.23,0.08,18.4,241,157,196,348.0,0,0,0,100
17:46:28,9,5,8,13.0,0.07,0.23,0.08,18.4,241,157,196,348.0,0,0,0,100
17:46:28,9,5,8,13.0,0.07,0.23,0.08,18.4,241,157,196,348.0,0,0,0,100
17:46:28,9,5,8,13.0,0.07,0.23,0.08,18.5,241,157,196,348.0,0,0,0,100
17:46:28,9,5,8,13.0,0.07,0.23,0.08,18.2,241,157,196,348.0,0,0,0,100
17:46:28,8,4,7,11.4,0.09,0.16,0.04,18.3,230,123,176,315.0,0,0,0,100
17:46:29,8,4,7,11.4,0.09,0.16,0.04,18.2,230,123,176,315.0,0,0,0,100
17:46:29,8,4,7,11.4,0.09,0.16,0.04,18.4,230,123,176,315.0,0,0,0,100
17:46:29,8,4,7,11.4,0.09,0.16,0.04,18.2,230,123,176,315.0,0,0,0,100
17:46:29,8,4,7,11.4,0.09,0.16,0.04,18.5,230,123,176,315.0,0,0,0,100
17:46:29,8,4,7,11.4,0.09,0.16,0.04,18.4,230,123,176,315.0,0,0,0,100
17:46:29,8,4,7,11.4,0.09,0.16,0.04,18.4,230,123,176,315.0,0,0,0,100
17:46:29,8,4,7,11.4,0.09,0.16,0.04,18.4,230,123,176,315.0,0,0,0,100
17:46:29,8,4,7,11.4,0.09,0.16,0.04,18.2,230,123,176,315.0,0,0,0,100
17:46:29,8,4,7,11.4,0.09,0.16,0.04,18.5,230,123,176,315.0,0,0,0,100
17:46:29,4,3,6,7.8,0.07,0.1,0.06,18.5,123,58,165,214.0,1,0,0,100
17:46:30,4,3,6,7.8,0.07,0.1,0.06,18.2,123,58,165,214.0,1,0,0,100
17:46:30,4,3,6,7.8,0.07,0.1,0.06,18.2,123,58,165,214.0,1,0,0,100
17:46:30,4,3,6,7.8,0.07,0.1,0.06,18.3,123,58,165,214.0,1,0,0,100
17:46:30,4,3,6,7.8,0.07,0.1,0.06,18.1,123,58,165,214.0,1,0,0,100
17:46:30,4,3,6,7.8,0.07,0.1,0.06,18.2,123,58,165,214.0,1,0,0,100
17:46:30,4,3,6,7.8,0.07,0.1,0.06,18.4,123,58,165,214.0,1,0,0,100
17:46:30,4,3,6,7.8,0.07,0.1,0.06,18.2,123,58,165,214.0,1,0,0,100
17:46:30,4,3,6,7.8,0.07,0.1,0.06,18.4,123,58,165,214.0,1,0,0,100
17:46:30,4,3,6,7.8,0.07,0.1,0.06,18.5,123,58,165,214.0,1,0,0,100
17:46:30,5,2,4,6.7,0.03,0.12,0.06,18.3,143,46,118,191.0,0,2,1,100
17:46:31,5,2,4,6.7,0.03,0.12,0.06,18.4,143,46,118,191.0,0,2,1,100
17:46:31,5,2,4,6.7,0.03,0.12,0.06,18.3,143,46,118,191.0,0,2,1,100
17:46:31,5,2,4,6.7,0.03,0.12,0.06,18.4,143,46,118,191.0,0,2,1,100
17:46:31,5,2,4,6.7,0.03,0.12,0.06,18.3,143,46,118,191.0,0,2,1,100
17:46:31,5,2,4,6.7,0.03,0.12,0.06,18.4,143,46,118,191.0,0,2,1,100
17:46:31,5,2,4,6.7,0.03,0.12,0.06,18.5,143,46,118,191.0,0,2,1,100
17:46:31,5,2,4,6.7,0.03,0.12,0.06,18.5,143,46,118,191.0,0,2,1,100
17:46:31,5,2,4,6.7,0.03,0.12,0.06,18.5,143,46,118,191.0,0,2,1,100
17:46:31,5,2,4,6.7,0.03,0.12,0.06,18.2,143,46,118,191.0,0,2,1,100
17:46:31,4,3,7,8.6,0.06,0.11,0.08,18.4,114,99,185,239.0,4,0,0,100
17:46:32,4,3,7,8.6,0.06,0.11,0.08,18.4,114,99,185,239.0,4,0,0,100
17:46:32,4,3,7,8.6,0.06,0.11,0.08,18.4,114,99,185,239.0,4,0,0,100
17:46:32,4,3,7,8.6,0.06,0.11,0.08,18.6,114,99,185,239.0,4,0,0,100
17:46:32,4,3,7,8.6,0.06,0.11,0.08,18.4,114,99,185,239.0,4,0,0,100
17:46:32,4,3,7,8.6,0.06,0.11,0.08,18.4,114,99,185,239.0,4,0,0,100
17:46:32,4,3,7,8.6,0.06,0.11,0.08,18.4,114,99,185,239.0,4,0,0,100
17:46:32,4,3,7,8.6,0.06,0.11,0.08,18.4,114,99,185,239.0,4,0,0,100
17:46:32,4,3,7,8.6,0.06,0.11,0.08,18.6,114,99,185,239.0,4,0,0,100
17:46:32,4,3,7,8.6,0.06,0.11,0.08,18.4,114,99,185,239.0,4,0,0,100
17:46:33,8,4,5,10.2,0.08,0.14,0.03,18.2,249,135,142,317.0,0,0,1,100
17:46:33,8,4,5,10.2,0.08,0.14,0.03,18.4,249,135,142,317.0,0,0,1,100
17:46:33,8,4,5,10.2,0.08,0.14,0.03,18.2,249,135,142,317.0,0,0,1,100
17:46:33,8,4,5,10.2,0.08,0.14,0.03,18.3,249,135,142,317.0,0,0,1,100
17:46:33,8,4,5,10.2,0.08,0.14,0.03,18.5,249,135,142,317.0,0,0,1,100
17:46:33,8,4,5,10.2,0.08,0.14,0.03,18.4,249,135,142,317.0,0,0,1,100
17:46:33,8,4,5,10.2,0.08,0.14,0.03,18.2,249,135,142,317.0,0,0,1,100
17:46:33,8,4,5,10.2,0.08,0.14,0.03,18.7,249,135,142,317.0,0,0,1,100
17:46:33,8,4,5,10.2,0.08,0.14,0.03,18.4,249,135,142,317.0,0,0,1,100
17:46:33,8,4,5,10.2,0.08,0.14,0.03,18.4,249,135,142,317.0,0,0,1,100
17:46:34,9,5,7,12.4,0.06,0.15,0.04,18.2,256,146,206,360.0,0,0,0,100
17:46:34,9,5,7,12.4,0.06,0.15,0.04,18.2,256,146,206,360.0,0,0,0,100
17:46:34,9,5,7,12.4,0.06,0.15,0.04,18.4,256,146,206,360.0,0,0,0,100
17:46:34,9,5,7,12.4,0.06,0.15,0.04,18.3,256,146,206,360.0,0,0,0,100
17:46:34,9,5,7,12.4,0.06,0.15,0.04,18.4,256,146,206,360.0,0,0,0,100
17:46:34,9,5,7,12.4,0.06,0.15,0.04,18.4,256,146,206,360.0,0,0,0,100
17:46:34,9,5,7,12.4,0.06,0.15,0.04,18.5,256,146,206,360.0,0,0,0,100
17:46:34,9,5,7,12.4,0.06,0.15,0.04,18.6,256,146,206,360.0,0,0,0,100
17:46:34,9,5,7,12.4,0.06,0.15,0.04,18.3,256,146,206,360.0,0,0,0,100
17:46:34,9,5,7,12.4,0.06,0.15,0.04,18.2,256,146,206,360.0,0,0,0,100
17:46:35,5,5,8,10.7,0.03,0.15,0.09,18.4,134,152,236,311.0,1,0,0,100
17:46:35,5,5,8,10.7,0.03,0.15,0.09,18.2,134,152,236,311.0,1,0,0,100
17:46:35,5,5,8,10.7,0.03,0.15,0.09,18.5,134,152,236,311.0,1,0,0,100
17:46:35,5,5,8,10.7,0.03,0.15,0.09,18.5,134,152,236,311.0,1,0,0,100
17:46:35,5,5,8,10.7,0.03,0.15,0.09,18.5,134,152,236,311.0,1,0,0,100
17:46:35,5,5,8,10.7,0.03,0.15,0.09,18.3,134,152,236,311.0,1,0,0,100
17:46:35,5,5,8,10.7,0.03,0.15,0.09,18.4,134,152,236,311.0,1,0,0,100
17:46:35,5,5,8,10.7,0.03,0.15,0.09,18.4,134,152,236,311.0,1,0,0,100
17:46:35,5,5,8,10.7,0.03,0.15,0.09,18.3,134,152,236,311.0,1,0,0,100
17:46:35,5,5,8,10.7,0.03,0.15,0.09,18.6,134,152,236,311.0,1,0,0,100
17:46:36,7,4,5,9.5,0.09,0.18,0.07,18.4,206,118,170,292.0,0,0,1,100
17:46:36,7,4,5,9.5,0.09,0.18,0.07,18.4,206,118,170,292.0,0,0,1,100
17:46:36,7,4,5,9.5,0.09,0.18,0.07,18.4,206,118,170,292.0,0,0,1,100
17:46:36,7,4,5,9.5,0.09,0.18,0.07,18.3,206,118,170,292.0,0,0,1,100
17:46:36,7,4,5,9.5,0.09,0.18,0.07,18.3,206,118,170,292.0,0,0,1,100
17:46:36,7,4,5,9.5,0.09,0.18,0.07,18.4,206,118,170,292.0,0,0,1,100
17:46:36,7,4,5,9.5,0.09,0.18,0.07,18.3,206,118,170,292.0,0,0,1,100
17:46:36,7,4,5,9.5,0.09,0.18,0.07,18.6,206,118,170,292.0,0,0,1,100
17:46:36,7,4,5,9.5,0.09,0.18,0.07,18.2,206,118,170,292.0,0,0,1,100
17:46:36,7,4,5,9.5,0.09,0.18,0.07,18.4,206,118,170,292.0,0,0,1,100
17:46:37,6,3,7,9.7,0.07,0.16,0.05,18.4,179,83,179,266.0,0,0,0,100
17:46:37,6,3,7,9.7,0.07,0.16,0.05,18.3,179,83,179,266.0,0,0,0,100
17:46:37,6,3,7,9.7,0.07,0.16,0.05,18.3,179,83,179,266.0,0,0,0,100
17:46:37,6,3,7,9.7,0.07,0.16,0.05,18.5,179,83,179,266.0,0,0,0,100
17:46:37,6,3,7,9.7,0.07,0.16,0.05,18.4,179,83,179,266.0,0,0,0,100
17:46:37,6,3,7,9.7,0.07,0.16,0.05,18.2,179,83,179,266.0,0,0,0,100
17:46:37,6,3,7,9.7,0.07,0.16,0.05,18.3,179,83,179,266.0,0,0,0,100
17:46:37,6,3,7,9.7,0.07,0.16,0.05,18.4,179,83,179,266.0,0,0,0,100
17:46:37,6,3,7,9.7,0.07,0.16,0.05,18.4,179,83,179,266.0,0,0,0,100
17:46:37,6,3,7,9.7,0.07,0.16,0.05,18.3,179,83,179,266.0,0,0,0,100
17:46:38,6,3,5,8.4,0.06,0.12,0.09,18.4,171,41,142,226.0,2,3,0,100
17:46:38,6,3,5,8.4,0.06,0.12,0.09,18.6,171,41,142,226.0,2,3,0,100
17:46:38,6,3,5,8.4,0.06,0.12,0.09,18.4,171,41,142,226.0,2,3,0,100
17:46:38,6,3,5,8.4,0.06,0.12,0.09,18.5,171,41,142,226.0,2,3,0,100
17:46:38,6,3,5,8.4,0.06,0.12,0.09,18.4,171,41,142,226.0,2,3,0,100
17:46:38,6,3,5,8.4,0.06,0.12,0.09,18.4,171,41,142,226.0,2,3,0,100
17:46:38,6,3,5,8.4,0.06,0.12,0.09,18.3,171,41,142,226.0,2,3,0,100
17:46:38,6,3,5,8.4,0.06,0.12,0.09,18.2,171,41,142,226.0,2,3,0,100
17:46:38,6,3,5,8.4,0.06,0.12,0.09,18.4,171,41,142,226.0,2,3,0,100
17:46:38,6,3,5,8.4,0.06,0.12,0.09,18.4,171,41,142,226.0,2,3,0,100
17:46:39,7,3,6,9.7,0.04,0.15,0.07,18.4,180,82,181,268.0,0,0,0,100
17:46:39,7,3,6,9.7,0.04,0.15,0.07,18.5,180,82,181,268.0,0,0,0,100
17:46:39,7,3,6,9.7,0.04,0.15,0.07,18.5,180,82,181,268.0,0,0,0,100
17:46:39,7,3,6,9.7,0.04,0.15,0.07,18.4,180,82,181,268.0,0,0,0,100
17:46:39,7,3,6,9.7,0.04,0.15,0.07,18.3,180,82,181,268.0,0,0,0,100
17:46:39,7,3,6,9.7,0.04,0.15,0.07,18.4,180,82,181,268.0,0,0,0,100
17:46:39,7,3,6,9.7,0.04,0.15,0.07,18.6,180,82,181,268.0,0,0,0,100
17:46:39,7,3,6,9.7,0.04,0.15,0.07,18.4,180,82,181,268.0,0,0,0,100
17:46:39,7,3,6,9.7,0.04,0.15,0.07,18.4,180,82,181,268.0,0,0,0,100
17:46:39,7,3,6,9.7,0.04,0.15,0.07,18.2,180,82,181,268.0,0,0,0,100
17:46:40,5,5,7,9.9,0.07,0.18,0.06,18.4,141,120,206,277.0,2,0,0,100
17:46:40,5,5,7,9.9,0.07,0.18,0.06,18.2,141,120,206,277.0,2,0,0,100
17:46:40,5,5,7,9.9,0.07,0.18,0.06,18.3,141,120,206,277.0,2,0,0,100
17:46:40,5,5,7,9.9,0.07,0.18,0.06,18.3,141,120,206,277.0,2,0,0,100
17:46:40,5,5,7,9.9,0.07,0.18,0.06,18.4,141,120,206,277.0,2,0,0,100
17:46:40,5,5,7,9.9,0.07,0.18,0.06,18.3,141,120,206,277.0,2,0,0,100
17:46:40,5,5,7,9.9,0.07,0.18,0.06,18.4,141,120,206,277.0,2,0,0,100
17:46:40,5,5,7,9.9,0.07,0.18,0.06,18.2,141,120,206,277.0,2,0,0,100
17:46:40,5,5,7,9.9,0.07,0.18,0.06,18.3,141,120,206,277.0,2,0,0,100
17:46:40,5,5,7,9.9,0.07,0.18,0.06,18.2,141,120,206,277.0,2,0,0,100
17:46:41,8,4,4,9.8,0.07,0.14,0.03,18.4,229,130,128,293.0,0,0,2,100
17:46:41,8,4,4,9.8,0.07,0.14,0.03,18.2,229,130,128,293.0,0,0,2,100
17:46:41,8,4,4,9.8,0.07,0.14,0.03,18.4,229,130,128,293.0,0,0,2,100
17:46:41,8,4,4,9.8,0.07,0.14,0.03,18.4,229,130,128,293.0,0,0,2,100
17:46:41,8,4,4,9.8,0.07,0.14,0.03,18.4,229,130,128,293.0,0,0,2,100
17:46:41,8,4,4,9.8,0.07,0.14,0.03,18.2,229,130,128,293.0,0,0,2,100
17:46:41,8,4,4,9.8,0.07,0.14,0.03,18.3,229,130,128,293.0,0,0,2,100
17:46:41,8,4,4,9.8,0.07,0.14,0.03,18.2,229,130,128,293.0,0,0,2,100
17:46:41,8,4,4,9.8,0.07,0.14,0.03,18.4,229,130,128,293.0,0,0,2,100
17:46:41,8,4,4,9.8,0.07,0.14,0.03,18.3,229,130,128,293.0,0,0,2,100
17:46:42,8,4,7,11.4,0.06,0.15,0.04,18.3,229,139,199,334.0,0,0,0,100
17:46:42,8,4,7,11.4,0.06,0.15,0.04,18.5,229,139,199,334.0,0,0,0,100
17:46:42,8,4,7,11.4,0.06,0.15,0.04,18.4,229,139,199,334.0,0,0,0,100
17:46:42,8,4,7,11.4,0.06,0.15,0.04,18.6,229,139,199,334.0,0,0,0,100
17:46:42,8,4,7,11.4,0.06,0.15,0.04,18.3,229,139,199,334.0,0,0,0,100
17:46:42,8,4,7,11.4,0.06,0.15,0.04,18.5,229,139,199,334.0,0,0,0,100
17:46:42,8,4,7,11.4,0.06,0.15,0.04,18.4,229,139,199,334.0,0,0,0,100
17:46:42,8,4,7,11.4,0.06,0.15,0.04,18.6,229,139,199,334.0,0,0,0,100
17:46:42,8,4,7,11.4,0.06,0.15,0.04,18.4,229,139,199,334.0,0,0,0,100
17:46:42,8,4,7,11.4,0.06,0.15,0.04,18.2,229,139,199,334.0,0,0,0,100
17:46:43,4,4,7,9.0,0.03,0.16,0.08,18.5,109,134,229,287.0,3,0,0,100
17:46:43,4,4,7,9.0,0.03,0.16,0.08,18.4,109,134,229,287.0,3,0,0,100
17:46:43,4,4,7,9.0,0.03,0.16,0.08,18.4,109,134,229,287.0,3,0,0,100
17:46:43,4,4,7,9.0,0.03,0.16,0.08,18.3,109,134,229,287.0,3,0,0,100
17:46:43,4,4,7,9.0,0.03,0.16,0.08,18.2,109,134,229,287.0,3,0,0,100
17:46:43,4,4,7,9.0,0.03,0.16,0.08,18.4,109,134,229,287.0,3,0,0,100
17:46:43,4,4,7,9.0,0.03,0.16,0.08,18.4,109,134,229,287.0,3,0,0,100
17:46:43,4,4,7,9.0,0.03,0.16,0.08,18.4,109,134,229,287.0,3,0,0,100
17:46:43,4,4,7,9.0,0.03,0.16,0.08,18.3,109,134,229,287.0,3,0,0,100
17:46:43,4,4,7,9.0,0.03,0.16,0.08,18.5,109,134,229,287.0,3,0,0,100
17:46:44,7,4,4,9.0,0.07,0.14,0.1,18.3,185,109,124,248.0,0,0,0,100
17:46:44,7,4,4,9.0,0.07,0.14,0.1,18.2,185,109,124,248.0,0,0,0,100
17:46:44,7,4,4,9.0,0.07,0.14,0.1,18.3,185,109,124,248.0,0,0,0,100
17:46:44,7,4,4,9.0,0.07,0.14,0.1,18.5,185,109,124,248.0,0,0,0,100
17:46:44,7,4,4,9.0,0.07,0.14,0.1,18.4,185,109,124,248.0,0,0,0,100
17:46:44,7,4,4,9.0,0.07,0.14,0.1,18.4,185,109,124,248.0,0,0,0,100
17:46:44,7,4,4,9.0,0.07,0.14,0.1,18.4,185,109,124,248.0,0,0,0,100
17:46:44,7,4,4,9.0,0.07,0.14,0.1,18.1,185,109,124,248.0,0,0,0,100
17:46:44,7,4,4,9.0,0.07,0.14,0.1,18.4,185,109,124,248.0,0,0,0,100
17:46:44,7,4,4,9.0,0.07,0.14,0.1,18.5,185,109,124,248.0,0,0,0,100
17:46:45,4,3,5,7.1,0.04,0.1,0.04,18.4,142,61,135,205.0,0,2,0,100
17:46:45,4,3,5,7.1,0.04,0.1,0.04,18.5,142,61,135,205.0,0,2,0,100
17:46:45,4,3,5,7.1,0.04,0.1,0.04,18.3,142,61,135,205.0,0,2,0,100
17:46:45,4,3,5,7.1,0.04,0.1,0.04,18.5,142,61,135,205.0,0,2,0,100
17:46:45,4,3,5,7.1,0.04,0.1,0.04,18.4,142,61,135,205.0,0,2,0,100
17:46:45,4,3,5,7.1,0.04,0.1,0.04,18.2,142,61,135,205.0,0,2,0,100
17:46:45,4,3,5,7.1,0.04,0.1,0.04,18.2,142,61,135,205.0,0,2,0,100
17:46:45,4,3,5,7.1,0.04,0.1,0.04,18.2,142,61,135,205.0,0,2,0,100
17:46:45,4,3,5,7.1,0.04,0.1,0.04,18.5,142,61,135,205.0,0,2,0,100
17:46:45,4,3,5,7.1,0.04,0.1,0.04,18.4,142,61,135,205.0,0,2,0,100
17:46:46,7,2,5,8.8,0.08,0.26,0.07,18.5,156,59,127,210.0,0,0,2,100
17:46:46,7,2,5,8.8,0.08,0.26,0.07,18.2,156,59,127,210.0,0,0,2,100
17:46:46,7,2,5,8.8,0.08,0.26,0.07,18.5,156,59,127,210.0,0,0,2,100
17:46:46,7,2,5,8.8,0.08,0.26,0.07,18.6,156,59,127,210.0,0,0,2,100
17:46:46,7,2,5,8.8,0.08,0.26,0.07,18.2,156,59,127,210.0,0,0,2,100
17:46:46,7,2,5,8.8,0.08,0.26,0.07,18.6,156,59,127,210.0,0,0,2,100
17:46:46,7,2,5,8.8,0.08,0.26,0.07,18.5,156,59,127,210.0,0,0,2,100
17:46:46,7,2,5,8.8,0.08,0.26,0.07,18.4,156,59,127,210.0,0,0,2,100
17:46:46,7,2,5,8.8,0.08,0.26,0.07,18.5,156,59,127,210.0,0,0,2,100
17:46:46,7,2,5,8.8,0.08,0.26,0.07,18.6,156,59,127,210.0,0,0,2,100
17:46:47,7,4,8,11.4,0.04,0.24,0.08,18.4,170,114,237,313.0,0,0,0,100
17:46:47,7,4,8,11.4,0.04,0.24,0.08,18.4,170,114,237,313.0,0,0,0,100
17:46:47,7,4,8,11.4,0.04,0.24,0.08,18.4,170,114,237,313.0,0,0,0,100
17:46:47,7,4,8,11.4,0.04,0.24,0.08,18.4,170,114,237,313.0,0,0,0,100
17:46:47,7,4,8,11.4,0.04,0.24,0.08,18.2,170,114,237,313.0,0,0,0,100
17:46:47,7,4,8,11.4,0.04,0.24,0.08,18.3,170,114,237,313.0,0,0,0,100
17:46:47,7,4,8,11.4,0.04,0.24,0.08,18.4,170,114,237,313.0,0,0,0,100
17:46:47,7,4,8,11.4,0.04,0.24,0.08,18.3,170,114,237,313.0,0,0,0,100
17:46:47,7,4,8,11.4,0.04,0.24,0.08,18.4,170,114,237,313.0,0,0,0,100
17:46:47,7,4,8,11.4,0.04,0.24,0.08,18.4,170,114,237,313.0,0,0,0,100
17:46:48,7,4,7,10.7,0.06,0.13,0.05,18.5,217,143,238,352.0,1,0,0,100
17:46:48,7,4,7,10.7,0.06,0.13,0.05,18.3,217,143,238,352.0,1,0,0,100
17:46:48,7,4,7,10.7,0.06,0.13,0.05,18.2,217,143,238,352.0,1,0,0,100
17:46:48,7,4,7,10.7,0.06,0.13,0.05,18.4,217,143,238,352.0,1,0,0,100
17:46:48,7,4,7,10.7,0.06,0.13,0.05,18.4,217,143,238,352.0,1,0,0,100
17:46:48,7,4,7,10.7,0.06,0.13,0.05,18.2,217,143,238,352.0,1,0,0,100
17:46:48,7,4,7,10.7,0.06,0.13,0.05,18.3,217,143,238,352.0,1,0,0,100
17:46:48,7,4,7,10.7,0.06,0.13,0.05,18.4,217,143,238,352.0,1,0,0,100
17:46:48,7,4,7,10.7,0.06,0.13,0.05,18.4,217,143,238,352.0,1,0,0,100
17:46:48,7,4,7,10.7,0.06,0.13,0.05,18.3,217,143,238,352.0,1,0,0,100
17:46:49,9,5,4,11.0,0.08,0.11,0.04,18.4,265,149,147,338.0,0,0,0,100
17:46:49,9,5,4,11.0,0.08,0.11,0.04,18.2,265,149,147,338.0,0,0,0,100
17:46:49,9,5,4,11.0,0.08,0.11,0.04,18.4,265,149,147,338.0,0,0,0,100
17:46:49,9,5,4,11.0,0.08,0.11,0.04,18.6,265,149,147,338.0,0,0,0,100
17:46:49,9,5,4,11.0,0.08,0.11,0.04,18.5,265,149,147,338.0,0,0,0,100
17:46:49,9,5,4,11.0,0.08,0.11,0.04,18.4,265,149,147,338.0,0,0,0,100
17:46:49,9,5,4,11.0,0.08,0.11,0.04,18.4,265,149,147,338.0,0,0,0,100
17:46:49,9,5,4,11.0,0.08,0.11,0.04,18.4,265,149,147,338.0,0,0,0,100
17:46:49,9,5,4,11.0,0.08,0.11,0.04,18.2,265,149,147,338.0,0,0,0,100
17:46:49,9,5,4,11.0,0.08,0.11,0.04,18.4,265,149,147,338.0,0,0,0,100
17:46:50,7,5,8,11.7,0.07,0.17,0.07,18.5,194,138,217,322.0,0,0,0,100
17:46:50,7,5,8,11.7,0.07,0.17,0.07,18.4,194,138,217,322.0,0,0,0,100
17:46:50,7,5,8,11.7,0.07,0.17,0.07,18.3,194,138,217,322.0,0,0,0,100
17:46:50,7,5,8,11.7,0.07,0.17,0.07,18.5,194,138,217,322.0,0,0,0,100
17:46:50,7,5,8,11.7,0.07,0.17,0.07,18.4,194,138,217,322.0,0,0,0,100
17:46:50,7,5,8,11.7,0.07,0.17,0.07,18.5,194,138,217,322.0,0,0,0,100
17:46:50,7,5,8,11.7,0.07,0.17,0.07,18.3,194,138,217,322.0,0,0,0,100
17:46:50,7,5,8,11.7,0.07,0.17,0.07,18.2,194,138,217,322.0,0,0,0,100
17:46:50,7,5,8,11.7,0.07,0.17,0.07,18.2,194,138,217,322.0,0,0,0,100
17:46:51,7,5,8,11.7,0.07,0.17,0.07,18.4,194,138,217,322.0,0,0,0,100
17:46:51,5,4,9,11.0,0.03,0.16,0.12,18.4,152,116,194,272.0,1,0,0,100
17:46:51,5,4,9,11.0,0.03,0.16,0.12,18.4,152,116,194,272.0,1,0,0,100
17:46:51,5,4,9,11.0,0.03,0.16,0.12,18.4,152,116,194,272.0,1,0,0,100
17:46:51,5,4,9,11.0,0.03,0.16,0.12,18.5,152,116,194,272.0,1,0,0,100
17:46:51,5,4,9,11.0,0.03,0.16,0.12,18.4,152,116,194,272.0,1,0,0,100
17:46:51,5,4,9,11.0,0.03,0.16,0.12,18.4,152,116,194,272.0,1,0,0,100
17:46:51,5,4,9,11.0,0.03,0.16,0.12,18.4,152,116,194,272.0,1,0,0,100
17:46:51,5,4,9,11.0,0.03,0.16,0.12,18.4,152,116,194,272.0,1,0,0,100
17:46:51,5,4,9,11.0,0.03,0.16,0.12,18.3,152,116,194,272.0,1,0,0,100
17:46:51,5,4,9,11.0,0.03,0.16,0.12,18.3,152,116,194,272.0,1,0,0,100
17:46:52,7,3,3,8.2,0.12,0.19,0.08,18.7,180,63,83,208.0,0,0,3,100
17:46:52,7,3,3,8.2,0.12,0.19,0.08,18.4,180,63,83,208.0,0,0,3,100
17:46:52,7,3,3,8.2,0.12,0.19,0.08,18.4,180,63,83,208.0,0,0,3,100
17:46:52,7,3,3,8.2,0.12,0.19,0.08,18.4,180,63,83,208.0,0,0,3,100
17:46:52,7,3,3,8.2,0.12,0.19,0.08,18.5,180,63,83,208.0,0,0,3,100
17:46:52,7,3,3,8.2,0.12,0.19,0.08,18.4,180,63,83,208.0,0,0,3,100
17:46:52,7,3,3,8.2,0.12,0.19,0.08,18.3,180,63,83,208.0,0,0,3,100
17:46:52,7,3,3,8.2,0.12,0.19,0.08,18.4,180,63,83,208.0,0,0,3,100
17:46:52,7,3,3,8.2,0.12,0.19,0.08,18.5,180,63,83,208.0,0,0,3,100
17:46:53,7,3,3,8.2,0.12,0.19,0.08,18.2,180,63,83,208.0,0,0,3,100
17:46:53,5,2,6,8.1,0.12,0.31,0.05,18.2,127,63,178,228.0,2,2,0,100
17:46:53,5,2,6,8.1,0.12,0.31,0.05,18.3,127,63,178,228.0,2,2,0,100
17:46:53,5,2,6,8.1,0.12,0.31,0.05,18.2,127,63,178,228.0,2,2,0,100
17:46:53,5,2,6,8.1,0.12,0.31,0.05,18.4,127,63,178,228.0,2,2,0,100
17:46:53,5,2,6,8.1,0.12,0.31,0.05,18.2,127,63,178,228.0,2,2,0,100
17:46:53,5,2,6,8.1,0.12,0.31,0.05,18.4,127,63,178,228.0,2,2,0,100
17:46:53,5,2,6,8.1,0.12,0.31,0.05,18.4,127,63,178,228.0,2,2,0,100
17:46:53,5,2,6,8.1,0.12,0.31,0.05,18.5,127,63,178,228.0,2,2,0,100
17:46:53,5,2,6,8.1,0.12,0.31,0.05,18.4,127,63,178,228.0,2,2,0,100
17:46:54,5,2,6,8.1,0.12,0.31,0.05,18.4,127,63,178,228.0,2,2,0,100
17:46:54,7,3,4,8.6,0.06,0.14,0.07,18.3,203,106,114,256.0,0,0,1,100
17:46:54,7,3,4,8.6,0.06,0.14,0.07,18.4,203,106,114,256.0,0,0,1,100
17:46:54,7,3,4,8.6,0.06,0.14,0.07,18.3,203,106,114,256.0,0,0,1,100
17:46:54,7,3,4,8.6,0.06,0.14,0.07,18.6,203,106,114,256.0,0,0,1,100
17:46:54,7,3,4,8.6,0.06,0.14,0.07,18.4,203,106,114,256.0,0,0,1,100
17:46:54,7,3,4,8.6,0.06,0.14,0.07,18.4,203,106,114,256.0,0,0,1,100
17:46:54,7,3,4,8.6,0.06,0.14,0.07,18.4,203,106,114,256.0,0,0,1,100
17:46:54,7,3,4,8.6,0.06,0.14,0.07,18.3,203,106,114,256.0,0,0,1,100
17:46:54,7,3,4,8.6,0.06,0.14,0.07,18.4,203,106,114,256.0,0,0,1,100
17:46:55,7,3,4,8.6,0.06,0.14,0.07,18.4,203,106,114,256.0,0,0,1,100
17:46:55,9,8,9,15.0,0.04,0.13,0.07,18.5,201,156,236,347.0,0,0,0,100
17:46:55,9,8,9,15.0,0.04,0.13,0.07,18.4,201,156,236,347.0,0,0,0,100
17:46:55,9,8,9,15.0,0.04,0.13,0.07,18.2,201,156,236,347.0,0,0,0,100
17:46:55,9,8,9,15.0,0.04,0.13,0.07,18.3,201,156,236,347.0,0,0,0,100
17:46:55,9,8,9,15.0,0.04,0.13,0.07,18.5,201,156,236,347.0,0,0,0,100
17:46:55,9,8,9,15.0,0.04,0.13,0.07,18.2,201,156,236,347.0,0,0,0,100
17:46:55,9,8,9,15.0,0.04,0.13,0.07,18.5,201,156,236,347.0,0,0,0,100
17:46:55,9,8,9,15.0,0.04,0.13,0.07,18.6,201,156,236,347.0,0,0,0,100
17:46:55,9,8,9,15.0,0.04,0.13,0.07,18.6,201,156,236,347.0,0,0,0,100
17:46:56,9,8,9,15.0,0.04,0.13,0.07,18.4,201,156,236,347.0,0,0,0,100
17:46:56,8,5,8,12.4,0.04,0.09,0.03,18.2,199,130,236,335.0,1,0,0,100
17:46:56,8,5,8,12.4,0.04,0.09,0.03,18.4,199,130,236,335.0,1,0,0,100
17:46:56,8,5,8,12.4,0.04,0.09,0.03,18.5,199,130,236,335.0,1,0,0,100
17:46:56,8,5,8,12.4,0.04,0.09,0.03,18.5,199,130,236,335.0,1,0,0,100
17:46:56,8,5,8,12.4,0.04,0.09,0.03,18.5,199,130,236,335.0,1,0,0,100
17:46:56,8,5,8,12.4,0.04,0.09,0.03,18.3,199,130,236,335.0,1,0,0,100
17:46:56,8,5,8,12.4,0.04,0.09,0.03,18.3,199,130,236,335.0,1,0,0,100
17:46:56,8,5,8,12.4,0.04,0.09,0.03,18.3,199,130,236,335.0,1,0,0,100
17:46:56,8,5,8,12.4,0.04,0.09,0.03,18.8,199,130,236,335.0,1,0,0,100
17:46:57,8,5,8,12.4,0.04,0.09,0.03,18.4,199,130,236,335.0,1,0,0,100
17:46:57,9,4,4,10.6,0.05,0.18,0.03,18.4,243,125,116,297.0,0,0,2,100
17:46:57,9,4,4,10.6,0.05,0.18,0.03,18.4,243,125,116,297.0,0,0,2,100
17:46:57,9,4,4,10.6,0.05,0.18,0.03,18.4,243,125,116,297.0,0,0,2,100
17:46:57,9,4,4,10.6,0.05,0.18,0.03,18.4,243,125,116,297.0,0,0,2,100
17:46:57,9,4,4,10.6,0.05,0.18,0.03,18.2,243,125,116,297.0,0,0,2,100
17:46:57,9,4,4,10.6,0.05,0.18,0.03,18.4,243,125,116,297.0,0,0,2,100
17:46:57,9,4,4,10.6,0.05,0.18,0.03,18.4,243,125,116,297.0,0,0,2,100
17:46:57,9,4,4,10.6,0.05,0.18,0.03,18.3,243,125,116,297.0,0,0,2,100
17:46:57,9,4,4,10.6,0.05,0.18,0.03,18.4,243,125,116,297.0,0,0,2,100
17:46:58,9,4,4,10.6,0.05,0.18,0.03,18.4,243,125,116,297.0,0,0,2,100
17:46:58,6,4,7,10.0,0.08,0.13,0.08,18.6,182,108,205,295.0,1,0,0,100
17:46:58,6,4,7,10.0,0.08,0.13,0.08,18.5,182,108,205,295.0,1,0,0,100
17:46:58,6,4,7,10.0,0.08,0.13,0.08,18.5,182,108,205,295.0,1,0,0,100
17:46:58,6,4,7,10.0,0.08,0.13,0.08,18.4,182,108,205,295.0,1,0,0,100
17:46:58,6,4,7,10.0,0.08,0.13,0.08,18.4,182,108,205,295.0,1,0,0,100
17:46:58,6,4,7,10.0,0.08,0.13,0.08,18.4,182,108,205,295.0,1,0,0,100
17:46:58,6,4,7,10.0,0.08,0.13,0.08,18.3,182,108,205,295.0,1,0,0,100
17:46:58,6,4,7,10.0,0.08,0.13,0.08,18.6,182,108,205,295.0,1,0,0,100
17:46:58,6,4,7,10.0,0.08,0.13,0.08,18.3,182,108,205,295.0,1,0,0,100
17:46:59,6,4,7,10.0,0.08,0.13,0.08,18.3,182,108,205,295.0,1,0,0,100
17:46:59,5,2,6,8.1,0.05,0.15,0.1,18.5,147,84,177,245.0,2,0,0,100
17:46:59,5,2,6,8.1,0.05,0.15,0.1,18.4,147,84,177,245.0,2,0,0,100
17:46:59,5,2,6,8.1,0.05,0.15,0.1,18.5,147,84,177,245.0,2,0,0,100
17:46:59,5,2,6,8.1,0.05,0.15,0.1,18.2,147,84,177,245.0,2,0,0,100
17:46:59,5,2,6,8.1,0.05,0.15,0.1,18.4,147,84,177,245.0,2,0,0,100
17:46:59,5,2,6,8.1,0.05,0.15,0.1,18.2,147,84,177,245.0,2,0,0,100
17:46:59,5,2,6,8.1,0.05,0.15,0.1,18.2,147,84,177,245.0,2,0,0,100
17:46:59,5,2,6,8.1,0.05,0.15,0.1,18.2,147,84,177,245.0,2,0,0,100
17:46:59,5,2,6,8.1,0.05,0.15,0.1,18.5,147,84,177,245.0,2,0,0,100
17:47:00,5,2,6,8.1,0.05,0.15,0.1,18.4,147,84,177,245.0,2,0,0,100
17:47:00,5,2,5,7.3,0.03,0.09,0.05,18.4,152,33,128,201.0,0,2,0,100
17:47:00,5,2,5,7.3,0.03,0.09,0.05,18.3,152,33,128,201.0,0,2,0,100
17:47:00,5,2,5,7.3,0.03,0.09,0.05,18.4,152,33,128,201.0,0,2,0,100
17:47:00,5,2,5,7.3,0.03,0.09,0.05,18.4,152,33,128,201.0,0,2,0,100
17:47:00,5,2,5,7.3,0.03,0.09,0.05,18.4,152,33,128,201.0,0,2,0,100
17:47:00,5,2,5,7.3,0.03,0.09,0.05,18.3,152,33,128,201.0,0,2,0,100
17:47:00,5,2,5,7.3,0.03,0.09,0.05,18.5,152,33,128,201.0,0,2,0,100
17:47:00,5,2,5,7.3,0.03,0.09,0.05,18.4,152,33,128,201.0,0,2,0,100
17:47:00,5,2,5,7.3,0.03,0.09,0.05,18.4,152,33,128,201.0,0,2,0,100
17:47:01,5,2,5,7.3,0.03,0.09,0.05,18.4,152,33,128,201.0,0,2,0,100
17:47:01,5,2,5,7.3,0.09,0.14,0.03,18.4,157,77,153,232.0,1,0,0,100
17:47:01,5,2,5,7.3,0.09,0.14,0.03,18.4,157,77,153,232.0,1,0,0,100
17:47:01,5,2,5,7.3,0.09,0.14,0.03,18.2,157,77,153,232.0,1,0,0,100
17:47:01,5,2,5,7.3,0.09,0.14,0.03,18.4,157,77,153,232.0,1,0,0,100
17:47:01,5,2,5,7.3,0.09,0.14,0.03,18.2,157,77,153,232.0,1,0,0,100
17:47:01,5,2,5,7.3,0.09,0.14,0.03,18.4,157,77,153,232.0,1,0,0,100
17:47:01,5,2,5,7.3,0.09,0.14,0.03,18.2,157,77,153,232.0,1,0,0,100
17:47:01,5,2,5,7.3,0.09,0.14,0.03,18.4,157,77,153,232.0,1,0,0,100
17:47:01,5,2,5,7.3,0.09,0.14,0.03,18.4,157,77,153,232.0,1,0,0,100
17:47:02,5,2,5,7.3,0.09,0.14,0.03,18.2,157,77,153,232.0,1,0,0,100
17:47:02,8,4,5,10.2,0.07,0.16,0.05,18.4,205,122,138,276.0,0,0,4,100
17:47:02,8,4,5,10.2,0.07,0.16,0.05,18.4,205,122,138,276.0,0,0,4,100
17:47:02,8,4,5,10.2,0.07,0.16,0.05,18.2,205,122,138,276.0,0,0,4,100
17:47:02,8,4,5,10.2,0.07,0.16,0.05,18.4,205,122,138,276.0,0,0,4,100
17:47:02,8,4,5,10.2,0.07,0.16,0.05,18.3,205,122,138,276.0,0,0,4,100
17:47:02,8,4,5,10.2,0.07,0.16,0.05,18.2,205,122,138,276.0,0,0,4,100
17:47:02,8,4,5,10.2,0.07,0.16,0.05,18.5,205,122,138,276.0,0,0,4,100
17:47:02,8,4,5,10.2,0.07,0.16,0.05,18.5,205,122,138,276.0,0,0,4,100
17:47:03,8,4,5,10.2,0.07,0.16,0.05,18.4,205,122,138,276.0,0,0,4,100
17:47:03,8,4,5,10.2,0.07,0.16,0.05,18.4,205,122,138,276.0,0,0,4,100
17:47:03,8,4,5,10.2,0.07,0.16,0.05,18.3,205,122,138,276.0,4,0,0,100
17:47:03,5,5,10,12.2,0.04,0.14,0.09,18.4,144,146,266,336.0,4,0,0,100
17:47:03,5,5,10,12.2,0.04,0.14,0.09,18.4,144,146,266,336.0,4,0,0,100
17:47:03,5,5,10,12.2,0.04,0.14,0.09,18.4,144,146,266,336.0,4,0,0,100
17:47:03,5,5,10,12.2,0.04,0.14,0.09,18.2,144,146,266,336.0,4,0,0,100
17:47:03,5,5,10,12.2,0.04,0.14,0.09,18.5,144,146,266,336.0,4,0,0,100
17:47:03,5,5,10,12.2,0.04,0.14,0.09,18.4,144,146,266,336.0,4,0,0,100
17:47:03,5,5,10,12.2,0.04,0.14,0.09,18.4,144,146,266,336.0,4,0,0,100
17:47:04,5,5,10,12.2,0.04,0.14,0.09,18.5,144,146,266,336.0,4,0,0,100
17:47:04,5,5,10,12.2,0.04,0.14,0.09,18.3,144,146,266,336.0,4,0,0,100
17:47:04,5,5,10,12.2,0.04,0.14,0.09,18.5,144,146,266,336.0,0,0,0,100
17:47:04,7,4,8,11.4,0.05,0.09,0.05,18.3,201,134,230,334.0,0,0,0,100
17:47:04,7,4,8,11.4,0.05,0.09,0.05,18.4,201,134,230,334.0,0,0,0,100
17:47:04,7,4,8,11.4,0.05,0.09,0.05,18.3,201,134,230,334.0,0,0,0,100
17:47:04,7,4,8,11.4,0.05,0.09,0.05,18.4,201,134,230,334.0,0,0,0,100
17:47:04,7,4,8,11.4,0.05,0.09,0.05,18.4,201,134,230,334.0,0,0,0,100
17:47:04,7,4,8,11.4,0.05,0.09,0.05,18.5,201,134,230,334.0,0,0,0,100
17:47:04,7,4,8,11.4,0.05,0.09,0.05,18.3,201,134,230,334.0,0,0,0,100
17:47:05,7,4,8,11.4,0.05,0.09,0.05,18.3,201,134,230,334.0,0,0,0,100
17:47:05,7,4,8,11.4,0.05,0.09,0.05,18.2,201,134,230,334.0,0,0,0,100
17:47:05,7,4,8,11.4,0.05,0.09,0.05,18.4,201,134,230,334.0,0,0,0,100
17:47:05,9,4,4,10.6,0.07,0.14,0.04,18.5,254,138,127,316.0,0,0,0,100
17:47:05,9,4,4,10.6,0.07,0.14,0.04,18.4,254,138,127,316.0,0,0,0,100
17:47:05,9,4,4,10.6,0.07,0.14,0.04,18.5,254,138,127,316.0,0,0,0,100
17:47:05,9,4,4,10.6,0.07,0.14,0.04,18.2,254,138,127,316.0,0,0,0,100
17:47:05,9,4,4,10.6,0.07,0.14,0.04,18.4,254,138,127,316.0,0,0,0,100
17:47:05,9,4,4,10.6,0.07,0.14,0.04,18.4,254,138,127,316.0,0,0,0,100
17:47:05,9,4,4,10.6,0.07,0.14,0.04,18.4,254,138,127,316.0,0,0,0,100
17:47:06,9,4,4,10.6,0.07,0.14,0.04,18.5,254,138,127,316.0,0,0,0,100
17:47:06,9,4,4,10.6,0.07,0.14,0.04,18.4,254,138,127,316.0,0,0,0,100
17:47:06,9,4,4,10.6,0.07,0.14,0.04,18.6,254,138,127,316.0,2,0,0,100
17:47:06,6,4,7,10.0,0.11,0.17,0.06,18.2,161,123,191,278.0,2,0,0,100
17:47:06,6,4,7,10.0,0.11,0.17,0.06,18.4,161,123,191,278.0,2,0,0,100
17:47:06,6,4,7,10.0,0.11,0.17,0.06,18.3,161,123,191,278.0,2,0,0,100
17:47:06,6,4,7,10.0,0.11,0.17,0.06,18.3,161,123,191,278.0,2,0,0,100
17:47:06,6,4,7,10.0,0.11,0.17,0.06,18.4,161,123,191,278.0,2,0,0,100
17:47:06,6,4,7,10.0,0.11,0.17,0.06,18.4,161,123,191,278.0,2,0,0,100
17:47:06,6,4,7,10.0,0.11,0.17,0.06,18.4,161,123,191,278.0,2,0,0,100
17:47:07,6,4,7,10.0,0.11,0.17,0.06,18.4,161,123,191,278.0,2,0,0,100
17:47:07,6,4,7,10.0,0.11,0.17,0.06,18.5,161,123,191,278.0,2,0,0,100
17:47:07,6,4,7,10.0,0.11,0.17,0.06,18.4,161,123,191,278.0,0,3,1,100
17:47:07,5,2,5,7.3,0.05,0.15,0.08,18.4,149,62,150,220.0,0,3,1,100
17:47:07,5,2,5,7.3,0.05,0.15,0.08,18.3,149,62,150,220.0,0,3,1,100
17:47:07,5,2,5,7.3,0.05,0.15,0.08,18.2,149,62,150,220.0,0,3,1,100
17:47:07,5,2,5,7.3,0.05,0.15,0.08,18.5,149,62,150,220.0,0,3,1,100
17:47:07,5,2,5,7.3,0.05,0.15,0.08,18.6,149,62,150,220.0,0,3,1,100
17:47:07,5,2,5,7.3,0.05,0.15,0.08,18.2,149,62,150,220.0,0,3,1,100
17:47:07,5,2,5,7.3,0.05,0.15,0.08,18.3,149,62,150,220.0,0,3,1,100
17:47:08,5,2,5,7.3,0.05,0.15,0.08,18.4,149,62,150,220.0,0,3,1,100
17:47:08,5,2,5,7.3,0.05,0.15,0.08,18.6,149,62,150,220.0,0,3,1,100
17:47:08,5,2,5,7.3,0.05,0.15,0.08,18.4,149,62,150,220.0,1,1,0,100
17:47:08,5,3,6,8.4,0.05,0.19,0.04,18.6,125,70,166,219.0,1,1,0,100
17:47:08,5,3,6,8.4,0.05,0.19,0.04,18.6,125,70,166,219.0,1,1,0,100
17:47:08,5,3,6,8.4,0.05,0.19,0.04,18.4,125,70,166,219.0,1,1,0,100
17:47:08,5,3,6,8.4,0.05,0.19,0.04,18.5,125,70,166,219.0,1,1,0,100
17:47:08,5,3,6,8.4,0.05,0.19,0.04,18.5,125,70,166,219.0,1,1,0,100
17:47:08,5,3,6,8.4,0.05,0.19,0.04,18.2,125,70,166,219.0,1,1,0,100
17:47:08,5,3,6,8.4,0.05,0.19,0.04,18.7,125,70,166,219.0,1,1,0,100
17:47:09,5,3,6,8.4,0.05,0.19,0.04,18.4,125,70,166,219.0,1,1,0,100
17:47:09,5,3,6,8.4,0.05,0.19,0.04,18.5,125,70,166,219.0,1,1,0,100
17:47:09,5,3,6,8.4,0.05,0.19,0.04,18.3,125,70,166,219.0,1,0,0,100
17:47:09,9,6,7,12.9,0.1,0.25,0.05,18.4,264,144,173,347.0,1,0,0,100
17:47:09,9,6,7,12.9,0.1,0.25,0.05,18.4,264,144,173,347.0,1,0,0,100
17:47:09,9,6,7,12.9,0.1,0.25,0.05,18.4,264,144,173,347.0,1,0,0,100
17:47:09,9,6,7,12.9,0.1,0.25,0.05,18.4,264,144,173,347.0,1,0,0,100
17:47:09,9,6,7,12.9,0.1,0.25,0.05,18.4,264,144,173,347.0,1,0,0,100
17:47:09,9,6,7,12.9,0.1,0.25,0.05,18.4,264,144,173,347.0,1,0,0,100
17:47:09,9,6,7,12.9,0.1,0.25,0.05,18.2,264,144,173,347.0,1,0,0,100
17:47:10,9,6,7,12.9,0.1,0.25,0.05,18.4,264,144,173,347.0,1,0,0,100
17:47:10,9,6,7,12.9,0.1,0.25,0.05,18.5,264,144,173,347.0,1,0,0,100
17:47:10,9,6,7,12.9,0.1,0.25,0.05,18.2,264,144,173,347.0,0,0,0,100
17:47:10,9,7,8,13.9,0.07,0.18,0.05,18.4,250,142,181,340.0,0,0,0,100
17:47:10,9,7,8,13.9,0.07,0.18,0.05,18.3,250,142,181,340.0,0,0,0,100
17:47:10,9,7,8,13.9,0.07,0.18,0.05,18.5,250,142,181,340.0,0,0,0,100
17:47:10,9,7,8,13.9,0.07,0.18,0.05,18.5,250,142,181,340.0,0,0,0,100
17:47:10,9,7,8,13.9,0.07,0.18,0.05,18.4,250,142,181,340.0,0,0,0,100
17:47:10,9,7,8,13.9,0.07,0.18,0.05,18.4,250,142,181,340.0,0,0,0,100
17:47:10,9,7,8,13.9,0.07,0.18,0.05,18.2,250,142,181,340.0,0,0,0,100
17:47:11,9,7,8,13.9,0.07,0.18,0.05,18.4,250,142,181,340.0,0,0,0,100
17:47:11,9,7,8,13.9,0.07,0.18,0.05,18.4,250,142,181,340.0,0,0,0,100
17:47:11,9,7,8,13.9,0.07,0.18,0.05,18.4,250,142,181,340.0,0,0,0,100
17:47:11,8,7,13,16.8,0.02,0.21,0.04,18.3,147,140,243,317.0,0,0,0,100
17:47:11,8,7,13,16.8,0.02,0.21,0.04,18.6,147,140,243,317.0,0,0,0,100
17:47:11,8,7,13,16.8,0.02,0.21,0.04,18.4,147,140,243,317.0,0,0,0,100
