Timestamp,VelX,VelY,VelZ,VelRMS,AngleX,AngleY,AngleZ,Temp,DispX,DispY,DispZ,DispRMS,FreqX,FreqY,FreqZ,Battery
18:12:18,5,3,7,9.1,0.04,0.11,0.07,18.2,148,64,177,239.0,1,0,0,100
18:12:18,5,3,7,9.1,0.04,0.11,0.07,18.4,148,64,177,239.0,1,0,0,100
18:12:18,5,3,7,9.1,0.04,0.11,0.07,18.2,148,64,177,239.0,1,0,0,100
18:12:18,5,3,7,9.1,0.04,0.11,0.07,18.4,148,64,177,239.0,1,0,0,100
18:12:18,5,3,7,9.1,0.04,0.11,0.07,18.4,148,64,177,239.0,0,4,2,100
18:12:18,5,3,7,9.1,0.04,0.11,0.07,18.2,148,64,177,239.0,0,4,2,100
18:12:18,5,3,7,9.1,0.04,0.11,0.07,18.1,148,64,177,239.0,0,4,2,100
18:12:19,5,3,7,9.1,0.04,0.11,0.07,18.3,148,64,177,239.0,0,4,2,100
18:12:19,5,3,7,9.1,0.04,0.11,0.07,18.3,148,64,177,239.0,0,4,2,100
18:12:19,5,3,7,9.1,0.04,0.11,0.07,18.4,148,64,177,239.0,0,4,2,100
18:12:19,6,1,5,7.9,0.03,0.12,0.06,18.2,160,52,135,216.0,0,4,2,100
18:12:19,6,1,5,7.9,0.03,0.12,0.06,18.2,160,52,135,216.0,0,4,2,100
18:12:19,6,1,5,7.9,0.03,0.12,0.06,18.5,160,52,135,216.0,0,4,2,100
18:12:19,6,1,5,7.9,0.03,0.12,0.06,18.1,160,52,135,216.0,0,4,2,100
18:12:19,6,1,5,7.9,0.03,0.12,0.06,18.2,160,52,135,216.0,2,0,0,100
18:12:19,6,1,5,7.9,0.03,0.12,0.06,18.4,160,52,135,216.0,2,0,0,100
18:12:19,6,1,5,7.9,0.03,0.12,0.06,18.4,160,52,135,216.0,2,0,0,100
18:12:20,6,1,5,7.9,0.03,0.12,0.06,18.2,160,52,135,216.0,2,0,0,100
18:12:20,6,1,5,7.9,0.03,0.12,0.06,18.2,160,52,135,216.0,2,0,0,100
18:12:20,6,1,5,7.9,0.03,0.12,0.06,18.3,160,52,135,216.0,2,0,0,100
18:12:20,6,5,7,10.5,0.08,0.25,0.04,18.4,186,126,198,299.0,2,0,0,100
18:12:20,6,5,7,10.5,0.08,0.25,0.04,18.2,186,126,198,299.0,2,0,0,100
18:12:20,6,5,7,10.5,0.08,0.25,0.04,18.2,186,126,198,299.0,2,0,0,100
18:12:20,6,5,7,10.5,0.08,0.25,0.04,18.2,186,126,198,299.0,2,0,0,100
18:12:20,6,5,7,10.5,0.08,0.25,0.04,18.0,186,126,198,299.0,1,0,0,100
18:12:20,6,5,7,10.5,0.08,0.25,0.04,18.2,186,126,198,299.0,1,0,0,100
18:12:20,6,5,7,10.5,0.08,0.25,0.04,18.1,186,126,198,299.0,1,0,0,100
18:12:21,6,5,7,10.5,0.08,0.25,0.04,18.3,186,126,198,299.0,1,0,0,100
18:12:21,6,5,7,10.5,0.08,0.25,0.04,18.0,186,126,198,299.0,1,0,0,100
18:12:21,6,5,7,10.5,0.08,0.25,0.04,18.1,186,126,198,299.0,1,0,0,100
18:12:21,9,5,5,11.4,0.04,0.19,0.03,18.2,254,138,147,324.0,1,0,0,100
18:12:21,9,5,5,11.4,0.04,0.19,0.03,18.2,254,138,147,324.0,1,0,0,100
18:12:21,9,5,5,11.4,0.04,0.19,0.03,18.4,254,138,147,324.0,1,0,0,100
18:12:21,9,5,5,11.4,0.04,0.19,0.03,18.2,254,138,147,324.0,1,0,0,100
18:12:21,9,5,5,11.4,0.04,0.19,0.03,18.2,254,138,147,324.0,0,0,3,100
18:12:21,9,5,5,11.4,0.04,0.19,0.03,18.2,254,138,147,324.0,0,0,3,100
18:12:21,9,5,5,11.4,0.04,0.19,0.03,18.2,254,138,147,324.0,0,0,3,100
18:12:22,9,5,5,11.4,0.04,0.19,0.03,18.2,254,138,147,324.0,0,0,3,100
18:12:22,9,5,5,11.4,0.04,0.19,0.03,18.2,254,138,147,324.0,0,0,3,100
18:12:22,9,5,5,11.4,0.04,0.19,0.03,18.0,254,138,147,324.0,0,0,3,100
18:12:22,6,6,12,14.7,0.04,0.32,0.08,18.1,232,148,260,379.0,0,0,3,100
18:12:22,6,6,12,14.7,0.04,0.32,0.08,18.2,232,148,260,379.0,0,0,3,100
18:12:22,6,6,12,14.7,0.04,0.32,0.08,18.4,232,148,260,379.0,0,0,3,100
18:12:22,6,6,12,14.7,0.04,0.32,0.08,18.2,232,148,260,379.0,0,0,3,100
18:12:22,6,6,12,14.7,0.04,0.32,0.08,18.2,232,148,260,379.0,2,0,0,100
18:12:22,6,6,12,14.7,0.04,0.32,0.08,18.2,232,148,260,379.0,2,0,0,100
18:12:22,6,6,12,14.7,0.04,0.32,0.08,18.2,232,148,260,379.0,2,0,0,100
18:12:23,6,6,12,14.7,0.04,0.32,0.08,18.1,232,148,260,379.0,2,0,0,100
18:12:23,6,6,12,14.7,0.04,0.32,0.08,18.2,232,148,260,379.0,2,0,0,100
18:12:23,6,6,12,14.7,0.04,0.32,0.08,18.2,232,148,260,379.0,2,0,0,100
18:12:23,5,5,8,10.7,0.04,0.24,0.08,18.2,138,139,253,320.0,2,0,0,100
18:12:23,5,5,8,10.7,0.04,0.24,0.08,18.2,138,139,253,320.0,2,0,0,100
18:12:23,5,5,8,10.7,0.04,0.24,0.08,18.3,138,139,253,320.0,2,0,0,100
18:12:23,5,5,8,10.7,0.04,0.24,0.08,18.3,138,139,253,320.0,2,0,0,100
18:12:23,5,5,8,10.7,0.04,0.24,0.08,18.2,138,139,253,320.0,0,0,0,100
18:12:23,5,5,8,10.7,0.04,0.24,0.08,18.4,138,139,253,320.0,0,0,0,100
18:12:23,5,5,8,10.7,0.04,0.24,0.08,18.3,138,139,253,320.0,0,0,0,100
18:12:24,5,5,8,10.7,0.04,0.24,0.08,18.0,138,139,253,320.0,0,0,0,100
18:12:24,5,5,8,10.7,0.04,0.24,0.08,18.1,138,139,253,320.0,0,0,0,100
18:12:24,5,5,8,10.7,0.04,0.24,0.08,18.3,138,139,253,320.0,0,0,0,100
18:12:24,7,3,3,8.2,0.06,0.12,0.05,18.2,191,103,117,247.0,0,0,0,100
18:12:24,7,3,3,8.2,0.06,0.12,0.05,18.2,191,103,117,247.0,0,0,0,100
18:12:24,7,3,3,8.2,0.06,0.12,0.05,18.1,191,103,117,247.0,0,0,0,100
18:12:24,7,3,3,8.2,0.06,0.12,0.05,18.2,191,103,117,247.0,0,0,0,100
18:12:24,7,3,3,8.2,0.06,0.12,0.05,18.2,191,103,117,247.0,0,0,1,100
18:12:24,7,3,3,8.2,0.06,0.12,0.05,18.2,191,103,117,247.0,0,0,1,100
18:12:24,7,3,3,8.2,0.06,0.12,0.05,18.2,191,103,117,247.0,0,0,1,100
18:12:25,7,3,3,8.2,0.06,0.12,0.05,18.2,191,103,117,247.0,0,0,1,100
18:12:25,7,3,3,8.2,0.06,0.12,0.05,18.4,191,103,117,247.0,0,0,1,100
18:12:25,7,3,3,8.2,0.06,0.12,0.05,18.1,191,103,117,247.0,0,0,1,100
18:12:25,4,4,5,7.5,0.07,0.09,0.03,17.9,147,70,146,219.0,0,0,1,100
18:12:25,4,4,5,7.5,0.07,0.09,0.03,18.3,147,70,146,219.0,0,0,1,100
18:12:25,4,4,5,7.5,0.07,0.09,0.03,18.2,147,70,146,219.0,0,0,1,100
18:12:25,4,4,5,7.5,0.07,0.09,0.03,18.2,147,70,146,219.0,0,0,1,100
18:12:25,4,4,5,7.5,0.07,0.09,0.03,18.1,147,70,146,219.0,1,0,0,100
18:12:25,4,4,5,7.5,0.07,0.09,0.03,18.2,147,70,146,219.0,1,0,0,100
18:12:26,4,4,5,7.5,0.07,0.09,0.03,18.0,147,70,146,219.0,1,0,0,100
18:12:26,4,4,5,7.5,0.07,0.09,0.03,17.9,147,70,146,219.0,1,0,0,100
18:12:26,4,4,5,7.5,0.07,0.09,0.03,18.1,147,70,146,219.0,1,0,0,100
18:12:26,4,4,5,7.5,0.07,0.09,0.03,18.2,147,70,146,219.0,1,0,0,100
18:12:26,6,1,4,7.3,0.04,0.19,0.06,18.2,161,34,128,208.0,1,0,0,100
18:12:26,6,1,4,7.3,0.04,0.19,0.06,18.2,161,34,128,208.0,1,0,0,100
18:12:26,6,1,4,7.3,0.04,0.19,0.06,18.4,161,34,128,208.0,1,0,0,100
18:12:26,6,1,4,7.3,0.04,0.19,0.06,18.4,161,34,128,208.0,1,0,0,100
18:12:26,6,1,4,7.3,0.04,0.19,0.06,18.2,161,34,128,208.0,0,0,0,100
18:12:26,6,1,4,7.3,0.04,0.19,0.06,18.4,161,34,128,208.0,0,0,0,100
18:12:27,6,1,4,7.3,0.04,0.19,0.06,18.2,161,34,128,208.0,0,0,0,100
18:12:27,6,1,4,7.3,0.04,0.19,0.06,18.2,161,34,128,208.0,0,0,0,100
18:12:27,6,1,4,7.3,0.04,0.19,0.06,18.2,161,34,128,208.0,0,0,0,100
18:12:27,6,1,4,7.3,0.04,0.19,0.06,18.2,161,34,128,208.0,0,0,0,100
18:12:27,6,3,6,9.0,0.04,0.2,0.1,17.9,170,91,183,266.0,0,0,0,100
18:12:27,6,3,6,9.0,0.04,0.2,0.1,18.4,170,91,183,266.0,0,0,0,100
18:12:27,6,3,6,9.0,0.04,0.2,0.1,18.2,170,91,183,266.0,0,0,0,100
18:12:27,6,3,6,9.0,0.04,0.2,0.1,18.1,170,91,183,266.0,0,0,0,100
18:12:27,6,3,6,9.0,0.04,0.2,0.1,18.2,170,91,183,266.0,0,0,0,100
18:12:27,6,3,6,9.0,0.04,0.2,0.1,18.2,170,91,183,266.0,0,0,0,100
18:12:28,6,3,6,9.0,0.04,0.2,0.1,18.2,170,91,183,266.0,0,0,0,100
18:12:28,6,3,6,9.0,0.04,0.2,0.1,18.2,170,91,183,266.0,0,0,0,100
18:12:28,6,3,6,9.0,0.04,0.2,0.1,18.2,170,91,183,266.0,0,0,0,100
18:12:28,6,3,6,9.0,0.04,0.2,0.1,18.4,170,91,183,266.0,0,0,0,100
18:12:28,6,4,7,10.0,0.04,0.14,0.05,18.2,189,123,200,301.0,0,0,0,100
18:12:28,6,4,7,10.0,0.04,0.14,0.05,17.9,189,123,200,301.0,0,0,0,100
18:12:28,6,4,7,10.0,0.04,0.14,0.05,18.1,189,123,200,301.0,0,0,0,100
18:12:28,6,4,7,10.0,0.04,0.14,0.05,17.9,189,123,200,301.0,0,0,0,100
18:12:28,6,4,7,10.0,0.04,0.14,0.05,18.2,189,123,200,301.0,0,0,0,100
18:12:28,6,4,7,10.0,0.04,0.14,0.05,18.4,189,123,200,301.0,0,0,0,100
18:12:29,6,4,7,10.0,0.04,0.14,0.05,18.2,189,123,200,301.0,0,0,0,100
18:12:29,6,4,7,10.0,0.04,0.14,0.05,17.9,189,123,200,301.0,0,0,0,100
18:12:29,6,4,7,10.0,0.04,0.14,0.05,18.0,189,123,200,301.0,0,0,0,100
18:12:29,6,4,7,10.0,0.04,0.14,0.05,18.1,189,123,200,301.0,0,0,0,100
18:12:29,9,5,4,11.0,0.06,0.19,0.04,18.1,250,139,111,307.0,0,0,0,100
18:12:29,9,5,4,11.0,0.06,0.19,0.04,18.2,250,139,111,307.0,0,0,0,100
18:12:29,9,5,4,11.0,0.06,0.19,0.04,18.1,250,139,111,307.0,0,0,0,100
18:12:29,9,5,4,11.0,0.06,0.19,0.04,18.1,250,139,111,307.0,0,0,0,100
18:12:29,9,5,4,11.0,0.06,0.19,0.04,18.2,250,139,111,307.0,0,0,2,100
18:12:29,9,5,4,11.0,0.06,0.19,0.04,17.9,250,139,111,307.0,0,0,2,100
18:12:30,9,5,4,11.0,0.06,0.19,0.04,18.0,250,139,111,307.0,0,0,2,100
18:12:30,9,5,4,11.0,0.06,0.19,0.04,17.9,250,139,111,307.0,0,0,2,100
18:12:30,9,5,4,11.0,0.06,0.19,0.04,18.2,250,139,111,307.0,0,0,2,100
18:12:30,9,5,4,11.0,0.06,0.19,0.04,18.0,250,139,111,307.0,0,0,2,100
18:12:30,6,4,8,10.8,0.04,0.13,0.07,18.1,208,128,219,328.0,0,0,2,100
18:12:30,6,4,8,10.8,0.04,0.13,0.07,18.1,208,128,219,328.0,0,0,2,100
18:12:30,6,4,8,10.8,0.04,0.13,0.07,18.3,208,128,219,328.0,0,0,2,100
18:12:30,6,4,8,10.8,0.04,0.13,0.07,18.2,208,128,219,328.0,0,0,2,100
18:12:30,6,4,8,10.8,0.04,0.13,0.07,18.2,208,128,219,328.0,3,0,0,100
18:12:30,6,4,8,10.8,0.04,0.13,0.07,17.9,208,128,219,328.0,3,0,0,100
18:12:31,6,4,8,10.8,0.04,0.13,0.07,18.0,208,128,219,328.0,3,0,0,100
18:12:31,6,4,8,10.8,0.04,0.13,0.07,18.4,208,128,219,328.0,3,0,0,100
18:12:31,6,4,8,10.8,0.04,0.13,0.07,18.1,208,128,219,328.0,3,0,0,100
18:12:31,6,4,8,10.8,0.04,0.13,0.07,18.2,208,128,219,328.0,3,0,0,100
18:12:31,6,4,8,10.8,0.04,0.11,0.09,18.1,172,120,230,311.0,3,0,0,100
18:12:31,6,4,8,10.8,0.04,0.11,0.09,18.1,172,120,230,311.0,3,0,0,100
18:12:31,6,4,8,10.8,0.04,0.11,0.09,18.2,172,120,230,311.0,3,0,0,100
18:12:31,6,4,8,10.8,0.04,0.11,0.09,18.0,172,120,230,311.0,3,0,0,100
18:12:31,6,4,8,10.8,0.04,0.11,0.09,18.1,172,120,230,311.0,0,0,0,100
18:12:31,6,4,8,10.8,0.04,0.11,0.09,18.1,172,120,230,311.0,0,0,0,100
18:12:32,6,4,8,10.8,0.04,0.11,0.09,18.1,172,120,230,311.0,0,0,0,100
18:12:32,6,4,8,10.8,0.04,0.11,0.09,18.1,172,120,230,311.0,0,0,0,100
18:12:32,6,4,8,10.8,0.04,0.11,0.09,18.2,172,120,230,311.0,0,0,0,100
18:12:32,6,4,8,10.8,0.04,0.11,0.09,18.0,172,120,230,311.0,0,0,0,100
18:12:32,7,3,3,8.2,0.08,0.15,0.07,18.1,213,103,98,256.0,0,0,0,100
18:12:32,7,3,3,8.2,0.08,0.15,0.07,18.0,213,103,98,256.0,0,0,0,100
18:12:32,7,3,3,8.2,0.08,0.15,0.07,18.2,213,103,98,256.0,0,0,0,100
18:12:32,7,3,3,8.2,0.08,0.15,0.07,18.1,213,103,98,256.0,0,0,0,100
18:12:32,7,3,3,8.2,0.08,0.15,0.07,17.9,213,103,98,256.0,0,0,0,100
18:12:32,7,3,3,8.2,0.08,0.15,0.07,18.1,213,103,98,256.0,0,0,0,100
18:12:33,7,3,3,8.2,0.08,0.15,0.07,18.1,213,103,98,256.0,0,0,0,100
18:12:33,7,3,3,8.2,0.08,0.15,0.07,17.9,213,103,98,256.0,0,0,0,100
18:12:33,7,3,3,8.2,0.08,0.15,0.07,18.2,213,103,98,256.0,0,0,0,100
18:12:33,7,3,3,8.2,0.08,0.15,0.07,18.2,213,103,98,256.0,0,0,0,100
18:12:33,4,2,7,8.3,0.1,0.24,0.05,18.2,94,35,172,199.0,0,0,0,100
18:12:33,4,2,7,8.3,0.1,0.24,0.05,18.2,94,35,172,199.0,0,0,0,100
18:12:33,4,2,7,8.3,0.1,0.24,0.05,18.2,94,35,172,199.0,0,0,0,100
18:12:33,4,2,7,8.3,0.1,0.24,0.05,18.1,94,35,172,199.0,0,0,0,100
18:12:33,4,2,7,8.3,0.1,0.24,0.05,18.2,94,35,172,199.0,1,4,0,100
18:12:33,4,2,7,8.3,0.1,0.24,0.05,18.1,94,35,172,199.0,1,4,0,100
18:12:34,4,2,7,8.3,0.1,0.24,0.05,18.3,94,35,172,199.0,1,4,0,100
18:12:34,4,2,7,8.3,0.1,0.24,0.05,18.1,94,35,172,199.0,1,4,0,100
18:12:34,4,2,7,8.3,0.1,0.24,0.05,18.2,94,35,172,199.0,1,4,0,100
18:12:34,4,2,7,8.3,0.1,0.24,0.05,18.2,94,35,172,199.0,1,4,0,100
18:12:34,6,2,5,8.1,0.11,0.18,0.07,18.4,180,76,141,241.0,1,4,0,100
18:12:34,6,2,5,8.1,0.11,0.18,0.07,18.2,180,76,141,241.0,1,4,0,100
18:12:34,6,2,5,8.1,0.11,0.18,0.07,18.2,180,76,141,241.0,1,4,0,100
18:12:34,6,2,5,8.1,0.11,0.18,0.07,18.2,180,76,141,241.0,1,4,0,100
18:12:34,6,2,5,8.1,0.11,0.18,0.07,18.2,180,76,141,241.0,0,0,2,100
18:12:34,6,2,5,8.1,0.11,0.18,0.07,18.2,180,76,141,241.0,0,0,2,100
18:12:35,6,2,5,8.1,0.11,0.18,0.07,18.3,180,76,141,241.0,0,0,2,100
18:12:35,6,2,5,8.1,0.11,0.18,0.07,18.2,180,76,141,241.0,0,0,2,100
18:12:35,6,2,5,8.1,0.11,0.18,0.07,18.2,180,76,141,241.0,0,0,2,100
18:12:35,6,2,5,8.1,0.11,0.18,0.07,18.2,180,76,141,241.0,0,0,2,100
18:12:35,5,5,7,9.9,0.03,0.25,0.04,18.2,166,130,208,296.0,0,0,2,100
18:12:35,5,5,7,9.9,0.03,0.25,0.04,18.3,166,130,208,296.0,0,0,2,100
18:12:35,5,5,7,9.9,0.03,0.25,0.04,18.2,166,130,208,296.0,0,0,2,100
18:12:35,5,5,7,9.9,0.03,0.25,0.04,18.2,166,130,208,296.0,0,0,2,100
18:12:35,5,5,7,9.9,0.03,0.25,0.04,18.0,166,130,208,296.0,3,0,0,100
18:12:35,5,5,7,9.9,0.03,0.25,0.04,18.2,166,130,208,296.0,3,0,0,100
18:12:36,5,5,7,9.9,0.03,0.25,0.04,18.1,166,130,208,296.0,3,0,0,100
18:12:36,5,5,7,9.9,0.03,0.25,0.04,18.2,166,130,208,296.0,3,0,0,100
18:12:36,5,5,7,9.9,0.03,0.25,0.04,18.1,166,130,208,296.0,3,0,0,100
18:12:36,5,5,7,9.9,0.03,0.25,0.04,18.1,166,130,208,296.0,3,0,0,100
18:12:36,7,6,8,12.2,0.07,0.12,0.05,18.0,190,153,221,329.0,3,0,0,100
18:12:36,7,6,8,12.2,0.07,0.12,0.05,18.2,190,153,221,329.0,3,0,0,100
18:12:36,7,6,8,12.2,0.07,0.12,0.05,18.1,190,153,221,329.0,3,0,0,100
18:12:36,7,6,8,12.2,0.07,0.12,0.05,18.1,190,153,221,329.0,3,0,0,100
18:12:36,7,6,8,12.2,0.07,0.12,0.05,17.9,190,153,221,329.0,0,0,0,100
18:12:36,7,6,8,12.2,0.07,0.12,0.05,17.9,190,153,221,329.0,0,0,0,100
18:12:37,7,6,8,12.2,0.07,0.12,0.05,18.0,190,153,221,329.0,0,0,0,100
18:12:37,7,6,8,12.2,0.07,0.12,0.05,18.2,190,153,221,329.0,0,0,0,100
18:12:37,7,6,8,12.2,0.07,0.12,0.05,18.0,190,153,221,329.0,0,0,0,100
18:12:37,7,6,8,12.2,0.07,0.12,0.05,18.2,190,153,221,329.0,0,0,0,100
18:12:37,10,7,6,13.6,0.08,0.17,0.04,18.2,276,163,120,342.0,0,0,0,100
18:12:37,10,7,6,13.6,0.08,0.17,0.04,17.9,276,163,120,342.0,0,0,0,100
18:12:37,10,7,6,13.6,0.08,0.17,0.04,18.2,276,163,120,342.0,0,0,0,100
18:12:37,10,7,6,13.6,0.08,0.17,0.04,18.1,276,163,120,342.0,0,0,0,100
18:12:37,10,7,6,13.6,0.08,0.17,0.04,18.1,276,163,120,342.0,0,0,0,100
18:12:37,10,7,6,13.6,0.08,0.17,0.04,18.0,276,163,120,342.0,0,0,0,100
18:12:38,10,7,6,13.6,0.08,0.17,0.04,18.2,276,163,120,342.0,0,0,0,100
18:12:38,10,7,6,13.6,0.08,0.17,0.04,18.2,276,163,120,342.0,0,0,0,100
18:12:38,10,7,6,13.6,0.08,0.17,0.04,17.9,276,163,120,342.0,0,0,0,100
18:12:38,10,7,6,13.6,0.08,0.17,0.04,18.1,276,163,120,342.0,0,0,0,100
18:12:38,8,5,8,12.4,0.11,0.24,0.09,18.2,224,145,218,345.0,0,0,0,100
18:12:38,8,5,8,12.4,0.11,0.24,0.09,18.1,224,145,218,345.0,0,0,0,100
18:12:38,8,5,8,12.4,0.11,0.24,0.09,18.2,224,145,218,345.0,0,0,0,100
18:12:38,8,5,8,12.4,0.11,0.24,0.09,18.3,224,145,218,345.0,0,0,0,100
18:12:38,8,5,8,12.4,0.11,0.24,0.09,18.3,224,145,218,345.0,0,0,0,100
18:12:38,8,5,8,12.4,0.11,0.24,0.09,18.4,224,145,218,345.0,0,0,0,100
18:12:39,8,5,8,12.4,0.11,0.24,0.09,18.2,224,145,218,345.0,0,0,0,100
18:12:39,8,5,8,12.4,0.11,0.24,0.09,18.2,224,145,218,345.0,0,0,0,100
18:12:39,8,5,8,12.4,0.11,0.24,0.09,18.2,224,145,218,345.0,0,0,0,100
18:12:39,8,5,8,12.4,0.11,0.24,0.09,18.2,224,145,218,345.0,0,0,0,100
18:12:39,4,5,8,10.2,0.03,0.15,0.07,18.1,126,102,204,261.0,0,0,0,100
18:12:39,4,5,8,10.2,0.03,0.15,0.07,18.0,126,102,204,261.0,0,0,0,100
18:12:39,4,5,8,10.2,0.03,0.15,0.07,18.2,126,102,204,261.0,0,0,0,100
18:12:39,4,5,8,10.2,0.03,0.15,0.07,17.9,126,102,204,261.0,0,0,0,100
18:12:39,4,5,8,10.2,0.03,0.15,0.07,18.1,126,102,204,261.0,0,0,2,100
18:12:39,4,5,8,10.2,0.03,0.15,0.07,18.4,126,102,204,261.0,0,0,2,100
18:12:40,4,5,8,10.2,0.03,0.15,0.07,18.2,126,102,204,261.0,0,0,2,100
18:12:40,4,5,8,10.2,0.03,0.15,0.07,18.3,126,102,204,261.0,0,0,2,100
18:12:40,4,5,8,10.2,0.03,0.15,0.07,17.9,126,102,204,261.0,0,0,2,100
18:12:40,4,5,8,10.2,0.03,0.15,0.07,18.1,126,102,204,261.0,0,0,2,100
18:12:40,6,2,4,7.5,0.05,0.1,0.07,18.2,152,50,117,198.0,0,0,2,100
18:12:40,6,2,4,7.5,0.05,0.1,0.07,18.2,152,50,117,198.0,0,0,2,100
18:12:40,6,2,4,7.5,0.05,0.1,0.07,18.1,152,50,117,198.0,0,0,2,100
18:12:40,6,2,4,7.5,0.05,0.1,0.07,17.9,152,50,117,198.0,0,0,2,100
18:12:40,6,2,4,7.5,0.05,0.1,0.07,18.2,152,50,117,198.0,2,1,0,100
18:12:40,6,2,4,7.5,0.05,0.1,0.07,18.2,152,50,117,198.0,2,1,0,100
18:12:41,6,2,4,7.5,0.05,0.1,0.07,18.1,152,50,117,198.0,2,1,0,100
18:12:41,6,2,4,7.5,0.05,0.1,0.07,18.4,152,50,117,198.0,2,1,0,100
18:12:41,6,2,4,7.5,0.05,0.1,0.07,18.2,152,50,117,198.0,2,1,0,100
18:12:41,6,2,4,7.5,0.05,0.1,0.07,18.2,152,50,117,198.0,2,1,0,100
18:12:41,5,1,5,7.1,0.05,0.12,0.03,18.2,130,53,146,203.0,2,1,0,100
18:12:41,5,1,5,7.1,0.05,0.12,0.03,18.2,130,53,146,203.0,2,1,0,100
18:12:41,5,1,5,7.1,0.05,0.12,0.03,18.3,130,53,146,203.0,2,1,0,100
18:12:41,5,1,5,7.1,0.05,0.12,0.03,18.1,130,53,146,203.0,2,1,0,100
18:12:41,5,1,5,7.1,0.05,0.12,0.03,18.1,130,53,146,203.0,1,0,0,100
18:12:42,5,1,5,7.1,0.05,0.12,0.03,17.9,130,53,146,203.0,1,0,0,100
18:12:42,5,1,5,7.1,0.05,0.12,0.03,18.1,130,53,146,203.0,1,0,0,100
18:12:42,5,1,5,7.1,0.05,0.12,0.03,18.2,130,53,146,203.0,1,0,0,100
18:12:42,5,1,5,7.1,0.05,0.12,0.03,17.9,130,53,146,203.0,1,0,0,100
18:12:42,5,1,5,7.1,0.05,0.12,0.03,18.1,130,53,146,203.0,1,0,0,100
18:12:42,7,3,4,8.6,0.04,0.15,0.04,17.9,187,101,108,238.0,1,0,0,100
18:12:42,7,3,4,8.6,0.04,0.15,0.04,18.2,187,101,108,238.0,1,0,0,100
18:12:42,7,3,4,8.6,0.04,0.15,0.04,18.0,187,101,108,238.0,1,0,0,100
18:12:42,7,3,4,8.6,0.04,0.15,0.04,18.3,187,101,108,238.0,1,0,0,100
18:12:42,7,3,4,8.6,0.04,0.15,0.04,18.2,187,101,108,238.0,0,0,0,100
18:12:42,7,3,4,8.6,0.04,0.15,0.04,18.1,187,101,108,238.0,0,0,0,100
18:12:43,7,3,4,8.6,0.04,0.15,0.04,18.2,187,101,108,238.0,0,0,0,100
18:12:43,7,3,4,8.6,0.04,0.15,0.04,18.2,187,101,108,238.0,0,0,0,100
18:12:43,7,3,4,8.6,0.04,0.15,0.04,18.3,187,101,108,238.0,0,0,0,100
18:12:43,7,3,4,8.6,0.04,0.15,0.04,18.3,187,101,108,238.0,0,0,0,100
18:12:43,5,4,7,9.5,0.04,0.13,0.08,18.1,163,135,233,315.0,0,0,0,100
18:12:43,5,4,7,9.5,0.04,0.13,0.08,18.1,163,135,233,315.0,0,0,0,100
18:12:43,5,4,7,9.5,0.04,0.13,0.08,18.2,163,135,233,315.0,0,0,0,100
18:12:43,5,4,7,9.5,0.04,0.13,0.08,18.4,163,135,233,315.0,0,0,0,100
18:12:43,5,4,7,9.5,0.04,0.13,0.08,18.1,163,135,233,315.0,0,0,0,100
18:12:44,5,4,7,9.5,0.04,0.13,0.08,18.1,163,135,233,315.0,0,0,0,100
18:12:44,5,4,7,9.5,0.04,0.13,0.08,18.2,163,135,233,315.0,0,0,0,100
18:12:44,5,4,7,9.5,0.04,0.13,0.08,18.2,163,135,233,315.0,0,0,0,100
18:12:44,5,4,7,9.5,0.04,0.13,0.08,18.0,163,135,233,315.0,0,0,0,100
18:12:44,5,4,7,9.5,0.04,0.13,0.08,18.4,163,135,233,315.0,0,0,0,100
18:12:44,8,5,7,11.7,0.07,0.18,0.11,18.2,237,145,234,363.0,0,0,0,100
18:12:44,8,5,7,11.7,0.07,0.18,0.11,18.1,237,145,234,363.0,0,0,0,100
18:12:44,8,5,7,11.7,0.07,0.18,0.11,18.1,237,145,234,363.0,0,0,0,100
18:12:44,8,5,7,11.7,0.07,0.18,0.11,18.0,237,145,234,363.0,0,0,0,100
18:12:44,8,5,7,11.7,0.07,0.18,0.11,18.1,237,145,234,363.0,0,0,0,100
18:12:45,8,5,7,11.7,0.07,0.18,0.11,18.2,237,145,234,363.0,0,0,0,100
18:12:45,8,5,7,11.7,0.07,0.18,0.11,18.1,237,145,234,363.0,0,0,0,100
18:12:45,8,5,7,11.7,0.07,0.18,0.11,18.2,237,145,234,363.0,0,0,0,100
18:12:45,8,5,7,11.7,0.07,0.18,0.11,18.2,237,145,234,363.0,0,0,0,100
18:12:45,8,5,7,11.7,0.07,0.18,0.11,18.4,237,145,234,363.0,0,0,0,100
18:12:45,8,5,5,10.7,0.1,0.15,0.06,18.2,242,142,133,311.0,0,0,0,100
18:12:45,8,5,5,10.7,0.1,0.15,0.06,18.2,242,142,133,311.0,0,0,0,100
18:12:45,8,5,5,10.7,0.1,0.15,0.06,18.4,242,142,133,311.0,0,0,0,100
18:12:45,8,5,5,10.7,0.1,0.15,0.06,18.2,242,142,133,311.0,0,0,0,100
18:12:45,8,5,5,10.7,0.1,0.15,0.06,18.1,242,142,133,311.0,0,0,1,100
18:12:46,8,5,5,10.7,0.1,0.15,0.06,18.2,242,142,133,311.0,0,0,1,100
18:12:46,8,5,5,10.7,0.1,0.15,0.06,18.0,242,142,133,311.0,0,0,1,100
18:12:46,8,5,5,10.7,0.1,0.15,0.06,18.2,242,142,133,311.0,0,0,1,100
18:12:46,8,5,5,10.7,0.1,0.15,0.06,18.2,242,142,133,311.0,0,0,1,100
18:12:46,8,5,5,10.7,0.1,0.15,0.06,18.2,242,142,133,311.0,0,0,1,100
18:12:46,6,4,7,10.0,0.07,0.15,0.05,18.3,166,106,195,277.0,0,0,1,100
18:12:46,6,4,7,10.0,0.07,0.15,0.05,18.3,166,106,195,277.0,0,0,1,100
18:12:46,6,4,7,10.0,0.07,0.15,0.05,18.4,166,106,195,277.0,0,0,1,100
18:12:46,6,4,7,10.0,0.07,0.15,0.05,18.2,166,106,195,277.0,0,0,1,100
18:12:46,6,4,7,10.0,0.07,0.15,0.05,18.3,166,106,195,277.0,1,0,0,100
18:12:47,6,4,7,10.0,0.07,0.15,0.05,17.9,166,106,195,277.0,1,0,0,100
18:12:47,6,4,7,10.0,0.07,0.15,0.05,18.4,166,106,195,277.0,1,0,0,100
18:12:47,6,4,7,10.0,0.07,0.15,0.05,18.2,166,106,195,277.0,1,0,0,100
18:12:47,6,4,7,10.0,0.07,0.15,0.05,18.2,166,106,195,277.0,1,0,0,100
18:12:47,6,4,7,10.0,0.07,0.15,0.05,18.0,166,106,195,277.0,1,0,0,100
18:12:47,8,3,8,11.7,0.04,0.16,0.08,18.0,224,64,167,287.0,1,0,0,100
18:12:47,8,3,8,11.7,0.04,0.16,0.08,17.9,224,64,167,287.0,1,0,0,100
18:12:47,8,3,8,11.7,0.04,0.16,0.08,18.2,224,64,167,287.0,1,0,0,100
18:12:47,8,3,8,11.7,0.04,0.16,0.08,18.1,224,64,167,287.0,1,0,0,100
18:12:47,8,3,8,11.7,0.04,0.16,0.08,18.1,224,64,167,287.0,0,3,0,100
18:12:48,8,3,8,11.7,0.04,0.16,0.08,18.2,224,64,167,287.0,0,3,0,100
18:12:48,8,3,8,11.7,0.04,0.16,0.08,18.0,224,64,167,287.0,0,3,0,100
18:12:48,8,3,8,11.7,0.04,0.16,0.08,18.2,224,64,167,287.0,0,3,0,100
18:12:48,8,3,8,11.7,0.04,0.16,0.08,18.2,224,64,167,287.0,0,3,0,100
18:12:48,8,3,8,11.7,0.04,0.16,0.08,18.2,224,64,167,287.0,0,3,0,100
18:12:48,7,4,5,9.5,0.07,0.15,0.07,18.2,171,34,153,232.0,0,3,0,100
18:12:48,7,4,5,9.5,0.07,0.15,0.07,18.1,171,34,153,232.0,0,3,0,100
18:12:48,7,4,5,9.5,0.07,0.15,0.07,18.2,171,34,153,232.0,0,3,0,100
18:12:48,7,4,5,9.5,0.07,0.15,0.07,18.2,171,34,153,232.0,0,3,0,100
18:12:48,7,4,5,9.5,0.07,0.15,0.07,18.1,171,34,153,232.0,0,0,0,100
18:12:49,7,4,5,9.5,0.07,0.15,0.07,18.0,171,34,153,232.0,0,0,0,100
18:12:49,7,4,5,9.5,0.07,0.15,0.07,18.0,171,34,153,232.0,0,0,0,100
18:12:49,7,4,5,9.5,0.07,0.15,0.07,18.1,171,34,153,232.0,0,0,0,100
18:12:49,7,4,5,9.5,0.07,0.15,0.07,18.0,171,34,153,232.0,0,0,0,100
18:12:49,7,4,5,9.5,0.07,0.15,0.07,17.9,171,34,153,232.0,0,0,0,100
18:12:49,5,3,6,8.4,0.05,0.15,0.04,18.1,147,80,152,226.0,0,0,0,100
18:12:49,5,3,6,8.4,0.05,0.15,0.04,18.2,147,80,152,226.0,0,0,0,100
18:12:49,5,3,6,8.4,0.05,0.15,0.04,18.3,147,80,152,226.0,0,0,0,100
18:12:49,5,3,6,8.4,0.05,0.15,0.04,18.1,147,80,152,226.0,0,0,0,100
18:12:49,5,3,6,8.4,0.05,0.15,0.04,18.1,147,80,152,226.0,0,0,0,100
18:12:50,5,3,6,8.4,0.05,0.15,0.04,18.0,147,80,152,226.0,0,0,0,100
18:12:50,5,3,6,8.4,0.05,0.15,0.04,18.2,147,80,152,226.0,0,0,0,100
18:12:50,5,3,6,8.4,0.05,0.15,0.04,18.1,147,80,152,226.0,0,0,0,100
18:12:50,5,3,6,8.4,0.05,0.15,0.04,18.2,147,80,152,226.0,0,0,0,100
18:12:50,5,3,6,8.4,0.05,0.15,0.04,18.2,147,80,152,226.0,0,0,0,100
18:12:50,7,4,4,9.0,0.04,0.09,0.06,18.0,207,116,122,267.0,0,0,0,100
18:12:50,7,4,4,9.0,0.04,0.09,0.06,18.1,207,116,122,267.0,0,0,0,100
18:12:50,7,4,4,9.0,0.04,0.09,0.06,18.1,207,116,122,267.0,0,0,0,100
18:12:50,7,4,4,9.0,0.04,0.09,0.06,18.0,207,116,122,267.0,0,0,0,100
18:12:50,7,4,4,9.0,0.04,0.09,0.06,17.9,207,116,122,267.0,0,0,2,100
18:12:51,7,4,4,9.0,0.04,0.09,0.06,18.2,207,116,122,267.0,0,0,2,100
18:12:51,7,4,4,9.0,0.04,0.09,0.06,18.2,207,116,122,267.0,0,0,2,100
18:12:51,7,4,4,9.0,0.04,0.09,0.06,18.0,207,116,122,267.0,0,0,2,100
18:12:51,7,4,4,9.0,0.04,0.09,0.06,18.2,207,116,122,267.0,0,0,2,100
18:12:51,7,4,4,9.0,0.04,0.09,0.06,18.0,207,116,122,267.0,0,0,2,100
18:12:51,8,5,8,12.4,0.05,0.34,0.08,17.9,205,153,231,345.0,0,0,2,100
18:12:51,8,5,8,12.4,0.05,0.34,0.08,18.0,205,153,231,345.0,0,0,2,100
18:12:51,8,5,8,12.4,0.05,0.34,0.08,18.2,205,153,231,345.0,0,0,2,100
18:12:51,8,5,8,12.4,0.05,0.34,0.08,18.2,205,153,231,345.0,0,0,2,100
18:12:51,8,5,8,12.4,0.05,0.34,0.08,18.1,205,153,231,345.0,3,0,0,100
18:12:52,8,5,8,12.4,0.05,0.34,0.08,18.1,205,153,231,345.0,3,0,0,100
18:12:52,8,5,8,12.4,0.05,0.34,0.08,18.2,205,153,231,345.0,3,0,0,100
18:12:52,8,5,8,12.4,0.05,0.34,0.08,18.3,205,153,231,345.0,3,0,0,100
18:12:52,8,5,8,12.4,0.05,0.34,0.08,18.3,205,153,231,345.0,3,0,0,100
18:12:52,8,5,8,12.4,0.05,0.34,0.08,17.9,205,153,231,345.0,3,0,0,100
18:12:52,8,6,10,14.1,0.07,0.44,0.08,17.9,215,167,260,376.0,3,0,0,100
18:12:52,8,6,10,14.1,0.07,0.44,0.08,18.2,215,167,260,376.0,3,0,0,100
18:12:52,8,6,10,14.1,0.07,0.44,0.08,18.4,215,167,260,376.0,3,0,0,100
18:12:52,8,6,10,14.1,0.07,0.44,0.08,18.1,215,167,260,376.0,3,0,0,100
18:12:52,8,6,10,14.1,0.07,0.44,0.08,18.2,215,167,260,376.0,0,0,0,100
18:12:53,8,6,10,14.1,0.07,0.44,0.08,18.3,215,167,260,376.0,0,0,0,100
18:12:53,8,6,10,14.1,0.07,0.44,0.08,18.0,215,167,260,376.0,0,0,0,100
18:12:53,8,6,10,14.1,0.07,0.44,0.08,18.2,215,167,260,376.0,0,0,0,100
18:12:53,8,6,10,14.1,0.07,0.44,0.08,18.1,215,167,260,376.0,0,0,0,100
18:12:53,8,6,10,14.1,0.07,0.44,0.08,18.2,215,167,260,376.0,0,0,0,100
18:12:53,8,5,4,10.2,0.08,0.15,0.05,18.2,249,154,107,312.0,0,0,0,100
18:12:53,8,5,4,10.2,0.08,0.15,0.05,18.2,249,154,107,312.0,0,0,0,100
18:12:53,8,5,4,10.2,0.08,0.15,0.05,18.0,249,154,107,312.0,0,0,0,100
18:12:53,8,5,4,10.2,0.08,0.15,0.05,18.1,249,154,107,312.0,0,0,0,100
18:12:54,8,5,4,10.2,0.08,0.15,0.05,18.1,249,154,107,312.0,0,0,0,100
18:12:54,8,5,4,10.2,0.08,0.15,0.05,18.2,249,154,107,312.0,0,0,0,100
18:12:54,8,5,4,10.2,0.08,0.15,0.05,18.2,249,154,107,312.0,0,0,0,100
18:12:54,8,5,4,10.2,0.08,0.15,0.05,18.1,249,154,107,312.0,0,0,0,100
18:12:54,8,5,4,10.2,0.08,0.15,0.05,18.2,249,154,107,312.0,0,0,0,100
18:12:54,8,5,4,10.2,0.08,0.15,0.05,18.2,249,154,107,312.0,0,0,0,100
18:12:54,7,4,7,10.7,0.13,0.19,0.07,18.2,174,116,181,277.0,0,0,0,100
18:12:54,7,4,7,10.7,0.13,0.19,0.07,18.2,174,116,181,277.0,0,0,0,100
18:12:54,7,4,7,10.7,0.13,0.19,0.07,18.2,174,116,181,277.0,0,0,0,100
18:12:54,7,4,7,10.7,0.13,0.19,0.07,18.4,174,116,181,277.0,0,0,0,100
18:12:54,7,4,7,10.7,0.13,0.19,0.07,17.9,174,116,181,277.0,0,0,0,100
18:12:55,7,4,7,10.7,0.13,0.19,0.07,18.2,174,116,181,277.0,0,0,0,100
18:12:55,7,4,7,10.7,0.13,0.19,0.07,18.2,174,116,181,277.0,0,0,0,100
18:12:55,7,4,7,10.7,0.13,0.19,0.07,18.1,174,116,181,277.0,0,0,0,100
18:12:55,7,4,7,10.7,0.13,0.19,0.07,18.1,174,116,181,277.0,0,0,0,100
18:12:55,7,4,7,10.7,0.13,0.19,0.07,17.9,174,116,181,277.0,0,0,0,100
18:12:55,5,1,4,6.5,0.05,0.14,0.07,18.1,146,36,126,196.0,0,0,0,100
18:12:55,5,1,4,6.5,0.05,0.14,0.07,18.0,146,36,126,196.0,0,0,0,100
18:12:55,5,1,4,6.5,0.05,0.14,0.07,17.9,146,36,126,196.0,0,0,0,100
18:12:55,5,1,4,6.5,0.05,0.14,0.07,18.2,146,36,126,196.0,0,0,0,100
18:12:56,5,1,4,6.5,0.05,0.14,0.07,18.2,146,36,126,196.0,0,1,1,100
18:12:56,5,1,4,6.5,0.05,0.14,0.07,18.2,146,36,126,196.0,0,1,1,100
18:12:56,5,1,4,6.5,0.05,0.14,0.07,17.9,146,36,126,196.0,0,1,1,100
18:12:56,5,1,4,6.5,0.05,0.14,0.07,18.1,146,36,126,196.0,0,1,1,100
18:12:56,5,1,4,6.5,0.05,0.14,0.07,18.1,146,36,126,196.0,0,1,1,100
18:12:56,5,1,4,6.5,0.05,0.14,0.07,18.2,146,36,126,196.0,0,1,1,100
18:12:56,5,3,6,8.4,0.07,0.14,0.08,18.0,132,78,177,234.0,0,1,1,100
18:12:56,5,3,6,8.4,0.07,0.14,0.08,17.9,132,78,177,234.0,0,1,1,100
18:12:56,5,3,6,8.4,0.07,0.14,0.08,18.0,132,78,177,234.0,0,1,1,100
18:12:56,5,3,6,8.4,0.07,0.14,0.08,18.2,132,78,177,234.0,0,1,1,100
18:12:57,5,3,6,8.4,0.07,0.14,0.08,18.2,132,78,177,234.0,1,0,0,100
18:12:57,5,3,6,8.4,0.07,0.14,0.08,17.9,132,78,177,234.0,1,0,0,100
18:12:57,5,3,6,8.4,0.07,0.14,0.08,17.9,132,78,177,234.0,1,0,0,100
18:12:57,5,3,6,8.4,0.07,0.14,0.08,18.2,132,78,177,234.0,1,0,0,100
18:12:57,5,3,6,8.4,0.07,0.14,0.08,17.9,132,78,177,234.0,1,0,0,100
18:12:57,5,3,6,8.4,0.07,0.14,0.08,18.2,132,78,177,234.0,1,0,0,100
18:12:57,8,4,7,11.4,0.08,0.18,0.05,18.0,229,106,199,321.0,1,0,0,100
18:12:57,8,4,7,11.4,0.08,0.18,0.05,18.2,229,106,199,321.0,1,0,0,100
18:12:57,8,4,7,11.4,0.08,0.18,0.05,18.2,229,106,199,321.0,1,0,0,100
18:12:57,8,4,7,11.4,0.08,0.18,0.05,18.2,229,106,199,321.0,1,0,0,100
18:12:58,8,4,7,11.4,0.08,0.18,0.05,18.0,229,106,199,321.0,0,0,0,100
18:12:58,8,4,7,11.4,0.08,0.18,0.05,18.2,229,106,199,321.0,0,0,0,100
18:12:58,8,4,7,11.4,0.08,0.18,0.05,18.3,229,106,199,321.0,0,0,0,100
18:12:58,8,4,7,11.4,0.08,0.18,0.05,18.2,229,106,199,321.0,0,0,0,100
18:12:58,8,4,7,11.4,0.08,0.18,0.05,18.1,229,106,199,321.0,0,0,0,100
18:12:58,8,4,7,11.4,0.08,0.18,0.05,18.1,229,106,199,321.0,0,0,0,100
18:12:58,9,5,6,11.9,0.08,0.14,0.05,17.9,258,147,171,343.0,0,0,0,100
18:12:58,9,5,6,11.9,0.08,0.14,0.05,18.2,258,147,171,343.0,0,0,0,100
18:12:58,9,5,6,11.9,0.08,0.14,0.05,18.2,258,147,171,343.0,0,0,0,100
18:12:58,9,5,6,11.9,0.08,0.14,0.05,17.9,258,147,171,343.0,0,0,0,100
18:12:59,9,5,6,11.9,0.08,0.14,0.05,18.2,258,147,171,343.0,0,0,0,100
18:12:59,9,5,6,11.9,0.08,0.14,0.05,18.2,258,147,171,343.0,0,0,0,100
18:12:59,9,5,6,11.9,0.08,0.14,0.05,18.2,258,147,171,343.0,0,0,0,100
18:12:59,9,5,6,11.9,0.08,0.14,0.05,18.1,258,147,171,343.0,0,0,0,100
18:12:59,9,5,6,11.9,0.08,0.14,0.05,18.2,258,147,171,343.0,0,0,0,100
18:12:59,9,5,6,11.9,0.08,0.14,0.05,17.9,258,147,171,343.0,0,0,0,100
18:12:59,5,5,8,10.7,0.05,0.18,0.06,18.1,157,150,246,328.0,0,0,0,100
18:12:59,5,5,8,10.7,0.05,0.18,0.06,17.9,157,150,246,328.0,0,0,0,100
18:12:59,5,5,8,10.7,0.05,0.18,0.06,18.1,157,150,246,328.0,0,0,0,100
18:12:59,5,5,8,10.7,0.05,0.18,0.06,18.1,157,150,246,328.0,0,0,0,100
18:13:00,5,5,8,10.7,0.05,0.18,0.06,17.9,157,150,246,328.0,1,0,0,100
18:13:00,5,5,8,10.7,0.05,0.18,0.06,17.9,157,150,246,328.0,1,0,0,100
18:13:00,5,5,8,10.7,0.05,0.18,0.06,18.2,157,150,246,328.0,1,0,0,100
18:13:00,5,5,8,10.7,0.05,0.18,0.06,18.2,157,150,246,328.0,1,0,0,100
18:13:00,5,5,8,10.7,0.05,0.18,0.06,18.1,157,150,246,328.0,1,0,0,100
18:13:00,5,5,8,10.7,0.05,0.18,0.06,17.9,157,150,246,328.0,1,0,0,100
18:13:00,7,5,7,11.1,0.07,0.18,0.09,18.2,192,143,205,315.0,1,0,0,100
18:13:00,7,5,7,11.1,0.07,0.18,0.09,18.2,192,143,205,315.0,1,0,0,100
18:13:00,7,5,7,11.1,0.07,0.18,0.09,18.0,192,143,205,315.0,1,0,0,100
18:13:00,7,5,7,11.1,0.07,0.18,0.09,18.0,192,143,205,315.0,1,0,0,100
18:13:01,7,5,7,11.1,0.07,0.18,0.09,18.1,192,143,205,315.0,0,0,1,100
18:13:01,7,5,7,11.1,0.07,0.18,0.09,18.1,192,143,205,315.0,0,0,1,100
18:13:01,7,5,7,11.1,0.07,0.18,0.09,18.2,192,143,205,315.0,0,0,1,100
18:13:01,7,5,7,11.1,0.07,0.18,0.09,18.2,192,143,205,315.0,0,0,1,100
18:13:01,7,5,7,11.1,0.07,0.18,0.09,18.0,192,143,205,315.0,0,0,1,100
18:13:01,7,5,7,11.1,0.07,0.18,0.09,18.2,192,143,205,315.0,0,0,1,100
18:13:01,7,4,6,10.0,0.04,0.12,0.03,18.2,198,98,145,264.0,0,0,1,100
18:13:01,7,4,6,10.0,0.04,0.12,0.03,18.3,198,98,145,264.0,0,0,1,100
18:13:01,7,4,6,10.0,0.04,0.12,0.03,18.2,198,98,145,264.0,0,0,1,100
18:13:01,7,4,6,10.0,0.04,0.12,0.03,18.0,198,98,145,264.0,0,0,1,100
18:13:02,7,4,6,10.0,0.04,0.12,0.03,18.1,198,98,145,264.0,0,0,0,100
18:13:02,7,4,6,10.0,0.04,0.12,0.03,18.0,198,98,145,264.0,0,0,0,100
18:13:02,7,4,6,10.0,0.04,0.12,0.03,18.0,198,98,145,264.0,0,0,0,100
18:13:02,7,4,6,10.0,0.04,0.12,0.03,18.2,198,98,145,264.0,0,0,0,100
18:13:02,7,4,6,10.0,0.04,0.12,0.03,18.0,198,98,145,264.0,0,0,0,100
18:13:02,7,4,6,10.0,0.04,0.12,0.03,18.0,198,98,145,264.0,0,0,0,100
18:13:02,5,2,7,8.8,0.08,0.17,0.08,18.4,149,54,167,230.0,0,0,0,100
18:13:02,5,2,7,8.8,0.08,0.17,0.08,18.2,149,54,167,230.0,0,0,0,100
18:13:02,5,2,7,8.8,0.08,0.17,0.08,17.9,149,54,167,230.0,0,0,0,100
18:13:02,5,2,7,8.8,0.08,0.17,0.08,17.9,149,54,167,230.0,0,0,0,100
18:13:03,5,2,7,8.8,0.08,0.17,0.08,18.1,149,54,167,230.0,1,2,0,100
18:13:03,5,2,7,8.8,0.08,0.17,0.08,18.0,149,54,167,230.0,1,2,0,100
18:13:03,5,2,7,8.8,0.08,0.17,0.08,18.1,149,54,167,230.0,1,2,0,100
18:13:03,5,2,7,8.8,0.08,0.17,0.08,18.1,149,54,167,230.0,1,2,0,100
18:13:03,5,2,7,8.8,0.08,0.17,0.08,18.0,149,54,167,230.0,1,2,0,100
18:13:03,5,2,7,8.8,0.08,0.17,0.08,18.2,149,54,167,230.0,1,2,0,100
18:13:03,7,2,4,8.3,0.07,0.18,0.11,18.2,191,52,114,228.0,1,2,0,100
18:13:03,7,2,4,8.3,0.07,0.18,0.11,18.2,191,52,114,228.0,1,2,0,100
18:13:03,7,2,4,8.3,0.07,0.18,0.11,18.0,191,52,114,228.0,1,2,0,100
18:13:03,7,2,4,8.3,0.07,0.18,0.11,17.9,191,52,114,228.0,1,2,0,100
18:13:04,7,2,4,8.3,0.07,0.18,0.11,18.0,191,52,114,228.0,0,0,0,100
18:13:04,7,2,4,8.3,0.07,0.18,0.11,18.1,191,52,114,228.0,0,0,0,100
18:13:04,7,2,4,8.3,0.07,0.18,0.11,17.9,191,52,114,228.0,0,0,0,100
18:13:04,7,2,4,8.3,0.07,0.18,0.11,18.2,191,52,114,228.0,0,0,0,100
18:13:04,7,2,4,8.3,0.07,0.18,0.11,18.2,191,52,114,228.0,0,0,0,100
18:13:04,7,2,4,8.3,0.07,0.18,0.11,18.1,191,52,114,228.0,0,0,0,100
18:13:04,5,4,7,9.5,0.04,0.12,0.04,18.1,115,96,187,240.0,0,0,0,100
18:13:04,5,4,7,9.5,0.04,0.12,0.04,17.9,115,96,187,240.0,0,0,0,100
18:13:04,5,4,7,9.5,0.04,0.12,0.04,18.1,115,96,187,240.0,0,0,0,100
18:13:04,5,4,7,9.5,0.04,0.12,0.04,18.4,115,96,187,240.0,0,0,0,100
18:13:05,5,4,7,9.5,0.04,0.12,0.04,17.9,115,96,187,240.0,0,0,0,100
18:13:05,5,4,7,9.5,0.04,0.12,0.04,18.1,115,96,187,240.0,0,0,0,100
18:13:05,5,4,7,9.5,0.04,0.12,0.04,18.3,115,96,187,240.0,0,0,0,100
18:13:05,5,4,7,9.5,0.04,0.12,0.04,18.0,115,96,187,240.0,0,0,0,100
18:13:05,5,4,7,9.5,0.04,0.12,0.04,18.2,115,96,187,240.0,0,0,0,100
18:13:05,5,4,7,9.5,0.04,0.12,0.04,18.2,115,96,187,240.0,0,0,0,100
18:13:05,7,6,7,11.6,0.05,0.09,0.04,18.0,218,138,190,320.0,0,0,0,100
18:13:05,7,6,7,11.6,0.05,0.09,0.04,18.0,218,138,190,320.0,0,0,0,100
18:13:05,7,6,7,11.6,0.05,0.09,0.04,18.1,218,138,190,320.0,0,0,0,100
18:13:05,7,6,7,11.6,0.05,0.09,0.04,18.1,218,138,190,320.0,0,0,0,100
18:13:06,7,6,7,11.6,0.05,0.09,0.04,18.0,218,138,190,320.0,0,0,2,100
18:13:06,7,6,7,11.6,0.05,0.09,0.04,18.1,218,138,190,320.0,0,0,2,100
18:13:06,7,6,7,11.6,0.05,0.09,0.04,18.2,218,138,190,320.0,0,0,2,100
18:13:06,7,6,7,11.6,0.05,0.09,0.04,18.2,218,138,190,320.0,0,0,2,100
18:13:06,7,6,7,11.6,0.05,0.09,0.04,18.2,218,138,190,320.0,0,0,2,100
18:13:06,7,6,7,11.6,0.05,0.09,0.04,17.9,218,138,190,320.0,0,0,2,100
18:13:06,8,5,6,11.2,0.05,0.15,0.05,18.2,241,136,187,334.0,0,0,2,100
18:13:06,8,5,6,11.2,0.05,0.15,0.05,17.9,241,136,187,334.0,0,0,2,100
18:13:06,8,5,6,11.2,0.05,0.15,0.05,17.9,241,136,187,334.0,0,0,2,100
18:13:06,8,5,6,11.2,0.05,0.15,0.05,18.1,241,136,187,334.0,0,0,2,100
18:13:07,8,5,6,11.2,0.05,0.15,0.05,18.2,241,136,187,334.0,0,0,0,100
18:13:07,8,5,6,11.2,0.05,0.15,0.05,18.2,241,136,187,334.0,0,0,0,100
18:13:07,8,5,6,11.2,0.05,0.15,0.05,17.9,241,136,187,334.0,0,0,0,100
18:13:07,8,5,6,11.2,0.05,0.15,0.05,18.0,241,136,187,334.0,0,0,0,100
18:13:07,8,5,6,11.2,0.05,0.15,0.05,18.0,241,136,187,334.0,0,0,0,100
18:13:07,8,5,6,11.2,0.05,0.15,0.05,18.2,241,136,187,334.0,0,0,0,100
18:13:07,3,4,7,8.6,0.03,0.13,0.05,18.0,109,136,225,285.0,0,0,0,100
18:13:07,3,4,7,8.6,0.03,0.13,0.05,18.2,109,136,225,285.0,0,0,0,100
18:13:07,3,4,7,8.6,0.03,0.13,0.05,18.0,109,136,225,285.0,0,0,0,100
18:13:07,3,4,7,8.6,0.03,0.13,0.05,18.1,109,136,225,285.0,0,0,0,100
18:13:08,3,4,7,8.6,0.03,0.13,0.05,18.1,109,136,225,285.0,2,0,0,100
18:13:08,3,4,7,8.6,0.03,0.13,0.05,18.1,109,136,225,285.0,2,0,0,100
18:13:08,3,4,7,8.6,0.03,0.13,0.05,18.1,109,136,225,285.0,2,0,0,100
18:13:08,3,4,7,8.6,0.03,0.13,0.05,18.1,109,136,225,285.0,2,0,0,100
18:13:08,3,4,7,8.6,0.03,0.13,0.05,18.2,109,136,225,285.0,2,0,0,100
18:13:08,3,4,7,8.6,0.03,0.13,0.05,17.9,109,136,225,285.0,2,0,0,100
18:13:08,8,4,5,10.2,0.1,0.16,0.09,18.2,214,117,164,294.0,2,0,0,100
18:13:08,8,4,5,10.2,0.1,0.16,0.09,18.2,214,117,164,294.0,2,0,0,100
18:13:08,8,4,5,10.2,0.1,0.16,0.09,18.0,214,117,164,294.0,2,0,0,100
18:13:08,8,4,5,10.2,0.1,0.16,0.09,18.1,214,117,164,294.0,2,0,0,100
18:13:09,8,4,5,10.2,0.1,0.16,0.09,17.9,214,117,164,294.0,0,0,1,100
18:13:09,8,4,5,10.2,0.1,0.16,0.09,18.0,214,117,164,294.0,0,0,1,100
18:13:09,8,4,5,10.2,0.1,0.16,0.09,18.1,214,117,164,294.0,0,0,1,100
18:13:09,8,4,5,10.2,0.1,0.16,0.09,17.9,214,117,164,294.0,0,0,1,100
18:13:09,8,4,5,10.2,0.1,0.16,0.09,18.2,214,117,164,294.0,0,0,1,100
18:13:09,8,4,5,10.2,0.1,0.16,0.09,18.2,214,117,164,294.0,0,0,1,100
18:13:09,7,3,5,9.1,0.12,0.24,0.08,18.2,214,105,160,287.0,0,0,1,100
18:13:09,7,3,5,9.1,0.12,0.24,0.08,18.0,214,105,160,287.0,0,0,1,100
18:13:09,7,3,5,9.1,0.12,0.24,0.08,18.2,214,105,160,287.0,0,0,1,100
18:13:09,7,3,5,9.1,0.12,0.24,0.08,18.0,214,105,160,287.0,0,0,1,100
18:13:10,7,3,5,9.1,0.12,0.24,0.08,18.3,214,105,160,287.0,0,1,0,100
18:13:10,7,3,5,9.1,0.12,0.24,0.08,17.9,214,105,160,287.0,0,1,0,100
18:13:10,7,3,5,9.1,0.12,0.24,0.08,18.2,214,105,160,287.0,0,1,0,100
18:13:10,7,3,5,9.1,0.12,0.24,0.08,18.2,214,105,160,287.0,0,1,0,100
18:13:10,7,3,5,9.1,0.12,0.24,0.08,17.9,214,105,160,287.0,0,1,0,100
18:13:10,7,3,5,9.1,0.12,0.24,0.08,18.0,214,105,160,287.0,0,1,0,100
18:13:10,5,4,7,9.5,0.12,0.22,0.06,18.0,150,37,160,222.0,0,1,0,100
18:13:10,5,4,7,9.5,0.12,0.22,0.06,18.0,150,37,160,222.0,0,1,0,100
18:13:10,5,4,7,9.5,0.12,0.22,0.06,17.9,150,37,160,222.0,0,1,0,100
18:13:10,5,4,7,9.5,0.12,0.22,0.06,17.9,150,37,160,222.0,0,1,0,100
18:13:11,5,4,7,9.5,0.12,0.22,0.06,18.2,150,37,160,222.0,0,1,3,100
18:13:11,5,4,7,9.5,0.12,0.22,0.06,18.2,150,37,160,222.0,0,1,3,100
18:13:11,5,4,7,9.5,0.12,0.22,0.06,17.9,150,37,160,222.0,0,1,3,100
18:13:11,5,4,7,9.5,0.12,0.22,0.06,18.2,150,37,160,222.0,0,1,3,100
18:13:11,5,4,7,9.5,0.12,0.22,0.06,18.2,150,37,160,222.0,0,1,3,100
18:13:11,5,4,7,9.5,0.12,0.22,0.06,18.0,150,37,160,222.0,0,1,3,100
18:13:11,8,3,5,9.9,0.04,0.34,0.1,18.0,199,84,144,260.0,0,1,3,100
18:13:11,8,3,5,9.9,0.04,0.34,0.1,18.2,199,84,144,260.0,0,1,3,100
18:13:11,8,3,5,9.9,0.04,0.34,0.1,18.2,199,84,144,260.0,0,1,3,100
18:13:12,8,3,5,9.9,0.04,0.34,0.1,18.1,199,84,144,260.0,0,1,3,100
18:13:12,8,3,5,9.9,0.04,0.34,0.1,17.9,199,84,144,260.0,0,0,0,100
18:13:12,8,3,5,9.9,0.04,0.34,0.1,18.3,199,84,144,260.0,0,0,0,100
18:13:12,8,3,5,9.9,0.04,0.34,0.1,18.4,199,84,144,260.0,0,0,0,100
18:13:12,8,3,5,9.9,0.04,0.34,0.1,18.1,199,84,144,260.0,0,0,0,100
18:13:12,8,3,5,9.9,0.04,0.34,0.1,18.2,199,84,144,260.0,0,0,0,100
18:13:12,8,3,5,9.9,0.04,0.34,0.1,17.9,199,84,144,260.0,0,0,0,100
18:13:12,5,4,7,9.5,0.05,0.14,0.05,18.0,105,119,219,270.0,0,0,0,100
18:13:12,5,4,7,9.5,0.05,0.14,0.05,18.2,105,119,219,270.0,0,0,0,100
18:13:12,5,4,7,9.5,0.05,0.14,0.05,18.2,105,119,219,270.0,0,0,0,100
18:13:12,5,4,7,9.5,0.05,0.14,0.05,18.2,105,119,219,270.0,0,0,0,100
18:13:13,5,4,7,9.5,0.05,0.14,0.05,18.2,105,119,219,270.0,1,0,0,100
18:13:13,5,4,7,9.5,0.05,0.14,0.05,17.9,105,119,219,270.0,1,0,0,100
18:13:13,5,4,7,9.5,0.05,0.14,0.05,18.3,105,119,219,270.0,1,0,0,100
18:13:13,5,4,7,9.5,0.05,0.14,0.05,18.0,105,119,219,270.0,1,0,0,100
18:13:13,5,4,7,9.5,0.05,0.14,0.05,18.2,105,119,219,270.0,1,0,0,100
18:13:13,5,4,7,9.5,0.05,0.14,0.05,18.2,105,119,219,270.0,1,0,0,100
18:13:13,10,6,7,13.6,0.11,0.19,0.05,18.1,276,167,188,373.0,1,0,0,100
18:13:13,10,6,7,13.6,0.11,0.19,0.05,17.9,276,167,188,373.0,1,0,0,100
18:13:13,10,6,7,13.6,0.11,0.19,0.05,17.9,276,167,188,373.0,1,0,0,100
18:13:14,10,6,7,13.6,0.11,0.19,0.05,17.9,276,167,188,373.0,1,0,0,100
18:13:14,10,6,7,13.6,0.11,0.19,0.05,18.1,276,167,188,373.0,0,0,3,100
18:13:14,10,6,7,13.6,0.11,0.19,0.05,18.2,276,167,188,373.0,0,0,3,100
18:13:14,10,6,7,13.6,0.11,0.19,0.05,17.9,276,167,188,373.0,0,0,3,100
18:13:14,10,6,7,13.6,0.11,0.19,0.05,18.1,276,167,188,373.0,0,0,3,100
18:13:14,10,6,7,13.6,0.11,0.19,0.05,18.2,276,167,188,373.0,0,0,3,100
18:13:14,10,6,7,13.6,0.11,0.19,0.05,18.2,276,167,188,373.0,0,0,3,100
18:13:14,8,5,6,11.2,0.09,0.15,0.05,18.0,261,161,178,355.0,0,0,3,100
18:13:14,8,5,6,11.2,0.09,0.15,0.05,18.1,261,161,178,355.0,0,0,3,100
18:13:14,8,5,6,11.2,0.09,0.15,0.05,18.2,261,161,178,355.0,0,0,3,100
18:13:15,8,5,6,11.2,0.09,0.15,0.05,17.9,261,161,178,355.0,0,0,3,100
18:13:15,8,5,6,11.2,0.09,0.15,0.05,18.2,261,161,178,355.0,0,0,0,100
18:13:15,8,5,6,11.2,0.09,0.15,0.05,17.9,261,161,178,355.0,0,0,0,100
18:13:15,8,5,6,11.2,0.09,0.15,0.05,18.2,261,161,178,355.0,0,0,0,100
18:13:15,8,5,6,11.2,0.09,0.15,0.05,18.3,261,161,178,355.0,0,0,0,100
18:13:15,8,5,6,11.2,0.09,0.15,0.05,18.0,261,161,178,355.0,0,0,0,100
18:13:15,8,5,6,11.2,0.09,0.15,0.05,18.2,261,161,178,355.0,0,0,0,100
18:13:15,4,4,8,9.8,0.04,0.15,0.07,18.1,112,128,214,273.0,0,0,0,100
18:13:15,4,4,8,9.8,0.04,0.15,0.07,18.1,112,128,214,273.0,0,0,0,100
18:13:15,4,4,8,9.8,0.04,0.15,0.07,17.9,112,128,214,273.0,0,0,0,100
18:13:16,4,4,8,9.8,0.04,0.15,0.07,18.1,112,128,214,273.0,0,0,0,100
18:13:16,4,4,8,9.8,0.04,0.15,0.07,18.1,112,128,214,273.0,1,0,0,100
18:13:16,4,4,8,9.8,0.04,0.15,0.07,18.2,112,128,214,273.0,1,0,0,100
18:13:16,4,4,8,9.8,0.04,0.15,0.07,18.0,112,128,214,273.0,1,0,0,100
18:13:16,4,4,8,9.8,0.04,0.15,0.07,17.9,112,128,214,273.0,1,0,0,100
18:13:16,4,4,8,9.8,0.04,0.15,0.07,18.2,112,128,214,273.0,1,0,0,100
18:13:16,4,4,8,9.8,0.04,0.15,0.07,18.1,112,128,214,273.0,1,0,0,100
18:13:16,6,3,4,7.8,0.04,0.13,0.09,18.0,169,98,146,244.0,1,0,0,100
18:13:16,6,3,4,7.8,0.04,0.13,0.09,18.0,169,98,146,244.0,1,0,0,100
18:13:16,6,3,4,7.8,0.04,0.13,0.09,18.2,169,98,146,244.0,1,0,0,100
18:13:17,6,3,4,7.8,0.04,0.13,0.09,18.1,169,98,146,244.0,1,0,0,100
18:13:17,6,3,4,7.8,0.04,0.13,0.09,18.0,169,98,146,244.0,0,0,3,100
18:13:17,6,3,4,7.8,0.04,0.13,0.09,18.0,169,98,146,244.0,0,0,3,100
18:13:17,6,3,4,7.8,0.04,0.13,0.09,18.2,169,98,146,244.0,0,0,3,100
18:13:17,6,3,4,7.8,0.04,0.13,0.09,18.0,169,98,146,244.0,0,0,3,100
18:13:17,6,3,4,7.8,0.04,0.13,0.09,18.2,169,98,146,244.0,0,0,3,100
18:13:17,6,3,4,7.8,0.04,0.13,0.09,18.0,169,98,146,244.0,0,0,3,100
18:13:17,6,2,6,8.7,0.08,0.15,0.07,18.0,142,39,158,216.0,0,0,3,100
18:13:17,6,2,6,8.7,0.08,0.15,0.07,18.0,142,39,158,216.0,0,0,3,100
18:13:18,6,2,6,8.7,0.08,0.15,0.07,18.2,142,39,158,216.0,0,0,3,100
18:13:18,6,2,6,8.7,0.08,0.15,0.07,17.9,142,39,158,216.0,0,0,3,100
18:13:18,6,2,6,8.7,0.08,0.15,0.07,18.0,142,39,158,216.0,2,1,0,100
18:13:18,6,2,6,8.7,0.08,0.15,0.07,18.0,142,39,158,216.0,2,1,0,100
18:13:18,6,2,6,8.7,0.08,0.15,0.07,18.2,142,39,158,216.0,2,1,0,100
18:13:18,6,2,6,8.7,0.08,0.15,0.07,18.1,142,39,158,216.0,2,1,0,100
18:13:18,6,2,6,8.7,0.08,0.15,0.07,18.2,142,39,158,216.0,2,1,0,100
18:13:18,6,2,6,8.7,0.08,0.15,0.07,17.9,142,39,158,216.0,2,1,0,100
18:13:18,7,3,4,8.6,0.05,0.16,0.04,17.9,186,72,135,241.0,2,1,0,100
18:13:18,7,3,4,8.6,0.05,0.16,0.04,18.2,186,72,135,241.0,2,1,0,100
18:13:18,7,3,4,8.6,0.05,0.16,0.04,17.9,186,72,135,241.0,2,1,0,100
18:13:19,7,3,4,8.6,0.05,0.16,0.04,18.2,186,72,135,241.0,2,1,0,100
18:13:19,7,3,4,8.6,0.05,0.16,0.04,18.2,186,72,135,241.0,0,0,0,100
18:13:19,7,3,4,8.6,0.05,0.16,0.04,18.0,186,72,135,241.0,0,0,0,100
18:13:19,7,3,4,8.6,0.05,0.16,0.04,17.9,186,72,135,241.0,0,0,0,100
18:13:19,7,3,4,8.6,0.05,0.16,0.04,17.9,186,72,135,241.0,0,0,0,100
18:13:19,7,3,4,8.6,0.05,0.16,0.04,17.8,186,72,135,241.0,0,0,0,100
18:13:19,7,3,4,8.6,0.05,0.16,0.04,18.1,186,72,135,241.0,0,0,0,100
18:13:19,7,6,7,11.6,0.05,0.19,0.06,17.9,203,114,171,289.0,0,0,0,100
18:13:19,7,6,7,11.6,0.05,0.19,0.06,18.2,203,114,171,289.0,0,0,0,100
18:13:20,7,6,7,11.6,0.05,0.19,0.06,18.1,203,114,171,289.0,0,0,0,100
18:13:20,7,6,7,11.6,0.05,0.19,0.06,18.0,203,114,171,289.0,0,0,0,100
18:13:20,7,6,7,11.6,0.05,0.19,0.06,17.9,203,114,171,289.0,0,0,0,100
18:13:20,7,6,7,11.6,0.05,0.19,0.06,18.2,203,114,171,289.0,0,0,0,100
18:13:20,7,6,7,11.6,0.05,0.19,0.06,18.2,203,114,171,289.0,0,0,0,100
18:13:20,7,6,7,11.6,0.05,0.19,0.06,17.9,203,114,171,289.0,0,0,0,100
18:13:20,7,6,7,11.6,0.05,0.19,0.06,18.1,203,114,171,289.0,0,0,0,100
18:13:20,7,6,7,11.6,0.05,0.19,0.06,18.2,203,114,171,289.0,0,0,0,100
18:13:20,5,5,7,9.9,0.03,0.11,0.07,18.1,133,129,219,287.0,0,0,0,100
18:13:20,5,5,7,9.9,0.03,0.11,0.07,18.1,133,129,219,287.0,0,0,0,100
18:13:20,5,5,7,9.9,0.03,0.11,0.07,17.9,133,129,219,287.0,0,0,0,100
18:13:21,5,5,7,9.9,0.03,0.11,0.07,17.9,133,129,219,287.0,0,0,0,100
18:13:21,5,5,7,9.9,0.03,0.11,0.07,18.0,133,129,219,287.0,1,0,0,100
18:13:21,5,5,7,9.9,0.03,0.11,0.07,18.2,133,129,219,287.0,1,0,0,100
18:13:21,5,5,7,9.9,0.03,0.11,0.07,18.2,133,129,219,287.0,1,0,0,100
18:13:21,5,5,7,9.9,0.03,0.11,0.07,18.2,133,129,219,287.0,1,0,0,100
18:13:21,5,5,7,9.9,0.03,0.11,0.07,18.0,133,129,219,287.0,1,0,0,100
18:13:21,5,5,7,9.9,0.03,0.11,0.07,18.2,133,129,219,287.0,1,0,0,100
18:13:21,8,4,7,11.4,0.07,0.2,0.05,17.9,228,131,199,330.0,1,0,0,100
18:13:21,8,4,7,11.4,0.07,0.2,0.05,18.1,228,131,199,330.0,1,0,0,100
18:13:21,8,4,7,11.4,0.07,0.2,0.05,18.2,228,131,199,330.0,1,0,0,100
18:13:22,8,4,7,11.4,0.07,0.2,0.05,17.9,228,131,199,330.0,1,0,0,100
18:13:22,8,4,7,11.4,0.07,0.2,0.05,18.1,228,131,199,330.0,0,0,1,100
18:13:22,8,4,7,11.4,0.07,0.2,0.05,17.9,228,131,199,330.0,0,0,1,100
18:13:22,8,4,7,11.4,0.07,0.2,0.05,18.1,228,131,199,330.0,0,0,1,100
18:13:22,8,4,7,11.4,0.07,0.2,0.05,18.2,228,131,199,330.0,0,0,1,100
18:13:22,8,4,7,11.4,0.07,0.2,0.05,17.9,228,131,199,330.0,0,0,1,100
18:13:22,8,4,7,11.4,0.07,0.2,0.05,18.2,228,131,199,330.0,0,0,1,100
18:13:22,8,5,7,11.7,0.1,0.19,0.07,18.1,228,134,197,330.0,0,0,1,100
18:13:22,8,5,7,11.7,0.1,0.19,0.07,18.2,228,134,197,330.0,0,0,1,100
18:13:22,8,5,7,11.7,0.1,0.19,0.07,17.9,228,134,197,330.0,0,0,1,100
18:13:23,8,5,7,11.7,0.1,0.19,0.07,18.1,228,134,197,330.0,0,0,1,100
18:13:23,8,5,7,11.7,0.1,0.19,0.07,17.9,228,134,197,330.0,1,0,0,100
18:13:23,8,5,7,11.7,0.1,0.19,0.07,18.1,228,134,197,330.0,1,0,0,100
18:13:23,8,5,7,11.7,0.1,0.19,0.07,17.9,228,134,197,330.0,1,0,0,100
18:13:23,8,5,7,11.7,0.1,0.19,0.07,18.2,228,134,197,330.0,1,0,0,100
18:13:23,8,5,7,11.7,0.1,0.19,0.07,18.0,228,134,197,330.0,1,0,0,100
18:13:23,8,5,7,11.7,0.1,0.19,0.07,18.1,228,134,197,330.0,1,0,0,100
18:13:23,6,6,10,13.1,0.05,0.14,0.08,18.1,100,109,218,263.0,1,0,0,100
18:13:23,6,6,10,13.1,0.05,0.14,0.08,18.0,100,109,218,263.0,1,0,0,100
18:13:24,6,6,10,13.1,0.05,0.14,0.08,18.1,100,109,218,263.0,1,0,0,100
18:13:24,6,6,10,13.1,0.05,0.14,0.08,18.0,100,109,218,263.0,1,0,0,100
18:13:24,6,6,10,13.1,0.05,0.14,0.08,18.0,100,109,218,263.0,4,0,0,100
18:13:24,6,6,10,13.1,0.05,0.14,0.08,17.9,100,109,218,263.0,4,0,0,100
18:13:24,6,6,10,13.1,0.05,0.14,0.08,18.0,100,109,218,263.0,4,0,0,100
18:13:24,6,6,10,13.1,0.05,0.14,0.08,18.0,100,109,218,263.0,4,0,0,100
18:13:24,6,6,10,13.1,0.05,0.14,0.08,18.0,100,109,218,263.0,4,0,0,100
18:13:24,6,6,10,13.1,0.05,0.14,0.08,18.2,100,109,218,263.0,4,0,0,100
18:13:24,6,2,3,7.0,0.06,0.15,0.08,18.0,171,55,110,211.0,4,0,0,100
18:13:24,6,2,3,7.0,0.06,0.15,0.08,18.0,171,55,110,211.0,4,0,0,100
18:13:25,6,2,3,7.0,0.06,0.15,0.08,17.9,171,55,110,211.0,4,0,0,100
18:13:25,6,2,3,7.0,0.06,0.15,0.08,18.2,171,55,110,211.0,4,0,0,100
18:13:25,6,2,3,7.0,0.06,0.15,0.08,17.9,171,55,110,211.0,0,1,0,100
18:13:25,6,2,3,7.0,0.06,0.15,0.08,18.3,171,55,110,211.0,0,1,0,100
18:13:25,6,2,3,7.0,0.06,0.15,0.08,18.1,171,55,110,211.0,0,1,0,100
18:13:25,6,2,3,7.0,0.06,0.15,0.08,18.0,171,55,110,211.0,0,1,0,100
18:13:25,6,2,3,7.0,0.06,0.15,0.08,17.9,171,55,110,211.0,0,1,0,100
18:13:25,6,2,3,7.0,0.06,0.15,0.08,17.9,171,55,110,211.0,0,1,0,100
18:13:25,4,2,6,7.5,0.12,0.2,0.07,18.0,119,52,171,215.0,0,1,0,100
18:13:25,4,2,6,7.5,0.12,0.2,0.07,17.9,119,52,171,215.0,0,1,0,100
18:13:26,4,2,6,7.5,0.12,0.2,0.07,18.1,119,52,171,215.0,0,1,0,100
18:13:26,4,2,6,7.5,0.12,0.2,0.07,17.9,119,52,171,215.0,0,1,0,100
18:13:26,4,2,6,7.5,0.12,0.2,0.07,18.0,119,52,171,215.0,0,0,0,100
18:13:26,4,2,6,7.5,0.12,0.2,0.07,18.1,119,52,171,215.0,0,0,0,100
18:13:26,4,2,6,7.5,0.12,0.2,0.07,17.9,119,52,171,215.0,0,0,0,100
18:13:26,4,2,6,7.5,0.12,0.2,0.07,18.2,119,52,171,215.0,0,0,0,100
18:13:26,4,2,6,7.5,0.12,0.2,0.07,18.2,119,52,171,215.0,0,0,0,100
18:13:26,4,2,6,7.5,0.12,0.2,0.07,18.0,119,52,171,215.0,0,0,0,100
18:13:26,7,3,5,9.1,0.08,0.14,0.06,18.0,201,99,150,270.0,0,0,0,100
18:13:26,7,3,5,9.1,0.08,0.14,0.06,18.1,201,99,150,270.0,0,0,0,100
18:13:27,7,3,5,9.1,0.08,0.14,0.06,17.9,201,99,150,270.0,0,0,0,100
18:13:27,7,3,5,9.1,0.08,0.14,0.06,18.2,201,99,150,270.0,0,0,0,100
18:13:27,7,3,5,9.1,0.08,0.14,0.06,18.0,201,99,150,270.0,0,0,1,100
18:13:27,7,3,5,9.1,0.08,0.14,0.06,18.2,201,99,150,270.0,0,0,1,100
18:13:27,7,3,5,9.1,0.08,0.14,0.06,17.9,201,99,150,270.0,0,0,1,100
18:13:27,7,3,5,9.1,0.08,0.14,0.06,18.0,201,99,150,270.0,0,0,1,100
18:13:27,7,3,5,9.1,0.08,0.14,0.06,18.1,201,99,150,270.0,0,0,1,100
18:13:27,7,3,5,9.1,0.08,0.14,0.06,18.1,201,99,150,270.0,0,0,1,100
18:13:27,6,4,7,10.0,0.06,0.1,0.07,18.2,186,122,212,307.0,0,0,1,100
18:13:27,6,4,7,10.0,0.06,0.1,0.07,18.0,186,122,212,307.0,0,0,1,100
18:13:28,6,4,7,10.0,0.06,0.1,0.07,18.1,186,122,212,307.0,0,0,1,100
18:13:28,6,4,7,10.0,0.06,0.1,0.07,18.0,186,122,212,307.0,0,0,1,100
18:13:28,6,4,7,10.0,0.06,0.1,0.07,17.9,186,122,212,307.0,1,0,0,100
18:13:28,6,4,7,10.0,0.06,0.1,0.07,18.1,186,122,212,307.0,1,0,0,100
18:13:28,6,4,7,10.0,0.06,0.1,0.07,18.1,186,122,212,307.0,1,0,0,100
18:13:28,6,4,7,10.0,0.06,0.1,0.07,18.1,186,122,212,307.0,1,0,0,100
18:13:28,6,4,7,10.0,0.06,0.1,0.07,18.2,186,122,212,307.0,1,0,0,100
18:13:28,6,4,7,10.0,0.06,0.1,0.07,18.0,186,122,212,307.0,1,0,0,100
18:13:28,6,5,9,11.9,0.05,0.13,0.07,18.0,176,153,263,352.0,1,0,0,100
18:13:28,6,5,9,11.9,0.05,0.13,0.07,17.9,176,153,263,352.0,1,0,0,100
18:13:29,6,5,9,11.9,0.05,0.13,0.07,18.1,176,153,263,352.0,1,0,0,100
18:13:29,6,5,9,11.9,0.05,0.13,0.07,17.9,176,153,263,352.0,1,0,0,100
18:13:29,6,5,9,11.9,0.05,0.13,0.07,17.9,176,153,263,352.0,0,0,0,100
18:13:29,6,5,9,11.9,0.05,0.13,0.07,18.0,176,153,263,352.0,0,0,0,100
18:13:29,6,5,9,11.9,0.05,0.13,0.07,18.2,176,153,263,352.0,0,0,0,100
18:13:29,6,5,9,11.9,0.05,0.13,0.07,17.9,176,153,263,352.0,0,0,0,100
18:13:29,6,5,9,11.9,0.05,0.13,0.07,18.1,176,153,263,352.0,0,0,0,100
18:13:29,6,5,9,11.9,0.05,0.13,0.07,17.9,176,153,263,352.0,0,0,0,100
18:13:29,8,5,6,11.2,0.08,0.17,0.07,17.9,242,153,182,339.0,0,0,0,100
18:13:29,8,5,6,11.2,0.08,0.17,0.07,17.9,242,153,182,339.0,0,0,0,100
18:13:30,8,5,6,11.2,0.08,0.17,0.07,18.0,242,153,182,339.0,0,0,0,100
18:13:30,8,5,6,11.2,0.08,0.17,0.07,18.2,242,153,182,339.0,0,0,0,100
18:13:30,8,5,6,11.2,0.08,0.17,0.07,18.2,242,153,182,339.0,0,0,0,100
18:13:30,8,5,6,11.2,0.08,0.17,0.07,17.9,242,153,182,339.0,0,0,0,100
18:13:30,8,5,6,11.2,0.08,0.17,0.07,18.0,242,153,182,339.0,0,0,0,100
18:13:30,8,5,6,11.2,0.08,0.17,0.07,18.0,242,153,182,339.0,0,0,0,100
18:13:30,8,5,6,11.2,0.08,0.17,0.07,18.0,242,153,182,339.0,0,0,0,100
18:13:30,8,5,6,11.2,0.08,0.17,0.07,18.2,242,153,182,339.0,0,0,0,100
18:13:30,8,4,7,11.4,0.1,0.15,0.05,17.8,232,127,185,323.0,0,0,0,100
18:13:30,8,4,7,11.4,0.1,0.15,0.05,18.1,232,127,185,323.0,0,0,0,100
18:13:31,8,4,7,11.4,0.1,0.15,0.05,18.1,232,127,185,323.0,0,0,0,100
18:13:31,8,4,7,11.4,0.1,0.15,0.05,17.9,232,127,185,323.0,0,0,0,100
18:13:31,8,4,7,11.4,0.1,0.15,0.05,17.9,232,127,185,323.0,2,0,0,100
18:13:31,8,4,7,11.4,0.1,0.15,0.05,18.1,232,127,185,323.0,2,0,0,100
18:13:31,8,4,7,11.4,0.1,0.15,0.05,18.2,232,127,185,323.0,2,0,0,100
18:13:31,8,4,7,11.4,0.1,0.15,0.05,18.1,232,127,185,323.0,2,0,0,100
18:13:31,8,4,7,11.4,0.1,0.15,0.05,18.2,232,127,185,323.0,2,0,0,100
18:13:31,8,4,7,11.4,0.1,0.15,0.05,18.1,232,127,185,323.0,2,0,0,100
18:13:31,5,3,7,9.1,0.04,0.16,0.09,18.2,151,83,175,246.0,2,0,0,100
18:13:31,5,3,7,9.1,0.04,0.16,0.09,18.1,151,83,175,246.0,2,0,0,100
18:13:32,5,3,7,9.1,0.04,0.16,0.09,18.2,151,83,175,246.0,2,0,0,100
18:13:32,5,3,7,9.1,0.04,0.16,0.09,18.2,151,83,175,246.0,2,0,0,100
18:13:32,5,3,7,9.1,0.04,0.16,0.09,18.0,151,83,175,246.0,0,1,1,100
18:13:32,5,3,7,9.1,0.04,0.16,0.09,18.0,151,83,175,246.0,0,1,1,100
18:13:32,5,3,7,9.1,0.04,0.16,0.09,18.0,151,83,175,246.0,0,1,1,100
18:13:32,5,3,7,9.1,0.04,0.16,0.09,18.1,151,83,175,246.0,0,1,1,100
18:13:32,5,3,7,9.1,0.04,0.16,0.09,18.1,151,83,175,246.0,0,1,1,100
18:13:32,5,3,7,9.1,0.04,0.16,0.09,18.0,151,83,175,246.0,0,1,1,100
18:13:32,5,2,4,6.7,0.03,0.16,0.1,18.2,161,33,104,194.0,0,1,1,100
18:13:32,5,2,4,6.7,0.03,0.16,0.1,18.2,161,33,104,194.0,0,1,1,100
18:13:33,5,2,4,6.7,0.03,0.16,0.1,18.1,161,33,104,194.0,0,1,1,100
18:13:33,5,2,4,6.7,0.03,0.16,0.1,18.0,161,33,104,194.0,0,1,1,100
18:13:33,5,2,4,6.7,0.03,0.16,0.1,18.2,161,33,104,194.0,0,2,0,100
18:13:33,5,2,4,6.7,0.03,0.16,0.1,18.1,161,33,104,194.0,0,2,0,100
18:13:33,5,2,4,6.7,0.03,0.16,0.1,18.1,161,33,104,194.0,0,2,0,100
18:13:33,5,2,4,6.7,0.03,0.16,0.1,18.2,161,33,104,194.0,0,2,0,100
18:13:33,5,2,4,6.7,0.03,0.16,0.1,18.3,161,33,104,194.0,0,2,0,100
18:13:33,5,2,4,6.7,0.03,0.16,0.1,18.1,161,33,104,194.0,0,2,0,100
18:13:33,6,4,9,11.5,0.05,0.19,0.04,18.0,149,97,189,259.0,0,2,0,100
18:13:33,6,4,9,11.5,0.05,0.19,0.04,18.2,149,97,189,259.0,0,2,0,100
18:13:34,6,4,9,11.5,0.05,0.19,0.04,18.1,149,97,189,259.0,0,2,0,100
18:13:34,6,4,9,11.5,0.05,0.19,0.04,18.0,149,97,189,259.0,0,2,0,100
18:13:34,6,4,9,11.5,0.05,0.19,0.04,18.1,149,97,189,259.0,2,0,0,100
18:13:34,6,4,9,11.5,0.05,0.19,0.04,17.9,149,97,189,259.0,2,0,0,100
18:13:34,6,4,9,11.5,0.05,0.19,0.04,18.2,149,97,189,259.0,2,0,0,100
18:13:34,6,4,9,11.5,0.05,0.19,0.04,18.1,149,97,189,259.0,2,0,0,100
18:13:34,6,4,9,11.5,0.05,0.19,0.04,18.2,149,97,189,259.0,2,0,0,100
18:13:34,6,4,9,11.5,0.05,0.19,0.04,18.0,149,97,189,259.0,2,0,0,100
18:13:34,8,5,5,10.7,0.08,0.2,0.03,18.2,244,129,132,306.0,2,0,0,100
18:13:34,8,5,5,10.7,0.08,0.2,0.03,18.2,244,129,132,306.0,2,0,0,100
18:13:35,8,5,5,10.7,0.08,0.2,0.03,18.2,244,129,132,306.0,2,0,0,100
18:13:35,8,5,5,10.7,0.08,0.2,0.03,18.4,244,129,132,306.0,2,0,0,100
18:13:35,8,5,5,10.7,0.08,0.2,0.03,17.9,244,129,132,306.0,0,0,2,100
18:13:35,8,5,5,10.7,0.08,0.2,0.03,18.0,244,129,132,306.0,0,0,2,100
18:13:35,8,5,5,10.7,0.08,0.2,0.03,17.9,244,129,132,306.0,0,0,2,100
18:13:35,8,5,5,10.7,0.08,0.2,0.03,18.1,244,129,132,306.0,0,0,2,100
18:13:35,8,5,5,10.7,0.08,0.2,0.03,18.1,244,129,132,306.0,0,0,2,100
18:13:35,8,5,5,10.7,0.08,0.2,0.03,18.1,244,129,132,306.0,0,0,2,100
18:13:35,8,7,12,16.0,0.04,0.24,0.1,17.9,208,143,259,362.0,0,0,2,100
18:13:35,8,7,12,16.0,0.04,0.24,0.1,18.1,208,143,259,362.0,0,0,2,100
18:13:36,8,7,12,16.0,0.04,0.24,0.1,18.0,208,143,259,362.0,0,0,2,100
18:13:36,8,7,12,16.0,0.04,0.24,0.1,18.0,208,143,259,362.0,0,0,2,100
18:13:36,8,7,12,16.0,0.04,0.24,0.1,18.0,208,143,259,362.0,3,0,0,100
18:13:36,8,7,12,16.0,0.04,0.24,0.1,18.0,208,143,259,362.0,3,0,0,100
18:13:36,8,7,12,16.0,0.04,0.24,0.1,17.9,208,143,259,362.0,3,0,0,100
18:13:36,8,7,12,16.0,0.04,0.24,0.1,18.2,208,143,259,362.0,3,0,0,100
18:13:36,8,7,12,16.0,0.04,0.24,0.1,18.1,208,143,259,362.0,3,0,0,100
18:13:36,8,7,12,16.0,0.04,0.24,0.1,18.0,208,143,259,362.0,3,0,0,100
18:13:36,5,6,10,12.7,0.03,0.15,0.07,17.8,148,154,257,334.0,3,0,0,100
18:13:36,5,6,10,12.7,0.03,0.15,0.07,18.0,148,154,257,334.0,3,0,0,100
18:13:37,5,6,10,12.7,0.03,0.15,0.07,18.1,148,154,257,334.0,3,0,0,100
18:13:37,5,6,10,12.7,0.03,0.15,0.07,17.9,148,154,257,334.0,3,0,0,100
18:13:37,5,6,10,12.7,0.03,0.15,0.07,17.9,148,154,257,334.0,0,0,0,100
18:13:37,5,6,10,12.7,0.03,0.15,0.07,18.2,148,154,257,334.0,0,0,0,100
18:13:37,5,6,10,12.7,0.03,0.15,0.07,17.9,148,154,257,334.0,0,0,0,100
18:13:37,5,6,10,12.7,0.03,0.15,0.07,18.0,148,154,257,334.0,0,0,0,100
18:13:37,5,6,10,12.7,0.03,0.15,0.07,18.1,148,154,257,334.0,0,0,0,100
18:13:37,5,6,10,12.7,0.03,0.15,0.07,18.1,148,154,257,334.0,0,0,0,100
18:13:37,7,4,5,9.5,0.09,0.13,0.09,17.7,213,122,129,277.0,0,0,0,100
18:13:37,7,4,5,9.5,0.09,0.13,0.09,18.0,213,122,129,277.0,0,0,0,100
18:13:38,7,4,5,9.5,0.09,0.13,0.09,18.2,213,122,129,277.0,0,0,0,100
18:13:38,7,4,5,9.5,0.09,0.13,0.09,18.0,213,122,129,277.0,0,0,0,100
18:13:38,7,4,5,9.5,0.09,0.13,0.09,17.9,213,122,129,277.0,0,0,1,100
18:13:38,7,4,5,9.5,0.09,0.13,0.09,18.1,213,122,129,277.0,0,0,1,100
18:13:38,7,4,5,9.5,0.09,0.13,0.09,18.2,213,122,129,277.0,0,0,1,100
18:13:38,7,4,5,9.5,0.09,0.13,0.09,17.9,213,122,129,277.0,0,0,1,100
18:13:38,7,4,5,9.5,0.09,0.13,0.09,18.2,213,122,129,277.0,0,0,1,100
18:13:38,7,4,5,9.5,0.09,0.13,0.09,17.9,213,122,129,277.0,0,0,1,100
18:13:38,7,4,5,9.5,0.1,0.13,0.03,17.9,179,91,150,251.0,0,0,1,100
18:13:39,7,4,5,9.5,0.1,0.13,0.03,18.0,179,91,150,251.0,0,0,1,100
18:13:39,7,4,5,9.5,0.1,0.13,0.03,18.0,179,91,150,251.0,0,0,1,100
18:13:39,7,4,5,9.5,0.1,0.13,0.03,18.2,179,91,150,251.0,0,0,1,100
18:13:39,7,4,5,9.5,0.1,0.13,0.03,18.1,179,91,150,251.0,1,0,0,100
18:13:39,7,4,5,9.5,0.1,0.13,0.03,17.9,179,91,150,251.0,1,0,0,100
18:13:39,7,4,5,9.5,0.1,0.13,0.03,17.9,179,91,150,251.0,1,0,0,100
18:13:39,7,4,5,9.5,0.1,0.13,0.03,18.1,179,91,150,251.0,1,0,0,100
18:13:39,7,4,5,9.5,0.1,0.13,0.03,17.9,179,91,150,251.0,1,0,0,100
18:13:39,7,4,5,9.5,0.1,0.13,0.03,18.0,179,91,150,251.0,1,0,0,100
18:13:39,6,2,4,7.5,0.03,0.1,0.04,17.9,150,40,130,202.0,1,0,0,100
18:13:39,6,2,4,7.5,0.03,0.1,0.04,17.9,150,40,130,202.0,1,0,0,100
18:13:40,6,2,4,7.5,0.03,0.1,0.04,18.2,150,40,130,202.0,1,0,0,100
18:13:40,6,2,4,7.5,0.03,0.1,0.04,18.0,150,40,130,202.0,1,0,0,100
18:13:40,6,2,4,7.5,0.03,0.1,0.04,17.9,150,40,130,202.0,0,1,1,100
18:13:40,6,2,4,7.5,0.03,0.1,0.04,18.1,150,40,130,202.0,0,1,1,100
18:13:40,6,2,4,7.5,0.03,0.1,0.04,18.1,150,40,130,202.0,0,1,1,100
18:13:40,6,2,4,7.5,0.03,0.1,0.04,18.1,150,40,130,202.0,0,1,1,100
18:13:40,6,2,4,7.5,0.03,0.1,0.04,18.0,150,40,130,202.0,0,1,1,100
18:13:40,6,2,4,7.5,0.03,0.1,0.04,17.9,150,40,130,202.0,0,1,1,100
18:13:40,5,2,6,8.1,0.06,0.17,0.09,18.1,142,71,169,232.0,0,1,1,100
18:13:41,5,2,6,8.1,0.06,0.17,0.09,18.1,142,71,169,232.0,0,1,1,100
18:13:41,5,2,6,8.1,0.06,0.17,0.09,18.0,142,71,169,232.0,0,1,1,100
18:13:41,5,2,6,8.1,0.06,0.17,0.09,17.9,142,71,169,232.0,0,1,1,100
18:13:41,5,2,6,8.1,0.06,0.17,0.09,17.9,142,71,169,232.0,0,0,0,100
18:13:41,5,2,6,8.1,0.06,0.17,0.09,18.0,142,71,169,232.0,0,0,0,100
18:13:41,5,2,6,8.1,0.06,0.17,0.09,18.1,142,71,169,232.0,0,0,0,100
18:13:41,5,2,6,8.1,0.06,0.17,0.09,18.3,142,71,169,232.0,0,0,0,100
18:13:41,5,2,6,8.1,0.06,0.17,0.09,18.2,142,71,169,232.0,0,0,0,100
18:13:41,5,2,6,8.1,0.06,0.17,0.09,18.4,142,71,169,232.0,0,0,0,100
18:13:41,6,4,7,10.0,0.12,0.24,0.07,17.9,173,110,183,275.0,0,0,0,100
18:13:42,6,4,7,10.0,0.12,0.24,0.07,18.2,173,110,183,275.0,0,0,0,100
18:13:42,6,4,7,10.0,0.12,0.24,0.07,18.0,173,110,183,275.0,0,0,0,100
18:13:42,6,4,7,10.0,0.12,0.24,0.07,18.0,173,110,183,275.0,0,0,0,100
18:13:42,6,4,7,10.0,0.12,0.24,0.07,18.1,173,110,183,275.0,0,0,0,100
18:13:42,6,4,7,10.0,0.12,0.24,0.07,18.1,173,110,183,275.0,0,0,0,100
18:13:42,6,4,7,10.0,0.12,0.24,0.07,17.9,173,110,183,275.0,0,0,0,100
18:13:42,6,4,7,10.0,0.12,0.24,0.07,18.1,173,110,183,275.0,0,0,0,100
18:13:42,6,4,7,10.0,0.12,0.24,0.07,17.9,173,110,183,275.0,0,0,0,100
18:13:42,6,4,7,10.0,0.12,0.24,0.07,17.9,173,110,183,275.0,0,0,0,100
18:13:42,8,5,4,10.2,0.1,0.19,0.05,18.2,238,148,133,310.0,0,0,0,100
18:13:43,8,5,4,10.2,0.1,0.19,0.05,17.9,238,148,133,310.0,0,0,0,100
18:13:43,8,5,4,10.2,0.1,0.19,0.05,17.9,238,148,133,310.0,0,0,0,100
18:13:43,8,5,4,10.2,0.1,0.19,0.05,18.2,238,148,133,310.0,0,0,0,100
18:13:43,8,5,4,10.2,0.1,0.19,0.05,17.9,238,148,133,310.0,0,0,1,100
18:13:43,8,5,4,10.2,0.1,0.19,0.05,18.2,238,148,133,310.0,0,0,1,100
18:13:43,8,5,4,10.2,0.1,0.19,0.05,18.2,238,148,133,310.0,0,0,1,100
18:13:43,8,5,4,10.2,0.1,0.19,0.05,18.1,238,148,133,310.0,0,0,1,100
18:13:43,8,5,4,10.2,0.1,0.19,0.05,17.9,238,148,133,310.0,0,0,1,100
18:13:43,8,5,4,10.2,0.1,0.19,0.05,17.9,238,148,133,310.0,0,0,1,100
18:13:43,6,5,8,11.2,0.07,0.09,0.06,17.9,198,148,243,347.0,0,0,1,100
18:13:44,6,5,8,11.2,0.07,0.09,0.06,17.9,198,148,243,347.0,0,0,1,100
18:13:44,6,5,8,11.2,0.07,0.09,0.06,17.9,198,148,243,347.0,0,0,1,100
18:13:44,6,5,8,11.2,0.07,0.09,0.06,18.1,198,148,243,347.0,0,0,1,100
18:13:44,6,5,8,11.2,0.07,0.09,0.06,18.2,198,148,243,347.0,1,0,0,100
18:13:44,6,5,8,11.2,0.07,0.09,0.06,18.0,198,148,243,347.0,1,0,0,100
18:13:44,6,5,8,11.2,0.07,0.09,0.06,18.0,198,148,243,347.0,1,0,0,100
18:13:44,6,5,8,11.2,0.07,0.09,0.06,18.2,198,148,243,347.0,1,0,0,100
18:13:44,6,5,8,11.2,0.07,0.09,0.06,18.1,198,148,243,347.0,1,0,0,100
18:13:44,6,5,8,11.2,0.07,0.09,0.06,17.9,198,148,243,347.0,1,0,0,100
18:13:44,6,4,8,10.8,0.05,0.13,0.09,18.2,186,131,240,331.0,1,0,0,100
18:13:45,6,4,8,10.8,0.05,0.13,0.09,18.0,186,131,240,331.0,1,0,0,100
18:13:45,6,4,8,10.8,0.05,0.13,0.09,17.9,186,131,240,331.0,1,0,0,100
18:13:45,6,4,8,10.8,0.05,0.13,0.09,18.2,186,131,240,331.0,1,0,0,100
18:13:45,6,4,8,10.8,0.05,0.13,0.09,18.2,186,131,240,331.0,0,0,0,100
18:13:45,6,4,8,10.8,0.05,0.13,0.09,17.9,186,131,240,331.0,0,0,0,100
18:13:45,6,4,8,10.8,0.05,0.13,0.09,17.9,186,131,240,331.0,0,0,0,100
18:13:45,6,4,8,10.8,0.05,0.13,0.09,18.1,186,131,240,331.0,0,0,0,100
18:13:45,6,4,8,10.8,0.05,0.13,0.09,18.1,186,131,240,331.0,0,0,0,100
18:13:45,6,4,8,10.8,0.05,0.13,0.09,17.8,186,131,240,331.0,0,0,0,100
18:13:45,9,4,3,10.3,0.09,0.14,0.06,18.0,236,127,94,284.0,0,0,0,100
18:13:46,9,4,3,10.3,0.09,0.14,0.06,18.2,236,127,94,284.0,0,0,0,100
18:13:46,9,4,3,10.3,0.09,0.14,0.06,17.9,236,127,94,284.0,0,0,0,100
18:13:46,9,4,3,10.3,0.09,0.14,0.06,18.1,236,127,94,284.0,0,0,0,100
18:13:46,9,4,3,10.3,0.09,0.14,0.06,18.0,236,127,94,284.0,0,0,0,100
18:13:46,9,4,3,10.3,0.09,0.14,0.06,17.9,236,127,94,284.0,0,0,0,100
18:13:46,9,4,3,10.3,0.09,0.14,0.06,18.0,236,127,94,284.0,0,0,0,100
18:13:46,9,4,3,10.3,0.09,0.14,0.06,18.1,236,127,94,284.0,0,0,0,100
18:13:46,9,4,3,10.3,0.09,0.14,0.06,18.0,236,127,94,284.0,0,0,0,100
18:13:46,9,4,3,10.3,0.09,0.14,0.06,18.1,236,127,94,284.0,0,0,0,100
18:13:46,9,7,7,13.4,0.09,0.12,0.03,18.0,176,108,146,253.0,0,0,0,100
18:13:47,9,7,7,13.4,0.09,0.12,0.03,18.0,176,108,146,253.0,0,0,0,100
18:13:47,9,7,7,13.4,0.09,0.12,0.03,18.0,176,108,146,253.0,0,0,0,100
18:13:47,9,7,7,13.4,0.09,0.12,0.03,17.9,176,108,146,253.0,0,0,0,100
18:13:47,9,7,7,13.4,0.09,0.12,0.03,18.0,176,108,146,253.0,0,6,0,100
18:13:47,9,7,7,13.4,0.09,0.12,0.03,18.2,176,108,146,253.0,0,6,0,100
18:13:47,9,7,7,13.4,0.09,0.12,0.03,17.9,176,108,146,253.0,0,6,0,100
18:13:47,9,7,7,13.4,0.09,0.12,0.03,18.2,176,108,146,253.0,0,6,0,100
18:13:47,9,7,7,13.4,0.09,0.12,0.03,18.2,176,108,146,253.0,0,6,0,100
18:13:47,9,7,7,13.4,0.09,0.12,0.03,18.0,176,108,146,253.0,0,6,0,100
18:13:48,6,2,4,7.5,0.05,0.18,0.06,18.2,159,47,110,199.0,0,6,0,100
18:13:48,6,2,4,7.5,0.05,0.18,0.06,18.0,159,47,110,199.0,0,6,0,100
18:13:48,6,2,4,7.5,0.05,0.18,0.06,17.9,159,47,110,199.0,0,6,0,100
18:13:48,6,2,4,7.5,0.05,0.18,0.06,18.0,159,47,110,199.0,0,6,0,100
18:13:48,6,2,4,7.5,0.05,0.18,0.06,18.2,159,47,110,199.0,0,0,1,100
18:13:48,6,2,4,7.5,0.05,0.18,0.06,18.0,159,47,110,199.0,0,0,1,100
18:13:48,6,2,4,7.5,0.05,0.18,0.06,17.9,159,47,110,199.0,0,0,1,100
18:13:48,6,2,4,7.5,0.05,0.18,0.06,18.0,159,47,110,199.0,0,0,1,100
18:13:48,6,2,4,7.5,0.05,0.18,0.06,18.0,159,47,110,199.0,0,0,1,100
18:13:48,6,2,4,7.5,0.05,0.18,0.06,18.1,159,47,110,199.0,0,0,1,100
18:13:48,5,4,8,10.2,0.03,0.19,0.06,18.2,151,99,183,257.0,0,0,1,100
18:13:49,5,4,8,10.2,0.03,0.19,0.06,18.2,151,99,183,257.0,0,0,1,100
18:13:49,5,4,8,10.2,0.03,0.19,0.06,18.2,151,99,183,257.0,0,0,1,100
18:13:49,5,4,8,10.2,0.03,0.19,0.06,18.1,151,99,183,257.0,0,0,1,100
18:13:49,5,4,8,10.2,0.03,0.19,0.06,18.4,151,99,183,257.0,3,0,0,100
18:13:49,5,4,8,10.2,0.03,0.19,0.06,18.2,151,99,183,257.0,3,0,0,100
18:13:49,5,4,8,10.2,0.03,0.19,0.06,17.9,151,99,183,257.0,3,0,0,100
18:13:49,5,4,8,10.2,0.03,0.19,0.06,17.9,151,99,183,257.0,3,0,0,100
18:13:49,5,4,8,10.2,0.03,0.19,0.06,18.0,151,99,183,257.0,3,0,0,100
18:13:49,5,4,8,10.2,0.03,0.19,0.06,18.2,151,99,183,257.0,3,0,0,100
18:13:49,7,6,7,11.6,0.06,0.23,0.04,18.1,211,141,214,332.0,3,0,0,100
18:13:50,7,6,7,11.6,0.06,0.23,0.04,17.9,211,141,214,332.0,3,0,0,100
18:13:50,7,6,7,11.6,0.06,0.23,0.04,17.9,211,141,214,332.0,3,0,0,100
18:13:50,7,6,7,11.6,0.06,0.23,0.04,18.0,211,141,214,332.0,3,0,0,100
18:13:50,7,6,7,11.6,0.06,0.23,0.04,18.1,211,141,214,332.0,0,0,0,100
18:13:50,7,6,7,11.6,0.06,0.23,0.04,18.1,211,141,214,332.0,0,0,0,100
18:13:50,7,6,7,11.6,0.06,0.23,0.04,17.9,211,141,214,332.0,0,0,0,100
18:13:50,7,6,7,11.6,0.06,0.23,0.04,18.2,211,141,214,332.0,0,0,0,100
18:13:50,7,6,7,11.6,0.06,0.23,0.04,18.1,211,141,214,332.0,0,0,0,100
18:13:50,7,6,7,11.6,0.06,0.23,0.04,18.0,211,141,214,332.0,0,0,0,100
18:13:51,10,7,5,13.2,0.07,0.18,0.04,18.0,272,160,151,350.0,0,0,0,100
18:13:51,10,7,5,13.2,0.07,0.18,0.04,18.2,272,160,151,350.0,0,0,0,100
18:13:51,10,7,5,13.2,0.07,0.18,0.04,17.9,272,160,151,350.0,0,0,0,100
18:13:51,10,7,5,13.2,0.07,0.18,0.04,18.0,272,160,151,350.0,0,0,0,100
18:13:51,10,7,5,13.2,0.07,0.18,0.04,18.0,272,160,151,350.0,0,0,0,100
18:13:51,10,7,5,13.2,0.07,0.18,0.04,18.0,272,160,151,350.0,0,0,0,100
18:13:51,10,7,5,13.2,0.07,0.18,0.04,17.9,272,160,151,350.0,0,0,0,100
18:13:51,10,7,5,13.2,0.07,0.18,0.04,17.9,272,160,151,350.0,0,0,0,100
18:13:51,10,7,5,13.2,0.07,0.18,0.04,18.0,272,160,151,350.0,0,0,0,100
18:13:51,10,7,5,13.2,0.07,0.18,0.04,18.1,272,160,151,350.0,0,0,0,100
18:13:51,6,5,8,11.2,0.05,0.15,0.04,17.9,179,140,228,322.0,0,0,0,100
18:13:52,6,5,8,11.2,0.05,0.15,0.04,18.0,179,140,228,322.0,0,0,0,100
18:13:52,6,5,8,11.2,0.05,0.15,0.04,18.1,179,140,228,322.0,0,0,0,100
18:13:52,6,5,8,11.2,0.05,0.15,0.04,17.9,179,140,228,322.0,0,0,0,100
18:13:52,6,5,8,11.2,0.05,0.15,0.04,18.3,179,140,228,322.0,0,0,0,100
18:13:52,6,5,8,11.2,0.05,0.15,0.04,18.2,179,140,228,322.0,0,0,0,100
18:13:52,6,5,8,11.2,0.05,0.15,0.04,18.2,179,140,228,322.0,0,0,0,100
18:13:52,6,5,8,11.2,0.05,0.15,0.04,18.0,179,140,228,322.0,0,0,0,100
18:13:52,6,5,8,11.2,0.05,0.15,0.04,18.0,179,140,228,322.0,0,0,0,100
18:13:52,6,5,8,11.2,0.05,0.15,0.04,18.2,179,140,228,322.0,0,0,0,100
18:13:53,6,3,6,9.0,0.03,0.1,0.05,18.0,167,100,190,272.0,0,0,0,100
18:13:53,6,3,6,9.0,0.03,0.1,0.05,18.1,167,100,190,272.0,0,0,0,100
18:13:53,6,3,6,9.0,0.03,0.1,0.05,17.9,167,100,190,272.0,0,0,0,100
18:13:53,6,3,6,9.0,0.03,0.1,0.05,18.0,167,100,190,272.0,0,0,0,100
18:13:53,6,3,6,9.0,0.03,0.1,0.05,18.1,167,100,190,272.0,0,0,1,100
18:13:53,6,3,6,9.0,0.03,0.1,0.05,18.3,167,100,190,272.0,0,0,1,100
18:13:53,6,3,6,9.0,0.03,0.1,0.05,18.2,167,100,190,272.0,0,0,1,100
18:13:53,6,3,6,9.0,0.03,0.1,0.05,18.2,167,100,190,272.0,0,0,1,100
18:13:53,6,3,6,9.0,0.03,0.1,0.05,18.1,167,100,190,272.0,0,0,1,100
18:13:53,6,3,6,9.0,0.03,0.1,0.05,18.1,167,100,190,272.0,0,0,1,100
18:13:54,6,2,4,7.5,0.08,0.16,0.07,18.1,173,69,115,219.0,0,0,1,100
18:13:54,6,2,4,7.5,0.08,0.16,0.07,18.0,173,69,115,219.0,0,0,1,100
18:13:54,6,2,4,7.5,0.08,0.16,0.07,17.9,173,69,115,219.0,0,0,1,100
18:13:54,6,2,4,7.5,0.08,0.16,0.07,18.2,173,69,115,219.0,0,0,1,100
18:13:54,6,2,4,7.5,0.08,0.16,0.07,18.1,173,69,115,219.0,0,0,0,100
18:13:54,6,2,4,7.5,0.08,0.16,0.07,17.9,173,69,115,219.0,0,0,0,100
18:13:54,6,2,4,7.5,0.08,0.16,0.07,17.9,173,69,115,219.0,0,0,0,100
18:13:54,6,2,4,7.5,0.08,0.16,0.07,18.1,173,69,115,219.0,0,0,0,100
18:13:54,6,2,4,7.5,0.08,0.16,0.07,18.2,173,69,115,219.0,0,0,0,100
18:13:54,6,2,4,7.5,0.08,0.16,0.07,18.3,173,69,115,219.0,0,0,0,100
18:13:55,4,1,5,6.5,0.05,0.21,0.04,18.2,110,32,144,184.0,0,0,0,100
18:13:55,4,1,5,6.5,0.05,0.21,0.04,18.0,110,32,144,184.0,0,0,0,100
18:13:55,4,1,5,6.5,0.05,0.21,0.04,18.0,110,32,144,184.0,0,0,0,100
18:13:55,4,1,5,6.5,0.05,0.21,0.04,18.1,110,32,144,184.0,0,0,0,100
18:13:55,4,1,5,6.5,0.05,0.21,0.04,18.2,110,32,144,184.0,1,0,0,100
18:13:55,4,1,5,6.5,0.05,0.21,0.04,18.1,110,32,144,184.0,1,0,0,100
18:13:55,4,1,5,6.5,0.05,0.21,0.04,18.1,110,32,144,184.0,1,0,0,100
18:13:55,4,1,5,6.5,0.05,0.21,0.04,18.0,110,32,144,184.0,1,0,0,100
18:13:55,4,1,5,6.5,0.05,0.21,0.04,18.0,110,32,144,184.0,1,0,0,100
18:13:55,4,1,5,6.5,0.05,0.21,0.04,18.1,110,32,144,184.0,1,0,0,100
18:13:56,4,1,5,6.5,0.05,0.21,0.04,18.2,110,32,144,184.0,1,0,0,100
18:13:56,5,3,3,6.6,0.04,0.12,0.05,17.9,160,81,103,207.0,1,0,0,100
18:13:56,5,3,3,6.6,0.04,0.12,0.05,17.9,160,81,103,207.0,1,0,0,100
18:13:56,5,3,3,6.6,0.04,0.12,0.05,18.1,160,81,103,207.0,1,0,0,100
18:13:56,5,3,3,6.6,0.04,0.12,0.05,17.9,160,81,103,207.0,0,0,0,100
18:13:56,5,3,3,6.6,0.04,0.12,0.05,18.2,160,81,103,207.0,0,0,0,100
18:13:56,5,3,3,6.6,0.04,0.12,0.05,18.2,160,81,103,207.0,0,0,0,100
18:13:56,5,3,3,6.6,0.04,0.12,0.05,18.1,160,81,103,207.0,0,0,0,100
18:13:56,5,3,3,6.6,0.04,0.12,0.05,18.2,160,81,103,207.0,0,0,0,100
18:13:56,5,3,3,6.6,0.04,0.12,0.05,18.0,160,81,103,207.0,0,0,0,100
18:13:57,5,3,3,6.6,0.04,0.12,0.05,18.1,160,81,103,207.0,0,0,0,100
18:13:57,5,6,8,11.2,0.05,0.18,0.1,18.2,142,127,211,284.0,0,0,0,100
18:13:57,5,6,8,11.2,0.05,0.18,0.1,18.1,142,127,211,284.0,0,0,0,100
18:13:57,5,6,8,11.2,0.05,0.18,0.1,18.1,142,127,211,284.0,0,0,0,100
18:13:57,5,6,8,11.2,0.05,0.18,0.1,17.8,142,127,211,284.0,1,0,0,100
18:13:57,5,6,8,11.2,0.05,0.18,0.1,18.1,142,127,211,284.0,1,0,0,100
18:13:57,5,6,8,11.2,0.05,0.18,0.1,18.0,142,127,211,284.0,1,0,0,100
18:13:57,5,6,8,11.2,0.05,0.18,0.1,18.0,142,127,211,284.0,1,0,0,100
18:13:57,5,6,8,11.2,0.05,0.18,0.1,18.0,142,127,211,284.0,1,0,0,100
18:13:57,5,6,8,11.2,0.05,0.18,0.1,18.1,142,127,211,284.0,1,0,0,100
18:13:58,5,6,8,11.2,0.05,0.18,0.1,18.2,142,127,211,284.0,1,0,0,100
18:13:58,8,5,7,11.7,0.07,0.13,0.05,18.1,230,145,209,343.0,1,0,0,100
18:13:58,8,5,7,11.7,0.07,0.13,0.05,18.2,230,145,209,343.0,1,0,0,100
18:13:58,8,5,7,11.7,0.07,0.13,0.05,18.2,230,145,209,343.0,1,0,0,100
18:13:58,8,5,7,11.7,0.07,0.13,0.05,18.2,230,145,209,343.0,0,0,1,100
18:13:58,8,5,7,11.7,0.07,0.13,0.05,18.0,230,145,209,343.0,0,0,1,100
18:13:58,8,5,7,11.7,0.07,0.13,0.05,18.0,230,145,209,343.0,0,0,1,100
18:13:58,8,5,7,11.7,0.07,0.13,0.05,18.1,230,145,209,343.0,0,0,1,100
18:13:58,8,5,7,11.7,0.07,0.13,0.05,18.2,230,145,209,343.0,0,0,1,100
18:13:58,8,5,7,11.7,0.07,0.13,0.05,18.0,230,145,209,343.0,0,0,1,100
18:13:59,8,5,7,11.7,0.07,0.13,0.05,18.1,230,145,209,343.0,0,0,1,100
18:13:59,9,7,10,15.2,0.07,0.21,0.04,17.9,233,153,183,333.0,0,0,1,100
18:13:59,9,7,10,15.2,0.07,0.21,0.04,18.2,233,153,183,333.0,0,0,1,100
18:13:59,9,7,10,15.2,0.07,0.21,0.04,17.9,233,153,183,333.0,0,0,1,100
18:13:59,9,7,10,15.2,0.07,0.21,0.04,18.2,233,153,183,333.0,0,0,1,100
18:13:59,9,7,10,15.2,0.07,0.21,0.04,17.9,233,153,183,333.0,0,0,1,100
18:13:59,9,7,10,15.2,0.07,0.21,0.04,17.9,233,153,183,333.0,0,0,1,100
18:13:59,9,7,10,15.2,0.07,0.21,0.04,18.0,233,153,183,333.0,0,0,1,100
18:13:59,9,7,10,15.2,0.07,0.21,0.04,18.1,233,153,183,333.0,0,0,1,100
18:13:59,9,7,10,15.2,0.07,0.21,0.04,17.9,233,153,183,333.0,0,0,1,100
18:14:00,9,7,10,15.2,0.07,0.21,0.04,18.1,233,153,183,333.0,0,0,1,100
18:14:00,7,4,8,11.4,0.05,0.16,0.08,17.9,189,124,224,318.0,0,0,1,100
18:14:00,7,4,8,11.4,0.05,0.16,0.08,18.0,189,124,224,318.0,0,0,1,100
18:14:00,7,4,8,11.4,0.05,0.16,0.08,17.9,189,124,224,318.0,0,0,1,100
18:14:00,7,4,8,11.4,0.05,0.16,0.08,18.1,189,124,224,318.0,2,0,0,100
18:14:00,7,4,8,11.4,0.05,0.16,0.08,18.1,189,124,224,318.0,2,0,0,100
18:14:00,7,4,8,11.4,0.05,0.16,0.08,18.2,189,124,224,318.0,2,0,0,100
18:14:00,7,4,8,11.4,0.05,0.16,0.08,18.1,189,124,224,318.0,2,0,0,100
18:14:00,7,4,8,11.4,0.05,0.16,0.08,18.2,189,124,224,318.0,2,0,0,100
18:14:00,7,4,8,11.4,0.05,0.16,0.08,18.2,189,124,224,318.0,2,0,0,100
18:14:01,7,4,8,11.4,0.05,0.16,0.08,18.0,189,124,224,318.0,2,0,0,100
18:14:01,7,4,8,11.4,0.03,0.14,0.08,18.1,190,93,196,288.0,2,0,0,100
18:14:01,7,4,8,11.4,0.03,0.14,0.08,18.0,190,93,196,288.0,2,0,0,100
18:14:01,7,4,8,11.4,0.03,0.14,0.08,17.9,190,93,196,288.0,2,0,0,100
18:14:01,7,4,8,11.4,0.03,0.14,0.08,18.1,190,93,196,288.0,0,0,0,100
18:14:01,7,4,8,11.4,0.03,0.14,0.08,18.2,190,93,196,288.0,0,0,0,100
18:14:01,7,4,8,11.4,0.03,0.14,0.08,18.2,190,93,196,288.0,0,0,0,100
18:14:01,7,4,8,11.4,0.03,0.14,0.08,18.2,190,93,196,288.0,0,0,0,100
18:14:01,7,4,8,11.4,0.03,0.14,0.08,18.1,190,93,196,288.0,0,0,0,100
18:14:01,7,4,8,11.4,0.03,0.14,0.08,18.1,190,93,196,288.0,0,0,0,100
18:14:02,7,4,8,11.4,0.03,0.14,0.08,18.2,190,93,196,288.0,0,0,0,100
18:14:02,5,1,4,6.5,0.04,0.11,0.04,18.1,152,41,132,205.0,0,0,0,100
18:14:02,5,1,4,6.5,0.04,0.11,0.04,18.1,152,41,132,205.0,0,0,0,100
18:14:02,5,1,4,6.5,0.04,0.11,0.04,18.2,152,41,132,205.0,0,0,0,100
18:14:02,5,1,4,6.5,0.04,0.11,0.04,17.9,152,41,132,205.0,0,3,0,100
18:14:02,5,1,4,6.5,0.04,0.11,0.04,17.9,152,41,132,205.0,0,3,0,100
18:14:02,5,1,4,6.5,0.04,0.11,0.04,17.9,152,41,132,205.0,0,3,0,100
18:14:02,5,1,4,6.5,0.04,0.11,0.04,18.1,152,41,132,205.0,0,3,0,100
18:14:02,5,1,4,6.5,0.04,0.11,0.04,18.2,152,41,132,205.0,0,3,0,100
18:14:02,5,1,4,6.5,0.04,0.11,0.04,17.9,152,41,132,205.0,0,3,0,100
18:14:03,5,1,4,6.5,0.04,0.11,0.04,18.2,152,41,132,205.0,0,3,0,100
18:14:03,6,3,4,7.8,0.04,0.15,0.02,18.1,140,61,140,207.0,0,3,0,100
18:14:03,6,3,4,7.8,0.04,0.15,0.02,18.2,140,61,140,207.0,0,3,0,100
18:14:03,6,3,4,7.8,0.04,0.15,0.02,17.9,140,61,140,207.0,0,3,0,100
18:14:03,6,3,4,7.8,0.04,0.15,0.02,18.4,140,61,140,207.0,0,0,2,100
18:14:03,6,3,4,7.8,0.04,0.15,0.02,18.0,140,61,140,207.0,0,0,2,100
18:14:03,6,3,4,7.8,0.04,0.15,0.02,17.9,140,61,140,207.0,0,0,2,100
18:14:03,6,3,4,7.8,0.04,0.15,0.02,18.2,140,61,140,207.0,0,0,2,100
18:14:03,6,3,4,7.8,0.04,0.15,0.02,17.9,140,61,140,207.0,0,0,2,100
18:14:03,6,3,4,7.8,0.04,0.15,0.02,17.9,140,61,140,207.0,0,0,2,100
18:14:04,6,3,4,7.8,0.04,0.15,0.02,17.9,140,61,140,207.0,0,0,2,100
18:14:04,7,9,5,12.4,0.06,0.2,0.09,18.2,196,127,144,274.0,0,0,2,100
18:14:04,7,9,5,12.4,0.06,0.2,0.09,18.2,196,127,144,274.0,0,0,2,100
18:14:04,7,9,5,12.4,0.06,0.2,0.09,18.2,196,127,144,274.0,0,0,2,100
18:14:04,7,9,5,12.4,0.06,0.2,0.09,18.1,196,127,144,274.0,0,0,2,100
18:14:04,7,9,5,12.4,0.06,0.2,0.09,18.1,196,127,144,274.0,0,0,2,100
18:14:04,7,9,5,12.4,0.06,0.2,0.09,17.9,196,127,144,274.0,0,0,2,100
18:14:04,7,9,5,12.4,0.06,0.2,0.09,18.1,196,127,144,274.0,0,0,2,100
18:14:04,7,9,5,12.4,0.06,0.2,0.09,18.1,196,127,144,274.0,0,0,2,100
18:14:04,7,9,5,12.4,0.06,0.2,0.09,18.0,196,127,144,274.0,0,0,2,100
18:14:05,7,9,5,12.4,0.06,0.2,0.09,18.0,196,127,144,274.0,0,0,2,100
18:14:05,6,5,8,11.2,0.05,0.22,0.08,18.0,181,137,237,328.0,0,0,2,100
18:14:05,6,5,8,11.2,0.05,0.22,0.08,18.2,181,137,237,328.0,0,0,2,100
18:14:05,6,5,8,11.2,0.05,0.22,0.08,17.9,181,137,237,328.0,0,0,2,100
18:14:05,6,5,8,11.2,0.05,0.22,0.08,18.2,181,137,237,328.0,1,0,0,100
18:14:05,6,5,8,11.2,0.05,0.22,0.08,18.1,181,137,237,328.0,1,0,0,100
18:14:05,6,5,8,11.2,0.05,0.22,0.08,18.2,181,137,237,328.0,1,0,0,100
18:14:05,6,5,8,11.2,0.05,0.22,0.08,17.9,181,137,237,328.0,1,0,0,100
18:14:05,6,5,8,11.2,0.05,0.22,0.08,17.9,181,137,237,328.0,1,0,0,100
18:14:05,6,5,8,11.2,0.05,0.22,0.08,18.0,181,137,237,328.0,1,0,0,100
18:14:06,6,5,8,11.2,0.05,0.22,0.08,18.1,181,137,237,328.0,1,0,0,100
18:14:06,9,6,8,13.5,0.03,0.19,0.04,18.0,228,147,231,356.0,1,0,0,100
18:14:06,9,6,8,13.5,0.03,0.19,0.04,18.1,228,147,231,356.0,1,0,0,100
18:14:06,9,6,8,13.5,0.03,0.19,0.04,18.1,228,147,231,356.0,1,0,0,100
18:14:06,9,6,8,13.5,0.03,0.19,0.04,17.9,228,147,231,356.0,0,0,0,100
18:14:06,9,6,8,13.5,0.03,0.19,0.04,18.0,228,147,231,356.0,0,0,0,100
18:14:06,9,6,8,13.5,0.03,0.19,0.04,17.9,228,147,231,356.0,0,0,0,100
18:14:06,9,6,8,13.5,0.03,0.19,0.04,18.0,228,147,231,356.0,0,0,0,100
18:14:06,9,6,8,13.5,0.03,0.19,0.04,17.9,228,147,231,356.0,0,0,0,100
18:14:06,9,6,8,13.5,0.03,0.19,0.04,18.2,228,147,231,356.0,0,0,0,100
18:14:07,9,6,8,13.5,0.03,0.19,0.04,17.9,228,147,231,356.0,0,0,0,100
18:14:07,11,6,5,13.5,0.15,0.27,0.05,17.9,300,175,133,372.0,0,0,0,100
18:14:07,11,6,5,13.5,0.15,0.27,0.05,17.9,300,175,133,372.0,0,0,0,100
18:14:07,11,6,5,13.5,0.15,0.27,0.05,18.0,300,175,133,372.0,0,0,0,100
18:14:07,11,6,5,13.5,0.15,0.27,0.05,18.1,300,175,133,372.0,0,0,0,100
18:14:07,11,6,5,13.5,0.15,0.27,0.05,18.2,300,175,133,372.0,0,0,0,100
18:14:07,11,6,5,13.5,0.15,0.27,0.05,18.0,300,175,133,372.0,0,0,0,100
18:14:07,11,6,5,13.5,0.15,0.27,0.05,18.2,300,175,133,372.0,0,0,0,100
18:14:07,11,6,5,13.5,0.15,0.27,0.05,18.0,300,175,133,372.0,0,0,0,100
18:14:07,11,6,5,13.5,0.15,0.27,0.05,18.2,300,175,133,372.0,0,0,0,100
18:14:08,11,6,5,13.5,0.15,0.27,0.05,18.0,300,175,133,372.0,0,0,0,100
18:14:08,9,5,7,12.4,0.1,0.31,0.09,18.2,228,132,204,333.0,0,0,0,100
18:14:08,9,5,7,12.4,0.1,0.31,0.09,18.2,228,132,204,333.0,0,0,0,100
18:14:08,9,5,7,12.4,0.1,0.31,0.09,18.0,228,132,204,333.0,0,0,0,100
18:14:08,9,5,7,12.4,0.1,0.31,0.09,18.0,228,132,204,333.0,0,0,0,100
18:14:08,9,5,7,12.4,0.1,0.31,0.09,18.2,228,132,204,333.0,0,0,0,100
18:14:08,9,5,7,12.4,0.1,0.31,0.09,18.0,228,132,204,333.0,0,0,0,100
18:14:08,9,5,7,12.4,0.1,0.31,0.09,18.0,228,132,204,333.0,0,0,0,100
18:14:08,9,5,7,12.4,0.1,0.31,0.09,18.1,228,132,204,333.0,0,0,0,100
18:14:09,9,5,7,12.4,0.1,0.31,0.09,17.9,228,132,204,333.0,0,0,0,100
18:14:09,9,5,7,12.4,0.1,0.31,0.09,18.0,228,132,204,333.0,0,0,0,100
18:14:09,5,3,7,9.1,0.05,0.14,0.08,18.0,138,61,143,208.0,0,0,0,100
18:14:09,5,3,7,9.1,0.05,0.14,0.08,18.1,138,61,143,208.0,0,0,0,100
18:14:09,5,3,7,9.1,0.05,0.14,0.08,18.1,138,61,143,208.0,0,0,0,100
18:14:09,5,3,7,9.1,0.05,0.14,0.08,18.2,138,61,143,208.0,0,1,1,100
18:14:09,5,3,7,9.1,0.05,0.14,0.08,17.9,138,61,143,208.0,0,1,1,100
18:14:09,5,3,7,9.1,0.05,0.14,0.08,18.1,138,61,143,208.0,0,1,1,100
18:14:09,5,3,7,9.1,0.05,0.14,0.08,18.1,138,61,143,208.0,0,1,1,100
18:14:09,5,3,7,9.1,0.05,0.14,0.08,18.2,138,61,143,208.0,0,1,1,100
18:14:09,5,3,7,9.1,0.05,0.14,0.08,17.9,138,61,143,208.0,0,1,1,100
18:14:10,5,3,7,9.1,0.05,0.14,0.08,18.2,138,61,143,208.0,0,1,1,100
18:14:10,4,1,5,6.5,0.04,0.11,0.05,17.9,122,39,136,187.0,0,1,1,100
18:14:10,4,1,5,6.5,0.04,0.11,0.05,18.1,122,39,136,187.0,0,1,1,100
18:14:10,4,1,5,6.5,0.04,0.11,0.05,18.4,122,39,136,187.0,0,1,1,100
18:14:10,4,1,5,6.5,0.04,0.11,0.05,18.0,122,39,136,187.0,2,0,0,100
18:14:10,4,1,5,6.5,0.04,0.11,0.05,18.0,122,39,136,187.0,2,0,0,100
18:14:10,4,1,5,6.5,0.04,0.11,0.05,17.9,122,39,136,187.0,2,0,0,100
18:14:10,4,1,5,6.5,0.04,0.11,0.05,18.2,122,39,136,187.0,2,0,0,100
18:14:10,4,1,5,6.5,0.04,0.11,0.05,18.1,122,39,136,187.0,2,0,0,100
18:14:11,4,1,5,6.5,0.04,0.11,0.05,17.9,122,39,136,187.0,2,0,0,100
18:14:11,4,1,5,6.5,0.04,0.11,0.05,17.9,122,39,136,187.0,2,0,0,100
18:14:11,7,3,6,9.7,0.09,0.19,0.03,18.1,192,94,155,264.0,2,0,0,100
18:14:11,7,3,6,9.7,0.09,0.19,0.03,18.2,192,94,155,264.0,2,0,0,100
18:14:11,7,3,6,9.7,0.09,0.19,0.03,17.9,192,94,155,264.0,2,0,0,100
18:14:11,7,3,6,9.7,0.09,0.19,0.03,18.2,192,94,155,264.0,0,0,0,100
18:14:11,7,3,6,9.7,0.09,0.19,0.03,17.9,192,94,155,264.0,0,0,0,100
18:14:11,7,3,6,9.7,0.09,0.19,0.03,18.1,192,94,155,264.0,0,0,0,100
18:14:11,7,3,6,9.7,0.09,0.19,0.03,18.1,192,94,155,264.0,0,0,0,100
18:14:11,7,3,6,9.7,0.09,0.19,0.03,18.0,192,94,155,264.0,0,0,0,100
18:14:12,7,3,6,9.7,0.09,0.19,0.03,17.9,192,94,155,264.0,0,0,0,100
18:14:12,7,3,6,9.7,0.09,0.19,0.03,18.1,192,94,155,264.0,0,0,0,100
18:14:12,8,5,6,11.2,0.05,0.16,0.07,17.9,224,152,188,330.0,0,0,0,100
18:14:12,8,5,6,11.2,0.05,0.16,0.07,17.9,224,152,188,330.0,0,0,0,100
18:14:12,8,5,6,11.2,0.05,0.16,0.07,18.1,224,152,188,330.0,0,0,0,100
18:14:12,8,5,6,11.2,0.05,0.16,0.07,18.1,224,152,188,330.0,0,0,0,100
18:14:12,8,5,6,11.2,0.05,0.16,0.07,18.1,224,152,188,330.0,0,0,0,100
18:14:12,8,5,6,11.2,0.05,0.16,0.07,17.9,224,152,188,330.0,0,0,0,100
18:14:12,8,5,6,11.2,0.05,0.16,0.07,18.1,224,152,188,330.0,0,0,0,100
18:14:12,8,5,6,11.2,0.05,0.16,0.07,18.2,224,152,188,330.0,0,0,0,100
18:14:13,8,5,6,11.2,0.05,0.16,0.07,17.9,224,152,188,330.0,0,0,0,100
18:14:13,8,5,6,11.2,0.05,0.16,0.07,18.2,224,152,188,330.0,0,0,0,100
18:14:13,5,5,12,13.9,0.05,0.17,0.12,18.4,164,161,252,341.0,0,0,0,100
18:14:13,5,5,12,13.9,0.05,0.17,0.12,18.0,164,161,252,341.0,0,0,0,100
18:14:13,5,5,12,13.9,0.05,0.17,0.12,17.9,164,161,252,341.0,0,0,0,100
18:14:13,5,5,12,13.9,0.05,0.17,0.12,18.3,164,161,252,341.0,3,0,0,100
18:14:13,5,5,12,13.9,0.05,0.17,0.12,18.1,164,161,252,341.0,3,0,0,100
18:14:13,5,5,12,13.9,0.05,0.17,0.12,18.2,164,161,252,341.0,3,0,0,100
18:14:13,5,5,12,13.9,0.05,0.17,0.12,18.0,164,161,252,341.0,3,0,0,100
18:14:13,5,5,12,13.9,0.05,0.17,0.12,18.0,164,161,252,341.0,3,0,0,100
18:14:14,5,5,12,13.9,0.05,0.17,0.12,18.0,164,161,252,341.0,3,0,0,100
18:14:14,5,5,12,13.9,0.05,0.17,0.12,18.0,164,161,252,341.0,3,0,0,100
18:14:14,10,6,7,13.6,0.09,0.23,0.11,18.1,211,145,200,325.0,3,0,0,100
18:14:14,10,6,7,13.6,0.09,0.23,0.11,18.2,211,145,200,325.0,3,0,0,100
18:14:14,10,6,7,13.6,0.09,0.23,0.11,17.9,211,145,200,325.0,3,0,0,100
18:14:14,10,6,7,13.6,0.09,0.23,0.11,17.9,211,145,200,325.0,0,0,1,100
18:14:14,10,6,7,13.6,0.09,0.23,0.11,18.1,211,145,200,325.0,0,0,1,100
18:14:14,10,6,7,13.6,0.09,0.23,0.11,17.9,211,145,200,325.0,0,0,1,100
18:14:14,10,6,7,13.6,0.09,0.23,0.11,18.0,211,145,200,325.0,0,0,1,100
18:14:14,10,6,7,13.6,0.09,0.23,0.11,17.9,211,145,200,325.0,0,0,1,100
18:14:15,10,6,7,13.6,0.09,0.23,0.11,18.2,211,145,200,325.0,0,0,1,100
18:14:15,10,6,7,13.6,0.09,0.23,0.11,18.1,211,145,200,325.0,0,0,1,100
18:14:15,8,4,5,10.2,0.1,0.14,0.05,18.0,238,130,160,315.0,0,0,1,100
18:14:15,8,4,5,10.2,0.1,0.14,0.05,18.2,238,130,160,315.0,0,0,1,100
18:14:15,8,4,5,10.2,0.1,0.14,0.05,18.1,238,130,160,315.0,0,0,1,100
18:14:15,8,4,5,10.2,0.1,0.14,0.05,18.1,238,130,160,315.0,0,0,1,100
18:14:15,8,4,5,10.2,0.1,0.14,0.05,17.9,238,130,160,315.0,0,0,1,100
18:14:15,8,4,5,10.2,0.1,0.14,0.05,17.9,238,130,160,315.0,0,0,1,100
18:14:15,8,4,5,10.2,0.1,0.14,0.05,18.1,238,130,160,315.0,0,0,1,100
18:14:15,8,4,5,10.2,0.1,0.14,0.05,17.9,238,130,160,315.0,0,0,1,100
18:14:16,8,4,5,10.2,0.1,0.14,0.05,18.2,238,130,160,315.0,0,0,1,100
18:14:16,8,4,5,10.2,0.1,0.14,0.05,17.9,238,130,160,315.0,0,0,1,100
18:14:16,5,2,6,8.1,0.06,0.11,0.09,18.0,127,78,170,226.0,0,0,1,100
18:14:16,5,2,6,8.1,0.06,0.11,0.09,18.2,127,78,170,226.0,0,0,1,100
18:14:16,5,2,6,8.1,0.06,0.11,0.09,18.1,127,78,170,226.0,0,0,1,100
18:14:16,5,2,6,8.1,0.06,0.11,0.09,18.0,127,78,170,226.0,1,0,0,100
18:14:16,5,2,6,8.1,0.06,0.11,0.09,18.2,127,78,170,226.0,1,0,0,100
18:14:16,5,2,6,8.1,0.06,0.11,0.09,18.1,127,78,170,226.0,1,0,0,100
18:14:16,5,2,6,8.1,0.06,0.11,0.09,18.0,127,78,170,226.0,1,0,0,100
18:14:16,5,2,6,8.1,0.06,0.11,0.09,17.9,127,78,170,226.0,1,0,0,100
18:14:17,5,2,6,8.1,0.06,0.11,0.09,18.1,127,78,170,226.0,1,0,0,100
18:14:17,5,2,6,8.1,0.06,0.11,0.09,17.9,127,78,170,226.0,1,0,0,100
18:14:17,5,2,5,7.3,0.06,0.14,0.09,17.9,154,32,109,191.0,1,0,0,100
18:14:17,5,2,5,7.3,0.06,0.14,0.09,17.9,154,32,109,191.0,1,0,0,100
18:14:17,5,2,5,7.3,0.06,0.14,0.09,18.0,154,32,109,191.0,1,0,0,100
18:14:17,5,2,5,7.3,0.06,0.14,0.09,18.2,154,32,109,191.0,0,3,0,100
18:14:17,5,2,5,7.3,0.06,0.14,0.09,18.1,154,32,109,191.0,0,3,0,100
18:14:17,5,2,5,7.3,0.06,0.14,0.09,17.9,154,32,109,191.0,0,3,0,100
18:14:17,5,2,5,7.3,0.06,0.14,0.09,18.1,154,32,109,191.0,0,3,0,100
18:14:17,5,2,5,7.3,0.06,0.14,0.09,18.1,154,32,109,191.0,0,3,0,100
18:14:18,5,2,5,7.3,0.06,0.14,0.09,18.2,154,32,109,191.0,0,3,0,100
18:14:18,5,2,5,7.3,0.06,0.14,0.09,18.1,154,32,109,191.0,0,3,0,100
18:14:18,3,2,6,7.0,0.07,0.1,0.04,18.2,122,78,179,230.0,0,3,0,100
18:14:18,3,2,6,7.0,0.07,0.1,0.04,17.9,122,78,179,230.0,0,3,0,100
18:14:18,3,2,6,7.0,0.07,0.1,0.04,17.9,122,78,179,230.0,0,3,0,100
18:14:18,3,2,6,7.0,0.07,0.1,0.04,18.0,122,78,179,230.0,0,0,0,100
18:14:18,3,2,6,7.0,0.07,0.1,0.04,18.0,122,78,179,230.0,0,0,0,100
18:14:18,3,2,6,7.0,0.07,0.1,0.04,18.2,122,78,179,230.0,0,0,0,100
18:14:18,3,2,6,7.0,0.07,0.1,0.04,18.1,122,78,179,230.0,0,0,0,100
18:14:18,3,2,6,7.0,0.07,0.1,0.04,17.9,122,78,179,230.0,0,0,0,100
18:14:19,3,2,6,7.0,0.07,0.1,0.04,18.2,122,78,179,230.0,0,0,0,100
18:14:19,3,2,6,7.0,0.07,0.1,0.04,18.2,122,78,179,230.0,0,0,0,100
18:14:19,7,4,6,10.0,0.07,0.1,0.05,18.1,208,108,188,300.0,0,0,0,100
18:14:19,7,4,6,10.0,0.07,0.1,0.05,18.2,208,108,188,300.0,0,0,0,100
18:14:19,7,4,6,10.0,0.07,0.1,0.05,17.9,208,108,188,300.0,0,0,0,100
18:14:19,7,4,6,10.0,0.07,0.1,0.05,18.2,208,108,188,300.0,0,0,2,100
18:14:19,7,4,6,10.0,0.07,0.1,0.05,18.1,208,108,188,300.0,0,0,2,100
18:14:19,7,4,6,10.0,0.07,0.1,0.05,18.2,208,108,188,300.0,0,0,2,100
18:14:19,7,4,6,10.0,0.07,0.1,0.05,18.1,208,108,188,300.0,0,0,2,100
18:14:19,7,4,6,10.0,0.07,0.1,0.05,18.2,208,108,188,300.0,0,0,2,100
18:14:20,7,4,6,10.0,0.07,0.1,0.05,17.9,208,108,188,300.0,0,0,2,100
18:14:20,7,4,6,10.0,0.07,0.1,0.05,18.0,208,108,188,300.0,0,0,2,100
18:14:20,8,5,6,11.2,0.03,0.08,0.05,18.2,227,136,193,328.0,0,0,2,100
18:14:20,8,5,6,11.2,0.03,0.08,0.05,18.0,227,136,193,328.0,0,0,2,100
18:14:20,8,5,6,11.2,0.03,0.08,0.05,17.9,227,136,193,328.0,0,0,2,100
18:14:20,8,5,6,11.2,0.03,0.08,0.05,18.0,227,136,193,328.0,0,0,0,100
18:14:20,8,5,6,11.2,0.03,0.08,0.05,18.3,227,136,193,328.0,0,0,0,100
18:14:20,8,5,6,11.2,0.03,0.08,0.05,18.1,227,136,193,328.0,0,0,0,100
18:14:20,8,5,6,11.2,0.03,0.08,0.05,18.1,227,136,193,328.0,0,0,0,100
18:14:21,8,5,6,11.2,0.03,0.08,0.05,18.1,227,136,193,328.0,0,0,0,100
18:14:21,8,5,6,11.2,0.03,0.08,0.05,18.1,227,136,193,328.0,0,0,0,100
18:14:21,8,5,6,11.2,0.03,0.08,0.05,18.2,227,136,193,328.0,0,0,0,100
18:14:21,3,4,8,9.4,0.02,0.14,0.03,17.9,110,137,234,293.0,0,0,0,100
18:14:21,3,4,8,9.4,0.02,0.14,0.03,18.0,110,137,234,293.0,0,0,0,100
18:14:21,3,4,8,9.4,0.02,0.14,0.03,17.9,110,137,234,293.0,0,0,0,100
18:14:21,3,4,8,9.4,0.02,0.14,0.03,18.1,110,137,234,293.0,2,0,0,100
18:14:21,3,4,8,9.4,0.02,0.14,0.03,18.1,110,137,234,293.0,2,0,0,100
18:14:21,3,4,8,9.4,0.02,0.14,0.03,17.9,110,137,234,293.0,2,0,0,100
18:14:21,3,4,8,9.4,0.02,0.14,0.03,17.9,110,137,234,293.0,2,0,0,100
18:14:22,3,4,8,9.4,0.02,0.14,0.03,18.0,110,137,234,293.0,2,0,0,100
18:14:22,3,4,8,9.4,0.02,0.14,0.03,18.1,110,137,234,293.0,2,0,0,100
18:14:22,3,4,8,9.4,0.02,0.14,0.03,18.2,110,137,234,293.0,2,0,0,100
18:14:22,10,5,6,12.7,0.07,0.22,0.09,18.2,208,146,181,312.0,2,0,0,100
18:14:22,10,5,6,12.7,0.07,0.22,0.09,18.1,208,146,181,312.0,2,0,0,100
18:14:22,10,5,6,12.7,0.07,0.22,0.09,18.2,208,146,181,312.0,2,0,0,100
18:14:22,10,5,6,12.7,0.07,0.22,0.09,18.2,208,146,181,312.0,0,0,2,100
18:14:22,10,5,6,12.7,0.07,0.22,0.09,18.0,208,146,181,312.0,0,0,2,100
18:14:22,10,5,6,12.7,0.07,0.22,0.09,18.0,208,146,181,312.0,0,0,2,100
18:14:22,10,5,6,12.7,0.07,0.22,0.09,18.1,208,146,181,312.0,0,0,2,100
18:14:23,10,5,6,12.7,0.07,0.22,0.09,18.2,208,146,181,312.0,0,0,2,100
18:14:23,10,5,6,12.7,0.07,0.22,0.09,18.1,208,146,181,312.0,0,0,2,100
18:14:23,10,5,6,12.7,0.07,0.22,0.09,18.0,208,146,181,312.0,0,0,2,100
18:14:23,9,5,5,11.4,0.12,0.18,0.04,18.0,229,112,155,298.0,0,0,2,100
18:14:23,9,5,5,11.4,0.12,0.18,0.04,18.2,229,112,155,298.0,0,0,2,100
18:14:23,9,5,5,11.4,0.12,0.18,0.04,18.2,229,112,155,298.0,0,0,2,100
18:14:23,9,5,5,11.4,0.12,0.18,0.04,17.9,229,112,155,298.0,1,0,0,100
18:14:23,9,5,5,11.4,0.12,0.18,0.04,18.0,229,112,155,298.0,1,0,0,100
18:14:23,9,5,5,11.4,0.12,0.18,0.04,18.1,229,112,155,298.0,1,0,0,100
18:14:23,9,5,5,11.4,0.12,0.18,0.04,18.1,229,112,155,298.0,1,0,0,100
18:14:24,9,5,5,11.4,0.12,0.18,0.04,18.1,229,112,155,298.0,1,0,0,100
18:14:24,9,5,5,11.4,0.12,0.18,0.04,18.0,229,112,155,298.0,1,0,0,100
18:14:24,9,5,5,11.4,0.12,0.18,0.04,17.9,229,112,155,298.0,1,0,0,100
18:14:24,4,2,7,8.3,0.1,0.29,0.09,18.2,118,45,171,213.0,1,0,0,100
18:14:24,4,2,7,8.3,0.1,0.29,0.09,18.1,118,45,171,213.0,1,0,0,100
18:14:24,4,2,7,8.3,0.1,0.29,0.09,18.2,118,45,171,213.0,1,0,0,100
18:14:24,4,2,7,8.3,0.1,0.29,0.09,18.1,118,45,171,213.0,0,0,1,100
18:14:24,4,2,7,8.3,0.1,0.29,0.09,17.9,118,45,171,213.0,0,0,1,100
18:14:24,4,2,7,8.3,0.1,0.29,0.09,18.1,118,45,171,213.0,0,0,1,100
18:14:24,4,2,7,8.3,0.1,0.29,0.09,18.0,118,45,171,213.0,0,0,1,100
18:14:25,4,2,7,8.3,0.1,0.29,0.09,18.2,118,45,171,213.0,0,0,1,100
18:14:25,4,2,7,8.3,0.1,0.29,0.09,18.1,118,45,171,213.0,0,0,1,100
18:14:25,4,2,7,8.3,0.1,0.29,0.09,17.9,118,45,171,213.0,0,0,1,100
18:14:25,7,2,4,8.3,0.05,0.15,0.1,18.4,145,61,139,210.0,0,0,1,100
18:14:25,7,2,4,8.3,0.05,0.15,0.1,18.1,145,61,139,210.0,0,0,1,100
18:14:25,7,2,4,8.3,0.05,0.15,0.1,18.1,145,61,139,210.0,0,0,1,100
18:14:25,7,2,4,8.3,0.05,0.15,0.1,17.9,145,61,139,210.0,0,0,0,100
18:14:25,7,2,4,8.3,0.05,0.15,0.1,18.0,145,61,139,210.0,0,0,0,100
18:14:25,7,2,4,8.3,0.05,0.15,0.1,17.9,145,61,139,210.0,0,0,0,100
18:14:25,7,2,4,8.3,0.05,0.15,0.1,17.9,145,61,139,210.0,0,0,0,100
18:14:26,7,2,4,8.3,0.05,0.15,0.1,18.0,145,61,139,210.0,0,0,0,100
18:14:26,7,2,4,8.3,0.05,0.15,0.1,18.2,145,61,139,210.0,0,0,0,100
18:14:26,7,2,4,8.3,0.05,0.15,0.1,18.2,145,61,139,210.0,0,0,0,100
18:14:26,4,5,7,9.5,0.08,0.11,0.07,18.2,130,115,197,263.0,0,0,0,100
18:14:26,4,5,7,9.5,0.08,0.11,0.07,18.1,130,115,197,263.0,0,0,0,100
18:14:26,4,5,7,9.5,0.08,0.11,0.07,18.0,130,115,197,263.0,0,0,0,100
18:14:26,4,5,7,9.5,0.08,0.11,0.07,18.1,130,115,197,263.0,1,0,0,100
18:14:26,4,5,7,9.5,0.08,0.11,0.07,17.9,130,115,197,263.0,1,0,0,100
18:14:26,4,5,7,9.5,0.08,0.11,0.07,18.2,130,115,197,263.0,1,0,0,100
18:14:26,4,5,7,9.5,0.08,0.11,0.07,18.2,130,115,197,263.0,1,0,0,100
18:14:27,4,5,7,9.5,0.08,0.11,0.07,18.2,130,115,197,263.0,1,0,0,100
18:14:27,4,5,7,9.5,0.08,0.11,0.07,18.1,130,115,197,263.0,1,0,0,100
18:14:27,4,5,7,9.5,0.08,0.11,0.07,18.0,130,115,197,263.0,1,0,0,100
18:14:27,9,5,5,11.4,0.06,0.14,0.03,18.2,247,145,149,323.0,1,0,0,100
18:14:27,9,5,5,11.4,0.06,0.14,0.03,18.1,247,145,149,323.0,1,0,0,100
18:14:27,9,5,5,11.4,0.06,0.14,0.03,17.9,247,145,149,323.0,1,0,0,100
18:14:27,9,5,5,11.4,0.06,0.14,0.03,17.9,247,145,149,323.0,0,0,1,100
18:14:27,9,5,5,11.4,0.06,0.14,0.03,18.1,247,145,149,323.0,0,0,1,100
18:14:27,9,5,5,11.4,0.06,0.14,0.03,18.1,247,145,149,323.0,0,0,1,100
18:14:27,9,5,5,11.4,0.06,0.14,0.03,17.9,247,145,149,323.0,0,0,1,100
18:14:28,9,5,5,11.4,0.06,0.14,0.03,18.0,247,145,149,323.0,0,0,1,100
18:14:28,9,5,5,11.4,0.06,0.14,0.03,17.9,247,145,149,323.0,0,0,1,100
18:14:28,9,5,5,11.4,0.06,0.14,0.03,18.0,247,145,149,323.0,0,0,1,100
18:14:28,13,6,10,17.5,0.08,0.16,0.05,18.2,253,165,218,373.0,0,0,1,100
18:14:28,13,6,10,17.5,0.08,0.16,0.05,18.2,253,165,218,373.0,0,0,1,100
18:14:28,13,6,10,17.5,0.08,0.16,0.05,18.2,253,165,218,373.0,0,0,1,100
18:14:28,13,6,10,17.5,0.08,0.16,0.05,18.0,253,165,218,373.0,0,0,0,100
18:14:28,13,6,10,17.5,0.08,0.16,0.05,18.2,253,165,218,373.0,0,0,0,100
18:14:28,13,6,10,17.5,0.08,0.16,0.05,18.2,253,165,218,373.0,0,0,0,100
18:14:28,13,6,10,17.5,0.08,0.16,0.05,18.0,253,165,218,373.0,0,0,0,100
18:14:29,13,6,10,17.5,0.08,0.16,0.05,17.9,253,165,218,373.0,0,0,0,100
18:14:29,13,6,10,17.5,0.08,0.16,0.05,17.9,253,165,218,373.0,0,0,0,100
18:14:29,13,6,10,17.5,0.08,0.16,0.05,17.9,253,165,218,373.0,0,0,0,100
18:14:29,5,4,8,10.2,0.03,0.12,0.04,18.0,127,136,231,297.0,0,0,0,100
18:14:29,5,4,8,10.2,0.03,0.12,0.04,18.2,127,136,231,297.0,0,0,0,100
18:14:29,5,4,8,10.2,0.03,0.12,0.04,18.2,127,136,231,297.0,0,0,0,100
18:14:29,5,4,8,10.2,0.03,0.12,0.04,18.2,127,136,231,297.0,1,0,0,100
18:14:29,5,4,8,10.2,0.03,0.12,0.04,17.9,127,136,231,297.0,1,0,0,100
18:14:29,5,4,8,10.2,0.03,0.12,0.04,17.9,127,136,231,297.0,1,0,0,100
18:14:29,5,4,8,10.2,0.03,0.12,0.04,18.2,127,136,231,297.0,1,0,0,100
18:14:30,5,4,8,10.2,0.03,0.12,0.04,17.9,127,136,231,297.0,1,0,0,100
18:14:30,5,4,8,10.2,0.03,0.12,0.04,17.9,127,136,231,297.0,1,0,0,100
18:14:30,5,4,8,10.2,0.03,0.12,0.04,18.0,127,136,231,297.0,1,0,0,100
18:14:30,8,4,6,10.8,0.06,0.18,0.05,18.0,192,107,151,267.0,1,0,0,100
18:14:30,8,4,6,10.8,0.06,0.18,0.05,17.9,192,107,151,267.0,1,0,0,100
18:14:30,8,4,6,10.8,0.06,0.18,0.05,17.9,192,107,151,267.0,1,0,0,100
18:14:30,8,4,6,10.8,0.06,0.18,0.05,18.2,192,107,151,267.0,0,0,2,100
18:14:30,8,4,6,10.8,0.06,0.18,0.05,18.1,192,107,151,267.0,0,0,2,100
18:14:30,8,4,6,10.8,0.06,0.18,0.05,18.3,192,107,151,267.0,0,0,2,100
18:14:30,8,4,6,10.8,0.06,0.18,0.05,18.0,192,107,151,267.0,0,0,2,100
18:14:31,8,4,6,10.8,0.06,0.18,0.05,17.9,192,107,151,267.0,0,0,2,100
18:14:31,8,4,6,10.8,0.06,0.18,0.05,18.0,192,107,151,267.0,0,0,2,100
18:14:31,8,4,6,10.8,0.06,0.18,0.05,17.9,192,107,151,267.0,0,0,2,100
18:14:31,6,2,6,8.7,0.09,0.15,0.04,18.0,157,64,182,249.0,0,0,2,100
18:14:31,6,2,6,8.7,0.09,0.15,0.04,18.0,157,64,182,249.0,0,0,2,100
18:14:31,6,2,6,8.7,0.09,0.15,0.04,18.0,157,64,182,249.0,0,0,2,100
18:14:31,6,2,6,8.7,0.09,0.15,0.04,18.1,157,64,182,249.0,3,1,0,100
18:14:31,6,2,6,8.7,0.09,0.15,0.04,18.0,157,64,182,249.0,3,1,0,100
18:14:31,6,2,6,8.7,0.09,0.15,0.04,18.2,157,64,182,249.0,3,1,0,100
18:14:31,6,2,6,8.7,0.09,0.15,0.04,17.8,157,64,182,249.0,3,1,0,100
18:14:32,6,2,6,8.7,0.09,0.15,0.04,17.9,157,64,182,249.0,3,1,0,100
18:14:32,6,2,6,8.7,0.09,0.15,0.04,18.1,157,64,182,249.0,3,1,0,100
18:14:32,6,2,6,8.7,0.09,0.15,0.04,18.2,157,64,182,249.0,3,1,0,100
18:14:32,6,2,6,8.7,0.1,0.15,0.05,17.9,164,50,155,231.0,3,1,0,100
18:14:32,6,2,6,8.7,0.1,0.15,0.05,18.0,164,50,155,231.0,3,1,0,100
18:14:32,6,2,6,8.7,0.1,0.15,0.05,17.9,164,50,155,231.0,3,1,0,100
18:14:32,6,2,6,8.7,0.1,0.15,0.05,18.0,164,50,155,231.0,0,1,0,100
18:14:32,6,2,6,8.7,0.1,0.15,0.05,17.9,164,50,155,231.0,0,1,0,100
18:14:32,6,2,6,8.7,0.1,0.15,0.05,18.0,164,50,155,231.0,0,1,0,100
18:14:32,6,2,6,8.7,0.1,0.15,0.05,18.2,164,50,155,231.0,0,1,0,100
18:14:33,6,2,6,8.7,0.1,0.15,0.05,18.2,164,50,155,231.0,0,1,0,100
18:14:33,6,2,6,8.7,0.1,0.15,0.05,18.0,164,50,155,231.0,0,1,0,100
18:14:33,6,2,6,8.7,0.1,0.15,0.05,18.1,164,50,155,231.0,0,1,0,100
18:14:33,7,6,8,12.2,0.04,0.12,0.06,18.0,177,98,170,264.0,0,1,0,100
18:14:33,7,6,8,12.2,0.04,0.12,0.06,18.0,177,98,170,264.0,0,1,0,100
18:14:33,7,6,8,12.2,0.04,0.12,0.06,18.2,177,98,170,264.0,0,1,0,100
18:14:33,7,6,8,12.2,0.04,0.12,0.06,18.2,177,98,170,264.0,0,0,0,100
18:14:33,7,6,8,12.2,0.04,0.12,0.06,18.2,177,98,170,264.0,0,0,0,100
18:14:33,7,6,8,12.2,0.04,0.12,0.06,18.3,177,98,170,264.0,0,0,0,100
18:14:33,7,6,8,12.2,0.04,0.12,0.06,18.2,177,98,170,264.0,0,0,0,100
18:14:34,7,6,8,12.2,0.04,0.12,0.06,17.9,177,98,170,264.0,0,0,0,100
18:14:34,7,6,8,12.2,0.04,0.12,0.06,18.0,177,98,170,264.0,0,0,0,100
18:14:34,7,6,8,12.2,0.04,0.12,0.06,18.0,177,98,170,264.0,0,0,0,100
18:14:34,6,5,8,11.2,0.08,0.17,0.05,18.2,177,127,203,298.0,0,0,0,100
18:14:34,6,5,8,11.2,0.08,0.17,0.05,18.2,177,127,203,298.0,0,0,0,100
18:14:34,6,5,8,11.2,0.08,0.17,0.05,17.9,177,127,203,298.0,0,0,0,100
18:14:34,6,5,8,11.2,0.08,0.17,0.05,18.0,177,127,203,298.0,0,0,0,100
18:14:34,6,5,8,11.2,0.08,0.17,0.05,18.2,177,127,203,298.0,0,0,0,100
18:14:34,6,5,8,11.2,0.08,0.17,0.05,17.9,177,127,203,298.0,0,0,0,100
18:14:35,6,5,8,11.2,0.08,0.17,0.05,17.9,177,127,203,298.0,0,0,0,100
18:14:35,6,5,8,11.2,0.08,0.17,0.05,17.9,177,127,203,298.0,0,0,0,100
18:14:35,6,5,8,11.2,0.08,0.17,0.05,18.2,177,127,203,298.0,0,0,0,100
18:14:35,6,5,8,11.2,0.08,0.17,0.05,18.2,177,127,203,298.0,0,0,0,100
18:14:35,10,5,4,11.9,0.04,0.15,0.03,18.2,260,132,138,323.0,0,0,0,100
18:14:35,10,5,4,11.9,0.04,0.15,0.03,17.9,260,132,138,323.0,0,0,0,100
18:14:35,10,5,4,11.9,0.04,0.15,0.03,18.1,260,132,138,323.0,0,0,0,100
18:14:35,10,5,4,11.9,0.04,0.15,0.03,17.9,260,132,138,323.0,0,0,2,100
18:14:35,10,5,4,11.9,0.04,0.15,0.03,18.1,260,132,138,323.0,0,0,2,100
18:14:35,10,5,4,11.9,0.04,0.15,0.03,18.2,260,132,138,323.0,0,0,2,100
18:14:35,10,5,4,11.9,0.04,0.15,0.03,17.9,260,132,138,323.0,0,0,2,100
18:14:36,10,5,4,11.9,0.04,0.15,0.03,18.0,260,132,138,323.0,0,0,2,100
18:14:36,10,5,4,11.9,0.04,0.15,0.03,17.9,260,132,138,323.0,0,0,2,100
18:14:36,10,5,4,11.9,0.04,0.15,0.03,18.1,260,132,138,323.0,0,0,2,100
18:14:36,7,5,8,11.7,0.05,0.16,0.1,18.2,219,154,243,362.0,0,0,2,100
18:14:36,7,5,8,11.7,0.05,0.16,0.1,18.0,219,154,243,362.0,0,0,2,100
18:14:36,7,5,8,11.7,0.05,0.16,0.1,18.0,219,154,243,362.0,0,0,2,100
18:14:36,7,5,8,11.7,0.05,0.16,0.1,18.0,219,154,243,362.0,1,0,0,100
18:14:36,7,5,8,11.7,0.05,0.16,0.1,18.0,219,154,243,362.0,1,0,0,100
18:14:36,7,5,8,11.7,0.05,0.16,0.1,18.2,219,154,243,362.0,1,0,0,100
18:14:36,7,5,8,11.7,0.05,0.16,0.1,18.0,219,154,243,362.0,1,0,0,100
18:14:37,7,5,8,11.7,0.05,0.16,0.1,17.9,219,154,243,362.0,1,0,0,100
18:14:37,7,5,8,11.7,0.05,0.16,0.1,18.2,219,154,243,362.0,1,0,0,100
18:14:37,7,5,8,11.7,0.05,0.16,0.1,18.0,219,154,243,362.0,1,0,0,100
18:14:37,5,5,8,10.7,0.06,0.34,0.1,17.9,153,141,245,321.0,1,0,0,100
18:14:37,5,5,8,10.7,0.06,0.34,0.1,18.0,153,141,245,321.0,1,0,0,100
18:14:37,5,5,8,10.7,0.06,0.34,0.1,18.0,153,141,245,321.0,1,0,0,100
18:14:37,5,5,8,10.7,0.06,0.34,0.1,18.2,153,141,245,321.0,1,0,0,100
18:14:37,5,5,8,10.7,0.06,0.34,0.1,18.1,153,141,245,321.0,1,0,0,100
18:14:37,5,5,8,10.7,0.06,0.34,0.1,18.2,153,141,245,321.0,1,0,0,100
18:14:37,5,5,8,10.7,0.06,0.34,0.1,18.3,153,141,245,321.0,1,0,0,100
18:14:38,5,5,8,10.7,0.06,0.34,0.1,18.2,153,141,245,321.0,1,0,0,100
18:14:38,5,5,8,10.7,0.06,0.34,0.1,18.0,153,141,245,321.0,1,0,0,100
18:14:38,5,5,8,10.7,0.06,0.34,0.1,18.1,153,141,245,321.0,1,0,0,100
18:14:38,6,3,3,7.3,0.08,0.17,0.08,18.2,189,85,102,231.0,1,0,0,100
18:14:38,6,3,3,7.3,0.08,0.17,0.08,17.9,189,85,102,231.0,1,0,0,100
18:14:38,6,3,3,7.3,0.08,0.17,0.08,18.2,189,85,102,231.0,1,0,0,100
18:14:38,6,3,3,7.3,0.08,0.17,0.08,18.2,189,85,102,231.0,0,0,1,100
18:14:38,6,3,3,7.3,0.08,0.17,0.08,18.0,189,85,102,231.0,0,0,1,100
18:14:38,6,3,3,7.3,0.08,0.17,0.08,17.9,189,85,102,231.0,0,0,1,100
18:14:39,6,3,3,7.3,0.08,0.17,0.08,18.2,189,85,102,231.0,0,0,1,100
18:14:39,6,3,3,7.3,0.08,0.17,0.08,17.9,189,85,102,231.0,0,0,1,100
18:14:39,6,3,3,7.3,0.08,0.17,0.08,18.2,189,85,102,231.0,0,0,1,100
18:14:39,6,3,3,7.3,0.08,0.17,0.08,18.2,189,85,102,231.0,0,0,1,100
18:14:39,5,2,5,7.3,0.08,0.09,0.03,18.2,136,41,138,198.0,0,0,1,100
18:14:39,5,2,5,7.3,0.08,0.09,0.03,18.1,136,41,138,198.0,0,0,1,100
18:14:39,5,2,5,7.3,0.08,0.09,0.03,18.1,136,41,138,198.0,0,0,1,100
18:14:39,5,2,5,7.3,0.08,0.09,0.03,18.0,136,41,138,198.0,3,5,0,100
18:14:39,5,2,5,7.3,0.08,0.09,0.03,17.9,136,41,138,198.0,3,5,0,100
18:14:39,5,2,5,7.3,0.08,0.09,0.03,18.0,136,41,138,198.0,3,5,0,100
18:14:40,5,2,5,7.3,0.08,0.09,0.03,17.9,136,41,138,198.0,3,5,0,100
18:14:40,5,2,5,7.3,0.08,0.09,0.03,17.9,136,41,138,198.0,3,5,0,100
18:14:40,5,2,5,7.3,0.08,0.09,0.03,18.2,136,41,138,198.0,3,5,0,100
18:14:40,5,2,5,7.3,0.08,0.09,0.03,18.0,136,41,138,198.0,3,5,0,100
18:14:40,6,2,7,9.4,0.07,0.17,0.06,18.0,165,77,124,220.0,3,5,0,100
18:14:40,6,2,7,9.4,0.07,0.17,0.06,18.0,165,77,124,220.0,3,5,0,100
18:14:40,6,2,7,9.4,0.07,0.17,0.06,18.1,165,77,124,220.0,3,5,0,100
18:14:40,6,2,7,9.4,0.07,0.17,0.06,18.1,165,77,124,220.0,0,0,1,100
18:14:40,6,2,7,9.4,0.07,0.17,0.06,18.2,165,77,124,220.0,0,0,1,100
18:14:40,6,2,7,9.4,0.07,0.17,0.06,18.0,165,77,124,220.0,0,0,1,100
18:14:41,6,2,7,9.4,0.07,0.17,0.06,18.0,165,77,124,220.0,0,0,1,100
18:14:41,6,2,7,9.4,0.07,0.17,0.06,17.9,165,77,124,220.0,0,0,1,100
18:14:41,6,2,7,9.4,0.07,0.17,0.06,18.2,165,77,124,220.0,0,0,1,100
18:14:41,6,2,7,9.4,0.07,0.17,0.06,17.9,165,77,124,220.0,0,0,1,100
18:14:41,5,3,7,9.1,0.03,0.09,0.05,18.0,158,108,209,283.0,0,0,1,100
18:14:41,5,3,7,9.1,0.03,0.09,0.05,18.0,158,108,209,283.0,0,0,1,100
18:14:41,5,3,7,9.1,0.03,0.09,0.05,18.2,158,108,209,283.0,0,0,1,100
18:14:41,5,3,7,9.1,0.03,0.09,0.05,17.9,158,108,209,283.0,1,0,0,100
18:14:41,5,3,7,9.1,0.03,0.09,0.05,17.9,158,108,209,283.0,1,0,0,100
18:14:41,5,3,7,9.1,0.03,0.09,0.05,18.1,158,108,209,283.0,1,0,0,100
18:14:42,5,3,7,9.1,0.03,0.09,0.05,18.2,158,108,209,283.0,1,0,0,100
18:14:42,5,3,7,9.1,0.03,0.09,0.05,18.0,158,108,209,283.0,1,0,0,100
18:14:42,5,3,7,9.1,0.03,0.09,0.05,18.1,158,108,209,283.0,1,0,0,100
18:14:42,5,3,7,9.1,0.03,0.09,0.05,18.2,158,108,209,283.0,1,0,0,100
18:14:42,6,5,7,10.5,0.07,0.19,0.07,18.2,191,158,224,334.0,1,0,0,100
18:14:42,6,5,7,10.5,0.07,0.19,0.07,17.9,191,158,224,334.0,1,0,0,100
18:14:42,6,5,7,10.5,0.07,0.19,0.07,18.2,191,158,224,334.0,1,0,0,100
18:14:42,6,5,7,10.5,0.07,0.19,0.07,18.1,191,158,224,334.0,0,0,0,100
18:14:42,6,5,7,10.5,0.07,0.19,0.07,17.9,191,158,224,334.0,0,0,0,100
18:14:42,6,5,7,10.5,0.07,0.19,0.07,18.2,191,158,224,334.0,0,0,0,100
18:14:43,6,5,7,10.5,0.07,0.19,0.07,17.9,191,158,224,334.0,0,0,0,100
18:14:43,6,5,7,10.5,0.07,0.19,0.07,18.1,191,158,224,334.0,0,0,0,100
18:14:43,6,5,7,10.5,0.07,0.19,0.07,18.1,191,158,224,334.0,0,0,0,100
18:14:43,6,5,7,10.5,0.07,0.19,0.07,17.9,191,158,224,334.0,0,0,0,100
18:14:43,9,5,5,11.4,0.11,0.19,0.04,18.1,275,166,137,349.0,0,0,0,100
18:14:43,9,5,5,11.4,0.11,0.19,0.04,17.9,275,166,137,349.0,0,0,0,100
18:14:43,9,5,5,11.4,0.11,0.19,0.04,18.3,275,166,137,349.0,0,0,0,100
18:14:43,9,5,5,11.4,0.11,0.19,0.04,18.1,275,166,137,349.0,0,0,1,100
18:14:43,9,5,5,11.4,0.11,0.19,0.04,18.1,275,166,137,349.0,0,0,1,100
18:14:43,9,5,5,11.4,0.11,0.19,0.04,18.0,275,166,137,349.0,0,0,1,100
18:14:44,9,5,5,11.4,0.11,0.19,0.04,18.1,275,166,137,349.0,0,0,1,100
18:14:44,9,5,5,11.4,0.11,0.19,0.04,17.9,275,166,137,349.0,0,0,1,100
18:14:44,9,5,5,11.4,0.11,0.19,0.04,18.1,275,166,137,349.0,0,0,1,100
18:14:44,9,5,5,11.4,0.11,0.19,0.04,17.9,275,166,137,349.0,0,0,1,100
18:14:44,7,5,8,11.7,0.09,0.18,0.07,18.0,232,153,209,348.0,0,0,1,100
18:14:44,7,5,8,11.7,0.09,0.18,0.07,18.2,232,153,209,348.0,0,0,1,100
18:14:44,7,5,8,11.7,0.09,0.18,0.07,18.2,232,153,209,348.0,0,0,1,100
18:14:44,7,5,8,11.7,0.09,0.18,0.07,17.9,232,153,209,348.0,3,0,0,100
18:14:44,7,5,8,11.7,0.09,0.18,0.07,18.1,232,153,209,348.0,3,0,0,100
18:14:44,7,5,8,11.7,0.09,0.18,0.07,18.2,232,153,209,348.0,3,0,0,100
18:14:45,7,5,8,11.7,0.09,0.18,0.07,18.2,232,153,209,348.0,3,0,0,100
18:14:45,7,5,8,11.7,0.09,0.18,0.07,18.2,232,153,209,348.0,3,0,0,100
18:14:45,7,5,8,11.7,0.09,0.18,0.07,18.2,232,153,209,348.0,3,0,0,100
18:14:45,7,5,8,11.7,0.09,0.18,0.07,18.2,232,153,209,348.0,3,0,0,100
18:14:45,5,4,10,11.9,0.05,0.15,0.05,18.1,147,112,207,277.0,3,0,0,100
18:14:45,5,4,10,11.9,0.05,0.15,0.05,18.2,147,112,207,277.0,3,0,0,100
18:14:45,5,4,10,11.9,0.05,0.15,0.05,18.2,147,112,207,277.0,3,0,0,100
18:14:45,5,4,10,11.9,0.05,0.15,0.05,18.1,147,112,207,277.0,0,0,0,100
18:14:45,5,4,10,11.9,0.05,0.15,0.05,17.9,147,112,207,277.0,0,0,0,100
18:14:45,5,4,10,11.9,0.05,0.15,0.05,18.2,147,112,207,277.0,0,0,0,100
18:14:46,5,4,10,11.9,0.05,0.15,0.05,18.2,147,112,207,277.0,0,0,0,100
18:14:46,5,4,10,11.9,0.05,0.15,0.05,17.9,147,112,207,277.0,0,0,0,100
18:14:46,5,4,10,11.9,0.05,0.15,0.05,18.1,147,112,207,277.0,0,0,0,100
18:14:46,5,4,10,11.9,0.05,0.15,0.05,18.2,147,112,207,277.0,0,0,0,100
18:14:46,6,1,4,7.3,0.03,0.14,0.05,18.0,160,55,113,203.0,0,0,0,100
18:14:46,6,1,4,7.3,0.03,0.14,0.05,18.0,160,55,113,203.0,0,0,0,100
18:14:46,6,1,4,7.3,0.03,0.14,0.05,18.2,160,55,113,203.0,0,0,0,100
18:14:46,6,1,4,7.3,0.03,0.14,0.05,18.0,160,55,113,203.0,0,2,1,100
18:14:46,6,1,4,7.3,0.03,0.14,0.05,18.2,160,55,113,203.0,0,2,1,100
18:14:46,6,1,4,7.3,0.03,0.14,0.05,17.9,160,55,113,203.0,0,2,1,100
18:14:47,6,1,4,7.3,0.03,0.14,0.05,18.4,160,55,113,203.0,0,2,1,100
18:14:47,6,1,4,7.3,0.03,0.14,0.05,17.9,160,55,113,203.0,0,2,1,100
18:14:47,6,1,4,7.3,0.03,0.14,0.05,18.2,160,55,113,203.0,0,2,1,100
18:14:47,6,1,4,7.3,0.03,0.14,0.05,18.2,160,55,113,203.0,0,2,1,100
18:14:47,6,2,5,8.1,0.04,0.18,0.03,18.0,132,67,153,213.0,0,2,1,100
18:14:47,6,2,5,8.1,0.04,0.18,0.03,18.1,132,67,153,213.0,0,2,1,100
18:14:47,6,2,5,8.1,0.04,0.18,0.03,18.1,132,67,153,213.0,0,2,1,100
18:14:47,6,2,5,8.1,0.04,0.18,0.03,18.3,132,67,153,213.0,3,0,0,100
18:14:47,6,2,5,8.1,0.04,0.18,0.03,17.9,132,67,153,213.0,3,0,0,100
18:14:48,6,2,5,8.1,0.04,0.18,0.03,18.0,132,67,153,213.0,3,0,0,100
18:14:48,6,2,5,8.1,0.04,0.18,0.03,18.0,132,67,153,213.0,3,0,0,100
18:14:48,6,2,5,8.1,0.04,0.18,0.03,18.2,132,67,153,213.0,3,0,0,100
18:14:48,6,2,5,8.1,0.04,0.18,0.03,18.2,132,67,153,213.0,3,0,0,100
18:14:48,6,2,5,8.1,0.04,0.18,0.03,18.0,132,67,153,213.0,3,0,0,100
18:14:48,8,4,4,9.8,0.05,0.2,0.05,18.1,215,113,112,267.0,3,0,0,100
18:14:48,8,4,4,9.8,0.05,0.2,0.05,18.1,215,113,112,267.0,3,0,0,100
18:14:48,8,4,4,9.8,0.05,0.2,0.05,18.1,215,113,112,267.0,3,0,0,100
18:14:48,8,4,4,9.8,0.05,0.2,0.05,17.9,215,113,112,267.0,0,0,0,100
18:14:48,8,4,4,9.8,0.05,0.2,0.05,18.2,215,113,112,267.0,0,0,0,100
18:14:48,8,4,4,9.8,0.05,0.2,0.05,18.0,215,113,112,267.0,0,0,0,100
18:14:49,8,4,4,9.8,0.05,0.2,0.05,17.9,215,113,112,267.0,0,0,0,100
18:14:49,8,4,4,9.8,0.05,0.2,0.05,18.1,215,113,112,267.0,0,0,0,100
18:14:49,8,4,4,9.8,0.05,0.2,0.05,18.2,215,113,112,267.0,0,0,0,100
18:14:49,8,4,4,9.8,0.05,0.2,0.05,17.9,215,113,112,267.0,0,0,0,100
18:14:49,9,10,11,17.4,0.03,0.15,0.05,17.9,175,135,239,326.0,0,0,0,100
18:14:49,9,10,11,17.4,0.03,0.15,0.05,18.0,175,135,239,326.0,0,0,0,100
18:14:49,9,10,11,17.4,0.03,0.15,0.05,17.8,175,135,239,326.0,0,0,0,100
18:14:49,9,10,11,17.4,0.03,0.15,0.05,18.2,175,135,239,326.0,1,0,0,100
18:14:49,9,10,11,17.4,0.03,0.15,0.05,18.0,175,135,239,326.0,1,0,0,100
18:14:50,9,10,11,17.4,0.03,0.15,0.05,18.1,175,135,239,326.0,1,0,0,100
18:14:50,9,10,11,17.4,0.03,0.15,0.05,18.2,175,135,239,326.0,1,0,0,100
18:14:50,9,10,11,17.4,0.03,0.15,0.05,17.9,175,135,239,326.0,1,0,0,100
18:14:50,9,10,11,17.4,0.03,0.15,0.05,18.0,175,135,239,326.0,1,0,0,100
18:14:50,9,10,11,17.4,0.03,0.15,0.05,18.0,175,135,239,326.0,1,0,0,100
18:14:50,6,5,9,11.9,0.04,0.13,0.05,17.9,186,138,255,344.0,1,0,0,100
18:14:50,6,5,9,11.9,0.04,0.13,0.05,18.1,186,138,255,344.0,1,0,0,100
18:14:50,6,5,9,11.9,0.04,0.13,0.05,18.2,186,138,255,344.0,1,0,0,100
18:14:50,6,5,9,11.9,0.04,0.13,0.05,17.7,186,138,255,344.0,0,0,0,100
18:14:50,6,5,9,11.9,0.04,0.13,0.05,18.1,186,138,255,344.0,0,0,0,100
18:14:51,6,5,9,11.9,0.04,0.13,0.05,17.9,186,138,255,344.0,0,0,0,100
18:14:51,6,5,9,11.9,0.04,0.13,0.05,18.1,186,138,255,344.0,0,0,0,100
18:14:51,6,5,9,11.9,0.04,0.13,0.05,17.9,186,138,255,344.0,0,0,0,100
18:14:51,6,5,9,11.9,0.04,0.13,0.05,18.1,186,138,255,344.0,0,0,0,100
18:14:51,6,5,9,11.9,0.04,0.13,0.05,18.1,186,138,255,344.0,0,0,0,100
18:14:51,7,4,3,8.6,0.11,0.11,0.04,18.2,225,129,119,285.0,0,0,0,100
18:14:51,7,4,3,8.6,0.11,0.11,0.04,18.2,225,129,119,285.0,0,0,0,100
18:14:51,7,4,3,8.6,0.11,0.11,0.04,18.0,225,129,119,285.0,0,0,0,100
18:14:51,7,4,3,8.6,0.11,0.11,0.04,17.9,225,129,119,285.0,0,0,2,100
18:14:51,7,4,3,8.6,0.11,0.11,0.04,18.2,225,129,119,285.0,0,0,2,100
18:14:52,7,4,3,8.6,0.11,0.11,0.04,18.1,225,129,119,285.0,0,0,2,100
18:14:52,7,4,3,8.6,0.11,0.11,0.04,18.2,225,129,119,285.0,0,0,2,100
18:14:52,7,4,3,8.6,0.11,0.11,0.04,18.2,225,129,119,285.0,0,0,2,100
18:14:52,7,4,3,8.6,0.11,0.11,0.04,18.1,225,129,119,285.0,0,0,2,100
18:14:52,7,4,3,8.6,0.11,0.11,0.04,18.0,225,129,119,285.0,0,0,2,100
18:14:52,5,6,10,12.7,0.13,0.24,0.1,17.9,158,109,222,293.0,0,0,2,100
18:14:52,5,6,10,12.7,0.13,0.24,0.1,18.2,158,109,222,293.0,0,0,2,100
18:14:52,5,6,10,12.7,0.13,0.24,0.1,18.1,158,109,222,293.0,0,0,2,100
18:14:52,5,6,10,12.7,0.13,0.24,0.1,18.4,158,109,222,293.0,1,0,0,100
18:14:52,5,6,10,12.7,0.13,0.24,0.1,17.9,158,109,222,293.0,1,0,0,100
18:14:53,5,6,10,12.7,0.13,0.24,0.1,18.1,158,109,222,293.0,1,0,0,100
18:14:53,5,6,10,12.7,0.13,0.24,0.1,18.1,158,109,222,293.0,1,0,0,100
18:14:53,5,6,10,12.7,0.13,0.24,0.1,18.2,158,109,222,293.0,1,0,0,100
18:14:53,5,6,10,12.7,0.13,0.24,0.1,17.9,158,109,222,293.0,1,0,0,100
18:14:53,5,6,10,12.7,0.13,0.24,0.1,18.2,158,109,222,293.0,1,0,0,100
18:14:53,5,4,6,8.8,0.05,0.17,0.03,18.2,143,75,177,240.0,1,0,0,100
18:14:53,5,4,6,8.8,0.05,0.17,0.03,18.2,143,75,177,240.0,1,0,0,100
18:14:53,5,4,6,8.8,0.05,0.17,0.03,17.9,143,75,177,240.0,1,0,0,100
18:14:53,5,4,6,8.8,0.05,0.17,0.03,18.2,143,75,177,240.0,0,0,0,100
18:14:53,5,4,6,8.8,0.05,0.17,0.03,17.9,143,75,177,240.0,0,0,0,100
18:14:54,5,4,6,8.8,0.05,0.17,0.03,18.3,143,75,177,240.0,0,0,0,100
18:14:54,5,4,6,8.8,0.05,0.17,0.03,18.1,143,75,177,240.0,0,0,0,100
18:14:54,5,4,6,8.8,0.05,0.17,0.03,18.2,143,75,177,240.0,0,0,0,100
18:14:54,5,4,6,8.8,0.05,0.17,0.03,18.2,143,75,177,240.0,0,0,0,100
18:14:54,5,4,6,8.8,0.05,0.17,0.03,18.2,143,75,177,240.0,0,0,0,100
18:14:54,5,1,5,7.1,0.04,0.13,0.04,18.2,135,48,131,194.0,0,0,0,100
18:14:54,5,1,5,7.1,0.04,0.13,0.04,18.1,135,48,131,194.0,0,0,0,100
18:14:54,5,1,5,7.1,0.04,0.13,0.04,18.2,135,48,131,194.0,0,0,0,100
18:14:54,5,1,5,7.1,0.04,0.13,0.04,17.9,135,48,131,194.0,1,0,0,100
18:14:54,5,1,5,7.1,0.04,0.13,0.04,18.2,135,48,131,194.0,1,0,0,100
18:14:55,5,1,5,7.1,0.04,0.13,0.04,18.1,135,48,131,194.0,1,0,0,100
18:14:55,5,1,5,7.1,0.04,0.13,0.04,18.1,135,48,131,194.0,1,0,0,100
18:14:55,5,1,5,7.1,0.04,0.13,0.04,18.2,135,48,131,194.0,1,0,0,100
18:14:55,5,1,5,7.1,0.04,0.13,0.04,18.2,135,48,131,194.0,1,0,0,100
18:14:55,5,1,5,7.1,0.04,0.13,0.04,18.1,135,48,131,194.0,1,0,0,100
18:14:55,5,3,6,8.4,0.09,0.13,0.05,17.9,159,86,166,245.0,1,0,0,100
18:14:55,5,3,6,8.4,0.09,0.13,0.05,18.0,159,86,166,245.0,1,0,0,100
18:14:55,5,3,6,8.4,0.09,0.13,0.05,17.9,159,86,166,245.0,1,0,0,100
18:14:55,5,3,6,8.4,0.09,0.13,0.05,18.2,159,86,166,245.0,0,0,0,100
18:14:55,5,3,6,8.4,0.09,0.13,0.05,18.1,159,86,166,245.0,0,0,0,100
18:14:56,5,3,6,8.4,0.09,0.13,0.05,18.1,159,86,166,245.0,0,0,0,100
18:14:56,5,3,6,8.4,0.09,0.13,0.05,18.1,159,86,166,245.0,0,0,0,100
18:14:56,5,3,6,8.4,0.09,0.13,0.05,18.2,159,86,166,245.0,0,0,0,100
18:14:56,5,3,6,8.4,0.09,0.13,0.05,18.0,159,86,166,245.0,0,0,0,100
18:14:56,5,3,6,8.4,0.09,0.13,0.05,18.0,159,86,166,245.0,0,0,0,100
18:14:56,8,6,4,10.8,0.05,0.18,0.06,18.2,219,119,120,277.0,0,0,0,100
18:14:56,8,6,4,10.8,0.05,0.18,0.06,17.9,219,119,120,277.0,0,0,0,100
18:14:56,8,6,4,10.8,0.05,0.18,0.06,18.2,219,119,120,277.0,0,0,0,100
18:14:56,8,6,4,10.8,0.05,0.18,0.06,17.9,219,119,120,277.0,0,0,1,100
18:14:56,8,6,4,10.8,0.05,0.18,0.06,18.0,219,119,120,277.0,0,0,1,100
18:14:57,8,6,4,10.8,0.05,0.18,0.06,18.0,219,119,120,277.0,0,0,1,100
18:14:57,8,6,4,10.8,0.05,0.18,0.06,18.0,219,119,120,277.0,0,0,1,100
18:14:57,8,6,4,10.8,0.05,0.18,0.06,17.9,219,119,120,277.0,0,0,1,100
18:14:57,8,6,4,10.8,0.05,0.18,0.06,18.1,219,119,120,277.0,0,0,1,100
18:14:57,8,6,4,10.8,0.05,0.18,0.06,17.9,219,119,120,277.0,0,0,1,100
18:14:57,7,6,11,14.4,0.07,0.18,0.09,17.9,186,151,272,362.0,0,0,1,100
18:14:57,7,6,11,14.4,0.07,0.18,0.09,18.2,186,151,272,362.0,0,0,1,100
18:14:57,7,6,11,14.4,0.07,0.18,0.09,18.2,186,151,272,362.0,0,0,1,100
18:14:57,7,6,11,14.4,0.07,0.18,0.09,18.0,186,151,272,362.0,1,0,0,100
18:14:57,7,6,11,14.4,0.07,0.18,0.09,17.9,186,151,272,362.0,1,0,0,100
18:14:58,7,6,11,14.4,0.07,0.18,0.09,18.2,186,151,272,362.0,1,0,0,100
18:14:58,7,6,11,14.4,0.07,0.18,0.09,18.1,186,151,272,362.0,1,0,0,100
18:14:58,7,6,11,14.4,0.07,0.18,0.09,18.2,186,151,272,362.0,1,0,0,100
18:14:58,7,6,11,14.4,0.07,0.18,0.09,18.2,186,151,272,362.0,1,0,0,100
18:14:58,7,6,11,14.4,0.07,0.18,0.09,18.2,186,151,272,362.0,1,0,0,100
18:14:58,7,4,8,11.4,0.05,0.12,0.05,18.1,212,136,269,369.0,1,0,0,100
18:14:58,7,4,8,11.4,0.05,0.12,0.05,18.0,212,136,269,369.0,1,0,0,100
18:14:58,7,4,8,11.4,0.05,0.12,0.05,18.1,212,136,269,369.0,1,0,0,100
18:14:58,7,4,8,11.4,0.05,0.12,0.05,18.1,212,136,269,369.0,0,0,0,100
18:14:58,7,4,8,11.4,0.05,0.12,0.05,17.9,212,136,269,369.0,0,0,0,100
18:14:59,7,4,8,11.4,0.05,0.12,0.05,17.9,212,136,269,369.0,0,0,0,100
18:14:59,7,4,8,11.4,0.05,0.12,0.05,18.2,212,136,269,369.0,0,0,0,100
18:14:59,7,4,8,11.4,0.05,0.12,0.05,18.3,212,136,269,369.0,0,0,0,100
18:14:59,7,4,8,11.4,0.05,0.12,0.05,18.2,212,136,269,369.0,0,0,0,100
18:14:59,7,4,8,11.4,0.05,0.12,0.05,17.9,212,136,269,369.0,0,0,0,100
18:14:59,9,5,4,11.0,0.12,0.23,0.06,18.2,261,141,105,315.0,0,0,0,100
18:14:59,9,5,4,11.0,0.12,0.23,0.06,17.9,261,141,105,315.0,0,0,0,100
18:14:59,9,5,4,11.0,0.12,0.23,0.06,18.2,261,141,105,315.0,0,0,0,100
18:14:59,9,5,4,11.0,0.12,0.23,0.06,18.1,261,141,105,315.0,0,0,1,100
18:14:59,9,5,4,11.0,0.12,0.23,0.06,18.1,261,141,105,315.0,0,0,1,100
18:15:00,9,5,4,11.0,0.12,0.23,0.06,18.2,261,141,105,315.0,0,0,1,100
18:15:00,9,5,4,11.0,0.12,0.23,0.06,18.0,261,141,105,315.0,0,0,1,100
18:15:00,9,5,4,11.0,0.12,0.23,0.06,18.2,261,141,105,315.0,0,0,1,100
18:15:00,9,5,4,11.0,0.12,0.23,0.06,18.1,261,141,105,315.0,0,0,1,100
18:15:00,9,5,4,11.0,0.12,0.23,0.06,18.1,261,141,105,315.0,0,0,1,100
18:15:00,8,6,8,12.8,0.09,0.16,0.07,18.2,162,105,193,273.0,0,0,1,100
18:15:00,8,6,8,12.8,0.09,0.16,0.07,18.1,162,105,193,273.0,0,0,1,100
18:15:00,8,6,8,12.8,0.09,0.16,0.07,18.1,162,105,193,273.0,0,0,1,100
18:15:00,8,6,8,12.8,0.09,0.16,0.07,18.0,162,105,193,273.0,0,0,0,100
18:15:00,8,6,8,12.8,0.09,0.16,0.07,18.1,162,105,193,273.0,0,0,0,100
18:15:01,8,6,8,12.8,0.09,0.16,0.07,18.2,162,105,193,273.0,0,0,0,100
18:15:01,8,6,8,12.8,0.09,0.16,0.07,18.1,162,105,193,273.0,0,0,0,100
18:15:01,8,6,8,12.8,0.09,0.16,0.07,18.1,162,105,193,273.0,0,0,0,100
18:15:01,8,6,8,12.8,0.09,0.16,0.07,18.1,162,105,193,273.0,0,0,0,100
18:15:01,8,6,8,12.8,0.09,0.16,0.07,18.4,162,105,193,273.0,0,0,0,100
18:15:01,6,1,4,7.3,0.06,0.16,0.09,18.2,154,32,123,200.0,0,0,0,100
18:15:01,6,1,4,7.3,0.06,0.16,0.09,17.9,154,32,123,200.0,0,0,0,100
18:15:01,6,1,4,7.3,0.06,0.16,0.09,18.2,154,32,123,200.0,0,0,0,100
18:15:01,6,1,4,7.3,0.06,0.16,0.09,18.1,154,32,123,200.0,0,2,1,100
18:15:01,6,1,4,7.3,0.06,0.16,0.09,18.1,154,32,123,200.0,0,2,1,100
18:15:02,6,1,4,7.3,0.06,0.16,0.09,17.9,154,32,123,200.0,0,2,1,100
18:15:02,6,1,4,7.3,0.06,0.16,0.09,18.2,154,32,123,200.0,0,2,1,100
18:15:02,6,1,4,7.3,0.06,0.16,0.09,17.9,154,32,123,200.0,0,2,1,100
18:15:02,6,1,4,7.3,0.06,0.16,0.09,18.2,154,32,123,200.0,0,2,1,100
18:15:02,6,1,4,7.3,0.06,0.16,0.09,17.9,154,32,123,200.0,0,2,1,100
18:15:02,5,3,7,9.1,0.06,0.24,0.09,18.2,139,88,176,241.0,0,2,1,100
18:15:02,5,3,7,9.1,0.06,0.24,0.09,18.2,139,88,176,241.0,0,2,1,100
18:15:02,5,3,7,9.1,0.06,0.24,0.09,17.9,139,88,176,241.0,0,2,1,100
18:15:02,5,3,7,9.1,0.06,0.24,0.09,17.9,139,88,176,241.0,5,0,0,100
18:15:03,5,3,7,9.1,0.06,0.24,0.09,18.1,139,88,176,241.0,5,0,0,100
18:15:03,5,3,7,9.1,0.06,0.24,0.09,18.1,139,88,176,241.0,5,0,0,100
18:15:03,5,3,7,9.1,0.06,0.24,0.09,18.2,139,88,176,241.0,5,0,0,100
18:15:03,5,3,7,9.1,0.06,0.24,0.09,18.0,139,88,176,241.0,5,0,0,100
18:15:03,5,3,7,9.1,0.06,0.24,0.09,18.2,139,88,176,241.0,5,0,0,100
18:15:03,5,3,7,9.1,0.06,0.24,0.09,18.2,139,88,176,241.0,5,0,0,100
18:15:03,8,4,7,11.4,0.06,0.29,0.05,17.9,197,128,193,304.0,5,0,0,100
18:15:03,8,4,7,11.4,0.06,0.29,0.05,18.1,197,128,193,304.0,5,0,0,100
18:15:03,8,4,7,11.4,0.06,0.29,0.05,18.1,197,128,193,304.0,5,0,0,100
18:15:03,8,4,7,11.4,0.06,0.29,0.05,18.0,197,128,193,304.0,0,0,0,100
18:15:03,8,4,7,11.4,0.06,0.29,0.05,18.0,197,128,193,304.0,0,0,0,100
18:15:04,8,4,7,11.4,0.06,0.29,0.05,18.2,197,128,193,304.0,0,0,0,100
18:15:04,8,4,7,11.4,0.06,0.29,0.05,18.2,197,128,193,304.0,0,0,0,100
18:15:04,8,4,7,11.4,0.06,0.29,0.05,18.1,197,128,193,304.0,0,0,0,100
18:15:04,8,4,7,11.4,0.06,0.29,0.05,18.0,197,128,193,304.0,0,0,0,100
18:15:04,8,4,7,11.4,0.06,0.29,0.05,18.0,197,128,193,304.0,0,0,0,100
18:15:04,11,7,6,14.4,0.09,0.2,0.05,18.1,299,161,163,377.0,0,0,0,100
18:15:04,11,7,6,14.4,0.09,0.2,0.05,18.2,299,161,163,377.0,0,0,0,100
18:15:04,11,7,6,14.4,0.09,0.2,0.05,17.9,299,161,163,377.0,0,0,0,100
18:15:04,11,7,6,14.4,0.09,0.2,0.05,17.9,299,161,163,377.0,0,0,0,100
18:15:04,11,7,6,14.4,0.09,0.2,0.05,17.9,299,161,163,377.0,0,0,0,100
18:15:05,11,7,6,14.4,0.09,0.2,0.05,18.0,299,161,163,377.0,0,0,0,100
18:15:05,11,7,6,14.4,0.09,0.2,0.05,18.2,299,161,163,377.0,0,0,0,100
18:15:05,11,7,6,14.4,0.09,0.2,0.05,18.1,299,161,163,377.0,0,0,0,100
18:15:05,11,7,6,14.4,0.09,0.2,0.05,18.2,299,161,163,377.0,0,0,0,100
18:15:05,11,7,6,14.4,0.09,0.2,0.05,18.0,299,161,163,377.0,0,0,0,100
18:15:05,6,5,8,11.2,0.04,0.12,0.04,18.2,185,139,229,326.0,0,0,0,100
18:15:05,6,5,8,11.2,0.04,0.12,0.04,17.9,185,139,229,326.0,0,0,0,100
18:15:05,6,5,8,11.2,0.04,0.12,0.04,18.1,185,139,229,326.0,0,0,0,100
18:15:05,6,5,8,11.2,0.04,0.12,0.04,18.0,185,139,229,326.0,1,0,0,100
18:15:06,6,5,8,11.2,0.04,0.12,0.04,18.2,185,139,229,326.0,1,0,0,100
18:15:06,6,5,8,11.2,0.04,0.12,0.04,17.9,185,139,229,326.0,1,0,0,100
18:15:06,6,5,8,11.2,0.04,0.12,0.04,18.1,185,139,229,326.0,1,0,0,100
18:15:06,6,5,8,11.2,0.04,0.12,0.04,18.0,185,139,229,326.0,1,0,0,100
18:15:06,6,5,8,11.2,0.04,0.12,0.04,18.1,185,139,229,326.0,1,0,0,100
18:15:06,6,5,8,11.2,0.04,0.12,0.04,18.1,185,139,229,326.0,1,0,0,100
18:15:06,7,4,7,10.7,0.04,0.12,0.07,17.9,192,118,226,319.0,1,0,0,100
18:15:06,7,4,7,10.7,0.04,0.12,0.07,18.0,192,118,226,319.0,1,0,0,100
18:15:06,7,4,7,10.7,0.04,0.12,0.07,18.2,192,118,226,319.0,1,0,0,100
18:15:06,7,4,7,10.7,0.04,0.12,0.07,17.9,192,118,226,319.0,0,0,0,100
18:15:06,7,4,7,10.7,0.04,0.12,0.07,18.2,192,118,226,319.0,0,0,0,100
18:15:07,7,4,7,10.7,0.04,0.12,0.07,18.0,192,118,226,319.0,0,0,0,100
18:15:07,7,4,7,10.7,0.04,0.12,0.07,17.9,192,118,226,319.0,0,0,0,100
18:15:07,7,4,7,10.7,0.04,0.12,0.07,18.2,192,118,226,319.0,0,0,0,100
18:15:07,7,4,7,10.7,0.04,0.12,0.07,17.9,192,118,226,319.0,0,0,0,100
18:15:07,7,4,7,10.7,0.04,0.12,0.07,18.2,192,118,226,319.0,0,0,0,100
18:15:07,7,3,4,8.6,0.09,0.12,0.04,18.0,189,91,122,243.0,0,0,0,100
18:15:07,7,3,4,8.6,0.09,0.12,0.04,17.9,189,91,122,243.0,0,0,0,100
18:15:07,7,3,4,8.6,0.09,0.12,0.04,17.9,189,91,122,243.0,0,0,0,100
18:15:07,7,3,4,8.6,0.09,0.12,0.04,18.1,189,91,122,243.0,0,0,2,100
18:15:08,7,3,4,8.6,0.09,0.12,0.04,18.2,189,91,122,243.0,0,0,2,100
18:15:08,7,3,4,8.6,0.09,0.12,0.04,17.9,189,91,122,243.0,0,0,2,100
18:15:08,7,3,4,8.6,0.09,0.12,0.04,18.0,189,91,122,243.0,0,0,2,100
18:15:08,7,3,4,8.6,0.09,0.12,0.04,18.1,189,91,122,243.0,0,0,2,100
18:15:08,7,3,4,8.6,0.09,0.12,0.04,17.9,189,91,122,243.0,0,0,2,100
18:15:08,7,3,4,8.6,0.09,0.12,0.04,18.2,189,91,122,243.0,0,0,2,100
18:15:08,5,5,7,9.9,0.11,0.18,0.06,17.9,101,60,166,203.0,0,0,2,100
18:15:08,5,5,7,9.9,0.11,0.18,0.06,18.2,101,60,166,203.0,0,0,2,100
18:15:08,5,5,7,9.9,0.11,0.18,0.06,18.2,101,60,166,203.0,0,0,2,100
18:15:08,5,5,7,9.9,0.11,0.18,0.06,18.0,101,60,166,203.0,1,0,0,100
18:15:09,5,5,7,9.9,0.11,0.18,0.06,17.9,101,60,166,203.0,1,0,0,100
18:15:09,5,5,7,9.9,0.11,0.18,0.06,18.2,101,60,166,203.0,1,0,0,100
18:15:09,5,5,7,9.9,0.11,0.18,0.06,18.0,101,60,166,203.0,1,0,0,100
18:15:09,5,5,7,9.9,0.11,0.18,0.06,18.2,101,60,166,203.0,1,0,0,100
18:15:09,5,5,7,9.9,0.11,0.18,0.06,17.9,101,60,166,203.0,1,0,0,100
18:15:09,5,5,7,9.9,0.11,0.18,0.06,18.1,101,60,166,203.0,1,0,0,100
18:15:09,7,4,4,9.0,0.03,0.1,0.07,18.3,155,57,104,195.0,1,0,0,100
18:15:09,7,4,4,9.0,0.03,0.1,0.07,17.9,155,57,104,195.0,1,0,0,100
18:15:09,7,4,4,9.0,0.03,0.1,0.07,18.2,155,57,104,195.0,1,0,0,100
18:15:09,7,4,4,9.0,0.03,0.1,0.07,18.1,155,57,104,195.0,0,1,2,100
18:15:10,7,4,4,9.0,0.03,0.1,0.07,18.1,155,57,104,195.0,0,1,2,100
18:15:10,7,4,4,9.0,0.03,0.1,0.07,18.2,155,57,104,195.0,0,1,2,100
18:15:10,7,4,4,9.0,0.03,0.1,0.07,18.1,155,57,104,195.0,0,1,2,100
18:15:10,7,4,4,9.0,0.03,0.1,0.07,18.0,155,57,104,195.0,0,1,2,100
18:15:10,7,4,4,9.0,0.03,0.1,0.07,17.9,155,57,104,195.0,0,1,2,100
18:15:10,7,4,4,9.0,0.03,0.1,0.07,17.9,155,57,104,195.0,0,1,2,100
18:15:10,4,3,6,7.8,0.03,0.09,0.04,18.2,85,94,180,220.0,0,1,2,100
18:15:10,4,3,6,7.8,0.03,0.09,0.04,18.2,85,94,180,220.0,0,1,2,100
18:15:10,4,3,6,7.8,0.03,0.09,0.04,17.9,85,94,180,220.0,0,1,2,100
18:15:10,4,3,6,7.8,0.03,0.09,0.04,18.0,85,94,180,220.0,0,0,0,100
18:15:11,4,3,6,7.8,0.03,0.09,0.04,18.1,85,94,180,220.0,0,0,0,100
18:15:11,4,3,6,7.8,0.03,0.09,0.04,18.1,85,94,180,220.0,0,0,0,100
18:15:11,4,3,6,7.8,0.03,0.09,0.04,18.2,85,94,180,220.0,0,0,0,100
18:15:11,4,3,6,7.8,0.03,0.09,0.04,17.9,85,94,180,220.0,0,0,0,100
18:15:11,4,3,6,7.8,0.03,0.09,0.04,17.9,85,94,180,220.0,0,0,0,100
18:15:11,4,3,6,7.8,0.03,0.09,0.04,18.0,85,94,180,220.0,0,0,0,100
18:15:11,7,7,7,12.1,0.08,0.16,0.04,18.0,228,136,174,317.0,0,0,0,100
18:15:11,7,7,7,12.1,0.08,0.16,0.04,18.2,228,136,174,317.0,0,0,0,100
18:15:11,7,7,7,12.1,0.08,0.16,0.04,17.9,228,136,174,317.0,0,0,0,100
18:15:11,7,7,7,12.1,0.08,0.16,0.04,18.0,228,136,174,317.0,0,0,1,100
18:15:12,7,7,7,12.1,0.08,0.16,0.04,18.2,228,136,174,317.0,0,0,1,100
18:15:12,7,7,7,12.1,0.08,0.16,0.04,18.2,228,136,174,317.0,0,0,1,100
18:15:12,7,7,7,12.1,0.08,0.16,0.04,17.9,228,136,174,317.0,0,0,1,100
18:15:12,7,7,7,12.1,0.08,0.16,0.04,18.1,228,136,174,317.0,0,0,1,100
18:15:12,7,7,7,12.1,0.08,0.16,0.04,18.2,228,136,174,317.0,0,0,1,100
18:15:12,7,7,7,12.1,0.08,0.16,0.04,18.0,228,136,174,317.0,0,0,1,100
18:15:12,9,6,7,12.9,0.11,0.28,0.09,18.1,240,158,205,353.0,0,0,1,100
18:15:12,9,6,7,12.9,0.11,0.28,0.09,18.2,240,158,205,353.0,0,0,1,100
18:15:12,9,6,7,12.9,0.11,0.28,0.09,18.2,240,158,205,353.0,0,0,1,100
18:15:12,9,6,7,12.9,0.11,0.28,0.09,18.0,240,158,205,353.0,0,0,0,100
18:15:13,9,6,7,12.9,0.11,0.28,0.09,17.9,240,158,205,353.0,0,0,0,100
18:15:13,9,6,7,12.9,0.11,0.28,0.09,18.1,240,158,205,353.0,0,0,0,100
18:15:13,9,6,7,12.9,0.11,0.28,0.09,18.2,240,158,205,353.0,0,0,0,100
18:15:13,9,6,7,12.9,0.11,0.28,0.09,18.0,240,158,205,353.0,0,0,0,100
18:15:13,9,6,7,12.9,0.11,0.28,0.09,17.9,240,158,205,353.0,0,0,0,100
18:15:13,9,6,7,12.9,0.11,0.28,0.09,18.4,240,158,205,353.0,0,0,0,100
18:15:13,4,7,11,13.6,0.05,0.15,0.05,17.9,142,147,263,333.0,0,0,0,100
18:15:13,4,7,11,13.6,0.05,0.15,0.05,17.9,142,147,263,333.0,0,0,0,100
18:15:13,4,7,11,13.6,0.05,0.15,0.05,18.1,142,147,263,333.0,0,0,0,100
18:15:13,4,7,11,13.6,0.05,0.15,0.05,17.9,142,147,263,333.0,3,0,0,100
18:15:14,4,7,11,13.6,0.05,0.15,0.05,18.2,142,147,263,333.0,3,0,0,100
18:15:14,4,7,11,13.6,0.05,0.15,0.05,17.9,142,147,263,333.0,3,0,0,100
18:15:14,4,7,11,13.6,0.05,0.15,0.05,17.9,142,147,263,333.0,3,0,0,100
18:15:14,4,7,11,13.6,0.05,0.15,0.05,18.3,142,147,263,333.0,3,0,0,100
18:15:14,4,7,11,13.6,0.05,0.15,0.05,18.0,142,147,263,333.0,3,0,0,100
18:15:14,4,7,11,13.6,0.05,0.15,0.05,18.3,142,147,263,333.0,3,0,0,100
18:15:14,8,4,6,10.8,0.09,0.15,0.1,18.2,225,114,200,322.0,3,0,0,100
18:15:14,8,4,6,10.8,0.09,0.15,0.1,18.2,225,114,200,322.0,3,0,0,100
18:15:14,8,4,6,10.8,0.09,0.15,0.1,18.2,225,114,200,322.0,3,0,0,100
18:15:14,8,4,6,10.8,0.09,0.15,0.1,18.0,225,114,200,322.0,0,0,1,100
18:15:15,8,4,6,10.8,0.09,0.15,0.1,18.1,225,114,200,322.0,0,0,1,100
18:15:15,8,4,6,10.8,0.09,0.15,0.1,18.1,225,114,200,322.0,0,0,1,100
18:15:15,8,4,6,10.8,0.09,0.15,0.1,17.9,225,114,200,322.0,0,0,1,100
18:15:15,8,4,6,10.8,0.09,0.15,0.1,18.0,225,114,200,322.0,0,0,1,100
18:15:15,8,4,6,10.8,0.09,0.15,0.1,18.1,225,114,200,322.0,0,0,1,100
18:15:15,8,4,6,10.8,0.09,0.15,0.1,18.2,225,114,200,322.0,0,0,1,100
18:15:15,5,4,6,8.8,0.11,0.12,0.04,17.9,167,72,156,240.0,0,0,1,100
18:15:15,5,4,6,8.8,0.11,0.12,0.04,17.9,167,72,156,240.0,0,0,1,100
18:15:15,5,4,6,8.8,0.11,0.12,0.04,18.0,167,72,156,240.0,0,0,1,100
18:15:15,5,4,6,8.8,0.11,0.12,0.04,17.9,167,72,156,240.0,2,0,0,100
18:15:16,5,4,6,8.8,0.11,0.12,0.04,18.1,167,72,156,240.0,2,0,0,100
18:15:16,5,4,6,8.8,0.11,0.12,0.04,18.2,167,72,156,240.0,2,0,0,100
18:15:16,5,4,6,8.8,0.11,0.12,0.04,18.2,167,72,156,240.0,2,0,0,100
18:15:16,5,4,6,8.8,0.11,0.12,0.04,18.0,167,72,156,240.0,2,0,0,100
18:15:16,5,4,6,8.8,0.11,0.12,0.04,17.9,167,72,156,240.0,2,0,0,100
18:15:16,5,4,6,8.8,0.11,0.12,0.04,17.9,167,72,156,240.0,2,0,0,100
18:15:16,6,2,6,8.7,0.06,0.12,0.04,18.2,149,42,154,218.0,2,0,0,100
18:15:16,6,2,6,8.7,0.06,0.12,0.04,18.1,149,42,154,218.0,2,0,0,100
18:15:16,6,2,6,8.7,0.06,0.12,0.04,18.2,149,42,154,218.0,2,0,0,100
18:15:17,6,2,6,8.7,0.06,0.12,0.04,18.2,149,42,154,218.0,0,2,2,100
18:15:17,6,2,6,8.7,0.06,0.12,0.04,18.1,149,42,154,218.0,0,2,2,100
18:15:17,6,2,6,8.7,0.06,0.12,0.04,18.0,149,42,154,218.0,0,2,2,100
18:15:17,6,2,6,8.7,0.06,0.12,0.04,18.2,149,42,154,218.0,0,2,2,100
18:15:17,6,2,6,8.7,0.06,0.12,0.04,17.9,149,42,154,218.0,0,2,2,100
18:15:17,6,2,6,8.7,0.06,0.12,0.04,18.1,149,42,154,218.0,0,2,2,100
18:15:17,6,2,6,8.7,0.06,0.12,0.04,18.2,149,42,154,218.0,0,2,2,100
18:15:17,6,4,6,9.4,0.03,0.16,0.05,18.1,174,95,159,254.0,0,2,2,100
18:15:17,6,4,6,9.4,0.03,0.16,0.05,18.2,174,95,159,254.0,0,2,2,100
18:15:17,6,4,6,9.4,0.03,0.16,0.05,18.2,174,95,159,254.0,0,2,2,100
18:15:18,6,4,6,9.4,0.03,0.16,0.05,18.1,174,95,159,254.0,0,0,0,100
18:15:18,6,4,6,9.4,0.03,0.16,0.05,18.2,174,95,159,254.0,0,0,0,100
18:15:18,6,4,6,9.4,0.03,0.16,0.05,18.1,174,95,159,254.0,0,0,0,100
18:15:18,6,4,6,9.4,0.03,0.16,0.05,17.9,174,95,159,254.0,0,0,0,100
18:15:18,6,4,6,9.4,0.03,0.16,0.05,18.2,174,95,159,254.0,0,0,0,100
18:15:18,6,4,6,9.4,0.03,0.16,0.05,18.0,174,95,159,254.0,0,0,0,100
18:15:18,6,4,6,9.4,0.03,0.16,0.05,18.1,174,95,159,254.0,0,0,0,100
18:15:18,7,6,9,12.9,0.07,0.19,0.07,18.2,140,149,236,312.0,0,0,0,100
18:15:18,7,6,9,12.9,0.07,0.19,0.07,18.1,140,149,236,312.0,0,0,0,100
18:15:18,7,6,9,12.9,0.07,0.19,0.07,18.1,140,149,236,312.0,0,0,0,100
18:15:18,7,6,9,12.9,0.07,0.19,0.07,18.2,140,149,236,312.0,3,0,0,100
18:15:19,7,6,9,12.9,0.07,0.19,0.07,18.0,140,149,236,312.0,3,0,0,100
18:15:19,7,6,9,12.9,0.07,0.19,0.07,17.9,140,149,236,312.0,3,0,0,100
18:15:19,7,6,9,12.9,0.07,0.19,0.07,18.2,140,149,236,312.0,3,0,0,100
18:15:19,7,6,9,12.9,0.07,0.19,0.07,18.0,140,149,236,312.0,3,0,0,100
18:15:19,7,6,9,12.9,0.07,0.19,0.07,18.1,140,149,236,312.0,3,0,0,100
18:15:19,7,6,9,12.9,0.07,0.19,0.07,18.1,140,149,236,312.0,3,0,0,100
18:15:19,9,6,8,13.5,0.09,0.32,0.05,18.1,252,165,196,359.0,3,0,0,100
18:15:19,9,6,8,13.5,0.09,0.32,0.05,18.0,252,165,196,359.0,3,0,0,100
18:15:19,9,6,8,13.5,0.09,0.32,0.05,17.9,252,165,196,359.0,3,0,0,100
18:15:20,9,6,8,13.5,0.09,0.32,0.05,18.0,252,165,196,359.0,0,0,1,100
18:15:20,9,6,8,13.5,0.09,0.32,0.05,18.2,252,165,196,359.0,0,0,1,100
18:15:20,9,6,8,13.5,0.09,0.32,0.05,17.9,252,165,196,359.0,0,0,1,100
18:15:20,9,6,8,13.5,0.09,0.32,0.05,18.2,252,165,196,359.0,0,0,1,100
18:15:20,9,6,8,13.5,0.09,0.32,0.05,18.1,252,165,196,359.0,0,0,1,100
18:15:20,9,6,8,13.5,0.09,0.32,0.05,17.9,252,165,196,359.0,0,0,1,100
18:15:20,9,6,8,13.5,0.09,0.32,0.05,18.2,252,165,196,359.0,0,0,1,100
18:15:20,8,5,7,11.7,0.07,0.15,0.07,18.2,235,145,207,345.0,0,0,1,100
18:15:20,8,5,7,11.7,0.07,0.15,0.07,18.2,235,145,207,345.0,0,0,1,100
18:15:20,8,5,7,11.7,0.07,0.15,0.07,18.1,235,145,207,345.0,0,0,1,100
18:15:21,8,5,7,11.7,0.07,0.15,0.07,18.4,235,145,207,345.0,0,0,0,100
18:15:21,8,5,7,11.7,0.07,0.15,0.07,18.2,235,145,207,345.0,0,0,0,100
18:15:21,8,5,7,11.7,0.07,0.15,0.07,18.0,235,145,207,345.0,0,0,0,100
18:15:21,8,5,7,11.7,0.07,0.15,0.07,18.1,235,145,207,345.0,0,0,0,100
18:15:21,8,5,7,11.7,0.07,0.15,0.07,18.2,235,145,207,345.0,0,0,0,100
18:15:21,8,5,7,11.7,0.07,0.15,0.07,18.2,235,145,207,345.0,0,0,0,100
18:15:21,8,5,7,11.7,0.07,0.15,0.07,18.0,235,145,207,345.0,0,0,0,100
18:15:21,4,4,10,11.5,0.05,0.19,0.09,18.1,125,131,222,286.0,0,0,0,100
18:15:21,4,4,10,11.5,0.05,0.19,0.09,18.0,125,131,222,286.0,0,0,0,100
18:15:21,4,4,10,11.5,0.05,0.19,0.09,18.1,125,131,222,286.0,0,0,0,100
18:15:22,4,4,10,11.5,0.05,0.19,0.09,18.4,125,131,222,286.0,2,0,0,100
18:15:22,4,4,10,11.5,0.05,0.19,0.09,18.2,125,131,222,286.0,2,0,0,100
18:15:22,4,4,10,11.5,0.05,0.19,0.09,18.2,125,131,222,286.0,2,0,0,100
18:15:22,4,4,10,11.5,0.05,0.19,0.09,18.2,125,131,222,286.0,2,0,0,100
18:15:22,4,4,10,11.5,0.05,0.19,0.09,18.0,125,131,222,286.0,2,0,0,100
18:15:22,4,4,10,11.5,0.05,0.19,0.09,18.2,125,131,222,286.0,2,0,0,100
18:15:22,4,4,10,11.5,0.05,0.19,0.09,18.0,125,131,222,286.0,2,0,0,100
18:15:22,5,2,4,6.7,0.04,0.13,0.09,18.2,157,81,131,220.0,2,0,0,100
18:15:22,5,2,4,6.7,0.04,0.13,0.09,18.2,157,81,131,220.0,2,0,0,100
18:15:23,5,2,4,6.7,0.04,0.13,0.09,18.2,157,81,131,220.0,2,0,0,100
18:15:23,5,2,4,6.7,0.04,0.13,0.09,18.0,157,81,131,220.0,0,0,2,100
18:15:23,5,2,4,6.7,0.04,0.13,0.09,18.2,157,81,131,220.0,0,0,2,100
18:15:23,5,2,4,6.7,0.04,0.13,0.09,18.1,157,81,131,220.0,0,0,2,100
18:15:23,5,2,4,6.7,0.04,0.13,0.09,18.1,157,81,131,220.0,0,0,2,100
18:15:23,5,2,4,6.7,0.04,0.13,0.09,18.1,157,81,131,220.0,0,0,2,100
18:15:23,5,2,4,6.7,0.04,0.13,0.09,18.0,157,81,131,220.0,0,0,2,100
18:15:23,5,2,4,6.7,0.04,0.13,0.09,17.9,157,81,131,220.0,0,0,2,100
18:15:23,4,1,6,7.3,0.05,0.15,0.02,18.0,116,33,138,183.0,0,0,2,100
18:15:23,4,1,6,7.3,0.05,0.15,0.02,18.2,116,33,138,183.0,0,0,2,100
18:15:23,4,1,6,7.3,0.05,0.15,0.02,18.1,116,33,138,183.0,0,0,2,100
18:15:24,4,1,6,7.3,0.05,0.15,0.02,17.9,116,33,138,183.0,1,1,0,100
18:15:24,4,1,6,7.3,0.05,0.15,0.02,18.2,116,33,138,183.0,1,1,0,100
18:15:24,4,1,6,7.3,0.05,0.15,0.02,18.2,116,33,138,183.0,1,1,0,100
18:15:24,4,1,6,7.3,0.05,0.15,0.02,18.0,116,33,138,183.0,1,1,0,100
18:15:24,4,1,6,7.3,0.05,0.15,0.02,18.1,116,33,138,183.0,1,1,0,100
18:15:24,4,1,6,7.3,0.05,0.15,0.02,18.4,116,33,138,183.0,1,1,0,100
18:15:24,4,1,6,7.3,0.05,0.15,0.02,18.2,116,33,138,183.0,1,1,0,100
18:15:24,7,3,4,8.6,0.08,0.13,0.07,17.9,196,83,132,250.0,1,1,0,100
18:15:24,7,3,4,8.6,0.08,0.13,0.07,18.0,196,83,132,250.0,1,1,0,100
18:15:24,7,3,4,8.6,0.08,0.13,0.07,18.0,196,83,132,250.0,1,1,0,100
18:15:25,7,3,4,8.6,0.08,0.13,0.07,18.0,196,83,132,250.0,0,0,1,100
18:15:25,7,3,4,8.6,0.08,0.13,0.07,18.1,196,83,132,250.0,0,0,1,100
18:15:25,7,3,4,8.6,0.08,0.13,0.07,18.0,196,83,132,250.0,0,0,1,100
18:15:25,7,3,4,8.6,0.08,0.13,0.07,18.2,196,83,132,250.0,0,0,1,100
18:15:25,7,3,4,8.6,0.08,0.13,0.07,18.2,196,83,132,250.0,0,0,1,100
18:15:25,7,3,4,8.6,0.08,0.13,0.07,18.0,196,83,132,250.0,0,0,1,100
18:15:25,7,3,4,8.6,0.08,0.13,0.07,18.0,196,83,132,250.0,0,0,1,100
18:15:25,7,4,6,10.0,0.08,0.16,0.09,18.0,198,117,188,297.0,0,0,1,100
18:15:25,7,4,6,10.0,0.08,0.16,0.09,18.1,198,117,188,297.0,0,0,1,100
18:15:25,7,4,6,10.0,0.08,0.16,0.09,18.1,198,117,188,297.0,0,0,1,100
18:15:26,7,4,6,10.0,0.08,0.16,0.09,18.2,198,117,188,297.0,0,0,0,100
18:15:26,7,4,6,10.0,0.08,0.16,0.09,18.3,198,117,188,297.0,0,0,0,100
18:15:26,7,4,6,10.0,0.08,0.16,0.09,18.0,198,117,188,297.0,0,0,0,100
18:15:26,7,4,6,10.0,0.08,0.16,0.09,18.1,198,117,188,297.0,0,0,0,100
18:15:26,7,4,6,10.0,0.08,0.16,0.09,18.0,198,117,188,297.0,0,0,0,100
18:15:26,7,4,6,10.0,0.08,0.16,0.09,18.2,198,117,188,297.0,0,0,0,100
18:15:26,7,4,6,10.0,0.08,0.16,0.09,18.2,198,117,188,297.0,0,0,0,100
18:15:26,5,4,7,9.5,0.04,0.12,0.05,17.9,154,135,225,304.0,0,0,0,100
18:15:26,5,4,7,9.5,0.04,0.12,0.05,18.1,154,135,225,304.0,0,0,0,100
18:15:26,5,4,7,9.5,0.04,0.12,0.05,18.0,154,135,225,304.0,0,0,0,100
18:15:27,5,4,7,9.5,0.04,0.12,0.05,18.0,154,135,225,304.0,0,0,0,100
18:15:27,5,4,7,9.5,0.04,0.12,0.05,18.3,154,135,225,304.0,0,0,0,100
18:15:27,5,4,7,9.5,0.04,0.12,0.05,18.1,154,135,225,304.0,0,0,0,100
18:15:27,5,4,7,9.5,0.04,0.12,0.05,18.1,154,135,225,304.0,0,0,0,100
18:15:27,5,4,7,9.5,0.04,0.12,0.05,17.9,154,135,225,304.0,0,0,0,100
18:15:27,5,4,7,9.5,0.04,0.12,0.05,18.2,154,135,225,304.0,0,0,0,100
18:15:27,5,4,7,9.5,0.04,0.12,0.05,18.0,154,135,225,304.0,0,0,0,100
18:15:27,9,6,8,13.5,0.07,0.13,0.05,17.9,258,140,166,337.0,0,0,0,100
18:15:27,9,6,8,13.5,0.07,0.13,0.05,18.3,258,140,166,337.0,0,0,0,100
18:15:27,9,6,8,13.5,0.07,0.13,0.05,18.1,258,140,166,337.0,0,0,0,100
18:15:28,9,6,8,13.5,0.07,0.13,0.05,18.2,258,140,166,337.0,0,0,1,100
18:15:28,9,6,8,13.5,0.07,0.13,0.05,18.1,258,140,166,337.0,0,0,1,100
18:15:28,9,6,8,13.5,0.07,0.13,0.05,18.3,258,140,166,337.0,0,0,1,100
18:15:28,9,6,8,13.5,0.07,0.13,0.05,18.1,258,140,166,337.0,0,0,1,100
18:15:28,9,6,8,13.5,0.07,0.13,0.05,18.2,258,140,166,337.0,0,0,1,100
18:15:28,9,6,8,13.5,0.07,0.13,0.05,18.2,258,140,166,337.0,0,0,1,100
18:15:28,9,6,8,13.5,0.07,0.13,0.05,18.0,258,140,166,337.0,0,0,1,100
18:15:28,7,4,7,10.7,0.07,0.12,0.05,18.0,211,126,211,324.0,0,0,1,100
18:15:28,7,4,7,10.7,0.07,0.12,0.05,18.2,211,126,211,324.0,0,0,1,100
18:15:28,7,4,7,10.7,0.07,0.12,0.05,18.1,211,126,211,324.0,0,0,1,100
18:15:29,7,4,7,10.7,0.07,0.12,0.05,18.1,211,126,211,324.0,1,0,0,100
18:15:29,7,4,7,10.7,0.07,0.12,0.05,17.9,211,126,211,324.0,1,0,0,100
18:15:29,7,4,7,10.7,0.07,0.12,0.05,18.0,211,126,211,324.0,1,0,0,100
18:15:29,7,4,7,10.7,0.07,0.12,0.05,17.9,211,126,211,324.0,1,0,0,100
18:15:29,7,4,7,10.7,0.07,0.12,0.05,18.2,211,126,211,324.0,1,0,0,100
18:15:29,7,4,7,10.7,0.07,0.12,0.05,17.9,211,126,211,324.0,1,0,0,100
18:15:29,7,4,7,10.7,0.07,0.12,0.05,18.1,211,126,211,324.0,1,0,0,100
18:15:29,5,4,9,11.0,0.05,0.13,0.1,18.0,128,110,240,293.0,1,0,0,100
18:15:29,5,4,9,11.0,0.05,0.13,0.1,18.2,128,110,240,293.0,1,0,0,100
18:15:29,5,4,9,11.0,0.05,0.13,0.1,18.3,128,110,240,293.0,1,0,0,100
18:15:30,5,4,9,11.0,0.05,0.13,0.1,18.0,128,110,240,293.0,1,0,0,100
18:15:30,5,4,9,11.0,0.05,0.13,0.1,18.3,128,110,240,293.0,1,0,0,100
18:15:30,5,4,9,11.0,0.05,0.13,0.1,18.1,128,110,240,293.0,1,0,0,100
18:15:30,5,4,9,11.0,0.05,0.13,0.1,18.2,128,110,240,293.0,1,0,0,100
18:15:30,5,4,9,11.0,0.05,0.13,0.1,18.3,128,110,240,293.0,1,0,0,100
18:15:30,5,4,9,11.0,0.05,0.13,0.1,18.2,128,110,240,293.0,1,0,0,100
18:15:30,5,4,9,11.0,0.05,0.13,0.1,18.1,128,110,240,293.0,1,0,0,100
18:15:30,7,2,4,8.3,0.05,0.15,0.09,18.4,170,57,103,207.0,1,0,0,100
18:15:30,7,2,4,8.3,0.05,0.15,0.09,17.8,170,57,103,207.0,1,0,0,100
18:15:30,7,2,4,8.3,0.05,0.15,0.09,18.3,170,57,103,207.0,1,0,0,100
18:15:31,7,2,4,8.3,0.05,0.15,0.09,17.9,170,57,103,207.0,0,2,0,100
18:15:31,7,2,4,8.3,0.05,0.15,0.09,18.0,170,57,103,207.0,0,2,0,100
18:15:31,7,2,4,8.3,0.05,0.15,0.09,18.3,170,57,103,207.0,0,2,0,100
18:15:31,7,2,4,8.3,0.05,0.15,0.09,18.2,170,57,103,207.0,0,2,0,100
18:15:31,7,2,4,8.3,0.05,0.15,0.09,18.1,170,57,103,207.0,0,2,0,100
18:15:31,7,2,4,8.3,0.05,0.15,0.09,17.9,170,57,103,207.0,0,2,0,100
18:15:31,7,2,4,8.3,0.05,0.15,0.09,18.2,170,57,103,207.0,0,2,0,100
18:15:31,4,3,5,7.1,0.09,0.14,0.07,18.1,120,53,158,205.0,0,2,0,100
18:15:31,4,3,5,7.1,0.09,0.14,0.07,17.9,120,53,158,205.0,0,2,0,100
18:15:31,4,3,5,7.1,0.09,0.14,0.07,18.2,120,53,158,205.0,0,2,0,100
18:15:32,4,3,5,7.1,0.09,0.14,0.07,18.3,120,53,158,205.0,1,0,0,100
18:15:32,4,3,5,7.1,0.09,0.14,0.07,18.2,120,53,158,205.0,1,0,0,100
18:15:32,4,3,5,7.1,0.09,0.14,0.07,18.1,120,53,158,205.0,1,0,0,100
18:15:32,4,3,5,7.1,0.09,0.14,0.07,18.1,120,53,158,205.0,1,0,0,100
18:15:32,4,3,5,7.1,0.09,0.14,0.07,18.2,120,53,158,205.0,1,0,0,100
18:15:32,4,3,5,7.1,0.09,0.14,0.07,18.0,120,53,158,205.0,1,0,0,100
18:15:32,4,3,5,7.1,0.09,0.14,0.07,17.9,120,53,158,205.0,1,0,0,100
18:15:32,10,4,5,11.9,0.04,0.34,0.05,17.9,221,109,122,275.0,1,0,0,100
18:15:32,10,4,5,11.9,0.04,0.34,0.05,18.2,221,109,122,275.0,1,0,0,100
18:15:32,10,4,5,11.9,0.04,0.34,0.05,18.0,221,109,122,275.0,1,0,0,100
18:15:33,10,4,5,11.9,0.04,0.34,0.05,18.3,221,109,122,275.0,0,0,3,100
18:15:33,10,4,5,11.9,0.04,0.34,0.05,18.1,221,109,122,275.0,0,0,3,100
18:15:33,10,4,5,11.9,0.04,0.34,0.05,18.1,221,109,122,275.0,0,0,3,100
18:15:33,10,4,5,11.9,0.04,0.34,0.05,18.1,221,109,122,275.0,0,0,3,100
18:15:33,10,4,5,11.9,0.04,0.34,0.05,18.2,221,109,122,275.0,0,0,3,100
18:15:33,10,4,5,11.9,0.04,0.34,0.05,18.0,221,109,122,275.0,0,0,3,100
18:15:33,10,4,5,11.9,0.04,0.34,0.05,18.0,221,109,122,275.0,0,0,3,100
18:15:33,9,8,8,14.5,0.06,0.16,0.06,17.9,204,161,220,340.0,0,0,3,100
18:15:33,9,8,8,14.5,0.06,0.16,0.06,17.9,204,161,220,340.0,0,0,3,100
18:15:33,9,8,8,14.5,0.06,0.16,0.06,17.9,204,161,220,340.0,0,0,3,100
18:15:34,9,8,8,14.5,0.06,0.16,0.06,18.2,204,161,220,340.0,0,0,0,100
18:15:34,9,8,8,14.5,0.06,0.16,0.06,18.0,204,161,220,340.0,0,0,0,100
18:15:34,9,8,8,14.5,0.06,0.16,0.06,18.1,204,161,220,340.0,0,0,0,100
18:15:34,9,8,8,14.5,0.06,0.16,0.06,18.1,204,161,220,340.0,0,0,0,100
18:15:34,9,8,8,14.5,0.06,0.16,0.06,18.2,204,161,220,340.0,0,0,0,100
18:15:34,9,8,8,14.5,0.06,0.16,0.06,18.2,204,161,220,340.0,0,0,0,100
18:15:34,9,8,8,14.5,0.06,0.16,0.06,18.1,204,161,220,340.0,0,0,0,100
18:15:34,6,6,8,11.7,0.03,0.23,0.03,18.2,150,136,230,306.0,0,0,0,100
18:15:34,6,6,8,11.7,0.03,0.23,0.03,18.2,150,136,230,306.0,0,0,0,100
18:15:34,6,6,8,11.7,0.03,0.23,0.03,18.1,150,136,230,306.0,0,0,0,100
18:15:35,6,6,8,11.7,0.03,0.23,0.03,18.1,150,136,230,306.0,1,0,0,100
18:15:35,6,6,8,11.7,0.03,0.23,0.03,18.1,150,136,230,306.0,1,0,0,100
18:15:35,6,6,8,11.7,0.03,0.23,0.03,18.2,150,136,230,306.0,1,0,0,100
18:15:35,6,6,8,11.7,0.03,0.23,0.03,18.2,150,136,230,306.0,1,0,0,100
18:15:35,6,6,8,11.7,0.03,0.23,0.03,18.0,150,136,230,306.0,1,0,0,100
18:15:35,6,6,8,11.7,0.03,0.23,0.03,17.9,150,136,230,306.0,1,0,0,100
18:15:35,6,6,8,11.7,0.03,0.23,0.03,18.2,150,136,230,306.0,1,0,0,100
18:15:35,9,5,6,11.9,0.07,0.16,0.05,18.2,245,158,156,331.0,1,0,0,100
18:15:35,9,5,6,11.9,0.07,0.16,0.05,18.2,245,158,156,331.0,1,0,0,100
18:15:36,9,5,6,11.9,0.07,0.16,0.05,18.0,245,158,156,331.0,1,0,0,100
18:15:36,9,5,6,11.9,0.07,0.16,0.05,18.1,245,158,156,331.0,0,0,1,100
18:15:36,9,5,6,11.9,0.07,0.16,0.05,18.1,245,158,156,331.0,0,0,1,100
18:15:36,9,5,6,11.9,0.07,0.16,0.05,18.2,245,158,156,331.0,0,0,1,100
18:15:36,9,5,6,11.9,0.07,0.16,0.05,18.2,245,158,156,331.0,0,0,1,100
18:15:36,9,5,6,11.9,0.07,0.16,0.05,18.2,245,158,156,331.0,0,0,1,100
18:15:36,9,5,6,11.9,0.07,0.16,0.05,17.9,245,158,156,331.0,0,0,1,100
18:15:36,9,5,6,11.9,0.07,0.16,0.05,18.1,245,158,156,331.0,0,0,1,100
18:15:36,9,5,6,11.9,0.07,0.16,0.05,18.2,245,158,156,331.0,0,0,1,100
18:15:36,8,5,9,13.0,0.15,0.31,0.08,17.9,226,127,217,338.0,0,0,1,100
18:15:37,8,5,9,13.0,0.15,0.31,0.08,18.3,226,127,217,338.0,0,0,1,100
18:15:37,8,5,9,13.0,0.15,0.31,0.08,18.2,226,127,217,338.0,1,0,0,100
18:15:37,8,5,9,13.0,0.15,0.31,0.08,18.0,226,127,217,338.0,1,0,0,100
18:15:37,8,5,9,13.0,0.15,0.31,0.08,17.9,226,127,217,338.0,1,0,0,100
18:15:37,8,5,9,13.0,0.15,0.31,0.08,18.2,226,127,217,338.0,1,0,0,100
18:15:37,8,5,9,13.0,0.15,0.31,0.08,18.1,226,127,217,338.0,1,0,0,100
18:15:37,8,5,9,13.0,0.15,0.31,0.08,18.2,226,127,217,338.0,1,0,0,100
18:15:37,8,5,9,13.0,0.15,0.31,0.08,18.1,226,127,217,338.0,1,0,0,100
18:15:37,8,5,9,13.0,0.15,0.31,0.08,18.1,226,127,217,338.0,1,0,0,100
18:15:37,6,3,8,10.4,0.1,0.24,0.13,18.0,150,89,205,269.0,1,0,0,100
18:15:38,6,3,8,10.4,0.1,0.24,0.13,18.3,150,89,205,269.0,1,0,0,100
18:15:38,6,3,8,10.4,0.1,0.24,0.13,18.0,150,89,205,269.0,0,0,0,100
18:15:38,6,3,8,10.4,0.1,0.24,0.13,18.2,150,89,205,269.0,0,0,0,100
18:15:38,6,3,8,10.4,0.1,0.24,0.13,18.1,150,89,205,269.0,0,0,0,100
18:15:38,6,3,8,10.4,0.1,0.24,0.13,18.2,150,89,205,269.0,0,0,0,100
18:15:38,6,3,8,10.4,0.1,0.24,0.13,18.2,150,89,205,269.0,0,0,0,100
18:15:38,6,3,8,10.4,0.1,0.24,0.13,18.1,150,89,205,269.0,0,0,0,100
18:15:38,6,3,8,10.4,0.1,0.24,0.13,18.1,150,89,205,269.0,0,0,0,100
18:15:38,6,3,8,10.4,0.1,0.24,0.13,18.2,150,89,205,269.0,0,0,0,100
18:15:38,4,1,4,5.7,0.04,0.13,0.1,18.0,131,34,118,180.0,0,0,0,100
18:15:39,4,1,4,5.7,0.04,0.13,0.1,18.0,131,34,118,180.0,0,0,0,100
18:15:39,4,1,4,5.7,0.04,0.13,0.1,18.1,131,34,118,180.0,0,0,1,100
18:15:39,4,1,4,5.7,0.04,0.13,0.1,18.2,131,34,118,180.0,0,0,1,100
18:15:39,4,1,4,5.7,0.04,0.13,0.1,18.2,131,34,118,180.0,0,0,1,100
18:15:39,4,1,4,5.7,0.04,0.13,0.1,18.2,131,34,118,180.0,0,0,1,100
18:15:39,4,1,4,5.7,0.04,0.13,0.1,18.2,131,34,118,180.0,0,0,1,100
18:15:39,4,1,4,5.7,0.04,0.13,0.1,18.2,131,34,118,180.0,0,0,1,100
18:15:39,4,1,4,5.7,0.04,0.13,0.1,17.9,131,34,118,180.0,0,0,1,100
18:15:39,4,1,4,5.7,0.04,0.13,0.1,18.2,131,34,118,180.0,0,0,1,100
18:15:39,5,3,6,8.4,0.09,0.18,0.04,18.2,163,93,178,259.0,0,0,1,100
18:15:40,5,3,6,8.4,0.09,0.18,0.04,18.2,163,93,178,259.0,0,0,1,100
18:15:40,5,3,6,8.4,0.09,0.18,0.04,18.1,163,93,178,259.0,1,0,0,100
18:15:40,5,3,6,8.4,0.09,0.18,0.04,18.0,163,93,178,259.0,1,0,0,100
18:15:40,5,3,6,8.4,0.09,0.18,0.04,18.4,163,93,178,259.0,1,0,0,100
18:15:40,5,3,6,8.4,0.09,0.18,0.04,17.9,163,93,178,259.0,1,0,0,100
18:15:40,5,3,6,8.4,0.09,0.18,0.04,18.1,163,93,178,259.0,1,0,0,100
18:15:40,5,3,6,8.4,0.09,0.18,0.04,18.2,163,93,178,259.0,1,0,0,100
18:15:40,5,3,6,8.4,0.09,0.18,0.04,18.1,163,93,178,259.0,1,0,0,100
18:15:40,5,3,6,8.4,0.09,0.18,0.04,18.3,163,93,178,259.0,1,0,0,100
18:15:40,8,4,4,9.8,0.04,0.14,0.03,18.2,224,118,116,278.0,1,0,0,100
18:15:41,8,4,4,9.8,0.04,0.14,0.03,17.9,224,118,116,278.0,1,0,0,100
18:15:41,8,4,4,9.8,0.04,0.14,0.03,18.4,224,118,116,278.0,0,0,0,100
18:15:41,8,4,4,9.8,0.04,0.14,0.03,18.2,224,118,116,278.0,0,0,0,100
18:15:41,8,4,4,9.8,0.04,0.14,0.03,18.2,224,118,116,278.0,0,0,0,100
18:15:41,8,4,4,9.8,0.04,0.14,0.03,18.2,224,118,116,278.0,0,0,0,100
18:15:41,8,4,4,9.8,0.04,0.14,0.03,18.2,224,118,116,278.0,0,0,0,100
18:15:41,8,4,4,9.8,0.04,0.14,0.03,18.2,224,118,116,278.0,0,0,0,100
18:15:41,8,4,4,9.8,0.04,0.14,0.03,18.0,224,118,116,278.0,0,0,0,100
18:15:41,8,4,4,9.8,0.04,0.14,0.03,18.0,224,118,116,278.0,0,0,0,100
18:15:41,7,5,11,14.0,0.05,0.18,0.09,18.2,199,152,239,346.0,0,0,0,100
18:15:42,7,5,11,14.0,0.05,0.18,0.09,18.0,199,152,239,346.0,0,0,0,100
18:15:42,7,5,11,14.0,0.05,0.18,0.09,18.1,199,152,239,346.0,1,0,0,100
18:15:42,7,5,11,14.0,0.05,0.18,0.09,18.2,199,152,239,346.0,1,0,0,100
18:15:42,7,5,11,14.0,0.05,0.18,0.09,18.2,199,152,239,346.0,1,0,0,100
18:15:42,7,5,11,14.0,0.05,0.18,0.09,18.0,199,152,239,346.0,1,0,0,100
18:15:42,7,5,11,14.0,0.05,0.18,0.09,18.2,199,152,239,346.0,1,0,0,100
18:15:42,7,5,11,14.0,0.05,0.18,0.09,18.0,199,152,239,346.0,1,0,0,100
18:15:42,7,5,11,14.0,0.05,0.18,0.09,18.4,199,152,239,346.0,1,0,0,100
18:15:42,7,5,11,14.0,0.05,0.18,0.09,18.2,199,152,239,346.0,1,0,0,100
18:15:42,6,4,8,10.8,0.03,0.13,0.03,18.1,184,134,231,324.0,1,0,0,100
18:15:43,6,4,8,10.8,0.03,0.13,0.03,18.2,184,134,231,324.0,1,0,0,100
18:15:43,6,4,8,10.8,0.03,0.13,0.03,18.1,184,134,231,324.0,0,0,0,100
18:15:43,6,4,8,10.8,0.03,0.13,0.03,18.4,184,134,231,324.0,0,0,0,100
18:15:43,6,4,8,10.8,0.03,0.13,0.03,18.2,184,134,231,324.0,0,0,0,100
18:15:43,6,4,8,10.8,0.03,0.13,0.03,18.1,184,134,231,324.0,0,0,0,100
18:15:43,6,4,8,10.8,0.03,0.13,0.03,18.0,184,134,231,324.0,0,0,0,100
18:15:43,6,4,8,10.8,0.03,0.13,0.03,18.3,184,134,231,324.0,0,0,0,100
18:15:43,6,4,8,10.8,0.03,0.13,0.03,18.2,184,134,231,324.0,0,0,0,100
18:15:43,6,4,8,10.8,0.03,0.13,0.03,18.1,184,134,231,324.0,0,0,0,100
18:15:43,8,4,4,9.8,0.08,0.16,0.05,18.2,216,123,127,279.0,0,0,0,100
18:15:44,8,4,4,9.8,0.08,0.16,0.05,18.0,216,123,127,279.0,0,0,0,100
18:15:44,8,4,4,9.8,0.08,0.16,0.05,18.2,216,123,127,279.0,0,0,1,100
18:15:44,8,4,4,9.8,0.08,0.16,0.05,18.3,216,123,127,279.0,0,0,1,100
18:15:44,8,4,4,9.8,0.08,0.16,0.05,18.2,216,123,127,279.0,0,0,1,100
18:15:44,8,4,4,9.8,0.08,0.16,0.05,17.9,216,123,127,279.0,0,0,1,100
18:15:44,8,4,4,9.8,0.08,0.16,0.05,17.9,216,123,127,279.0,0,0,1,100
18:15:44,8,4,4,9.8,0.08,0.16,0.05,18.2,216,123,127,279.0,0,0,1,100
18:15:44,8,4,4,9.8,0.08,0.16,0.05,18.0,216,123,127,279.0,0,0,1,100
18:15:44,8,4,4,9.8,0.08,0.16,0.05,17.9,216,123,127,279.0,0,0,1,100
18:15:44,6,3,8,10.4,0.08,0.2,0.04,17.9,155,78,214,276.0,0,0,1,100
18:15:45,6,3,8,10.4,0.08,0.2,0.04,18.2,155,78,214,276.0,0,0,1,100
18:15:45,6,3,8,10.4,0.08,0.2,0.04,18.2,155,78,214,276.0,2,0,0,100
18:15:45,6,3,8,10.4,0.08,0.2,0.04,18.1,155,78,214,276.0,2,0,0,100
18:15:45,6,3,8,10.4,0.08,0.2,0.04,18.1,155,78,214,276.0,2,0,0,100
18:15:45,6,3,8,10.4,0.08,0.2,0.04,18.1,155,78,214,276.0,2,0,0,100
18:15:45,6,3,8,10.4,0.08,0.2,0.04,18.2,155,78,214,276.0,2,0,0,100
18:15:45,6,3,8,10.4,0.08,0.2,0.04,18.2,155,78,214,276.0,2,0,0,100
18:15:45,6,3,8,10.4,0.08,0.2,0.04,18.3,155,78,214,276.0,2,0,0,100
18:15:45,6,3,8,10.4,0.08,0.2,0.04,17.9,155,78,214,276.0,2,0,0,100
18:15:45,7,2,6,9.4,0.05,0.15,0.06,18.2,163,35,135,215.0,2,0,0,100
18:15:46,7,2,6,9.4,0.05,0.15,0.06,18.2,163,35,135,215.0,2,0,0,100
18:15:46,7,2,6,9.4,0.05,0.15,0.06,18.1,163,35,135,215.0,0,6,0,100
18:15:46,7,2,6,9.4,0.05,0.15,0.06,18.1,163,35,135,215.0,0,6,0,100
18:15:46,7,2,6,9.4,0.05,0.15,0.06,17.9,163,35,135,215.0,0,6,0,100
18:15:46,7,2,6,9.4,0.05,0.15,0.06,18.2,163,35,135,215.0,0,6,0,100
18:15:46,7,2,6,9.4,0.05,0.15,0.06,18.2,163,35,135,215.0,0,6,0,100
18:15:46,7,2,6,9.4,0.05,0.15,0.06,18.1,163,35,135,215.0,0,6,0,100
18:15:46,7,2,6,9.4,0.05,0.15,0.06,18.2,163,35,135,215.0,0,6,0,100
18:15:46,7,2,6,9.4,0.05,0.15,0.06,18.0,163,35,135,215.0,0,6,0,100
18:15:47,5,2,6,8.1,0.05,0.13,0.06,18.0,149,66,174,238.0,0,6,0,100
18:15:47,5,2,6,8.1,0.05,0.13,0.06,18.2,149,66,174,238.0,0,6,0,100
18:15:47,5,2,6,8.1,0.05,0.13,0.06,18.3,149,66,174,238.0,3,0,0,100
18:15:47,5,2,6,8.1,0.05,0.13,0.06,18.0,149,66,174,238.0,3,0,0,100
18:15:47,5,2,6,8.1,0.05,0.13,0.06,18.4,149,66,174,238.0,3,0,0,100
18:15:47,5,2,6,8.1,0.05,0.13,0.06,18.1,149,66,174,238.0,3,0,0,100
18:15:47,5,2,6,8.1,0.05,0.13,0.06,17.9,149,66,174,238.0,3,0,0,100
18:15:47,5,2,6,8.1,0.05,0.13,0.06,18.3,149,66,174,238.0,3,0,0,100
18:15:47,5,2,6,8.1,0.05,0.13,0.06,18.2,149,66,174,238.0,3,0,0,100
18:15:47,5,2,6,8.1,0.05,0.13,0.06,18.1,149,66,174,238.0,3,0,0,100
18:15:48,6,4,6,9.4,0.04,0.14,0.06,17.9,189,103,188,286.0,3,0,0,100
18:15:48,6,4,6,9.4,0.04,0.14,0.06,18.2,189,103,188,286.0,3,0,0,100
18:15:48,6,4,6,9.4,0.04,0.14,0.06,18.2,189,103,188,286.0,0,0,0,100
18:15:48,6,4,6,9.4,0.04,0.14,0.06,18.0,189,103,188,286.0,0,0,0,100
18:15:48,6,4,6,9.4,0.04,0.14,0.06,18.0,189,103,188,286.0,0,0,0,100
18:15:48,6,4,6,9.4,0.04,0.14,0.06,18.2,189,103,188,286.0,0,0,0,100
18:15:48,6,4,6,9.4,0.04,0.14,0.06,18.1,189,103,188,286.0,0,0,0,100
18:15:48,6,4,6,9.4,0.04,0.14,0.06,18.1,189,103,188,286.0,0,0,0,100
18:15:48,6,4,6,9.4,0.04,0.14,0.06,18.4,189,103,188,286.0,0,0,0,100
18:15:48,6,4,6,9.4,0.04,0.14,0.06,18.2,189,103,188,286.0,0,0,0,100
18:15:49,9,5,5,11.4,0.05,0.14,0.03,17.9,233,134,128,298.0,0,0,0,100
18:15:49,9,5,5,11.4,0.05,0.14,0.03,18.4,233,134,128,298.0,0,0,0,100
18:15:49,9,5,5,11.4,0.05,0.14,0.03,18.2,233,134,128,298.0,0,0,2,100
18:15:49,9,5,5,11.4,0.05,0.14,0.03,18.2,233,134,128,298.0,0,0,2,100
18:15:49,9,5,5,11.4,0.05,0.14,0.03,18.0,233,134,128,298.0,0,0,2,100
18:15:49,9,5,5,11.4,0.05,0.14,0.03,17.9,233,134,128,298.0,0,0,2,100
18:15:49,9,5,5,11.4,0.05,0.14,0.03,18.2,233,134,128,298.0,0,0,2,100
18:15:49,9,5,5,11.4,0.05,0.14,0.03,18.2,233,134,128,298.0,0,0,2,100
18:15:49,9,5,5,11.4,0.05,0.14,0.03,18.2,233,134,128,298.0,0,0,2,100
18:15:49,9,5,5,11.4,0.05,0.14,0.03,18.2,233,134,128,298.0,0,0,2,100
18:15:50,6,5,9,11.9,0.04,0.13,0.04,18.2,171,142,215,309.0,0,0,2,100
18:15:50,6,5,9,11.9,0.04,0.13,0.04,18.2,171,142,215,309.0,0,0,2,100
18:15:50,6,5,9,11.9,0.04,0.13,0.04,18.2,171,142,215,309.0,2,0,0,100
18:15:50,6,5,9,11.9,0.04,0.13,0.04,18.1,171,142,215,309.0,2,0,0,100
18:15:50,6,5,9,11.9,0.04,0.13,0.04,18.2,171,142,215,309.0,2,0,0,100
18:15:50,6,5,9,11.9,0.04,0.13,0.04,18.0,171,142,215,309.0,2,0,0,100
18:15:50,6,5,9,11.9,0.04,0.13,0.04,17.9,171,142,215,309.0,2,0,0,100
18:15:50,6,5,9,11.9,0.04,0.13,0.04,18.2,171,142,215,309.0,2,0,0,100
18:15:50,6,5,9,11.9,0.04,0.13,0.04,18.2,171,142,215,309.0,2,0,0,100
18:15:50,6,5,9,11.9,0.04,0.13,0.04,17.9,171,142,215,309.0,2,0,0,100
18:15:51,9,6,8,13.5,0.06,0.16,0.09,17.9,223,147,232,354.0,2,0,0,100
18:15:51,9,6,8,13.5,0.06,0.16,0.09,18.1,223,147,232,354.0,2,0,0,100
18:15:51,9,6,8,13.5,0.06,0.16,0.09,18.0,223,147,232,354.0,0,0,0,100
18:15:51,9,6,8,13.5,0.06,0.16,0.09,18.2,223,147,232,354.0,0,0,0,100
18:15:51,9,6,8,13.5,0.06,0.16,0.09,18.0,223,147,232,354.0,0,0,0,100
18:15:51,9,6,8,13.5,0.06,0.16,0.09,17.9,223,147,232,354.0,0,0,0,100
18:15:51,9,6,8,13.5,0.06,0.16,0.09,18.2,223,147,232,354.0,0,0,0,100
18:15:51,9,6,8,13.5,0.06,0.16,0.09,18.2,223,147,232,354.0,0,0,0,100
18:15:51,9,6,8,13.5,0.06,0.16,0.09,18.1,223,147,232,354.0,0,0,0,100
18:15:51,9,6,8,13.5,0.06,0.16,0.09,18.1,223,147,232,354.0,0,0,0,100
18:15:52,9,4,4,10.6,0.11,0.15,0.09,18.2,250,138,103,304.0,0,0,0,100
18:15:52,9,4,4,10.6,0.11,0.15,0.09,18.1,250,138,103,304.0,0,0,0,100
18:15:52,9,4,4,10.6,0.11,0.15,0.09,17.9,250,138,103,304.0,0,0,0,100
18:15:52,9,4,4,10.6,0.11,0.15,0.09,18.2,250,138,103,304.0,0,0,0,100
18:15:52,9,4,4,10.6,0.11,0.15,0.09,18.2,250,138,103,304.0,0,0,0,100
18:15:52,9,4,4,10.6,0.11,0.15,0.09,18.2,250,138,103,304.0,0,0,0,100
18:15:52,9,4,4,10.6,0.11,0.15,0.09,18.1,250,138,103,304.0,0,0,0,100
18:15:52,9,4,4,10.6,0.11,0.15,0.09,18.2,250,138,103,304.0,0,0,0,100
18:15:52,9,4,4,10.6,0.11,0.15,0.09,18.0,250,138,103,304.0,0,0,0,100
18:15:52,9,4,4,10.6,0.11,0.15,0.09,18.2,250,138,103,304.0,0,0,0,100
18:15:53,4,2,7,8.3,0.08,0.2,0.07,18.1,104,56,156,196.0,0,0,0,100
18:15:53,4,2,7,8.3,0.08,0.2,0.07,18.0,104,56,156,196.0,0,0,0,100
18:15:53,4,2,7,8.3,0.08,0.2,0.07,18.2,104,56,156,196.0,1,4,0,100
18:15:53,4,2,7,8.3,0.08,0.2,0.07,18.2,104,56,156,196.0,1,4,0,100
18:15:53,4,2,7,8.3,0.08,0.2,0.07,18.2,104,56,156,196.0,1,4,0,100
18:15:53,4,2,7,8.3,0.08,0.2,0.07,18.1,104,56,156,196.0,1,4,0,100
18:15:53,4,2,7,8.3,0.08,0.2,0.07,18.3,104,56,156,196.0,1,4,0,100
18:15:53,4,2,7,8.3,0.08,0.2,0.07,18.2,104,56,156,196.0,1,4,0,100
18:15:53,4,2,7,8.3,0.08,0.2,0.07,18.1,104,56,156,196.0,1,4,0,100
18:15:53,4,2,7,8.3,0.08,0.2,0.07,18.0,104,56,156,196.0,1,4,0,100
18:15:54,6,2,3,7.0,0.06,0.16,0.07,18.0,165,59,99,201.0,1,4,0,100
18:15:54,6,2,3,7.0,0.06,0.16,0.07,17.9,165,59,99,201.0,1,4,0,100
18:15:54,6,2,3,7.0,0.06,0.16,0.07,18.1,165,59,99,201.0,0,0,3,100
18:15:54,6,2,3,7.0,0.06,0.16,0.07,17.9,165,59,99,201.0,0,0,3,100
18:15:54,6,2,3,7.0,0.06,0.16,0.07,18.2,165,59,99,201.0,0,0,3,100
18:15:54,6,2,3,7.0,0.06,0.16,0.07,18.0,165,59,99,201.0,0,0,3,100
18:15:54,6,2,3,7.0,0.06,0.16,0.07,18.3,165,59,99,201.0,0,0,3,100
18:15:54,6,2,3,7.0,0.06,0.16,0.07,17.9,165,59,99,201.0,0,0,3,100
18:15:54,6,2,3,7.0,0.06,0.16,0.07,18.4,165,59,99,201.0,0,0,3,100
18:15:54,6,2,3,7.0,0.06,0.16,0.07,18.2,165,59,99,201.0,0,0,3,100
18:15:55,4,3,6,7.8,0.05,0.12,0.06,18.0,123,103,191,249.0,0,0,3,100
18:15:55,4,3,6,7.8,0.05,0.12,0.06,18.0,123,103,191,249.0,0,0,3,100
18:15:55,4,3,6,7.8,0.05,0.12,0.06,18.2,123,103,191,249.0,1,0,0,100
18:15:55,4,3,6,7.8,0.05,0.12,0.06,17.9,123,103,191,249.0,1,0,0,100
18:15:55,4,3,6,7.8,0.05,0.12,0.06,18.2,123,103,191,249.0,1,0,0,100
18:15:55,4,3,6,7.8,0.05,0.12,0.06,18.2,123,103,191,249.0,1,0,0,100
18:15:55,4,3,6,7.8,0.05,0.12,0.06,18.4,123,103,191,249.0,1,0,0,100
18:15:55,4,3,6,7.8,0.05,0.12,0.06,18.3,123,103,191,249.0,1,0,0,100
18:15:55,4,3,6,7.8,0.05,0.12,0.06,18.4,123,103,191,249.0,1,0,0,100
18:15:55,4,3,6,7.8,0.05,0.12,0.06,18.0,123,103,191,249.0,1,0,0,100
18:15:56,7,4,6,10.0,0.06,0.09,0.04,18.0,222,119,193,317.0,1,0,0,100
18:15:56,7,4,6,10.0,0.06,0.09,0.04,18.1,222,119,193,317.0,1,0,0,100
18:15:56,7,4,6,10.0,0.06,0.09,0.04,18.3,222,119,193,317.0,0,0,0,100
18:15:56,7,4,6,10.0,0.06,0.09,0.04,18.2,222,119,193,317.0,0,0,0,100
18:15:56,7,4,6,10.0,0.06,0.09,0.04,18.1,222,119,193,317.0,0,0,0,100
18:15:56,7,4,6,10.0,0.06,0.09,0.04,17.9,222,119,193,317.0,0,0,0,100
18:15:56,7,4,6,10.0,0.06,0.09,0.04,18.2,222,119,193,317.0,0,0,0,100
18:15:56,7,4,6,10.0,0.06,0.09,0.04,18.1,222,119,193,317.0,0,0,0,100
18:15:56,7,4,6,10.0,0.06,0.09,0.04,18.0,222,119,193,317.0,0,0,0,100
18:15:56,7,4,6,10.0,0.06,0.09,0.04,18.0,222,119,193,317.0,0,0,0,100
18:15:57,10,5,6,12.7,0.05,0.13,0.04,18.3,262,150,174,348.0,0,0,0,100
18:15:57,10,5,6,12.7,0.05,0.13,0.04,18.1,262,150,174,348.0,0,0,0,100
18:15:57,10,5,6,12.7,0.05,0.13,0.04,18.2,262,150,174,348.0,0,0,0,100
18:15:57,10,5,6,12.7,0.05,0.13,0.04,18.1,262,150,174,348.0,0,0,0,100
18:15:57,10,5,6,12.7,0.05,0.13,0.04,18.1,262,150,174,348.0,0,0,0,100
18:15:57,10,5,6,12.7,0.05,0.13,0.04,18.2,262,150,174,348.0,0,0,0,100
18:15:57,10,5,6,12.7,0.05,0.13,0.04,18.4,262,150,174,348.0,0,0,0,100
18:15:57,10,5,6,12.7,0.05,0.13,0.04,18.2,262,150,174,348.0,0,0,0,100
18:15:57,10,5,6,12.7,0.05,0.13,0.04,18.1,262,150,174,348.0,0,0,0,100
18:15:57,10,5,6,12.7,0.05,0.13,0.04,17.9,262,150,174,348.0,0,0,0,100
18:15:58,4,4,8,9.8,0.06,0.18,0.08,18.2,154,150,231,316.0,0,0,0,100
18:15:58,4,4,8,9.8,0.06,0.18,0.08,18.2,154,150,231,316.0,0,0,0,100
18:15:58,4,4,8,9.8,0.06,0.18,0.08,18.2,154,150,231,316.0,1,0,0,100
18:15:58,4,4,8,9.8,0.06,0.18,0.08,18.4,154,150,231,316.0,1,0,0,100
18:15:58,4,4,8,9.8,0.06,0.18,0.08,18.0,154,150,231,316.0,1,0,0,100
18:15:58,4,4,8,9.8,0.06,0.18,0.08,18.3,154,150,231,316.0,1,0,0,100
18:15:58,4,4,8,9.8,0.06,0.18,0.08,17.9,154,150,231,316.0,1,0,0,100
18:15:58,4,4,8,9.8,0.06,0.18,0.08,18.1,154,150,231,316.0,1,0,0,100
18:15:58,4,4,8,9.8,0.06,0.18,0.08,18.1,154,150,231,316.0,1,0,0,100
18:15:58,4,4,8,9.8,0.06,0.18,0.08,18.1,154,150,231,316.0,1,0,0,100
18:15:59,7,3,6,9.7,0.05,0.2,0.09,18.2,203,118,193,304.0,1,0,0,100
18:15:59,7,3,6,9.7,0.05,0.2,0.09,18.2,203,118,193,304.0,1,0,0,100
18:15:59,7,3,6,9.7,0.05,0.2,0.09,18.1,203,118,193,304.0,0,0,1,100
18:15:59,7,3,6,9.7,0.05,0.2,0.09,18.1,203,118,193,304.0,0,0,1,100
18:15:59,7,3,6,9.7,0.05,0.2,0.09,18.2,203,118,193,304.0,0,0,1,100
18:15:59,7,3,6,9.7,0.05,0.2,0.09,18.2,203,118,193,304.0,0,0,1,100
18:15:59,7,3,6,9.7,0.05,0.2,0.09,18.0,203,118,193,304.0,0,0,1,100
18:15:59,7,3,6,9.7,0.05,0.2,0.09,18.2,203,118,193,304.0,0,0,1,100
18:15:59,7,3,6,9.7,0.05,0.2,0.09,18.2,203,118,193,304.0,0,0,1,100
18:15:59,7,3,6,9.7,0.05,0.2,0.09,18.1,203,118,193,304.0,0,0,1,100
18:16:00,7,3,6,9.7,0.1,0.21,0.05,18.1,201,78,180,281.0,0,0,1,100
18:16:00,7,3,6,9.7,0.1,0.21,0.05,18.1,201,78,180,281.0,0,0,1,100
18:16:00,7,3,6,9.7,0.1,0.21,0.05,18.2,201,78,180,281.0,0,0,0,100
18:16:00,7,3,6,9.7,0.1,0.21,0.05,18.3,201,78,180,281.0,0,0,0,100
18:16:00,7,3,6,9.7,0.1,0.21,0.05,18.0,201,78,180,281.0,0,0,0,100
18:16:00,7,3,6,9.7,0.1,0.21,0.05,18.0,201,78,180,281.0,0,0,0,100
18:16:00,7,3,6,9.7,0.1,0.21,0.05,17.9,201,78,180,281.0,0,0,0,100
18:16:00,7,3,6,9.7,0.1,0.21,0.05,18.2,201,78,180,281.0,0,0,0,100
18:16:00,7,3,6,9.7,0.1,0.21,0.05,18.0,201,78,180,281.0,0,0,0,100
18:16:00,7,3,6,9.7,0.1,0.21,0.05,18.1,201,78,180,281.0,0,0,0,100
18:16:01,6,3,7,9.7,0.13,0.16,0.07,18.0,158,45,195,255.0,0,0,0,100
18:16:01,6,3,7,9.7,0.13,0.16,0.07,18.2,158,45,195,255.0,0,0,0,100
18:16:01,6,3,7,9.7,0.13,0.16,0.07,18.1,158,45,195,255.0,3,3,0,100
18:16:01,6,3,7,9.7,0.13,0.16,0.07,18.0,158,45,195,255.0,3,3,0,100
18:16:01,6,3,7,9.7,0.13,0.16,0.07,18.2,158,45,195,255.0,3,3,0,100
18:16:01,6,3,7,9.7,0.13,0.16,0.07,17.9,158,45,195,255.0,3,3,0,100
18:16:01,6,3,7,9.7,0.13,0.16,0.07,18.2,158,45,195,255.0,3,3,0,100
18:16:01,6,3,7,9.7,0.13,0.16,0.07,17.9,158,45,195,255.0,3,3,0,100
18:16:01,6,3,7,9.7,0.13,0.16,0.07,18.1,158,45,195,255.0,3,3,0,100
18:16:01,6,3,7,9.7,0.13,0.16,0.07,17.9,158,45,195,255.0,3,3,0,100
18:16:02,8,6,9,13.5,0.05,0.17,0.07,18.2,179,84,158,253.0,3,3,0,100
18:16:02,8,6,9,13.5,0.05,0.17,0.07,18.4,179,84,158,253.0,3,3,0,100
18:16:02,8,6,9,13.5,0.05,0.17,0.07,18.3,179,84,158,253.0,0,0,0,100
18:16:02,8,6,9,13.5,0.05,0.17,0.07,18.1,179,84,158,253.0,0,0,0,100
18:16:02,8,6,9,13.5,0.05,0.17,0.07,18.2,179,84,158,253.0,0,0,0,100
18:16:02,8,6,9,13.5,0.05,0.17,0.07,18.2,179,84,158,253.0,0,0,0,100
18:16:02,8,6,9,13.5,0.05,0.17,0.07,18.0,179,84,158,253.0,0,0,0,100
18:16:02,8,6,9,13.5,0.05,0.17,0.07,18.0,179,84,158,253.0,0,0,0,100
18:16:02,8,6,9,13.5,0.05,0.17,0.07,18.3,179,84,158,253.0,0,0,0,100
18:16:03,8,6,9,13.5,0.05,0.17,0.07,18.1,179,84,158,253.0,0,0,0,100
18:16:03,4,5,8,10.2,0.05,0.18,0.08,18.1,111,123,221,276.0,0,0,0,100
18:16:03,4,5,8,10.2,0.05,0.18,0.08,18.1,111,123,221,276.0,0,0,0,100
18:16:03,4,5,8,10.2,0.05,0.18,0.08,18.2,111,123,221,276.0,0,0,0,100
18:16:03,4,5,8,10.2,0.05,0.18,0.08,18.1,111,123,221,276.0,0,0,0,100
18:16:03,4,5,8,10.2,0.05,0.18,0.08,18.0,111,123,221,276.0,0,0,0,100
18:16:03,4,5,8,10.2,0.05,0.18,0.08,18.2,111,123,221,276.0,0,0,0,100
18:16:03,4,5,8,10.2,0.05,0.18,0.08,18.1,111,123,221,276.0,0,0,0,100
18:16:03,4,5,8,10.2,0.05,0.18,0.08,18.2,111,123,221,276.0,0,0,0,100
18:16:03,4,5,8,10.2,0.05,0.18,0.08,18.1,111,123,221,276.0,0,0,0,100
18:16:03,4,5,8,10.2,0.05,0.18,0.08,18.2,111,123,221,276.0,0,0,0,100
18:16:04,8,6,8,12.8,0.07,0.16,0.04,18.2,224,135,195,326.0,0,0,0,100
18:16:04,8,6,8,12.8,0.07,0.16,0.04,18.0,224,135,195,326.0,0,0,0,100
18:16:04,8,6,8,12.8,0.07,0.16,0.04,18.2,224,135,195,326.0,0,0,2,100
18:16:04,8,6,8,12.8,0.07,0.16,0.04,18.2,224,135,195,326.0,0,0,2,100
18:16:04,8,6,8,12.8,0.07,0.16,0.04,18.1,224,135,195,326.0,0,0,2,100
18:16:04,8,6,8,12.8,0.07,0.16,0.04,18.2,224,135,195,326.0,0,0,2,100
18:16:04,8,6,8,12.8,0.07,0.16,0.04,18.1,224,135,195,326.0,0,0,2,100
18:16:04,8,6,8,12.8,0.07,0.16,0.04,18.0,224,135,195,326.0,0,0,2,100
18:16:04,8,6,8,12.8,0.07,0.16,0.04,18.2,224,135,195,326.0,0,0,2,100
18:16:05,8,6,8,12.8,0.07,0.16,0.04,18.0,224,135,195,326.0,0,0,2,100
18:16:05,7,5,6,10.5,0.05,0.1,0.04,18.2,226,130,171,312.0,0,0,2,100
18:16:05,7,5,6,10.5,0.05,0.1,0.04,18.2,226,130,171,312.0,0,0,2,100
18:16:05,7,5,6,10.5,0.05,0.1,0.04,18.0,226,130,171,312.0,0,0,0,100
18:16:05,7,5,6,10.5,0.05,0.1,0.04,18.0,226,130,171,312.0,0,0,0,100
18:16:05,7,5,6,10.5,0.05,0.1,0.04,18.1,226,130,171,312.0,0,0,0,100
18:16:05,7,5,6,10.5,0.05,0.1,0.04,18.0,226,130,171,312.0,0,0,0,100
18:16:05,7,5,6,10.5,0.05,0.1,0.04,18.2,226,130,171,312.0,0,0,0,100
18:16:05,7,5,6,10.5,0.05,0.1,0.04,18.2,226,130,171,312.0,0,0,0,100
18:16:05,7,5,6,10.5,0.05,0.1,0.04,18.1,226,130,171,312.0,0,0,0,100
18:16:06,7,5,6,10.5,0.05,0.1,0.04,18.0,226,130,171,312.0,0,0,0,100
18:16:06,5,5,9,11.4,0.07,0.22,0.09,18.3,120,135,242,302.0,0,0,0,100
18:16:06,5,5,9,11.4,0.07,0.22,0.09,18.4,120,135,242,302.0,0,0,0,100
18:16:06,5,5,9,11.4,0.07,0.22,0.09,18.1,120,135,242,302.0,1,0,0,100
18:16:06,5,5,9,11.4,0.07,0.22,0.09,18.1,120,135,242,302.0,1,0,0,100
18:16:06,5,5,9,11.4,0.07,0.22,0.09,18.1,120,135,242,302.0,1,0,0,100
18:16:06,5,5,9,11.4,0.07,0.22,0.09,18.1,120,135,242,302.0,1,0,0,100
18:16:06,5,5,9,11.4,0.07,0.22,0.09,18.2,120,135,242,302.0,1,0,0,100
18:16:06,5,5,9,11.4,0.07,0.22,0.09,18.2,120,135,242,302.0,1,0,0,100
18:16:06,5,5,9,11.4,0.07,0.22,0.09,18.2,120,135,242,302.0,1,0,0,100
18:16:07,5,5,9,11.4,0.07,0.22,0.09,18.2,120,135,242,302.0,1,0,0,100
18:16:07,6,3,5,8.4,0.04,0.15,0.08,18.2,166,104,162,254.0,1,0,0,100
18:16:07,6,3,5,8.4,0.04,0.15,0.08,18.2,166,104,162,254.0,1,0,0,100
18:16:07,6,3,5,8.4,0.04,0.15,0.08,18.2,166,104,162,254.0,0,0,0,100
18:16:07,6,3,5,8.4,0.04,0.15,0.08,18.1,166,104,162,254.0,0,0,0,100
18:16:07,6,3,5,8.4,0.04,0.15,0.08,18.2,166,104,162,254.0,0,0,0,100
18:16:07,6,3,5,8.4,0.04,0.15,0.08,18.2,166,104,162,254.0,0,0,0,100
18:16:07,6,3,5,8.4,0.04,0.15,0.08,18.2,166,104,162,254.0,0,0,0,100
18:16:07,6,3,5,8.4,0.04,0.15,0.08,18.1,166,104,162,254.0,0,0,0,100
18:16:07,6,3,5,8.4,0.04,0.15,0.08,18.1,166,104,162,254.0,0,0,0,100
18:16:08,6,3,5,8.4,0.04,0.15,0.08,18.4,166,104,162,254.0,0,0,0,100
18:16:08,5,1,4,6.5,0.05,0.12,0.04,18.2,148,38,133,203.0,0,0,0,100
18:16:08,5,1,4,6.5,0.05,0.12,0.04,17.9,148,38,133,203.0,0,0,0,100
18:16:08,5,1,4,6.5,0.05,0.12,0.04,18.2,148,38,133,203.0,1,1,0,100
18:16:08,5,1,4,6.5,0.05,0.12,0.04,18.2,148,38,133,203.0,1,1,0,100
18:16:08,5,1,4,6.5,0.05,0.12,0.04,18.2,148,38,133,203.0,1,1,0,100
18:16:08,5,1,4,6.5,0.05,0.12,0.04,17.9,148,38,133,203.0,1,1,0,100
18:16:08,5,1,4,6.5,0.05,0.12,0.04,18.2,148,38,133,203.0,1,1,0,100
18:16:08,5,1,4,6.5,0.05,0.12,0.04,18.2,148,38,133,203.0,1,1,0,100
18:16:08,5,1,4,6.5,0.05,0.12,0.04,18.2,148,38,133,203.0,1,1,0,100
18:16:09,5,1,4,6.5,0.05,0.12,0.04,18.2,148,38,133,203.0,1,1,0,100
18:16:09,5,2,7,8.8,0.07,0.12,0.04,18.1,161,70,154,234.0,1,1,0,100
18:16:09,5,2,7,8.8,0.07,0.12,0.04,18.1,161,70,154,234.0,1,1,0,100
18:16:09,5,2,7,8.8,0.07,0.12,0.04,18.1,161,70,154,234.0,0,0,2,100
18:16:09,5,2,7,8.8,0.07,0.12,0.04,18.2,161,70,154,234.0,0,0,2,100
18:16:09,5,2,7,8.8,0.07,0.12,0.04,18.1,161,70,154,234.0,0,0,2,100
18:16:09,5,2,7,8.8,0.07,0.12,0.04,18.2,161,70,154,234.0,0,0,2,100
18:16:09,5,2,7,8.8,0.07,0.12,0.04,18.2,161,70,154,234.0,0,0,2,100
18:16:09,5,2,7,8.8,0.07,0.12,0.04,18.0,161,70,154,234.0,0,0,2,100
18:16:09,5,2,7,8.8,0.07,0.12,0.04,18.2,161,70,154,234.0,0,0,2,100
18:16:10,5,2,7,8.8,0.07,0.12,0.04,18.2,161,70,154,234.0,0,0,2,100
18:16:10,6,4,7,10.0,0.05,0.14,0.05,18.1,168,110,194,279.0,0,0,2,100
18:16:10,6,4,7,10.0,0.05,0.14,0.05,18.1,168,110,194,279.0,0,0,2,100
18:16:10,6,4,7,10.0,0.05,0.14,0.05,18.2,168,110,194,279.0,0,0,0,100
18:16:10,6,4,7,10.0,0.05,0.14,0.05,18.1,168,110,194,279.0,0,0,0,100
18:16:10,6,4,7,10.0,0.05,0.14,0.05,18.2,168,110,194,279.0,0,0,0,100
18:16:10,6,4,7,10.0,0.05,0.14,0.05,18.0,168,110,194,279.0,0,0,0,100
18:16:10,6,4,7,10.0,0.05,0.14,0.05,18.0,168,110,194,279.0,0,0,0,100
18:16:10,6,4,7,10.0,0.05,0.14,0.05,18.2,168,110,194,279.0,0,0,0,100
18:16:10,6,4,7,10.0,0.05,0.14,0.05,18.1,168,110,194,279.0,0,0,0,100
18:16:11,6,4,7,10.0,0.05,0.14,0.05,18.1,168,110,194,279.0,0,0,0,100
18:16:11,4,5,8,10.2,0.07,0.13,0.11,18.2,131,151,250,320.0,0,0,0,100
18:16:11,4,5,8,10.2,0.07,0.13,0.11,18.2,131,151,250,320.0,0,0,0,100
18:16:11,4,5,8,10.2,0.07,0.13,0.11,18.2,131,151,250,320.0,1,0,0,100
18:16:11,4,5,8,10.2,0.07,0.13,0.11,18.0,131,151,250,320.0,1,0,0,100
18:16:11,4,5,8,10.2,0.07,0.13,0.11,18.4,131,151,250,320.0,1,0,0,100
18:16:11,4,5,8,10.2,0.07,0.13,0.11,18.2,131,151,250,320.0,1,0,0,100
18:16:11,4,5,8,10.2,0.07,0.13,0.11,18.1,131,151,250,320.0,1,0,0,100
18:16:11,4,5,8,10.2,0.07,0.13,0.11,18.0,131,151,250,320.0,1,0,0,100
18:16:12,4,5,8,10.2,0.07,0.13,0.11,18.2,131,151,250,320.0,1,0,0,100
18:16:12,4,5,8,10.2,0.07,0.13,0.11,18.0,131,151,250,320.0,1,0,0,100
18:16:12,9,5,6,11.9,0.06,0.11,0.04,18.2,252,143,170,336.0,1,0,0,100
18:16:12,9,5,6,11.9,0.06,0.11,0.04,18.2,252,143,170,336.0,1,0,0,100
18:16:12,9,5,6,11.9,0.06,0.11,0.04,18.2,252,143,170,336.0,0,0,0,100
18:16:12,9,5,6,11.9,0.06,0.11,0.04,18.0,252,143,170,336.0,0,0,0,100
18:16:12,9,5,6,11.9,0.06,0.11,0.04,18.2,252,143,170,336.0,0,0,0,100
18:16:12,9,5,6,11.9,0.06,0.11,0.04,18.2,252,143,170,336.0,0,0,0,100
18:16:12,9,5,6,11.9,0.06,0.11,0.04,18.2,252,143,170,336.0,0,0,0,100
18:16:12,9,5,6,11.9,0.06,0.11,0.04,18.2,252,143,170,336.0,0,0,0,100
18:16:12,9,5,6,11.9,0.06,0.11,0.04,17.9,252,143,170,336.0,0,0,0,100
18:16:13,9,5,6,11.9,0.06,0.11,0.04,18.0,252,143,170,336.0,0,0,0,100
18:16:13,8,5,6,11.2,0.1,0.13,0.09,18.4,234,154,171,328.0,0,0,0,100
18:16:13,8,5,6,11.2,0.1,0.13,0.09,18.2,234,154,171,328.0,0,0,0,100
18:16:13,8,5,6,11.2,0.1,0.13,0.09,18.2,234,154,171,328.0,0,0,0,100
18:16:13,8,5,6,11.2,0.1,0.13,0.09,18.0,234,154,171,328.0,0,0,0,100
18:16:13,8,5,6,11.2,0.1,0.13,0.09,17.9,234,154,171,328.0,0,0,0,100
18:16:13,8,5,6,11.2,0.1,0.13,0.09,18.2,234,154,171,328.0,0,0,0,100
18:16:13,8,5,6,11.2,0.1,0.13,0.09,18.4,234,154,171,328.0,0,0,0,100
18:16:13,8,5,6,11.2,0.1,0.13,0.09,18.3,234,154,171,328.0,0,0,0,100
18:16:13,8,5,6,11.2,0.1,0.13,0.09,18.1,234,154,171,328.0,0,0,0,100
18:16:14,8,5,6,11.2,0.1,0.13,0.09,18.4,234,154,171,328.0,0,0,0,100
18:16:14,8,6,11,14.9,0.07,0.24,0.09,18.4,124,129,206,273.0,0,0,0,100
18:16:14,8,6,11,14.9,0.07,0.24,0.09,18.4,124,129,206,273.0,0,0,0,100
18:16:14,8,6,11,14.9,0.07,0.24,0.09,18.4,124,129,206,273.0,1,0,0,100
18:16:14,8,6,11,14.9,0.07,0.24,0.09,17.9,124,129,206,273.0,1,0,0,100
18:16:14,8,6,11,14.9,0.07,0.24,0.09,18.2,124,129,206,273.0,1,0,0,100
18:16:14,8,6,11,14.9,0.07,0.24,0.09,18.1,124,129,206,273.0,1,0,0,100
18:16:14,8,6,11,14.9,0.07,0.24,0.09,18.1,124,129,206,273.0,1,0,0,100
18:16:14,8,6,11,14.9,0.07,0.24,0.09,18.2,124,129,206,273.0,1,0,0,100
18:16:15,8,6,11,14.9,0.07,0.24,0.09,18.2,124,129,206,273.0,1,0,0,100
18:16:15,8,6,11,14.9,0.07,0.24,0.09,18.4,124,129,206,273.0,1,0,0,100
18:16:15,6,2,3,7.0,0.03,0.13,0.05,18.2,159,58,111,202.0,1,0,0,100
18:16:15,6,2,3,7.0,0.03,0.13,0.05,18.3,159,58,111,202.0,1,0,0,100
18:16:15,6,2,3,7.0,0.03,0.13,0.05,18.2,159,58,111,202.0,0,1,1,100
18:16:15,6,2,3,7.0,0.03,0.13,0.05,18.1,159,58,111,202.0,0,1,1,100
18:16:15,6,2,3,7.0,0.03,0.13,0.05,17.9,159,58,111,202.0,0,1,1,100
18:16:15,6,2,3,7.0,0.03,0.13,0.05,18.2,159,58,111,202.0,0,1,1,100
18:16:15,6,2,3,7.0,0.03,0.13,0.05,17.9,159,58,111,202.0,0,1,1,100
18:16:15,6,2,3,7.0,0.03,0.13,0.05,18.1,159,58,111,202.0,0,1,1,100
18:16:16,6,2,3,7.0,0.03,0.13,0.05,18.1,159,58,111,202.0,0,1,1,100
18:16:16,6,2,3,7.0,0.03,0.13,0.05,18.2,159,58,111,202.0,0,1,1,100
18:16:16,5,2,6,8.1,0.07,0.26,0.07,18.2,128,57,161,213.0,0,1,1,100
18:16:16,5,2,6,8.1,0.07,0.26,0.07,18.0,128,57,161,213.0,0,1,1,100
18:16:16,5,2,6,8.1,0.07,0.26,0.07,18.1,128,57,161,213.0,3,0,0,100
18:16:16,5,2,6,8.1,0.07,0.26,0.07,18.2,128,57,161,213.0,3,0,0,100
18:16:16,5,2,6,8.1,0.07,0.26,0.07,18.3,128,57,161,213.0,3,0,0,100
18:16:16,5,2,6,8.1,0.07,0.26,0.07,17.9,128,57,161,213.0,3,0,0,100
18:16:16,5,2,6,8.1,0.07,0.26,0.07,18.1,128,57,161,213.0,3,0,0,100
18:16:16,5,2,6,8.1,0.07,0.26,0.07,18.1,128,57,161,213.0,3,0,0,100
18:16:17,5,2,6,8.1,0.07,0.26,0.07,18.2,128,57,161,213.0,3,0,0,100
18:16:17,5,2,6,8.1,0.07,0.26,0.07,18.4,128,57,161,213.0,3,0,0,100
18:16:17,7,4,6,10.0,0.08,0.12,0.04,18.2,204,106,156,278.0,3,0,0,100
18:16:17,7,4,6,10.0,0.08,0.12,0.04,18.2,204,106,156,278.0,3,0,0,100
18:16:17,7,4,6,10.0,0.08,0.12,0.04,18.2,204,106,156,278.0,0,0,0,100
18:16:17,7,4,6,10.0,0.08,0.12,0.04,18.0,204,106,156,278.0,0,0,0,100
18:16:17,7,4,6,10.0,0.08,0.12,0.04,18.0,204,106,156,278.0,0,0,0,100
18:16:17,7,4,6,10.0,0.08,0.12,0.04,18.1,204,106,156,278.0,0,0,0,100
18:16:17,7,4,6,10.0,0.08,0.12,0.04,17.9,204,106,156,278.0,0,0,0,100
18:16:17,7,4,6,10.0,0.08,0.12,0.04,18.2,204,106,156,278.0,0,0,0,100
18:16:18,7,4,6,10.0,0.08,0.12,0.04,18.1,204,106,156,278.0,0,0,0,100
18:16:18,7,4,6,10.0,0.08,0.12,0.04,18.2,204,106,156,278.0,0,0,0,100
18:16:18,7,6,7,11.6,0.05,0.13,0.07,18.4,218,132,216,334.0,0,0,0,100
18:16:18,7,6,7,11.6,0.05,0.13,0.07,18.1,218,132,216,334.0,0,0,0,100
18:16:18,7,6,7,11.6,0.05,0.13,0.07,18.2,218,132,216,334.0,0,0,0,100
18:16:18,7,6,7,11.6,0.05,0.13,0.07,18.2,218,132,216,334.0,0,0,0,100
18:16:18,7,6,7,11.6,0.05,0.13,0.07,18.1,218,132,216,334.0,0,0,0,100
18:16:18,7,6,7,11.6,0.05,0.13,0.07,18.2,218,132,216,334.0,0,0,0,100
18:16:18,7,6,7,11.6,0.05,0.13,0.07,18.0,218,132,216,334.0,0,0,0,100
18:16:18,7,6,7,11.6,0.05,0.13,0.07,18.2,218,132,216,334.0,0,0,0,100
18:16:19,7,6,7,11.6,0.05,0.13,0.07,18.2,218,132,216,334.0,0,0,0,100
18:16:19,7,6,7,11.6,0.05,0.13,0.07,18.2,218,132,216,334.0,0,0,0,100
18:16:19,5,5,8,10.7,0.03,0.14,0.06,18.2,139,130,247,312.0,0,0,0,100
18:16:19,5,5,8,10.7,0.03,0.14,0.06,18.2,139,130,247,312.0,0,0,0,100
18:16:19,5,5,8,10.7,0.03,0.14,0.06,18.2,139,130,247,312.0,0,0,0,100
18:16:19,5,5,8,10.7,0.03,0.14,0.06,18.4,139,130,247,312.0,0,0,0,100
18:16:19,5,5,8,10.7,0.03,0.14,0.06,18.2,139,130,247,312.0,0,0,0,100
18:16:19,5,5,8,10.7,0.03,0.14,0.06,18.2,139,130,247,312.0,0,0,0,100
18:16:19,5,5,8,10.7,0.03,0.14,0.06,18.2,139,130,247,312.0,0,0,0,100
18:16:19,5,5,8,10.7,0.03,0.14,0.06,18.1,139,130,247,312.0,0,0,0,100
18:16:20,5,5,8,10.7,0.03,0.14,0.06,17.9,139,130,247,312.0,0,0,0,100
18:16:20,5,5,8,10.7,0.03,0.14,0.06,18.2,139,130,247,312.0,0,0,0,100
18:16:20,8,4,5,10.2,0.05,0.18,0.04,18.2,241,123,179,324.0,0,0,0,100
18:16:20,8,4,5,10.2,0.05,0.18,0.04,18.0,241,123,179,324.0,0,0,0,100
18:16:20,8,4,5,10.2,0.05,0.18,0.04,18.1,241,123,179,324.0,0,0,1,100
18:16:20,8,4,5,10.2,0.05,0.18,0.04,18.2,241,123,179,324.0,0,0,1,100
18:16:20,8,4,5,10.2,0.05,0.18,0.04,18.1,241,123,179,324.0,0,0,1,100
18:16:20,8,4,5,10.2,0.05,0.18,0.04,18.2,241,123,179,324.0,0,0,1,100
18:16:20,8,4,5,10.2,0.05,0.18,0.04,18.2,241,123,179,324.0,0,0,1,100
18:16:20,8,4,5,10.2,0.05,0.18,0.04,18.2,241,123,179,324.0,0,0,1,100
18:16:21,8,4,5,10.2,0.05,0.18,0.04,18.4,241,123,179,324.0,0,0,1,100
18:16:21,8,4,5,10.2,0.05,0.18,0.04,18.1,241,123,179,324.0,0,0,1,100
18:16:21,11,6,9,15.4,0.08,0.12,0.03,18.2,192,106,164,274.0,0,0,1,100
18:16:21,11,6,9,15.4,0.08,0.12,0.03,18.2,192,106,164,274.0,0,0,1,100
18:16:21,11,6,9,15.4,0.08,0.12,0.03,18.0,192,106,164,274.0,0,0,0,100
18:16:21,11,6,9,15.4,0.08,0.12,0.03,18.2,192,106,164,274.0,0,0,0,100
18:16:21,11,6,9,15.4,0.08,0.12,0.03,18.2,192,106,164,274.0,0,0,0,100
18:16:21,11,6,9,15.4,0.08,0.12,0.03,18.0,192,106,164,274.0,0,0,0,100
18:16:21,11,6,9,15.4,0.08,0.12,0.03,18.0,192,106,164,274.0,0,0,0,100
18:16:21,11,6,9,15.4,0.08,0.12,0.03,18.1,192,106,164,274.0,0,0,0,100
18:16:22,11,6,9,15.4,0.08,0.12,0.03,18.3,192,106,164,274.0,0,0,0,100
18:16:22,11,6,9,15.4,0.08,0.12,0.03,18.2,192,106,164,274.0,0,0,0,100
18:16:22,3,2,5,6.2,0.05,0.08,0.05,18.2,100,70,157,199.0,0,0,0,100
18:16:22,3,2,5,6.2,0.05,0.08,0.05,17.9,100,70,157,199.0,0,0,0,100
18:16:22,3,2,5,6.2,0.05,0.08,0.05,18.2,100,70,157,199.0,1,0,0,100
18:16:22,3,2,5,6.2,0.05,0.08,0.05,18.3,100,70,157,199.0,1,0,0,100
18:16:22,3,2,5,6.2,0.05,0.08,0.05,18.2,100,70,157,199.0,1,0,0,100
18:16:22,3,2,5,6.2,0.05,0.08,0.05,18.0,100,70,157,199.0,1,0,0,100
18:16:22,3,2,5,6.2,0.05,0.08,0.05,18.0,100,70,157,199.0,1,0,0,100
18:16:22,3,2,5,6.2,0.05,0.08,0.05,18.2,100,70,157,199.0,1,0,0,100
18:16:23,3,2,5,6.2,0.05,0.08,0.05,18.2,100,70,157,199.0,1,0,0,100
18:16:23,3,2,5,6.2,0.05,0.08,0.05,18.2,100,70,157,199.0,1,0,0,100
18:16:23,5,1,4,6.5,0.03,0.07,0.07,18.1,149,29,102,183.0,1,0,0,100
18:16:23,5,1,4,6.5,0.03,0.07,0.07,18.2,149,29,102,183.0,1,0,0,100
18:16:23,5,1,4,6.5,0.03,0.07,0.07,18.2,149,29,102,183.0,0,1,0,100
18:16:23,5,1,4,6.5,0.03,0.07,0.07,18.1,149,29,102,183.0,0,1,0,100
18:16:23,5,1,4,6.5,0.03,0.07,0.07,17.9,149,29,102,183.0,0,1,0,100
18:16:23,5,1,4,6.5,0.03,0.07,0.07,18.0,149,29,102,183.0,0,1,0,100
18:16:23,5,1,4,6.5,0.03,0.07,0.07,18.1,149,29,102,183.0,0,1,0,100
18:16:23,5,1,4,6.5,0.03,0.07,0.07,18.0,149,29,102,183.0,0,1,0,100
18:16:24,5,1,4,6.5,0.03,0.07,0.07,17.9,149,29,102,183.0,0,1,0,100
18:16:24,5,1,4,6.5,0.03,0.07,0.07,18.0,149,29,102,183.0,0,1,0,100
18:16:24,4,3,5,7.1,0.04,0.1,0.04,18.1,119,79,162,216.0,0,1,0,100
18:16:24,4,3,5,7.1,0.04,0.1,0.04,18.0,119,79,162,216.0,0,1,0,100
18:16:24,4,3,5,7.1,0.04,0.1,0.04,18.2,119,79,162,216.0,0,0,0,100
18:16:24,4,3,5,7.1,0.04,0.1,0.04,18.2,119,79,162,216.0,0,0,0,100
18:16:24,4,3,5,7.1,0.04,0.1,0.04,18.3,119,79,162,216.0,0,0,0,100
18:16:24,4,3,5,7.1,0.04,0.1,0.04,17.9,119,79,162,216.0,0,0,0,100
18:16:24,4,3,5,7.1,0.04,0.1,0.04,18.1,119,79,162,216.0,0,0,0,100
18:16:24,4,3,5,7.1,0.04,0.1,0.04,18.2,119,79,162,216.0,0,0,0,100
18:16:25,4,3,5,7.1,0.04,0.1,0.04,18.2,119,79,162,216.0,0,0,0,100
18:16:25,4,3,5,7.1,0.04,0.1,0.04,18.1,119,79,162,216.0,0,0,0,100
18:16:25,9,4,4,10.6,0.04,0.13,0.03,18.0,220,110,121,274.0,0,0,0,100
18:16:25,9,4,4,10.6,0.04,0.13,0.03,18.2,220,110,121,274.0,0,0,0,100
18:16:25,9,4,4,10.6,0.04,0.13,0.03,18.2,220,110,121,274.0,0,0,1,100
18:16:25,9,4,4,10.6,0.04,0.13,0.03,17.8,220,110,121,274.0,0,0,1,100
18:16:25,9,4,4,10.6,0.04,0.13,0.03,17.9,220,110,121,274.0,0,0,1,100
18:16:25,9,4,4,10.6,0.04,0.13,0.03,18.2,220,110,121,274.0,0,0,1,100
18:16:25,9,4,4,10.6,0.04,0.13,0.03,18.1,220,110,121,274.0,0,0,1,100
18:16:25,9,4,4,10.6,0.04,0.13,0.03,18.2,220,110,121,274.0,0,0,1,100
18:16:26,9,4,4,10.6,0.04,0.13,0.03,18.2,220,110,121,274.0,0,0,1,100
18:16:26,9,4,4,10.6,0.04,0.13,0.03,18.2,220,110,121,274.0,0,0,1,100
18:16:26,6,5,10,12.7,0.05,0.13,0.08,18.2,203,151,234,345.0,0,0,1,100
18:16:26,6,5,10,12.7,0.05,0.13,0.08,18.2,203,151,234,345.0,0,0,1,100
18:16:26,6,5,10,12.7,0.05,0.13,0.08,18.2,203,151,234,345.0,1,0,0,100
18:16:26,6,5,10,12.7,0.05,0.13,0.08,18.2,203,151,234,345.0,1,0,0,100
18:16:26,6,5,10,12.7,0.05,0.13,0.08,18.2,203,151,234,345.0,1,0,0,100
18:16:26,6,5,10,12.7,0.05,0.13,0.08,18.2,203,151,234,345.0,1,0,0,100
18:16:26,6,5,10,12.7,0.05,0.13,0.08,17.9,203,151,234,345.0,1,0,0,100
18:16:26,6,5,10,12.7,0.05,0.13,0.08,18.0,203,151,234,345.0,1,0,0,100
18:16:27,6,5,10,12.7,0.05,0.13,0.08,18.1,203,151,234,345.0,1,0,0,100
18:16:27,6,5,10,12.7,0.05,0.13,0.08,18.2,203,151,234,345.0,1,0,0,100
18:16:27,5,5,9,11.4,0.03,0.12,0.09,18.2,160,159,277,357.0,1,0,0,100
18:16:27,5,5,9,11.4,0.03,0.12,0.09,18.2,160,159,277,357.0,1,0,0,100
18:16:27,5,5,9,11.4,0.03,0.12,0.09,18.0,160,159,277,357.0,2,0,0,100
18:16:27,5,5,9,11.4,0.03,0.12,0.09,18.4,160,159,277,357.0,2,0,0,100
18:16:27,5,5,9,11.4,0.03,0.12,0.09,17.9,160,159,277,357.0,2,0,0,100
18:16:27,5,5,9,11.4,0.03,0.12,0.09,18.2,160,159,277,357.0,2,0,0,100
18:16:27,5,5,9,11.4,0.03,0.12,0.09,18.2,160,159,277,357.0,2,0,0,100
18:16:27,5,5,9,11.4,0.03,0.12,0.09,18.2,160,159,277,357.0,2,0,0,100
18:16:28,5,5,9,11.4,0.03,0.12,0.09,18.2,160,159,277,357.0,2,0,0,100
18:16:28,5,5,9,11.4,0.03,0.12,0.09,18.2,160,159,277,357.0,2,0,0,100
18:16:28,7,4,5,9.5,0.07,0.13,0.04,18.1,218,124,153,294.0,2,0,0,100
18:16:28,7,4,5,9.5,0.07,0.13,0.04,18.2,218,124,153,294.0,2,0,0,100
18:16:28,7,4,5,9.5,0.07,0.13,0.04,17.9,218,124,153,294.0,0,0,0,100
18:16:28,7,4,5,9.5,0.07,0.13,0.04,18.1,218,124,153,294.0,0,0,0,100
18:16:28,7,4,5,9.5,0.07,0.13,0.04,18.2,218,124,153,294.0,0,0,0,100
18:16:28,7,4,5,9.5,0.07,0.13,0.04,18.2,218,124,153,294.0,0,0,0,100
18:16:28,7,4,5,9.5,0.07,0.13,0.04,18.1,218,124,153,294.0,0,0,0,100
18:16:28,7,4,5,9.5,0.07,0.13,0.04,18.2,218,124,153,294.0,0,0,0,100
18:16:29,7,4,5,9.5,0.07,0.13,0.04,18.1,218,124,153,294.0,0,0,0,100
18:16:29,7,4,5,9.5,0.07,0.13,0.04,18.2,218,124,153,294.0,0,0,0,100
18:16:29,5,3,6,8.4,0.09,0.19,0.04,18.1,189,98,178,278.0,0,0,0,100
18:16:29,5,3,6,8.4,0.09,0.19,0.04,18.2,189,98,178,278.0,0,0,0,100
18:16:29,5,3,6,8.4,0.09,0.19,0.04,18.0,189,98,178,278.0,1,0,0,100
18:16:29,5,3,6,8.4,0.09,0.19,0.04,18.3,189,98,178,278.0,1,0,0,100
18:16:29,5,3,6,8.4,0.09,0.19,0.04,18.2,189,98,178,278.0,1,0,0,100
18:16:29,5,3,6,8.4,0.09,0.19,0.04,18.2,189,98,178,278.0,1,0,0,100
18:16:29,5,3,6,8.4,0.09,0.19,0.04,18.3,189,98,178,278.0,1,0,0,100
18:16:30,5,3,6,8.4,0.09,0.19,0.04,18.3,189,98,178,278.0,1,0,0,100
18:16:30,5,3,6,8.4,0.09,0.19,0.04,18.2,189,98,178,278.0,1,0,0,100
18:16:30,5,3,6,8.4,0.09,0.19,0.04,18.2,189,98,178,278.0,1,0,0,100
18:16:30,5,2,6,8.1,0.08,0.12,0.06,18.1,149,60,162,228.0,1,0,0,100
18:16:30,5,2,6,8.1,0.08,0.12,0.06,18.2,149,60,162,228.0,1,0,0,100
18:16:30,5,2,6,8.1,0.08,0.12,0.06,18.1,149,60,162,228.0,0,3,2,100
18:16:30,5,2,6,8.1,0.08,0.12,0.06,18.1,149,60,162,228.0,0,3,2,100
18:16:30,5,2,6,8.1,0.08,0.12,0.06,18.0,149,60,162,228.0,0,3,2,100
18:16:30,5,2,6,8.1,0.08,0.12,0.06,18.2,149,60,162,228.0,0,3,2,100
18:16:30,5,2,6,8.1,0.08,0.12,0.06,18.2,149,60,162,228.0,0,3,2,100
18:16:30,5,2,6,8.1,0.08,0.12,0.06,17.9,149,60,162,228.0,0,3,2,100
18:16:31,5,2,6,8.1,0.08,0.12,0.06,18.2,149,60,162,228.0,0,3,2,100
18:16:31,5,2,6,8.1,0.08,0.12,0.06,18.1,149,60,162,228.0,0,3,2,100
18:16:31,6,2,6,8.7,0.04,0.13,0.08,18.4,157,74,166,240.0,0,3,2,100
18:16:31,6,2,6,8.7,0.04,0.13,0.08,18.1,157,74,166,240.0,0,3,2,100
18:16:31,6,2,6,8.7,0.04,0.13,0.08,18.3,157,74,166,240.0,2,0,0,100
18:16:31,6,2,6,8.7,0.04,0.13,0.08,18.2,157,74,166,240.0,2,0,0,100
18:16:31,6,2,6,8.7,0.04,0.13,0.08,18.0,157,74,166,240.0,2,0,0,100
18:16:31,6,2,6,8.7,0.04,0.13,0.08,18.3,157,74,166,240.0,2,0,0,100
18:16:31,6,2,6,8.7,0.04,0.13,0.08,18.2,157,74,166,240.0,2,0,0,100
18:16:31,6,2,6,8.7,0.04,0.13,0.08,18.0,157,74,166,240.0,2,0,0,100
18:16:32,6,2,6,8.7,0.04,0.13,0.08,18.2,157,74,166,240.0,2,0,0,100
18:16:32,6,2,6,8.7,0.04,0.13,0.08,18.2,157,74,166,240.0,2,0,0,100
18:16:32,6,6,8,11.7,0.07,0.23,0.04,18.0,165,134,193,287.0,2,0,0,100
18:16:32,6,6,8,11.7,0.07,0.23,0.04,18.2,165,134,193,287.0,2,0,0,100
18:16:32,6,6,8,11.7,0.07,0.23,0.04,18.4,165,134,193,287.0,1,0,0,100
18:16:32,6,6,8,11.7,0.07,0.23,0.04,18.2,165,134,193,287.0,1,0,0,100
18:16:32,6,6,8,11.7,0.07,0.23,0.04,18.0,165,134,193,287.0,1,0,0,100
18:16:32,6,6,8,11.7,0.07,0.23,0.04,18.2,165,134,193,287.0,1,0,0,100
18:16:32,6,6,8,11.7,0.07,0.23,0.04,18.4,165,134,193,287.0,1,0,0,100
18:16:33,6,6,8,11.7,0.07,0.23,0.04,18.1,165,134,193,287.0,1,0,0,100
18:16:33,6,6,8,11.7,0.07,0.23,0.04,18.2,165,134,193,287.0,1,0,0,100
18:16:33,6,6,8,11.7,0.07,0.23,0.04,18.1,165,134,193,287.0,1,0,0,100
18:16:33,12,6,5,14.3,0.04,0.18,0.03,18.2,267,155,124,333.0,1,0,0,100
18:16:33,12,6,5,14.3,0.04,0.18,0.03,18.2,267,155,124,333.0,1,0,0,100
18:16:33,12,6,5,14.3,0.04,0.18,0.03,18.2,267,155,124,333.0,0,0,3,100
18:16:33,12,6,5,14.3,0.04,0.18,0.03,18.2,267,155,124,333.0,0,0,3,100
18:16:33,12,6,5,14.3,0.04,0.18,0.03,18.1,267,155,124,333.0,0,0,3,100
18:16:33,12,6,5,14.3,0.04,0.18,0.03,18.0,267,155,124,333.0,0,0,3,100
18:16:33,12,6,5,14.3,0.04,0.18,0.03,18.4,267,155,124,333.0,0,0,3,100
18:16:33,12,6,5,14.3,0.04,0.18,0.03,18.2,267,155,124,333.0,0,0,3,100
18:16:34,12,6,5,14.3,0.04,0.18,0.03,18.1,267,155,124,333.0,0,0,3,100
18:16:34,12,6,5,14.3,0.04,0.18,0.03,17.9,267,155,124,333.0,0,0,3,100
18:16:34,7,5,7,11.1,0.05,0.11,0.04,17.9,220,150,228,351.0,0,0,3,100
18:16:34,7,5,7,11.1,0.05,0.11,0.04,18.2,220,150,228,351.0,0,0,3,100
18:16:34,7,5,7,11.1,0.05,0.11,0.04,18.1,220,150,228,351.0,1,0,0,100
18:16:34,7,5,7,11.1,0.05,0.11,0.04,18.3,220,150,228,351.0,1,0,0,100
18:16:34,7,5,7,11.1,0.05,0.11,0.04,18.2,220,150,228,351.0,1,0,0,100
18:16:34,7,5,7,11.1,0.05,0.11,0.04,18.3,220,150,228,351.0,1,0,0,100
18:16:34,7,5,7,11.1,0.05,0.11,0.04,18.1,220,150,228,351.0,1,0,0,100
18:16:35,7,5,7,11.1,0.05,0.11,0.04,18.1,220,150,228,351.0,1,0,0,100
18:16:35,7,5,7,11.1,0.05,0.11,0.04,18.1,220,150,228,351.0,1,0,0,100
18:16:35,7,5,7,11.1,0.05,0.11,0.04,17.9,220,150,228,351.0,1,0,0,100
18:16:35,6,4,8,10.8,0.05,0.15,0.1,18.2,173,131,242,325.0,1,0,0,100
18:16:35,6,4,8,10.8,0.05,0.15,0.1,17.9,173,131,242,325.0,1,0,0,100
18:16:35,6,4,8,10.8,0.05,0.15,0.1,18.1,173,131,242,325.0,0,0,0,100
18:16:35,6,4,8,10.8,0.05,0.15,0.1,17.9,173,131,242,325.0,0,0,0,100
18:16:35,6,4,8,10.8,0.05,0.15,0.1,18.2,173,131,242,325.0,0,0,0,100
18:16:35,6,4,8,10.8,0.05,0.15,0.1,18.2,173,131,242,325.0,0,0,0,100
18:16:35,6,4,8,10.8,0.05,0.15,0.1,18.1,173,131,242,325.0,0,0,0,100
18:16:36,6,4,8,10.8,0.05,0.15,0.1,18.2,173,131,242,325.0,0,0,0,100
18:16:36,6,4,8,10.8,0.05,0.15,0.1,18.2,173,131,242,325.0,0,0,0,100
18:16:36,6,4,8,10.8,0.05,0.15,0.1,18.0,173,131,242,325.0,0,0,0,100
18:16:36,7,3,3,8.2,0.1,0.18,0.05,18.1,198,104,104,247.0,0,0,0,100
18:16:36,7,3,3,8.2,0.1,0.18,0.05,18.2,198,104,104,247.0,0,0,0,100
18:16:36,7,3,3,8.2,0.1,0.18,0.05,18.0,198,104,104,247.0,0,0,1,100
18:16:36,7,3,3,8.2,0.1,0.18,0.05,18.4,198,104,104,247.0,0,0,1,100
18:16:36,7,3,3,8.2,0.1,0.18,0.05,18.2,198,104,104,247.0,0,0,1,100
18:16:36,7,3,3,8.2,0.1,0.18,0.05,18.2,198,104,104,247.0,0,0,1,100
18:16:36,7,3,3,8.2,0.1,0.18,0.05,18.1,198,104,104,247.0,0,0,1,100
18:16:37,7,3,3,8.2,0.1,0.18,0.05,18.1,198,104,104,247.0,0,0,1,100
18:16:37,7,3,3,8.2,0.1,0.18,0.05,17.9,198,104,104,247.0,0,0,1,100
18:16:37,7,3,3,8.2,0.1,0.18,0.05,17.9,198,104,104,247.0,0,0,1,100
18:16:37,4,3,6,7.8,0.09,0.18,0.04,18.0,112,58,157,201.0,0,0,1,100
18:16:37,4,3,6,7.8,0.09,0.18,0.04,18.1,112,58,157,201.0,0,0,1,100
18:16:37,4,3,6,7.8,0.09,0.18,0.04,18.0,112,58,157,201.0,2,3,0,100
18:16:37,4,3,6,7.8,0.09,0.18,0.04,18.1,112,58,157,201.0,2,3,0,100
18:16:37,4,3,6,7.8,0.09,0.18,0.04,18.3,112,58,157,201.0,2,3,0,100
18:16:37,4,3,6,7.8,0.09,0.18,0.04,18.2,112,58,157,201.0,2,3,0,100
18:16:37,4,3,6,7.8,0.09,0.18,0.04,18.2,112,58,157,201.0,2,3,0,100
18:16:38,4,3,6,7.8,0.09,0.18,0.04,18.0,112,58,157,201.0,2,3,0,100
18:16:38,4,3,6,7.8,0.09,0.18,0.04,18.4,112,58,157,201.0,2,3,0,100
18:16:38,4,3,6,7.8,0.09,0.18,0.04,17.9,112,58,157,201.0,2,3,0,100
18:16:38,6,2,4,7.5,0.05,0.14,0.08,18.2,162,52,116,206.0,2,3,0,100
18:16:38,6,2,4,7.5,0.05,0.14,0.08,17.9,162,52,116,206.0,2,3,0,100
18:16:38,6,2,4,7.5,0.05,0.14,0.08,18.1,162,52,116,206.0,0,2,0,100
18:16:38,6,2,4,7.5,0.05,0.14,0.08,18.0,162,52,116,206.0,0,2,0,100
18:16:38,6,2,4,7.5,0.05,0.14,0.08,18.2,162,52,116,206.0,0,2,0,100
18:16:38,6,2,4,7.5,0.05,0.14,0.08,18.2,162,52,116,206.0,0,2,0,100
18:16:38,6,2,4,7.5,0.05,0.14,0.08,18.2,162,52,116,206.0,0,2,0,100
18:16:39,6,2,4,7.5,0.05,0.14,0.08,18.0,162,52,116,206.0,0,2,0,100
18:16:39,6,2,4,7.5,0.05,0.14,0.08,18.2,162,52,116,206.0,0,2,0,100
18:16:39,6,2,4,7.5,0.05,0.14,0.08,18.2,162,52,116,206.0,0,2,0,100
18:16:39,6,3,7,9.7,0.04,0.14,0.09,18.2,146,94,189,257.0,0,2,0,100
18:16:39,6,3,7,9.7,0.04,0.14,0.09,18.0,146,94,189,257.0,0,2,0,100
18:16:39,6,3,7,9.7,0.04,0.14,0.09,18.4,146,94,189,257.0,0,0,0,100
18:16:39,6,3,7,9.7,0.04,0.14,0.09,18.2,146,94,189,257.0,0,0,0,100
18:16:39,6,3,7,9.7,0.04,0.14,0.09,18.2,146,94,189,257.0,0,0,0,100
18:16:39,6,3,7,9.7,0.04,0.14,0.09,18.3,146,94,189,257.0,0,0,0,100
18:16:39,6,3,7,9.7,0.04,0.14,0.09,18.3,146,94,189,257.0,0,0,0,100
18:16:40,6,3,7,9.7,0.04,0.14,0.09,18.0,146,94,189,257.0,0,0,0,100
18:16:40,6,3,7,9.7,0.04,0.14,0.09,18.2,146,94,189,257.0,0,0,0,100
18:16:40,6,3,7,9.7,0.04,0.14,0.09,18.1,146,94,189,257.0,0,0,0,100
18:16:40,8,4,6,10.8,0.06,0.13,0.03,18.1,230,131,184,322.0,0,0,0,100
18:16:40,8,4,6,10.8,0.06,0.13,0.03,18.0,230,131,184,322.0,0,0,0,100
18:16:40,8,4,6,10.8,0.06,0.13,0.03,18.2,230,131,184,322.0,0,0,0,100
18:16:40,8,4,6,10.8,0.06,0.13,0.03,18.1,230,131,184,322.0,0,0,0,100
18:16:40,8,4,6,10.8,0.06,0.13,0.03,17.9,230,131,184,322.0,0,0,0,100
18:16:40,8,4,6,10.8,0.06,0.13,0.03,18.2,230,131,184,322.0,0,0,0,100
18:16:40,8,4,6,10.8,0.06,0.13,0.03,18.1,230,131,184,322.0,0,0,0,100
18:16:41,8,4,6,10.8,0.06,0.13,0.03,18.2,230,131,184,322.0,0,0,0,100
18:16:41,8,4,6,10.8,0.06,0.13,0.03,18.2,230,131,184,322.0,0,0,0,100
18:16:41,8,4,6,10.8,0.06,0.13,0.03,18.2,230,131,184,322.0,0,0,0,100
18:16:41,8,5,5,10.7,0.09,0.12,0.05,18.2,235,148,150,316.0,0,0,0,100
18:16:41,8,5,5,10.7,0.09,0.12,0.05,18.2,235,148,150,316.0,0,0,0,100
18:16:41,8,5,5,10.7,0.09,0.12,0.05,18.2,235,148,150,316.0,0,0,1,100
18:16:41,8,5,5,10.7,0.09,0.12,0.05,18.3,235,148,150,316.0,0,0,1,100
18:16:41,8,5,5,10.7,0.09,0.12,0.05,18.2,235,148,150,316.0,0,0,1,100
18:16:41,8,5,5,10.7,0.09,0.12,0.05,18.3,235,148,150,316.0,0,0,1,100
18:16:41,8,5,5,10.7,0.09,0.12,0.05,18.2,235,148,150,316.0,0,0,1,100
18:16:42,8,5,5,10.7,0.09,0.12,0.05,18.2,235,148,150,316.0,0,0,1,100
18:16:42,8,5,5,10.7,0.09,0.12,0.05,18.0,235,148,150,316.0,0,0,1,100
18:16:42,8,5,5,10.7,0.09,0.12,0.05,18.1,235,148,150,316.0,0,0,1,100
18:16:42,7,5,10,13.2,0.07,0.17,0.07,18.2,158,142,239,320.0,0,0,1,100
18:16:42,7,5,10,13.2,0.07,0.17,0.07,17.9,158,142,239,320.0,0,0,1,100
18:16:42,7,5,10,13.2,0.07,0.17,0.07,18.2,158,142,239,320.0,1,0,0,100
18:16:42,7,5,10,13.2,0.07,0.17,0.07,18.2,158,142,239,320.0,1,0,0,100
18:16:42,7,5,10,13.2,0.07,0.17,0.07,18.4,158,142,239,320.0,1,0,0,100
18:16:42,7,5,10,13.2,0.07,0.17,0.07,18.4,158,142,239,320.0,1,0,0,100
18:16:42,7,5,10,13.2,0.07,0.17,0.07,18.2,158,142,239,320.0,1,0,0,100
18:16:43,7,5,10,13.2,0.07,0.17,0.07,18.1,158,142,239,320.0,1,0,0,100
18:16:43,7,5,10,13.2,0.07,0.17,0.07,18.1,158,142,239,320.0,1,0,0,100
18:16:43,7,5,10,13.2,0.07,0.17,0.07,18.2,158,142,239,320.0,1,0,0,100
18:16:43,7,4,7,10.7,0.04,0.11,0.07,18.2,204,126,206,316.0,1,0,0,100
18:16:43,7,4,7,10.7,0.04,0.11,0.07,18.2,204,126,206,316.0,1,0,0,100
18:16:43,7,4,7,10.7,0.04,0.11,0.07,18.1,204,126,206,316.0,0,0,0,100
18:16:43,7,4,7,10.7,0.04,0.11,0.07,18.0,204,126,206,316.0,0,0,0,100
18:16:43,7,4,7,10.7,0.04,0.11,0.07,18.2,204,126,206,316.0,0,0,0,100
18:16:43,7,4,7,10.7,0.04,0.11,0.07,18.2,204,126,206,316.0,0,0,0,100
18:16:43,7,4,7,10.7,0.04,0.11,0.07,18.2,204,126,206,316.0,0,0,0,100
18:16:44,7,4,7,10.7,0.04,0.11,0.07,18.2,204,126,206,316.0,0,0,0,100
18:16:44,7,4,7,10.7,0.04,0.11,0.07,18.2,204,126,206,316.0,0,0,0,100
18:16:44,7,4,7,10.7,0.04,0.11,0.07,18.2,204,126,206,316.0,0,0,0,100
18:16:44,7,2,5,8.8,0.08,0.11,0.03,18.2,198,80,137,254.0,0,0,0,100
18:16:44,7,2,5,8.8,0.08,0.11,0.03,18.2,198,80,137,254.0,0,0,0,100
18:16:44,7,2,5,8.8,0.08,0.11,0.03,18.0,198,80,137,254.0,0,0,1,100
18:16:44,7,2,5,8.8,0.08,0.11,0.03,18.2,198,80,137,254.0,0,0,1,100
18:16:44,7,2,5,8.8,0.08,0.11,0.03,18.1,198,80,137,254.0,0,0,1,100
18:16:44,7,2,5,8.8,0.08,0.11,0.03,18.2,198,80,137,254.0,0,0,1,100
18:16:45,7,2,5,8.8,0.08,0.11,0.03,18.4,198,80,137,254.0,0,0,1,100
18:16:45,7,2,5,8.8,0.08,0.11,0.03,18.2,198,80,137,254.0,0,0,1,100
18:16:45,7,2,5,8.8,0.08,0.11,0.03,18.2,198,80,137,254.0,0,0,1,100
18:16:45,7,2,5,8.8,0.08,0.11,0.03,18.1,198,80,137,254.0,0,0,1,100
18:16:45,4,2,5,6.7,0.09,0.15,0.04,18.1,131,41,150,203.0,0,0,1,100
18:16:45,4,2,5,6.7,0.09,0.15,0.04,18.2,131,41,150,203.0,0,0,1,100
18:16:45,4,2,5,6.7,0.09,0.15,0.04,18.2,131,41,150,203.0,1,2,0,100
18:16:45,4,2,5,6.7,0.09,0.15,0.04,18.2,131,41,150,203.0,1,2,0,100
18:16:45,4,2,5,6.7,0.09,0.15,0.04,18.2,131,41,150,203.0,1,2,0,100
18:16:45,4,2,5,6.7,0.09,0.15,0.04,18.1,131,41,150,203.0,1,2,0,100
18:16:46,4,2,5,6.7,0.09,0.15,0.04,18.4,131,41,150,203.0,1,2,0,100
18:16:46,4,2,5,6.7,0.09,0.15,0.04,18.2,131,41,150,203.0,1,2,0,100
18:16:46,4,2,5,6.7,0.09,0.15,0.04,18.1,131,41,150,203.0,1,2,0,100
18:16:46,4,2,5,6.7,0.09,0.15,0.04,18.2,131,41,150,203.0,1,2,0,100
18:16:46,6,2,4,7.5,0.04,0.27,0.04,18.2,169,79,112,218.0,1,2,0,100
18:16:46,6,2,4,7.5,0.04,0.27,0.04,18.1,169,79,112,218.0,1,2,0,100
18:16:46,6,2,4,7.5,0.04,0.27,0.04,18.2,169,79,112,218.0,0,0,1,100
18:16:46,6,2,4,7.5,0.04,0.27,0.04,18.2,169,79,112,218.0,0,0,1,100
18:16:46,6,2,4,7.5,0.04,0.27,0.04,18.2,169,79,112,218.0,0,0,1,100
18:16:46,6,2,4,7.5,0.04,0.27,0.04,18.2,169,79,112,218.0,0,0,1,100
18:16:47,6,2,4,7.5,0.04,0.27,0.04,18.2,169,79,112,218.0,0,0,1,100
18:16:47,6,2,4,7.5,0.04,0.27,0.04,18.2,169,79,112,218.0,0,0,1,100
18:16:47,6,2,4,7.5,0.04,0.27,0.04,18.1,169,79,112,218.0,0,0,1,100
18:16:47,6,2,4,7.5,0.04,0.27,0.04,18.2,169,79,112,218.0,0,0,1,100
18:16:47,5,7,8,11.7,0.04,0.2,0.07,18.2,126,155,222,299.0,0,0,1,100
18:16:47,5,7,8,11.7,0.04,0.2,0.07,18.2,126,155,222,299.0,0,0,1,100
18:16:47,5,7,8,11.7,0.04,0.2,0.07,18.2,126,155,222,299.0,3,0,0,100
18:16:47,5,7,8,11.7,0.04,0.2,0.07,18.0,126,155,222,299.0,3,0,0,100
18:16:47,5,7,8,11.7,0.04,0.2,0.07,18.2,126,155,222,299.0,3,0,0,100
18:16:47,5,7,8,11.7,0.04,0.2,0.07,18.2,126,155,222,299.0,3,0,0,100
18:16:48,5,7,8,11.7,0.04,0.2,0.07,18.2,126,155,222,299.0,3,0,0,100
18:16:48,5,7,8,11.7,0.04,0.2,0.07,18.3,126,155,222,299.0,3,0,0,100
18:16:48,5,7,8,11.7,0.04,0.2,0.07,18.4,126,155,222,299.0,3,0,0,100
18:16:48,5,7,8,11.7,0.04,0.2,0.07,17.9,126,155,222,299.0,3,0,0,100
18:16:48,9,6,9,14.1,0.04,0.25,0.04,18.1,224,152,213,344.0,3,0,0,100
18:16:48,9,6,9,14.1,0.04,0.25,0.04,17.9,224,152,213,344.0,3,0,0,100
18:16:48,9,6,9,14.1,0.04,0.25,0.04,18.2,224,152,213,344.0,0,0,0,100
18:16:48,9,6,9,14.1,0.04,0.25,0.04,18.1,224,152,213,344.0,0,0,0,100
18:16:48,9,6,9,14.1,0.04,0.25,0.04,18.1,224,152,213,344.0,0,0,0,100
18:16:48,9,6,9,14.1,0.04,0.25,0.04,18.2,224,152,213,344.0,0,0,0,100
18:16:49,9,6,9,14.1,0.04,0.25,0.04,18.2,224,152,213,344.0,0,0,0,100
18:16:49,9,6,9,14.1,0.04,0.25,0.04,18.3,224,152,213,344.0,0,0,0,100
18:16:49,9,6,9,14.1,0.04,0.25,0.04,18.2,224,152,213,344.0,0,0,0,100
18:16:49,9,6,9,14.1,0.04,0.25,0.04,18.2,224,152,213,344.0,0,0,0,100
18:16:49,10,7,9,15.2,0.07,0.26,0.04,18.2,263,162,171,353.0,0,0,0,100
18:16:49,10,7,9,15.2,0.07,0.26,0.04,18.2,263,162,171,353.0,0,0,0,100
18:16:49,10,7,9,15.2,0.07,0.26,0.04,18.4,263,162,171,353.0,0,0,1,100
18:16:49,10,7,9,15.2,0.07,0.26,0.04,18.1,263,162,171,353.0,0,0,1,100
18:16:49,10,7,9,15.2,0.07,0.26,0.04,18.2,263,162,171,353.0,0,0,1,100
18:16:49,10,7,9,15.2,0.07,0.26,0.04,18.3,263,162,171,353.0,0,0,1,100
18:16:50,10,7,9,15.2,0.07,0.26,0.04,18.3,263,162,171,353.0,0,0,1,100
18:16:50,10,7,9,15.2,0.07,0.26,0.04,18.2,263,162,171,353.0,0,0,1,100
18:16:50,10,7,9,15.2,0.07,0.26,0.04,18.2,263,162,171,353.0,0,0,1,100
18:16:50,10,7,9,15.2,0.07,0.26,0.04,18.2,263,162,171,353.0,0,0,1,100
18:16:50,6,5,11,13.5,0.05,0.13,0.07,18.2,146,134,209,288.0,0,0,1,100
18:16:50,6,5,11,13.5,0.05,0.13,0.07,18.1,146,134,209,288.0,0,0,1,100
18:16:50,6,5,11,13.5,0.05,0.13,0.07,18.1,146,134,209,288.0,1,0,0,100
18:16:50,6,5,11,13.5,0.05,0.13,0.07,18.2,146,134,209,288.0,1,0,0,100
18:16:50,6,5,11,13.5,0.05,0.13,0.07,18.2,146,134,209,288.0,1,0,0,100
18:16:50,6,5,11,13.5,0.05,0.13,0.07,18.1,146,134,209,288.0,1,0,0,100
18:16:51,6,5,11,13.5,0.05,0.13,0.07,18.1,146,134,209,288.0,1,0,0,100
18:16:51,6,5,11,13.5,0.05,0.13,0.07,18.2,146,134,209,288.0,1,0,0,100
18:16:51,6,5,11,13.5,0.05,0.13,0.07,18.2,146,134,209,288.0,1,0,0,100
18:16:51,6,5,11,13.5,0.05,0.13,0.07,18.3,146,134,209,288.0,1,0,0,100
18:16:51,6,3,6,9.0,0.04,0.12,0.09,18.2,170,103,178,267.0,1,0,0,100
18:16:51,6,3,6,9.0,0.04,0.12,0.09,18.2,170,103,178,267.0,1,0,0,100
18:16:51,6,3,6,9.0,0.04,0.12,0.09,18.1,170,103,178,267.0,0,0,1,100
18:16:51,6,3,6,9.0,0.04,0.12,0.09,18.1,170,103,178,267.0,0,0,1,100
18:16:51,6,3,6,9.0,0.04,0.12,0.09,18.2,170,103,178,267.0,0,0,1,100
18:16:51,6,3,6,9.0,0.04,0.12,0.09,18.2,170,103,178,267.0,0,0,1,100
18:16:52,6,3,6,9.0,0.04,0.12,0.09,18.2,170,103,178,267.0,0,0,1,100
18:16:52,6,3,6,9.0,0.04,0.12,0.09,18.2,170,103,178,267.0,0,0,1,100
18:16:52,6,3,6,9.0,0.04,0.12,0.09,18.3,170,103,178,267.0,0,0,1,100
18:16:52,6,3,6,9.0,0.04,0.12,0.09,18.2,170,103,178,267.0,0,0,1,100
18:16:52,6,1,4,7.3,0.09,0.11,0.05,18.2,173,46,135,224.0,0,0,1,100
18:16:52,6,1,4,7.3,0.09,0.11,0.05,18.2,173,46,135,224.0,0,0,1,100
18:16:52,6,1,4,7.3,0.09,0.11,0.05,18.2,173,46,135,224.0,1,2,0,100
18:16:52,6,1,4,7.3,0.09,0.11,0.05,17.8,173,46,135,224.0,1,2,0,100
18:16:52,6,1,4,7.3,0.09,0.11,0.05,18.2,173,46,135,224.0,1,2,0,100
18:16:52,6,1,4,7.3,0.09,0.11,0.05,18.3,173,46,135,224.0,1,2,0,100
18:16:53,6,1,4,7.3,0.09,0.11,0.05,18.1,173,46,135,224.0,1,2,0,100
18:16:53,6,1,4,7.3,0.09,0.11,0.05,18.2,173,46,135,224.0,1,2,0,100
18:16:53,6,1,4,7.3,0.09,0.11,0.05,18.2,173,46,135,224.0,1,2,0,100
18:16:53,6,1,4,7.3,0.09,0.11,0.05,18.2,173,46,135,224.0,1,2,0,100
18:16:53,5,2,5,7.3,0.08,0.14,0.07,18.1,152,58,153,223.0,1,2,0,100
18:16:53,5,2,5,7.3,0.08,0.14,0.07,18.0,152,58,153,223.0,1,2,0,100
18:16:53,5,2,5,7.3,0.08,0.14,0.07,18.0,152,58,153,223.0,1,0,0,100
18:16:53,5,2,5,7.3,0.08,0.14,0.07,18.0,152,58,153,223.0,1,0,0,100
18:16:53,5,2,5,7.3,0.08,0.14,0.07,18.2,152,58,153,223.0,1,0,0,100
18:16:53,5,2,5,7.3,0.08,0.14,0.07,18.3,152,58,153,223.0,1,0,0,100
18:16:54,5,2,5,7.3,0.08,0.14,0.07,18.1,152,58,153,223.0,1,0,0,100
18:16:54,5,2,5,7.3,0.08,0.14,0.07,18.3,152,58,153,223.0,1,0,0,100
18:16:54,5,2,5,7.3,0.08,0.14,0.07,18.1,152,58,153,223.0,1,0,0,100
18:16:54,5,2,5,7.3,0.08,0.14,0.07,18.2,152,58,153,223.0,1,0,0,100
18:16:54,7,3,5,9.1,0.1,0.14,0.07,18.2,204,105,155,277.0,1,0,0,100
18:16:54,7,3,5,9.1,0.1,0.14,0.07,18.2,204,105,155,277.0,1,0,0,100
18:16:54,7,3,5,9.1,0.1,0.14,0.07,18.2,204,105,155,277.0,0,0,0,100
18:16:54,7,3,5,9.1,0.1,0.14,0.07,17.9,204,105,155,277.0,0,0,0,100
18:16:54,7,3,5,9.1,0.1,0.14,0.07,18.2,204,105,155,277.0,0,0,0,100
18:16:54,7,3,5,9.1,0.1,0.14,0.07,18.2,204,105,155,277.0,0,0,0,100
18:16:55,7,3,5,9.1,0.1,0.14,0.07,18.2,204,105,155,277.0,0,0,0,100
18:16:55,7,3,5,9.1,0.1,0.14,0.07,18.2,204,105,155,277.0,0,0,0,100
18:16:55,7,3,5,9.1,0.1,0.14,0.07,18.0,204,105,155,277.0,0,0,0,100
18:16:55,7,3,5,9.1,0.1,0.14,0.07,18.2,204,105,155,277.0,0,0,0,100
18:16:55,5,5,8,10.7,0.05,0.2,0.09,18.3,139,143,226,301.0,0,0,0,100
18:16:55,5,5,8,10.7,0.05,0.2,0.09,18.2,139,143,226,301.0,0,0,0,100
18:16:55,5,5,8,10.7,0.05,0.2,0.09,18.3,139,143,226,301.0,1,0,0,100
18:16:55,5,5,8,10.7,0.05,0.2,0.09,18.4,139,143,226,301.0,1,0,0,100
18:16:55,5,5,8,10.7,0.05,0.2,0.09,18.3,139,143,226,301.0,1,0,0,100
18:16:55,5,5,8,10.7,0.05,0.2,0.09,18.4,139,143,226,301.0,1,0,0,100
18:16:56,5,5,8,10.7,0.05,0.2,0.09,18.3,139,143,226,301.0,1,0,0,100
18:16:56,5,5,8,10.7,0.05,0.2,0.09,18.1,139,143,226,301.0,1,0,0,100
18:16:56,5,5,8,10.7,0.05,0.2,0.09,18.4,139,143,226,301.0,1,0,0,100
18:16:56,5,5,8,10.7,0.05,0.2,0.09,18.2,139,143,226,301.0,1,0,0,100
18:16:56,9,6,9,14.1,0.13,0.21,0.08,18.1,243,150,225,364.0,1,0,0,100
18:16:56,9,6,9,14.1,0.13,0.21,0.08,18.0,243,150,225,364.0,1,0,0,100
18:16:56,9,6,9,14.1,0.13,0.21,0.08,18.2,243,150,225,364.0,0,0,0,100
18:16:56,9,6,9,14.1,0.13,0.21,0.08,18.2,243,150,225,364.0,0,0,0,100
18:16:56,9,6,9,14.1,0.13,0.21,0.08,18.1,243,150,225,364.0,0,0,0,100
18:16:56,9,6,9,14.1,0.13,0.21,0.08,18.0,243,150,225,364.0,0,0,0,100
18:16:57,9,6,9,14.1,0.13,0.21,0.08,18.2,243,150,225,364.0,0,0,0,100
18:16:57,9,6,9,14.1,0.13,0.21,0.08,18.4,243,150,225,364.0,0,0,0,100
18:16:57,9,6,9,14.1,0.13,0.21,0.08,18.2,243,150,225,364.0,0,0,0,100
18:16:57,9,6,9,14.1,0.13,0.21,0.08,18.0,243,150,225,364.0,0,0,0,100
18:16:57,9,4,6,11.5,0.07,0.16,0.04,18.4,229,141,178,322.0,0,0,0,100
18:16:57,9,4,6,11.5,0.07,0.16,0.04,18.3,229,141,178,322.0,0,0,0,100
18:16:57,9,4,6,11.5,0.07,0.16,0.04,18.1,229,141,178,322.0,0,0,2,100
18:16:57,9,4,6,11.5,0.07,0.16,0.04,18.0,229,141,178,322.0,0,0,2,100
18:16:57,9,4,6,11.5,0.07,0.16,0.04,18.4,229,141,178,322.0,0,0,2,100
18:16:57,9,4,6,11.5,0.07,0.16,0.04,18.2,229,141,178,322.0,0,0,2,100
18:16:58,9,4,6,11.5,0.07,0.16,0.04,18.3,229,141,178,322.0,0,0,2,100
18:16:58,9,4,6,11.5,0.07,0.16,0.04,18.3,229,141,178,322.0,0,0,2,100
18:16:58,9,4,6,11.5,0.07,0.16,0.04,18.1,229,141,178,322.0,0,0,2,100
18:16:58,9,4,6,11.5,0.07,0.16,0.04,18.0,229,141,178,322.0,0,0,2,100
18:16:58,4,3,7,8.6,0.07,0.18,0.07,18.2,135,101,217,275.0,0,0,2,100
18:16:58,4,3,7,8.6,0.07,0.18,0.07,18.3,135,101,217,275.0,0,0,2,100
18:16:58,4,3,7,8.6,0.07,0.18,0.07,18.2,135,101,217,275.0,1,0,0,100
18:16:58,4,3,7,8.6,0.07,0.18,0.07,18.2,135,101,217,275.0,1,0,0,100
18:16:58,4,3,7,8.6,0.07,0.18,0.07,18.2,135,101,217,275.0,1,0,0,100
18:16:58,4,3,7,8.6,0.07,0.18,0.07,18.2,135,101,217,275.0,1,0,0,100
18:16:59,4,3,7,8.6,0.07,0.18,0.07,18.2,135,101,217,275.0,1,0,0,100
18:16:59,4,3,7,8.6,0.07,0.18,0.07,18.2,135,101,217,275.0,1,0,0,100
18:16:59,4,3,7,8.6,0.07,0.18,0.07,18.1,135,101,217,275.0,1,0,0,100
18:16:59,4,3,7,8.6,0.07,0.18,0.07,18.4,135,101,217,275.0,1,0,0,100
18:16:59,6,2,4,7.5,0.03,0.17,0.1,18.1,171,63,126,222.0,1,0,0,100
18:16:59,6,2,4,7.5,0.03,0.17,0.1,18.2,171,63,126,222.0,1,0,0,100
18:16:59,6,2,4,7.5,0.03,0.17,0.1,18.2,171,63,126,222.0,0,0,0,100
18:16:59,6,2,4,7.5,0.03,0.17,0.1,18.1,171,63,126,222.0,0,0,0,100
18:16:59,6,2,4,7.5,0.03,0.17,0.1,18.2,171,63,126,222.0,0,0,0,100
18:16:59,6,2,4,7.5,0.03,0.17,0.1,18.1,171,63,126,222.0,0,0,0,100
18:17:00,6,2,4,7.5,0.03,0.17,0.1,18.4,171,63,126,222.0,0,0,0,100
18:17:00,6,2,4,7.5,0.03,0.17,0.1,18.2,171,63,126,222.0,0,0,0,100
18:17:00,6,2,4,7.5,0.03,0.17,0.1,17.9,171,63,126,222.0,0,0,0,100
18:17:00,6,2,4,7.5,0.03,0.17,0.1,18.2,171,63,126,222.0,0,0,0,100
18:17:00,4,2,6,7.5,0.04,0.14,0.04,18.2,124,45,161,208.0,0,0,0,100
18:17:00,4,2,6,7.5,0.04,0.14,0.04,18.2,124,45,161,208.0,0,0,0,100
18:17:00,4,2,6,7.5,0.04,0.14,0.04,18.2,124,45,161,208.0,1,3,0,100
18:17:00,4,2,6,7.5,0.04,0.14,0.04,18.2,124,45,161,208.0,1,3,0,100
18:17:00,4,2,6,7.5,0.04,0.14,0.04,18.2,124,45,161,208.0,1,3,0,100
18:17:00,4,2,6,7.5,0.04,0.14,0.04,18.2,124,45,161,208.0,1,3,0,100
18:17:01,4,2,6,7.5,0.04,0.14,0.04,18.4,124,45,161,208.0,1,3,0,100
18:17:01,4,2,6,7.5,0.04,0.14,0.04,18.2,124,45,161,208.0,1,3,0,100
18:17:01,4,2,6,7.5,0.04,0.14,0.04,18.0,124,45,161,208.0,1,3,0,100
18:17:01,4,2,6,7.5,0.04,0.14,0.04,18.2,124,45,161,208.0,1,3,0,100
18:17:01,7,3,6,9.7,0.07,0.16,0.03,18.2,185,81,156,255.0,1,3,0,100
18:17:01,7,3,6,9.7,0.07,0.16,0.03,18.2,185,81,156,255.0,1,3,0,100
18:17:01,7,3,6,9.7,0.07,0.16,0.03,18.3,185,81,156,255.0,0,0,0,100
18:17:01,7,3,6,9.7,0.07,0.16,0.03,18.0,185,81,156,255.0,0,0,0,100
18:17:01,7,3,6,9.7,0.07,0.16,0.03,18.2,185,81,156,255.0,0,0,0,100
18:17:02,7,3,6,9.7,0.07,0.16,0.03,18.4,185,81,156,255.0,0,0,0,100
18:17:02,7,3,6,9.7,0.07,0.16,0.03,18.2,185,81,156,255.0,0,0,0,100
18:17:02,7,3,6,9.7,0.07,0.16,0.03,18.1,185,81,156,255.0,0,0,0,100
18:17:02,7,3,6,9.7,0.07,0.16,0.03,18.3,185,81,156,255.0,0,0,0,100
18:17:02,7,3,6,9.7,0.07,0.16,0.03,18.2,185,81,156,255.0,0,0,0,100
18:17:02,7,5,6,10.5,0.03,0.12,0.04,18.1,205,137,173,301.0,0,0,0,100
18:17:02,7,5,6,10.5,0.03,0.12,0.04,18.2,205,137,173,301.0,0,0,0,100
18:17:02,7,5,6,10.5,0.03,0.12,0.04,18.3,205,137,173,301.0,0,0,1,100
18:17:02,7,5,6,10.5,0.03,0.12,0.04,18.2,205,137,173,301.0,0,0,1,100
18:17:02,7,5,6,10.5,0.03,0.12,0.04,18.3,205,137,173,301.0,0,0,1,100
18:17:03,7,5,6,10.5,0.03,0.12,0.04,18.2,205,137,173,301.0,0,0,1,100
18:17:03,7,5,6,10.5,0.03,0.12,0.04,18.1,205,137,173,301.0,0,0,1,100
18:17:03,7,5,6,10.5,0.03,0.12,0.04,18.2,205,137,173,301.0,0,0,1,100
18:17:03,7,5,6,10.5,0.03,0.12,0.04,18.2,205,137,173,301.0,0,0,1,100
18:17:03,7,5,6,10.5,0.03,0.12,0.04,18.2,205,137,173,301.0,0,0,1,100
18:17:03,5,5,8,10.7,0.04,0.24,0.06,18.3,163,142,237,321.0,0,0,1,100
18:17:03,5,5,8,10.7,0.04,0.24,0.06,18.2,163,142,237,321.0,0,0,1,100
18:17:03,5,5,8,10.7,0.04,0.24,0.06,18.4,163,142,237,321.0,2,0,0,100
18:17:03,5,5,8,10.7,0.04,0.24,0.06,18.0,163,142,237,321.0,2,0,0,100
18:17:03,5,5,8,10.7,0.04,0.24,0.06,18.0,163,142,237,321.0,2,0,0,100
18:17:04,5,5,8,10.7,0.04,0.24,0.06,18.0,163,142,237,321.0,2,0,0,100
18:17:04,5,5,8,10.7,0.04,0.24,0.06,18.2,163,142,237,321.0,2,0,0,100
18:17:04,5,5,8,10.7,0.04,0.24,0.06,18.1,163,142,237,321.0,2,0,0,100
18:17:04,5,5,8,10.7,0.04,0.24,0.06,18.3,163,142,237,321.0,2,0,0,100
18:17:04,5,5,8,10.7,0.04,0.24,0.06,18.2,163,142,237,321.0,2,0,0,100
18:17:04,9,5,8,13.0,0.09,0.17,0.07,18.0,257,156,220,373.0,2,0,0,100
18:17:04,9,5,8,13.0,0.09,0.17,0.07,18.3,257,156,220,373.0,2,0,0,100
18:17:04,9,5,8,13.0,0.09,0.17,0.07,18.2,257,156,220,373.0,0,0,0,100
18:17:04,9,5,8,13.0,0.09,0.17,0.07,18.2,257,156,220,373.0,0,0,0,100
18:17:04,9,5,8,13.0,0.09,0.17,0.07,18.2,257,156,220,373.0,0,0,0,100
18:17:05,9,5,8,13.0,0.09,0.17,0.07,18.2,257,156,220,373.0,0,0,0,100
18:17:05,9,5,8,13.0,0.09,0.17,0.07,18.2,257,156,220,373.0,0,0,0,100
18:17:05,9,5,8,13.0,0.09,0.17,0.07,18.2,257,156,220,373.0,0,0,0,100
18:17:05,9,5,8,13.0,0.09,0.17,0.07,18.4,257,156,220,373.0,0,0,0,100
18:17:05,9,5,8,13.0,0.09,0.17,0.07,18.2,257,156,220,373.0,0,0,0,100
18:17:05,9,6,7,12.9,0.1,0.19,0.05,18.2,246,138,156,322.0,0,0,0,100
18:17:05,9,6,7,12.9,0.1,0.19,0.05,18.2,246,138,156,322.0,0,0,0,100
18:17:05,9,6,7,12.9,0.1,0.19,0.05,18.3,246,138,156,322.0,0,0,2,100
18:17:05,9,6,7,12.9,0.1,0.19,0.05,18.2,246,138,156,322.0,0,0,2,100
18:17:05,9,6,7,12.9,0.1,0.19,0.05,18.1,246,138,156,322.0,0,0,2,100
18:17:06,9,6,7,12.9,0.1,0.19,0.05,18.2,246,138,156,322.0,0,0,2,100
18:17:06,9,6,7,12.9,0.1,0.19,0.05,18.2,246,138,156,322.0,0,0,2,100
18:17:06,9,6,7,12.9,0.1,0.19,0.05,18.2,246,138,156,322.0,0,0,2,100
18:17:06,9,6,7,12.9,0.1,0.19,0.05,18.2,246,138,156,322.0,0,0,2,100
18:17:06,9,6,7,12.9,0.1,0.19,0.05,18.2,246,138,156,322.0,0,0,2,100
18:17:06,4,4,7,9.0,0.11,0.2,0.08,18.3,107,88,186,232.0,0,0,2,100
18:17:06,4,4,7,9.0,0.11,0.2,0.08,18.2,107,88,186,232.0,0,0,2,100
18:17:06,4,4,7,9.0,0.11,0.2,0.08,18.4,107,88,186,232.0,2,0,0,100
18:17:06,4,4,7,9.0,0.11,0.2,0.08,18.3,107,88,186,232.0,2,0,0,100
18:17:06,4,4,7,9.0,0.11,0.2,0.08,18.0,107,88,186,232.0,2,0,0,100
18:17:07,4,4,7,9.0,0.11,0.2,0.08,18.2,107,88,186,232.0,2,0,0,100
18:17:07,4,4,7,9.0,0.11,0.2,0.08,18.4,107,88,186,232.0,2,0,0,100
18:17:07,4,4,7,9.0,0.11,0.2,0.08,18.3,107,88,186,232.0,2,0,0,100
18:17:07,4,4,7,9.0,0.11,0.2,0.08,18.4,107,88,186,232.0,2,0,0,100
18:17:07,4,4,7,9.0,0.11,0.2,0.08,18.1,107,88,186,232.0,2,0,0,100
18:17:07,5,1,3,5.9,0.04,0.1,0.06,18.2,146,32,95,177.0,2,0,0,100
18:17:07,5,1,3,5.9,0.04,0.1,0.06,18.4,146,32,95,177.0,2,0,0,100
18:17:07,5,1,3,5.9,0.04,0.1,0.06,18.2,146,32,95,177.0,0,0,1,100
18:17:07,5,1,3,5.9,0.04,0.1,0.06,18.3,146,32,95,177.0,0,0,1,100
18:17:07,5,1,3,5.9,0.04,0.1,0.06,18.2,146,32,95,177.0,0,0,1,100
18:17:08,5,1,3,5.9,0.04,0.1,0.06,17.9,146,32,95,177.0,0,0,1,100
18:17:08,5,1,3,5.9,0.04,0.1,0.06,18.1,146,32,95,177.0,0,0,1,100
18:17:08,5,1,3,5.9,0.04,0.1,0.06,18.3,146,32,95,177.0,0,0,1,100
18:17:08,5,1,3,5.9,0.04,0.1,0.06,18.2,146,32,95,177.0,0,0,1,100
18:17:08,5,1,3,5.9,0.04,0.1,0.06,18.2,146,32,95,177.0,0,0,1,100
18:17:08,4,4,7,9.0,0.08,0.18,0.1,18.2,110,87,175,224.0,0,0,1,100
18:17:08,4,4,7,9.0,0.08,0.18,0.1,18.2,110,87,175,224.0,0,0,1,100
18:17:08,4,4,7,9.0,0.08,0.18,0.1,18.1,110,87,175,224.0,1,0,0,100
18:17:08,4,4,7,9.0,0.08,0.18,0.1,18.4,110,87,175,224.0,1,0,0,100
18:17:08,4,4,7,9.0,0.08,0.18,0.1,18.2,110,87,175,224.0,1,0,0,100
18:17:09,4,4,7,9.0,0.08,0.18,0.1,18.4,110,87,175,224.0,1,0,0,100
18:17:09,4,4,7,9.0,0.08,0.18,0.1,18.2,110,87,175,224.0,1,0,0,100
18:17:09,4,4,7,9.0,0.08,0.18,0.1,18.2,110,87,175,224.0,1,0,0,100
18:17:09,4,4,7,9.0,0.08,0.18,0.1,18.2,110,87,175,224.0,1,0,0,100
18:17:09,4,4,7,9.0,0.08,0.18,0.1,18.2,110,87,175,224.0,1,0,0,100
18:17:09,10,5,7,13.2,0.03,0.09,0.02,18.0,217,105,154,286.0,1,0,0,100
18:17:09,10,5,7,13.2,0.03,0.09,0.02,18.3,217,105,154,286.0,1,0,0,100
18:17:09,10,5,7,13.2,0.03,0.09,0.02,18.1,217,105,154,286.0,0,0,0,100
18:17:09,10,5,7,13.2,0.03,0.09,0.02,18.2,217,105,154,286.0,0,0,0,100
18:17:09,10,5,7,13.2,0.03,0.09,0.02,18.2,217,105,154,286.0,0,0,0,100
18:17:10,10,5,7,13.2,0.03,0.09,0.02,18.2,217,105,154,286.0,0,0,0,100
18:17:10,10,5,7,13.2,0.03,0.09,0.02,18.2,217,105,154,286.0,0,0,0,100
18:17:10,10,5,7,13.2,0.03,0.09,0.02,18.3,217,105,154,286.0,0,0,0,100
18:17:10,10,5,7,13.2,0.03,0.09,0.02,18.2,217,105,154,286.0,0,0,0,100
18:17:10,10,5,7,13.2,0.03,0.09,0.02,18.2,217,105,154,286.0,0,0,0,100
18:17:10,9,5,7,12.4,0.06,0.15,0.08,18.2,250,158,212,364.0,0,0,0,100
18:17:10,9,5,7,12.4,0.06,0.15,0.08,18.2,250,158,212,364.0,0,0,0,100
18:17:10,9,5,7,12.4,0.06,0.15,0.08,18.2,250,158,212,364.0,0,0,0,100
18:17:10,9,5,7,12.4,0.06,0.15,0.08,18.2,250,158,212,364.0,0,0,0,100
18:17:10,9,5,7,12.4,0.06,0.15,0.08,18.2,250,158,212,364.0,0,0,0,100
18:17:11,9,5,7,12.4,0.06,0.15,0.08,18.0,250,158,212,364.0,0,0,0,100
18:17:11,9,5,7,12.4,0.06,0.15,0.08,18.4,250,158,212,364.0,0,0,0,100
18:17:11,9,5,7,12.4,0.06,0.15,0.08,18.2,250,158,212,364.0,0,0,0,100
18:17:11,9,5,7,12.4,0.06,0.15,0.08,18.2,250,158,212,364.0,0,0,0,100
18:17:11,9,5,7,12.4,0.06,0.15,0.08,18.2,250,158,212,364.0,0,0,0,100
18:17:11,4,4,9,10.6,0.05,0.15,0.09,18.2,128,151,244,314.0,0,0,0,100
18:17:11,4,4,9,10.6,0.05,0.15,0.09,18.2,128,151,244,314.0,0,0,0,100
18:17:11,4,4,9,10.6,0.05,0.15,0.09,18.4,128,151,244,314.0,0,0,0,100
18:17:11,4,4,9,10.6,0.05,0.15,0.09,18.2,128,151,244,314.0,0,0,0,100
18:17:12,4,4,9,10.6,0.05,0.15,0.09,18.3,128,151,244,314.0,0,0,0,100
18:17:12,4,4,9,10.6,0.05,0.15,0.09,18.2,128,151,244,314.0,0,0,0,100
18:17:12,4,4,9,10.6,0.05,0.15,0.09,18.2,128,151,244,314.0,0,0,0,100
18:17:12,4,4,9,10.6,0.05,0.15,0.09,18.1,128,151,244,314.0,0,0,0,100
18:17:12,4,4,9,10.6,0.05,0.15,0.09,18.4,128,151,244,314.0,0,0,0,100
18:17:12,4,4,9,10.6,0.05,0.15,0.09,18.2,128,151,244,314.0,0,0,0,100
18:17:12,8,4,6,10.8,0.1,0.18,0.09,18.1,217,128,175,307.0,0,0,0,100
18:17:12,8,4,6,10.8,0.1,0.18,0.09,18.2,217,128,175,307.0,0,0,0,100
18:17:12,8,4,6,10.8,0.1,0.18,0.09,18.2,217,128,175,307.0,0,0,1,100
18:17:12,8,4,6,10.8,0.1,0.18,0.09,18.4,217,128,175,307.0,0,0,1,100
18:17:12,8,4,6,10.8,0.1,0.18,0.09,18.2,217,128,175,307.0,0,0,1,100
18:17:13,8,4,6,10.8,0.1,0.18,0.09,18.0,217,128,175,307.0,0,0,1,100
18:17:13,8,4,6,10.8,0.1,0.18,0.09,18.2,217,128,175,307.0,0,0,1,100
18:17:13,8,4,6,10.8,0.1,0.18,0.09,18.2,217,128,175,307.0,0,0,1,100
18:17:13,8,4,6,10.8,0.1,0.18,0.09,18.2,217,128,175,307.0,0,0,1,100
18:17:13,8,4,6,10.8,0.1,0.18,0.09,18.1,217,128,175,307.0,0,0,1,100
18:17:13,10,6,6,13.1,0.1,0.13,0.03,18.2,194,99,174,279.0,0,0,1,100
18:17:13,10,6,6,13.1,0.1,0.13,0.03,18.0,194,99,174,279.0,0,0,1,100
18:17:13,10,6,6,13.1,0.1,0.13,0.03,18.2,194,99,174,279.0,0,0,0,100
18:17:13,10,6,6,13.1,0.1,0.13,0.03,18.1,194,99,174,279.0,0,0,0,100
18:17:14,10,6,6,13.1,0.1,0.13,0.03,18.0,194,99,174,279.0,0,0,0,100
18:17:14,10,6,6,13.1,0.1,0.13,0.03,18.2,194,99,174,279.0,0,0,0,100
18:17:14,10,6,6,13.1,0.1,0.13,0.03,18.2,194,99,174,279.0,0,0,0,100
18:17:14,10,6,6,13.1,0.1,0.13,0.03,18.4,194,99,174,279.0,0,0,0,100
18:17:14,10,6,6,13.1,0.1,0.13,0.03,18.2,194,99,174,279.0,0,0,0,100
18:17:14,10,6,6,13.1,0.1,0.13,0.03,18.2,194,99,174,279.0,0,0,0,100
18:17:14,7,1,6,9.3,0.09,0.15,0.1,18.2,183,53,182,263.0,0,0,0,100
18:17:14,7,1,6,9.3,0.09,0.15,0.1,18.3,183,53,182,263.0,0,0,0,100
18:17:14,7,1,6,9.3,0.09,0.15,0.1,18.2,183,53,182,263.0,1,3,1,100
18:17:14,7,1,6,9.3,0.09,0.15,0.1,18.4,183,53,182,263.0,1,3,1,100
18:17:15,7,1,6,9.3,0.09,0.15,0.1,18.2,183,53,182,263.0,1,3,1,100
18:17:15,7,1,6,9.3,0.09,0.15,0.1,18.2,183,53,182,263.0,1,3,1,100
18:17:15,7,1,6,9.3,0.09,0.15,0.1,18.2,183,53,182,263.0,1,3,1,100
18:17:15,7,1,6,9.3,0.09,0.15,0.1,18.0,183,53,182,263.0,1,3,1,100
18:17:15,7,1,6,9.3,0.09,0.15,0.1,18.1,183,53,182,263.0,1,3,1,100
18:17:15,7,1,6,9.3,0.09,0.15,0.1,18.2,183,53,182,263.0,1,3,1,100
18:17:15,6,3,5,8.4,0.05,0.17,0.13,18.2,192,58,132,240.0,1,3,1,100
18:17:15,6,3,5,8.4,0.05,0.17,0.13,18.3,192,58,132,240.0,1,3,1,100
18:17:15,6,3,5,8.4,0.05,0.17,0.13,18.2,192,58,132,240.0,0,0,1,100
18:17:15,6,3,5,8.4,0.05,0.17,0.13,18.1,192,58,132,240.0,0,0,1,100
18:17:16,6,3,5,8.4,0.05,0.17,0.13,18.0,192,58,132,240.0,0,0,1,100
18:17:16,6,3,5,8.4,0.05,0.17,0.13,18.3,192,58,132,240.0,0,0,1,100
18:17:16,6,3,5,8.4,0.05,0.17,0.13,18.2,192,58,132,240.0,0,0,1,100
18:17:16,6,3,5,8.4,0.05,0.17,0.13,18.2,192,58,132,240.0,0,0,1,100
18:17:16,6,3,5,8.4,0.05,0.17,0.13,18.4,192,58,132,240.0,0,0,1,100
18:17:16,6,3,5,8.4,0.05,0.17,0.13,18.3,192,58,132,240.0,0,0,1,100
18:17:16,6,4,7,10.0,0.1,0.19,0.06,18.2,145,111,194,266.0,0,0,1,100
18:17:16,6,4,7,10.0,0.1,0.19,0.06,18.3,145,111,194,266.0,0,0,1,100
18:17:16,6,4,7,10.0,0.1,0.19,0.06,18.2,145,111,194,266.0,1,0,0,100
18:17:16,6,4,7,10.0,0.1,0.19,0.06,18.2,145,111,194,266.0,1,0,0,100
18:17:17,6,4,7,10.0,0.1,0.19,0.06,18.2,145,111,194,266.0,1,0,0,100
18:17:17,6,4,7,10.0,0.1,0.19,0.06,18.2,145,111,194,266.0,1,0,0,100
18:17:17,6,4,7,10.0,0.1,0.19,0.06,18.4,145,111,194,266.0,1,0,0,100
18:17:17,6,4,7,10.0,0.1,0.19,0.06,18.4,145,111,194,266.0,1,0,0,100
18:17:17,6,4,7,10.0,0.1,0.19,0.06,18.2,145,111,194,266.0,1,0,0,100
18:17:17,6,4,7,10.0,0.1,0.19,0.06,18.3,145,111,194,266.0,1,0,0,100
18:17:17,6,4,7,10.0,0.1,0.19,0.06,18.1,145,111,194,266.0,1,0,0,100
18:17:17,7,5,5,9.9,0.05,0.13,0.04,18.2,231,128,167,312.0,1,0,0,100
18:17:17,7,5,5,9.9,0.05,0.13,0.04,18.2,231,128,167,312.0,0,0,1,100
18:17:17,7,5,5,9.9,0.05,0.13,0.04,18.2,231,128,167,312.0,0,0,1,100
18:17:18,7,5,5,9.9,0.05,0.13,0.04,17.9,231,128,167,312.0,0,0,1,100
18:17:18,7,5,5,9.9,0.05,0.13,0.04,18.4,231,128,167,312.0,0,0,1,100
18:17:18,7,5,5,9.9,0.05,0.13,0.04,18.2,231,128,167,312.0,0,0,1,100
18:17:18,7,5,5,9.9,0.05,0.13,0.04,18.2,231,128,167,312.0,0,0,1,100
18:17:18,7,5,5,9.9,0.05,0.13,0.04,18.2,231,128,167,312.0,0,0,1,100
18:17:18,7,5,5,9.9,0.05,0.13,0.04,18.0,231,128,167,312.0,0,0,1,100
18:17:18,7,5,5,9.9,0.05,0.13,0.04,18.2,231,128,167,312.0,0,0,1,100
18:17:18,8,5,7,11.7,0.04,0.15,0.04,18.3,232,145,223,353.0,0,0,1,100
18:17:18,8,5,7,11.7,0.04,0.15,0.04,18.3,232,145,223,353.0,0,0,0,100
18:17:18,8,5,7,11.7,0.04,0.15,0.04,18.4,232,145,223,353.0,0,0,0,100
18:17:19,8,5,7,11.7,0.04,0.15,0.04,18.2,232,145,223,353.0,0,0,0,100
18:17:19,8,5,7,11.7,0.04,0.15,0.04,18.3,232,145,223,353.0,0,0,0,100
18:17:19,8,5,7,11.7,0.04,0.15,0.04,18.2,232,145,223,353.0,0,0,0,100
18:17:19,8,5,7,11.7,0.04,0.15,0.04,18.3,232,145,223,353.0,0,0,0,100
18:17:19,8,5,7,11.7,0.04,0.15,0.04,18.2,232,145,223,353.0,0,0,0,100
18:17:19,8,5,7,11.7,0.04,0.15,0.04,18.2,232,145,223,353.0,0,0,0,100
18:17:19,8,5,7,11.7,0.04,0.15,0.04,18.4,232,145,223,353.0,0,0,0,100
18:17:19,4,4,8,9.8,0.03,0.14,0.05,18.2,111,132,235,291.0,0,0,0,100
18:17:19,4,4,8,9.8,0.03,0.14,0.05,18.2,111,132,235,291.0,2,0,0,100
18:17:19,4,4,8,9.8,0.03,0.14,0.05,18.2,111,132,235,291.0,2,0,0,100
18:17:20,4,4,8,9.8,0.03,0.14,0.05,18.2,111,132,235,291.0,2,0,0,100
18:17:20,4,4,8,9.8,0.03,0.14,0.05,18.2,111,132,235,291.0,2,0,0,100
18:17:20,4,4,8,9.8,0.03,0.14,0.05,18.1,111,132,235,291.0,2,0,0,100
18:17:20,4,4,8,9.8,0.03,0.14,0.05,18.3,111,132,235,291.0,2,0,0,100
18:17:20,4,4,8,9.8,0.03,0.14,0.05,18.1,111,132,235,291.0,2,0,0,100
18:17:20,4,4,8,9.8,0.03,0.14,0.05,18.2,111,132,235,291.0,2,0,0,100
18:17:20,4,4,8,9.8,0.03,0.14,0.05,18.2,111,132,235,291.0,2,0,0,100
18:17:20,8,4,5,10.2,0.06,0.14,0.07,18.1,211,123,143,283.0,2,0,0,100
18:17:20,8,4,5,10.2,0.06,0.14,0.07,18.1,211,123,143,283.0,0,0,2,100
18:17:20,8,4,5,10.2,0.06,0.14,0.07,18.2,211,123,143,283.0,0,0,2,100
18:17:21,8,4,5,10.2,0.06,0.14,0.07,18.3,211,123,143,283.0,0,0,2,100
18:17:21,8,4,5,10.2,0.06,0.14,0.07,18.1,211,123,143,283.0,0,0,2,100
18:17:21,8,4,5,10.2,0.06,0.14,0.07,18.2,211,123,143,283.0,0,0,2,100
18:17:21,8,4,5,10.2,0.06,0.14,0.07,18.0,211,123,143,283.0,0,0,2,100
18:17:21,8,4,5,10.2,0.06,0.14,0.07,18.2,211,123,143,283.0,0,0,2,100
18:17:21,8,4,5,10.2,0.06,0.14,0.07,18.2,211,123,143,283.0,0,0,2,100
18:17:21,8,4,5,10.2,0.06,0.14,0.07,18.2,211,123,143,283.0,0,0,2,100
18:17:21,6,3,5,8.4,0.06,0.13,0.03,18.2,158,72,146,227.0,0,0,2,100
18:17:21,6,3,5,8.4,0.06,0.13,0.03,18.3,158,72,146,227.0,1,0,0,100
18:17:21,6,3,5,8.4,0.06,0.13,0.03,18.0,158,72,146,227.0,1,0,0,100
18:17:22,6,3,5,8.4,0.06,0.13,0.03,18.4,158,72,146,227.0,1,0,0,100
18:17:22,6,3,5,8.4,0.06,0.13,0.03,18.3,158,72,146,227.0,1,0,0,100
18:17:22,6,3,5,8.4,0.06,0.13,0.03,18.5,158,72,146,227.0,1,0,0,100
18:17:22,6,3,5,8.4,0.06,0.13,0.03,18.3,158,72,146,227.0,1,0,0,100
18:17:22,6,3,5,8.4,0.06,0.13,0.03,18.4,158,72,146,227.0,1,0,0,100
18:17:22,6,3,5,8.4,0.06,0.13,0.03,18.3,158,72,146,227.0,1,0,0,100
18:17:22,6,3,5,8.4,0.06,0.13,0.03,18.2,158,72,146,227.0,1,0,0,100
18:17:22,5,1,4,6.5,0.07,0.19,0.09,18.2,149,45,132,204.0,1,0,0,100
18:17:22,5,1,4,6.5,0.07,0.19,0.09,18.0,149,45,132,204.0,0,0,1,100
18:17:22,5,1,4,6.5,0.07,0.19,0.09,18.2,149,45,132,204.0,0,0,1,100
18:17:23,5,1,4,6.5,0.07,0.19,0.09,18.1,149,45,132,204.0,0,0,1,100
18:17:23,5,1,4,6.5,0.07,0.19,0.09,18.2,149,45,132,204.0,0,0,1,100
18:17:23,5,1,4,6.5,0.07,0.19,0.09,18.1,149,45,132,204.0,0,0,1,100
18:17:23,5,1,4,6.5,0.07,0.19,0.09,18.1,149,45,132,204.0,0,0,1,100
18:17:23,5,1,4,6.5,0.07,0.19,0.09,18.2,149,45,132,204.0,0,0,1,100
18:17:23,5,1,4,6.5,0.07,0.19,0.09,18.2,149,45,132,204.0,0,0,1,100
18:17:23,5,1,4,6.5,0.07,0.19,0.09,18.2,149,45,132,204.0,0,0,1,100
18:17:23,6,3,6,9.0,0.03,0.14,0.09,18.2,147,90,189,256.0,0,0,1,100
18:17:23,6,3,6,9.0,0.03,0.14,0.09,18.2,147,90,189,256.0,1,0,0,100
18:17:23,6,3,6,9.0,0.03,0.14,0.09,18.2,147,90,189,256.0,1,0,0,100
18:17:24,6,3,6,9.0,0.03,0.14,0.09,18.2,147,90,189,256.0,1,0,0,100
18:17:24,6,3,6,9.0,0.03,0.14,0.09,18.3,147,90,189,256.0,1,0,0,100
18:17:24,6,3,6,9.0,0.03,0.14,0.09,18.2,147,90,189,256.0,1,0,0,100
18:17:24,6,3,6,9.0,0.03,0.14,0.09,18.3,147,90,189,256.0,1,0,0,100
18:17:24,6,3,6,9.0,0.03,0.14,0.09,18.2,147,90,189,256.0,1,0,0,100
18:17:24,6,3,6,9.0,0.03,0.14,0.09,18.0,147,90,189,256.0,1,0,0,100
18:17:24,6,3,6,9.0,0.03,0.14,0.09,18.4,147,90,189,256.0,1,0,0,100
18:17:24,7,5,7,11.1,0.07,0.15,0.07,18.4,206,143,207,325.0,1,0,0,100
18:17:24,7,5,7,11.1,0.07,0.15,0.07,18.4,206,143,207,325.0,1,0,0,100
18:17:24,7,5,7,11.1,0.07,0.15,0.07,18.4,206,143,207,325.0,1,0,0,100
18:17:25,7,5,7,11.1,0.07,0.15,0.07,18.2,206,143,207,325.0,1,0,0,100
18:17:25,7,5,7,11.1,0.07,0.15,0.07,18.2,206,143,207,325.0,1,0,0,100
18:17:25,7,5,7,11.1,0.07,0.15,0.07,18.1,206,143,207,325.0,1,0,0,100
18:17:25,7,5,7,11.1,0.07,0.15,0.07,18.3,206,143,207,325.0,1,0,0,100
18:17:25,7,5,7,11.1,0.07,0.15,0.07,18.2,206,143,207,325.0,1,0,0,100
18:17:25,7,5,7,11.1,0.07,0.15,0.07,18.1,206,143,207,325.0,1,0,0,100
18:17:25,7,5,7,11.1,0.07,0.15,0.07,18.1,206,143,207,325.0,1,0,0,100
18:17:25,12,5,5,13.9,0.09,0.23,0.05,18.3,274,151,152,348.0,1,0,0,100
18:17:25,12,5,5,13.9,0.09,0.23,0.05,18.3,274,151,152,348.0,0,0,3,100
18:17:25,12,5,5,13.9,0.09,0.23,0.05,18.2,274,151,152,348.0,0,0,3,100
18:17:26,12,5,5,13.9,0.09,0.23,0.05,18.1,274,151,152,348.0,0,0,3,100
18:17:26,12,5,5,13.9,0.09,0.23,0.05,18.2,274,151,152,348.0,0,0,3,100
18:17:26,12,5,5,13.9,0.09,0.23,0.05,18.2,274,151,152,348.0,0,0,3,100
18:17:26,12,5,5,13.9,0.09,0.23,0.05,18.1,274,151,152,348.0,0,0,3,100
18:17:26,12,5,5,13.9,0.09,0.23,0.05,18.3,274,151,152,348.0,0,0,3,100
18:17:26,12,5,5,13.9,0.09,0.23,0.05,18.5,274,151,152,348.0,0,0,3,100
18:17:26,12,5,5,13.9,0.09,0.23,0.05,18.2,274,151,152,348.0,0,0,3,100
18:17:26,7,5,7,11.1,0.05,0.15,0.07,18.2,249,147,210,357.0,0,0,3,100
18:17:26,7,5,7,11.1,0.05,0.15,0.07,18.2,249,147,210,357.0,0,0,0,100
18:17:26,7,5,7,11.1,0.05,0.15,0.07,18.1,249,147,210,357.0,0,0,0,100
18:17:27,7,5,7,11.1,0.05,0.15,0.07,18.1,249,147,210,357.0,0,0,0,100
18:17:27,7,5,7,11.1,0.05,0.15,0.07,18.2,249,147,210,357.0,0,0,0,100
18:17:27,7,5,7,11.1,0.05,0.15,0.07,18.2,249,147,210,357.0,0,0,0,100
18:17:27,7,5,7,11.1,0.05,0.15,0.07,18.1,249,147,210,357.0,0,0,0,100
18:17:27,7,5,7,11.1,0.05,0.15,0.07,18.3,249,147,210,357.0,0,0,0,100
18:17:27,7,5,7,11.1,0.05,0.15,0.07,18.2,249,147,210,357.0,0,0,0,100
18:17:27,7,5,7,11.1,0.05,0.15,0.07,18.3,249,147,210,357.0,0,0,0,100
18:17:27,7,6,12,15.1,0.05,0.19,0.13,18.3,173,136,223,313.0,0,0,0,100
18:17:27,7,6,12,15.1,0.05,0.19,0.13,18.4,173,136,223,313.0,0,0,0,100
18:17:28,7,6,12,15.1,0.05,0.19,0.13,18.2,173,136,223,313.0,0,0,0,100
18:17:28,7,6,12,15.1,0.05,0.19,0.13,18.2,173,136,223,313.0,0,0,0,100
18:17:28,7,6,12,15.1,0.05,0.19,0.13,18.1,173,136,223,313.0,0,0,0,100
18:17:28,7,6,12,15.1,0.05,0.19,0.13,18.2,173,136,223,313.0,0,0,0,100
18:17:28,7,6,12,15.1,0.05,0.19,0.13,18.2,173,136,223,313.0,0,0,0,100
18:17:28,7,6,12,15.1,0.05,0.19,0.13,18.2,173,136,223,313.0,0,0,0,100
18:17:28,7,6,12,15.1,0.05,0.19,0.13,18.4,173,136,223,313.0,0,0,0,100
18:17:28,7,6,12,15.1,0.05,0.19,0.13,18.2,173,136,223,313.0,0,0,0,100
18:17:28,8,3,5,9.9,0.07,0.39,0.11,18.2,195,103,102,243.0,0,0,0,100
18:17:28,8,3,5,9.9,0.07,0.39,0.11,18.2,195,103,102,243.0,0,0,1,100
18:17:28,8,3,5,9.9,0.07,0.39,0.11,18.2,195,103,102,243.0,0,0,1,100
18:17:29,8,3,5,9.9,0.07,0.39,0.11,18.3,195,103,102,243.0,0,0,1,100
18:17:29,8,3,5,9.9,0.07,0.39,0.11,18.2,195,103,102,243.0,0,0,1,100
18:17:29,8,3,5,9.9,0.07,0.39,0.11,18.2,195,103,102,243.0,0,0,1,100
18:17:29,8,3,5,9.9,0.07,0.39,0.11,18.2,195,103,102,243.0,0,0,1,100
18:17:29,8,3,5,9.9,0.07,0.39,0.11,18.2,195,103,102,243.0,0,0,1,100
18:17:29,8,3,5,9.9,0.07,0.39,0.11,18.1,195,103,102,243.0,0,0,1,100
18:17:29,8,3,5,9.9,0.07,0.39,0.11,18.3,195,103,102,243.0,0,0,1,100
18:17:29,4,1,6,7.3,0.08,0.16,0.03,18.0,113,33,178,213.0,0,0,1,100
18:17:29,4,1,6,7.3,0.08,0.16,0.03,18.2,113,33,178,213.0,1,2,0,100
18:17:30,4,1,6,7.3,0.08,0.16,0.03,18.2,113,33,178,213.0,1,2,0,100
18:17:30,4,1,6,7.3,0.08,0.16,0.03,18.1,113,33,178,213.0,1,2,0,100
18:17:30,4,1,6,7.3,0.08,0.16,0.03,18.2,113,33,178,213.0,1,2,0,100
18:17:30,4,1,6,7.3,0.08,0.16,0.03,18.3,113,33,178,213.0,1,2,0,100
18:17:30,4,1,6,7.3,0.08,0.16,0.03,18.2,113,33,178,213.0,1,2,0,100
18:17:30,4,1,6,7.3,0.08,0.16,0.03,18.2,113,33,178,213.0,1,2,0,100
18:17:30,4,1,6,7.3,0.08,0.16,0.03,18.1,113,33,178,213.0,1,2,0,100
18:17:30,4,1,6,7.3,0.08,0.16,0.03,18.2,113,33,178,213.0,1,2,0,100
18:17:30,6,2,4,7.5,0.05,0.16,0.05,18.2,178,79,121,229.0,1,2,0,100
18:17:30,6,2,4,7.5,0.05,0.16,0.05,18.0,178,79,121,229.0,0,0,0,100
18:17:31,6,2,4,7.5,0.05,0.16,0.05,18.4,178,79,121,229.0,0,0,0,100
18:17:31,6,2,4,7.5,0.05,0.16,0.05,18.2,178,79,121,229.0,0,0,0,100
18:17:31,6,2,4,7.5,0.05,0.16,0.05,18.4,178,79,121,229.0,0,0,0,100
18:17:31,6,2,4,7.5,0.05,0.16,0.05,18.2,178,79,121,229.0,0,0,0,100
18:17:31,6,2,4,7.5,0.05,0.16,0.05,18.1,178,79,121,229.0,0,0,0,100
18:17:31,6,2,4,7.5,0.05,0.16,0.05,18.1,178,79,121,229.0,0,0,0,100
18:17:31,6,2,4,7.5,0.05,0.16,0.05,18.2,178,79,121,229.0,0,0,0,100
18:17:31,6,2,4,7.5,0.05,0.16,0.05,18.0,178,79,121,229.0,0,0,0,100
18:17:31,7,4,7,10.7,0.03,0.16,0.07,18.3,174,117,216,301.0,0,0,0,100
18:17:31,7,4,7,10.7,0.03,0.16,0.07,18.2,174,117,216,301.0,1,0,0,100
18:17:32,7,4,7,10.7,0.03,0.16,0.07,18.3,174,117,216,301.0,1,0,0,100
18:17:32,7,4,7,10.7,0.03,0.16,0.07,18.2,174,117,216,301.0,1,0,0,100
18:17:32,7,4,7,10.7,0.03,0.16,0.07,18.2,174,117,216,301.0,1,0,0,100
18:17:32,7,4,7,10.7,0.03,0.16,0.07,18.2,174,117,216,301.0,1,0,0,100
18:17:32,7,4,7,10.7,0.03,0.16,0.07,18.2,174,117,216,301.0,1,0,0,100
18:17:32,7,4,7,10.7,0.03,0.16,0.07,18.1,174,117,216,301.0,1,0,0,100
18:17:32,7,4,7,10.7,0.03,0.16,0.07,18.3,174,117,216,301.0,1,0,0,100
18:17:32,7,4,7,10.7,0.03,0.16,0.07,18.2,174,117,216,301.0,1,0,0,100
18:17:32,6,4,9,11.5,0.04,0.15,0.07,17.9,187,132,238,330.0,1,0,0,100
18:17:32,6,4,9,11.5,0.04,0.15,0.07,18.2,187,132,238,330.0,0,0,0,100
18:17:33,6,4,9,11.5,0.04,0.15,0.07,18.2,187,132,238,330.0,0,0,0,100
18:17:33,6,4,9,11.5,0.04,0.15,0.07,18.3,187,132,238,330.0,0,0,0,100
18:17:33,6,4,9,11.5,0.04,0.15,0.07,18.0,187,132,238,330.0,0,0,0,100
18:17:33,6,4,9,11.5,0.04,0.15,0.07,18.0,187,132,238,330.0,0,0,0,100
18:17:33,6,4,9,11.5,0.04,0.15,0.07,18.2,187,132,238,330.0,0,0,0,100
18:17:33,6,4,9,11.5,0.04,0.15,0.07,18.1,187,132,238,330.0,0,0,0,100
18:17:33,6,4,9,11.5,0.04,0.15,0.07,18.2,187,132,238,330.0,0,0,0,100
18:17:33,6,4,9,11.5,0.04,0.15,0.07,18.1,187,132,238,330.0,0,0,0,100
18:17:33,9,5,5,11.4,0.07,0.1,0.03,18.2,233,133,127,297.0,0,0,0,100
18:17:33,9,5,5,11.4,0.07,0.1,0.03,18.1,233,133,127,297.0,0,0,1,100
18:17:34,9,5,5,11.4,0.07,0.1,0.03,18.3,233,133,127,297.0,0,0,1,100
18:17:34,9,5,5,11.4,0.07,0.1,0.03,18.3,233,133,127,297.0,0,0,1,100
18:17:34,9,5,5,11.4,0.07,0.1,0.03,18.2,233,133,127,297.0,0,0,1,100
18:17:34,9,5,5,11.4,0.07,0.1,0.03,18.2,233,133,127,297.0,0,0,1,100
18:17:34,9,5,5,11.4,0.07,0.1,0.03,18.4,233,133,127,297.0,0,0,1,100
18:17:34,9,5,5,11.4,0.07,0.1,0.03,17.9,233,133,127,297.0,0,0,1,100
18:17:34,9,5,5,11.4,0.07,0.1,0.03,18.2,233,133,127,297.0,0,0,1,100
18:17:34,9,5,5,11.4,0.07,0.1,0.03,18.2,233,133,127,297.0,0,0,1,100
18:17:34,7,5,7,11.1,0.08,0.13,0.05,18.4,202,130,204,315.0,0,0,1,100
18:17:34,7,5,7,11.1,0.08,0.13,0.05,18.2,202,130,204,315.0,0,0,0,100
18:17:35,7,5,7,11.1,0.08,0.13,0.05,18.3,202,130,204,315.0,0,0,0,100
18:17:35,7,5,7,11.1,0.08,0.13,0.05,18.2,202,130,204,315.0,0,0,0,100
18:17:35,7,5,7,11.1,0.08,0.13,0.05,18.3,202,130,204,315.0,0,0,0,100
18:17:35,7,5,7,11.1,0.08,0.13,0.05,18.3,202,130,204,315.0,0,0,0,100
18:17:35,7,5,7,11.1,0.08,0.13,0.05,18.2,202,130,204,315.0,0,0,0,100
18:17:35,7,5,7,11.1,0.08,0.13,0.05,18.2,202,130,204,315.0,0,0,0,100
18:17:35,7,5,7,11.1,0.08,0.13,0.05,18.2,202,130,204,315.0,0,0,0,100
18:17:35,7,5,7,11.1,0.08,0.13,0.05,18.2,202,130,204,315.0,0,0,0,100
18:17:35,8,6,8,12.8,0.03,0.19,0.13,18.2,174,100,190,276.0,0,0,0,100
18:17:35,8,6,8,12.8,0.03,0.19,0.13,18.1,174,100,190,276.0,1,0,0,100
18:17:36,8,6,8,12.8,0.03,0.19,0.13,18.2,174,100,190,276.0,1,0,0,100
18:17:36,8,6,8,12.8,0.03,0.19,0.13,18.2,174,100,190,276.0,1,0,0,100
18:17:36,8,6,8,12.8,0.03,0.19,0.13,18.2,174,100,190,276.0,1,0,0,100
18:17:36,8,6,8,12.8,0.03,0.19,0.13,18.2,174,100,190,276.0,1,0,0,100
18:17:36,8,6,8,12.8,0.03,0.19,0.13,18.2,174,100,190,276.0,1,0,0,100
18:17:36,8,6,8,12.8,0.03,0.19,0.13,18.1,174,100,190,276.0,1,0,0,100
18:17:36,8,6,8,12.8,0.03,0.19,0.13,18.2,174,100,190,276.0,1,0,0,100
18:17:36,8,6,8,12.8,0.03,0.19,0.13,18.3,174,100,190,276.0,1,0,0,100
18:17:36,5,2,3,6.2,0.03,0.12,0.08,18.2,165,63,103,204.0,1,0,0,100
18:17:36,5,2,3,6.2,0.03,0.12,0.08,18.1,165,63,103,204.0,0,0,0,100
18:17:37,5,2,3,6.2,0.03,0.12,0.08,18.2,165,63,103,204.0,0,0,0,100
18:17:37,5,2,3,6.2,0.03,0.12,0.08,18.3,165,63,103,204.0,0,0,0,100
18:17:37,5,2,3,6.2,0.03,0.12,0.08,18.2,165,63,103,204.0,0,0,0,100
18:17:37,5,2,3,6.2,0.03,0.12,0.08,18.2,165,63,103,204.0,0,0,0,100
18:17:37,5,2,3,6.2,0.03,0.12,0.08,18.1,165,63,103,204.0,0,0,0,100
18:17:37,5,2,3,6.2,0.03,0.12,0.08,18.3,165,63,103,204.0,0,0,0,100
18:17:37,5,2,3,6.2,0.03,0.12,0.08,18.4,165,63,103,204.0,0,0,0,100
18:17:37,5,2,3,6.2,0.03,0.12,0.08,18.3,165,63,103,204.0,0,0,0,100
18:17:37,3,1,5,5.9,0.06,0.12,0.04,18.4,105,53,147,188.0,0,0,0,100
18:17:37,3,1,5,5.9,0.06,0.12,0.04,18.4,105,53,147,188.0,0,0,0,100
18:17:38,3,1,5,5.9,0.06,0.12,0.04,18.2,105,53,147,188.0,0,0,0,100
18:17:38,3,1,5,5.9,0.06,0.12,0.04,18.0,105,53,147,188.0,0,0,0,100
18:17:38,3,1,5,5.9,0.06,0.12,0.04,18.3,105,53,147,188.0,0,0,0,100
18:17:38,3,1,5,5.9,0.06,0.12,0.04,18.2,105,53,147,188.0,0,0,0,100
18:17:38,3,1,5,5.9,0.06,0.12,0.04,18.2,105,53,147,188.0,0,0,0,100
18:17:38,3,1,5,5.9,0.06,0.12,0.04,18.3,105,53,147,188.0,0,0,0,100
18:17:38,3,1,5,5.9,0.06,0.12,0.04,18.2,105,53,147,188.0,0,0,0,100
18:17:38,3,1,5,5.9,0.06,0.12,0.04,18.1,105,53,147,188.0,0,0,0,100
18:17:38,7,3,3,8.2,0.07,0.14,0.05,17.9,180,96,89,223.0,0,0,0,100
18:17:38,7,3,3,8.2,0.07,0.14,0.05,18.4,180,96,89,223.0,0,0,2,100
18:17:39,7,3,3,8.2,0.07,0.14,0.05,18.0,180,96,89,223.0,0,0,2,100
18:17:39,7,3,3,8.2,0.07,0.14,0.05,18.2,180,96,89,223.0,0,0,2,100
18:17:39,7,3,3,8.2,0.07,0.14,0.05,18.1,180,96,89,223.0,0,0,2,100
18:17:39,7,3,3,8.2,0.07,0.14,0.05,18.2,180,96,89,223.0,0,0,2,100
18:17:39,7,3,3,8.2,0.07,0.14,0.05,18.2,180,96,89,223.0,0,0,2,100
18:17:39,7,3,3,8.2,0.07,0.14,0.05,18.2,180,96,89,223.0,0,0,2,100
18:17:39,7,3,3,8.2,0.07,0.14,0.05,18.2,180,96,89,223.0,0,0,2,100
18:17:39,7,3,3,8.2,0.07,0.14,0.05,18.3,180,96,89,223.0,0,0,2,100
18:17:39,6,5,8,11.2,0.03,0.15,0.08,18.2,169,145,243,330.0,0,0,2,100
18:17:39,6,5,8,11.2,0.03,0.15,0.08,18.3,169,145,243,330.0,1,0,0,100
18:17:40,6,5,8,11.2,0.03,0.15,0.08,18.2,169,145,243,330.0,1,0,0,100
18:17:40,6,5,8,11.2,0.03,0.15,0.08,18.6,169,145,243,330.0,1,0,0,100
18:17:40,6,5,8,11.2,0.03,0.15,0.08,18.1,169,145,243,330.0,1,0,0,100
18:17:40,6,5,8,11.2,0.03,0.15,0.08,18.2,169,145,243,330.0,1,0,0,100
18:17:40,6,5,8,11.2,0.03,0.15,0.08,18.2,169,145,243,330.0,1,0,0,100
18:17:40,6,5,8,11.2,0.03,0.15,0.08,18.2,169,145,243,330.0,1,0,0,100
18:17:40,6,5,8,11.2,0.03,0.15,0.08,18.2,169,145,243,330.0,1,0,0,100
18:17:40,6,5,8,11.2,0.03,0.15,0.08,18.3,169,145,243,330.0,1,0,0,100
18:17:40,7,5,9,12.4,0.04,0.13,0.09,18.2,218,155,266,377.0,1,0,0,100
18:17:40,7,5,9,12.4,0.04,0.13,0.09,18.2,218,155,266,377.0,0,0,0,100
18:17:41,7,5,9,12.4,0.04,0.13,0.09,18.2,218,155,266,377.0,0,0,0,100
18:17:41,7,5,9,12.4,0.04,0.13,0.09,18.2,218,155,266,377.0,0,0,0,100
18:17:41,7,5,9,12.4,0.04,0.13,0.09,18.5,218,155,266,377.0,0,0,0,100
18:17:41,7,5,9,12.4,0.04,0.13,0.09,18.3,218,155,266,377.0,0,0,0,100
18:17:41,7,5,9,12.4,0.04,0.13,0.09,18.2,218,155,266,377.0,0,0,0,100
18:17:41,7,5,9,12.4,0.04,0.13,0.09,18.3,218,155,266,377.0,0,0,0,100
18:17:41,7,5,9,12.4,0.04,0.13,0.09,18.3,218,155,266,377.0,0,0,0,100
18:17:41,7,5,9,12.4,0.04,0.13,0.09,18.1,218,155,266,377.0,0,0,0,100
18:17:41,9,4,3,10.3,0.07,0.13,0.04,18.4,257,132,123,314.0,0,0,0,100
18:17:42,9,4,3,10.3,0.07,0.13,0.04,18.3,257,132,123,314.0,0,0,1,100
18:17:42,9,4,3,10.3,0.07,0.13,0.04,18.3,257,132,123,314.0,0,0,1,100
18:17:42,9,4,3,10.3,0.07,0.13,0.04,18.2,257,132,123,314.0,0,0,1,100
18:17:42,9,4,3,10.3,0.07,0.13,0.04,18.3,257,132,123,314.0,0,0,1,100
18:17:42,9,4,3,10.3,0.07,0.13,0.04,18.2,257,132,123,314.0,0,0,1,100
18:17:42,9,4,3,10.3,0.07,0.13,0.04,18.4,257,132,123,314.0,0,0,1,100
18:17:42,9,4,3,10.3,0.07,0.13,0.04,18.2,257,132,123,314.0,0,0,1,100
18:17:42,9,4,3,10.3,0.07,0.13,0.04,18.4,257,132,123,314.0,0,0,1,100
18:17:42,9,4,3,10.3,0.07,0.13,0.04,18.3,257,132,123,314.0,0,0,1,100
18:17:42,5,4,7,9.5,0.05,0.09,0.04,18.2,159,101,185,264.0,0,0,1,100
18:17:42,5,4,7,9.5,0.05,0.09,0.04,18.4,159,101,185,264.0,1,0,0,100
18:17:43,5,4,7,9.5,0.05,0.09,0.04,18.2,159,101,185,264.0,1,0,0,100
18:17:43,5,4,7,9.5,0.05,0.09,0.04,18.2,159,101,185,264.0,1,0,0,100
18:17:43,5,4,7,9.5,0.05,0.09,0.04,18.1,159,101,185,264.0,1,0,0,100
18:17:43,5,4,7,9.5,0.05,0.09,0.04,18.2,159,101,185,264.0,1,0,0,100
18:17:43,5,4,7,9.5,0.05,0.09,0.04,18.4,159,101,185,264.0,1,0,0,100
18:17:43,5,4,7,9.5,0.05,0.09,0.04,18.4,159,101,185,264.0,1,0,0,100
18:17:43,5,4,7,9.5,0.05,0.09,0.04,18.3,159,101,185,264.0,1,0,0,100
18:17:43,5,4,7,9.5,0.05,0.09,0.04,18.2,159,101,185,264.0,1,0,0,100
18:17:43,6,4,6,9.4,0.03,0.13,0.04,18.4,155,81,185,255.0,1,0,0,100
18:17:44,6,4,6,9.4,0.03,0.13,0.04,18.4,155,81,185,255.0,0,1,2,100
18:17:44,6,4,6,9.4,0.03,0.13,0.04,18.4,155,81,185,255.0,0,1,2,100
18:17:44,6,4,6,9.4,0.03,0.13,0.04,18.2,155,81,185,255.0,0,1,2,100
18:17:44,6,4,6,9.4,0.03,0.13,0.04,18.2,155,81,185,255.0,0,1,2,100
18:17:44,6,4,6,9.4,0.03,0.13,0.04,18.2,155,81,185,255.0,0,1,2,100
18:17:44,6,4,6,9.4,0.03,0.13,0.04,18.3,155,81,185,255.0,0,1,2,100
18:17:44,6,4,6,9.4,0.03,0.13,0.04,18.2,155,81,185,255.0,0,1,2,100
18:17:44,6,4,6,9.4,0.03,0.13,0.04,18.4,155,81,185,255.0,0,1,2,100
18:17:44,6,4,6,9.4,0.03,0.13,0.04,18.3,155,81,185,255.0,0,1,2,100
18:17:44,6,1,6,8.5,0.05,0.21,0.07,18.3,170,43,142,226.0,0,1,2,100
18:17:45,6,1,6,8.5,0.05,0.21,0.07,18.4,170,43,142,226.0,2,1,0,100
18:17:45,6,1,6,8.5,0.05,0.21,0.07,18.2,170,43,142,226.0,2,1,0,100
18:17:45,6,1,6,8.5,0.05,0.21,0.07,18.4,170,43,142,226.0,2,1,0,100
18:17:45,6,1,6,8.5,0.05,0.21,0.07,18.2,170,43,142,226.0,2,1,0,100
18:17:45,6,1,6,8.5,0.05,0.21,0.07,18.1,170,43,142,226.0,2,1,0,100
18:17:45,6,1,6,8.5,0.05,0.21,0.07,18.3,170,43,142,226.0,2,1,0,100
18:17:45,6,1,6,8.5,0.05,0.21,0.07,18.2,170,43,142,226.0,2,1,0,100
18:17:45,6,1,6,8.5,0.05,0.21,0.07,18.1,170,43,142,226.0,2,1,0,100
18:17:45,6,1,6,8.5,0.05,0.21,0.07,18.2,170,43,142,226.0,2,1,0,100
18:17:45,7,4,6,10.0,0.05,0.25,0.03,18.2,179,97,162,260.0,2,1,0,100
18:17:46,7,4,6,10.0,0.05,0.25,0.03,18.4,179,97,162,260.0,2,0,0,100
18:17:46,7,4,6,10.0,0.05,0.25,0.03,18.1,179,97,162,260.0,2,0,0,100
18:17:46,7,4,6,10.0,0.05,0.25,0.03,18.2,179,97,162,260.0,2,0,0,100
18:17:46,7,4,6,10.0,0.05,0.25,0.03,18.1,179,97,162,260.0,2,0,0,100
18:17:46,7,4,6,10.0,0.05,0.25,0.03,18.2,179,97,162,260.0,2,0,0,100
18:17:46,7,4,6,10.0,0.05,0.25,0.03,18.2,179,97,162,260.0,2,0,0,100
18:17:46,7,4,6,10.0,0.05,0.25,0.03,18.2,179,97,162,260.0,2,0,0,100
18:17:46,7,4,6,10.0,0.05,0.25,0.03,18.2,179,97,162,260.0,2,0,0,100
18:17:46,7,4,6,10.0,0.05,0.25,0.03,18.2,179,97,162,260.0,2,0,0,100
18:17:46,8,4,4,9.8,0.05,0.15,0.07,18.0,225,128,138,293.0,2,0,0,100
18:17:47,8,4,4,9.8,0.05,0.15,0.07,18.4,225,128,138,293.0,0,0,0,100
18:17:47,8,4,4,9.8,0.05,0.15,0.07,18.3,225,128,138,293.0,0,0,0,100
18:17:47,8,4,4,9.8,0.05,0.15,0.07,18.4,225,128,138,293.0,0,0,0,100
18:17:47,8,4,4,9.8,0.05,0.15,0.07,18.0,225,128,138,293.0,0,0,0,100
18:17:47,8,4,4,9.8,0.05,0.15,0.07,18.4,225,128,138,293.0,0,0,0,100
18:17:47,8,4,4,9.8,0.05,0.15,0.07,18.2,225,128,138,293.0,0,0,0,100
18:17:47,8,4,4,9.8,0.05,0.15,0.07,18.2,225,128,138,293.0,0,0,0,100
18:17:47,8,4,4,9.8,0.05,0.15,0.07,18.3,225,128,138,293.0,0,0,0,100
18:17:47,8,4,4,9.8,0.05,0.15,0.07,18.4,225,128,138,293.0,0,0,0,100
18:17:47,7,6,8,12.2,0.06,0.13,0.09,18.5,201,146,241,346.0,0,0,0,100
18:17:48,7,6,8,12.2,0.06,0.13,0.09,18.2,201,146,241,346.0,0,0,0,100
18:17:48,7,6,8,12.2,0.06,0.13,0.09,18.2,201,146,241,346.0,0,0,0,100
18:17:48,7,6,8,12.2,0.06,0.13,0.09,18.2,201,146,241,346.0,0,0,0,100
18:17:48,7,6,8,12.2,0.06,0.13,0.09,18.3,201,146,241,346.0,0,0,0,100
18:17:48,7,6,8,12.2,0.06,0.13,0.09,18.3,201,146,241,346.0,0,0,0,100
18:17:48,7,6,8,12.2,0.06,0.13,0.09,18.6,201,146,241,346.0,0,0,0,100
18:17:48,7,6,8,12.2,0.06,0.13,0.09,18.3,201,146,241,346.0,0,0,0,100
18:17:48,7,6,8,12.2,0.06,0.13,0.09,18.4,201,146,241,346.0,0,0,0,100
18:17:48,7,6,8,12.2,0.06,0.13,0.09,18.2,201,146,241,346.0,0,0,0,100
18:17:48,7,5,8,11.7,0.08,0.23,0.08,18.4,189,132,229,325.0,0,0,0,100
18:17:49,7,5,8,11.7,0.08,0.23,0.08,18.5,189,132,229,325.0,0,0,0,100
18:17:49,7,5,8,11.7,0.08,0.23,0.08,18.2,189,132,229,325.0,0,0,0,100
18:17:49,7,5,8,11.7,0.08,0.23,0.08,18.2,189,132,229,325.0,0,0,0,100
18:17:49,7,5,8,11.7,0.08,0.23,0.08,18.1,189,132,229,325.0,0,0,0,100
18:17:49,7,5,8,11.7,0.08,0.23,0.08,18.3,189,132,229,325.0,0,0,0,100
18:17:49,7,5,8,11.7,0.08,0.23,0.08,18.3,189,132,229,325.0,0,0,0,100
18:17:49,7,5,8,11.7,0.08,0.23,0.08,18.2,189,132,229,325.0,0,0,0,100
18:17:49,7,5,8,11.7,0.08,0.23,0.08,18.2,189,132,229,325.0,0,0,0,100
18:17:49,7,5,8,11.7,0.08,0.23,0.08,18.4,189,132,229,325.0,0,0,0,100
18:17:49,8,5,4,10.2,0.09,0.17,0.07,18.3,218,132,112,278.0,0,0,0,100
18:17:50,8,5,4,10.2,0.09,0.17,0.07,18.2,218,132,112,278.0,0,0,1,100
18:17:50,8,5,4,10.2,0.09,0.17,0.07,18.2,218,132,112,278.0,0,0,1,100
18:17:50,8,5,4,10.2,0.09,0.17,0.07,18.3,218,132,112,278.0,0,0,1,100
18:17:50,8,5,4,10.2,0.09,0.17,0.07,18.2,218,132,112,278.0,0,0,1,100
18:17:50,8,5,4,10.2,0.09,0.17,0.07,18.3,218,132,112,278.0,0,0,1,100
18:17:50,8,5,4,10.2,0.09,0.17,0.07,18.2,218,132,112,278.0,0,0,1,100
18:17:50,8,5,4,10.2,0.09,0.17,0.07,18.2,218,132,112,278.0,0,0,1,100
18:17:50,8,5,4,10.2,0.09,0.17,0.07,18.2,218,132,112,278.0,0,0,1,100
18:17:50,8,5,4,10.2,0.09,0.17,0.07,18.2,218,132,112,278.0,0,0,1,100
18:17:50,5,2,5,7.3,0.06,0.13,0.03,18.2,154,82,157,235.0,0,0,1,100
18:17:51,5,2,5,7.3,0.06,0.13,0.03,18.2,154,82,157,235.0,1,0,0,100
18:17:51,5,2,5,7.3,0.06,0.13,0.03,18.1,154,82,157,235.0,1,0,0,100
18:17:51,5,2,5,7.3,0.06,0.13,0.03,18.2,154,82,157,235.0,1,0,0,100
18:17:51,5,2,5,7.3,0.06,0.13,0.03,18.2,154,82,157,235.0,1,0,0,100
18:17:51,5,2,5,7.3,0.06,0.13,0.03,18.2,154,82,157,235.0,1,0,0,100
18:17:51,5,2,5,7.3,0.06,0.13,0.03,18.2,154,82,157,235.0,1,0,0,100
18:17:51,5,2,5,7.3,0.06,0.13,0.03,18.2,154,82,157,235.0,1,0,0,100
18:17:51,5,2,5,7.3,0.06,0.13,0.03,18.2,154,82,157,235.0,1,0,0,100
18:17:51,5,2,5,7.3,0.06,0.13,0.03,18.3,154,82,157,235.0,1,0,0,100
18:17:51,5,1,5,7.1,0.05,0.16,0.07,18.2,151,38,137,207.0,1,0,0,100
18:17:52,5,1,5,7.1,0.05,0.16,0.07,18.4,151,38,137,207.0,0,0,0,100
18:17:52,5,1,5,7.1,0.05,0.16,0.07,18.2,151,38,137,207.0,0,0,0,100
18:17:52,5,1,5,7.1,0.05,0.16,0.07,18.2,151,38,137,207.0,0,0,0,100
18:17:52,5,1,5,7.1,0.05,0.16,0.07,18.2,151,38,137,207.0,0,0,0,100
18:17:52,5,1,5,7.1,0.05,0.16,0.07,18.2,151,38,137,207.0,0,0,0,100
18:17:52,5,1,5,7.1,0.05,0.16,0.07,18.2,151,38,137,207.0,0,0,0,100
18:17:52,5,1,5,7.1,0.05,0.16,0.07,18.3,151,38,137,207.0,0,0,0,100
18:17:52,5,1,5,7.1,0.05,0.16,0.07,18.1,151,38,137,207.0,0,0,0,100
18:17:52,5,1,5,7.1,0.05,0.16,0.07,18.2,151,38,137,207.0,0,0,0,100
18:17:52,4,2,5,6.7,0.05,0.1,0.06,18.3,119,73,171,221.0,0,0,0,100
18:17:53,4,2,5,6.7,0.05,0.1,0.06,18.2,119,73,171,221.0,0,0,0,100
18:17:53,4,2,5,6.7,0.05,0.1,0.06,18.4,119,73,171,221.0,0,0,0,100
18:17:53,4,2,5,6.7,0.05,0.1,0.06,18.3,119,73,171,221.0,0,0,0,100
18:17:53,4,2,5,6.7,0.05,0.1,0.06,18.2,119,73,171,221.0,0,0,0,100
18:17:53,4,2,5,6.7,0.05,0.1,0.06,18.4,119,73,171,221.0,0,0,0,100
18:17:53,4,2,5,6.7,0.05,0.1,0.06,18.2,119,73,171,221.0,0,0,0,100
18:17:53,4,2,5,6.7,0.05,0.1,0.06,18.2,119,73,171,221.0,0,0,0,100
18:17:53,4,2,5,6.7,0.05,0.1,0.06,18.2,119,73,171,221.0,0,0,0,100
18:17:53,4,2,5,6.7,0.05,0.1,0.06,18.0,119,73,171,221.0,0,0,0,100
18:17:53,7,5,6,10.5,0.07,0.11,0.04,18.2,209,123,168,295.0,0,0,0,100
18:17:54,7,5,6,10.5,0.07,0.11,0.04,18.2,209,123,168,295.0,0,0,0,100
18:17:54,7,5,6,10.5,0.07,0.11,0.04,18.1,209,123,168,295.0,0,0,0,100
18:17:54,7,5,6,10.5,0.07,0.11,0.04,18.2,209,123,168,295.0,0,0,0,100
18:17:54,7,5,6,10.5,0.07,0.11,0.04,18.4,209,123,168,295.0,0,0,0,100
18:17:54,7,5,6,10.5,0.07,0.11,0.04,18.2,209,123,168,295.0,0,0,0,100
18:17:54,7,5,6,10.5,0.07,0.11,0.04,18.2,209,123,168,295.0,0,0,0,100
18:17:54,7,5,6,10.5,0.07,0.11,0.04,18.2,209,123,168,295.0,0,0,0,100
18:17:54,7,5,6,10.5,0.07,0.11,0.04,18.2,209,123,168,295.0,0,0,0,100
18:17:54,7,5,6,10.5,0.07,0.11,0.04,18.3,209,123,168,295.0,0,0,0,100
18:17:54,9,5,5,11.4,0.05,0.12,0.03,18.3,223,129,153,300.0,0,0,0,100
18:17:55,9,5,5,11.4,0.05,0.12,0.03,18.1,223,129,153,300.0,0,0,2,100
18:17:55,9,5,5,11.4,0.05,0.12,0.03,18.2,223,129,153,300.0,0,0,2,100
18:17:55,9,5,5,11.4,0.05,0.12,0.03,18.2,223,129,153,300.0,0,0,2,100
18:17:55,9,5,5,11.4,0.05,0.12,0.03,18.2,223,129,153,300.0,0,0,2,100
18:17:55,9,5,5,11.4,0.05,0.12,0.03,18.4,223,129,153,300.0,0,0,2,100
18:17:55,9,5,5,11.4,0.05,0.12,0.03,18.2,223,129,153,300.0,0,0,2,100
18:17:55,9,5,5,11.4,0.05,0.12,0.03,18.4,223,129,153,300.0,0,0,2,100
18:17:55,9,5,5,11.4,0.05,0.12,0.03,18.2,223,129,153,300.0,0,0,2,100
18:17:55,9,5,5,11.4,0.05,0.12,0.03,18.4,223,129,153,300.0,0,0,2,100
18:17:55,5,4,9,11.0,0.04,0.17,0.08,18.2,151,145,267,339.0,0,0,2,100
18:17:56,5,4,9,11.0,0.04,0.17,0.08,18.0,151,145,267,339.0,1,0,0,100
18:17:56,5,4,9,11.0,0.04,0.17,0.08,18.2,151,145,267,339.0,1,0,0,100
18:17:56,5,4,9,11.0,0.04,0.17,0.08,18.4,151,145,267,339.0,1,0,0,100
18:17:56,5,4,9,11.0,0.04,0.17,0.08,18.5,151,145,267,339.0,1,0,0,100
18:17:56,5,4,9,11.0,0.04,0.17,0.08,18.5,151,145,267,339.0,1,0,0,100
18:17:56,5,4,9,11.0,0.04,0.17,0.08,18.3,151,145,267,339.0,1,0,0,100
18:17:56,5,4,9,11.0,0.04,0.17,0.08,18.4,151,145,267,339.0,1,0,0,100
18:17:56,5,4,9,11.0,0.04,0.17,0.08,18.2,151,145,267,339.0,1,0,0,100
18:17:56,5,4,9,11.0,0.04,0.17,0.08,18.3,151,145,267,339.0,1,0,0,100
18:17:56,7,5,7,11.1,0.05,0.09,0.07,18.4,210,142,224,338.0,1,0,0,100
18:17:57,7,5,7,11.1,0.05,0.09,0.07,18.4,210,142,224,338.0,0,0,0,100
18:17:57,7,5,7,11.1,0.05,0.09,0.07,18.5,210,142,224,338.0,0,0,0,100
18:17:57,7,5,7,11.1,0.05,0.09,0.07,18.1,210,142,224,338.0,0,0,0,100
18:17:57,7,5,7,11.1,0.05,0.09,0.07,18.6,210,142,224,338.0,0,0,0,100
18:17:57,7,5,7,11.1,0.05,0.09,0.07,18.2,210,142,224,338.0,0,0,0,100
18:17:57,7,5,7,11.1,0.05,0.09,0.07,18.3,210,142,224,338.0,0,0,0,100
18:17:57,7,5,7,11.1,0.05,0.09,0.07,18.2,210,142,224,338.0,0,0,0,100
18:17:57,7,5,7,11.1,0.05,0.09,0.07,18.3,210,142,224,338.0,0,0,0,100
18:17:57,7,5,7,11.1,0.05,0.09,0.07,18.3,210,142,224,338.0,0,0,0,100
18:17:58,7,3,6,9.7,0.12,0.14,0.04,18.2,205,99,155,275.0,0,0,0,100
18:17:58,7,3,6,9.7,0.12,0.14,0.04,18.2,205,99,155,275.0,0,0,0,100
18:17:58,7,3,6,9.7,0.12,0.14,0.04,18.3,205,99,155,275.0,0,0,0,100
18:17:58,7,3,6,9.7,0.12,0.14,0.04,18.3,205,99,155,275.0,0,0,0,100
18:17:58,7,3,6,9.7,0.12,0.14,0.04,18.4,205,99,155,275.0,0,0,0,100
18:17:58,7,3,6,9.7,0.12,0.14,0.04,18.2,205,99,155,275.0,0,0,0,100
18:17:58,7,3,6,9.7,0.12,0.14,0.04,18.1,205,99,155,275.0,0,0,0,100
18:17:58,7,3,6,9.7,0.12,0.14,0.04,18.4,205,99,155,275.0,0,0,0,100
18:17:58,7,3,6,9.7,0.12,0.14,0.04,18.2,205,99,155,275.0,0,0,0,100
18:17:58,7,3,6,9.7,0.12,0.14,0.04,18.4,205,99,155,275.0,0,0,0,100
18:17:59,5,2,6,8.1,0.11,0.19,0.08,18.2,115,79,173,222.0,0,0,0,100
18:17:59,5,2,6,8.1,0.11,0.19,0.08,18.4,115,79,173,222.0,1,2,0,100
18:17:59,5,2,6,8.1,0.11,0.19,0.08,18.2,115,79,173,222.0,1,2,0,100
18:17:59,5,2,6,8.1,0.11,0.19,0.08,18.4,115,79,173,222.0,1,2,0,100
18:17:59,5,2,6,8.1,0.11,0.19,0.08,18.0,115,79,173,222.0,1,2,0,100
18:17:59,5,2,6,8.1,0.11,0.19,0.08,18.3,115,79,173,222.0,1,2,0,100
18:17:59,5,2,6,8.1,0.11,0.19,0.08,18.2,115,79,173,222.0,1,2,0,100
18:17:59,5,2,6,8.1,0.11,0.19,0.08,18.2,115,79,173,222.0,1,2,0,100
18:17:59,5,2,6,8.1,0.11,0.19,0.08,18.2,115,79,173,222.0,1,2,0,100
18:17:59,5,2,6,8.1,0.11,0.19,0.08,18.2,115,79,173,222.0,1,2,0,100
18:18:00,6,2,4,7.5,0.04,0.12,0.08,18.4,157,65,112,204.0,1,2,0,100
18:18:00,6,2,4,7.5,0.04,0.12,0.08,18.4,157,65,112,204.0,0,0,1,100
18:18:00,6,2,4,7.5,0.04,0.12,0.08,18.2,157,65,112,204.0,0,0,1,100
18:18:00,6,2,4,7.5,0.04,0.12,0.08,18.4,157,65,112,204.0,0,0,1,100
18:18:00,6,2,4,7.5,0.04,0.12,0.08,18.3,157,65,112,204.0,0,0,1,100
18:18:00,6,2,4,7.5,0.04,0.12,0.08,18.3,157,65,112,204.0,0,0,1,100
18:18:00,6,2,4,7.5,0.04,0.12,0.08,18.4,157,65,112,204.0,0,0,1,100
18:18:00,6,2,4,7.5,0.04,0.12,0.08,18.3,157,65,112,204.0,0,0,1,100
18:18:00,6,2,4,7.5,0.04,0.12,0.08,18.4,157,65,112,204.0,0,0,1,100
18:18:00,6,2,4,7.5,0.04,0.12,0.08,18.2,157,65,112,204.0,0,0,1,100
18:18:01,6,4,9,11.5,0.03,0.36,0.07,18.1,124,112,200,261.0,0,0,1,100
18:18:01,6,4,9,11.5,0.03,0.36,0.07,18.4,124,112,200,261.0,4,0,0,100
18:18:01,6,4,9,11.5,0.03,0.36,0.07,18.2,124,112,200,261.0,4,0,0,100
18:18:01,6,4,9,11.5,0.03,0.36,0.07,18.4,124,112,200,261.0,4,0,0,100
18:18:01,6,4,9,11.5,0.03,0.36,0.07,18.0,124,112,200,261.0,4,0,0,100
18:18:01,6,4,9,11.5,0.03,0.36,0.07,18.2,124,112,200,261.0,4,0,0,100
18:18:01,6,4,9,11.5,0.03,0.36,0.07,18.3,124,112,200,261.0,4,0,0,100
18:18:01,6,4,9,11.5,0.03,0.36,0.07,18.2,124,112,200,261.0,4,0,0,100
18:18:01,6,4,9,11.5,0.03,0.36,0.07,18.4,124,112,200,261.0,4,0,0,100
18:18:01,6,4,9,11.5,0.03,0.36,0.07,18.4,124,112,200,261.0,4,0,0,100
18:18:02,8,8,7,13.3,0.07,0.16,0.04,18.3,226,149,188,330.0,4,0,0,100
18:18:02,8,8,7,13.3,0.07,0.16,0.04,18.2,226,149,188,330.0,0,0,0,100
18:18:02,8,8,7,13.3,0.07,0.16,0.04,18.1,226,149,188,330.0,0,0,0,100
18:18:02,8,8,7,13.3,0.07,0.16,0.04,18.2,226,149,188,330.0,0,0,0,100
18:18:02,8,8,7,13.3,0.07,0.16,0.04,18.4,226,149,188,330.0,0,0,0,100
18:18:02,8,8,7,13.3,0.07,0.16,0.04,18.2,226,149,188,330.0,0,0,0,100
18:18:02,8,8,7,13.3,0.07,0.16,0.04,18.1,226,149,188,330.0,0,0,0,100
18:18:02,8,8,7,13.3,0.07,0.16,0.04,18.4,226,149,188,330.0,0,0,0,100
18:18:02,8,8,7,13.3,0.07,0.16,0.04,18.4,226,149,188,330.0,0,0,0,100
18:18:02,8,8,7,13.3,0.07,0.16,0.04,18.2,226,149,188,330.0,0,0,0,100
18:18:03,11,6,6,13.9,0.08,0.18,0.07,18.3,275,163,192,373.0,0,0,0,100
18:18:03,11,6,6,13.9,0.08,0.18,0.07,18.4,275,163,192,373.0,0,0,0,100
18:18:03,11,6,6,13.9,0.08,0.18,0.07,18.2,275,163,192,373.0,0,0,0,100
18:18:03,11,6,6,13.9,0.08,0.18,0.07,18.4,275,163,192,373.0,0,0,0,100
18:18:03,11,6,6,13.9,0.08,0.18,0.07,18.0,275,163,192,373.0,0,0,0,100
18:18:03,11,6,6,13.9,0.08,0.18,0.07,18.3,275,163,192,373.0,0,0,0,100
18:18:03,11,6,6,13.9,0.08,0.18,0.07,18.2,275,163,192,373.0,0,0,0,100
18:18:03,11,6,6,13.9,0.08,0.18,0.07,18.2,275,163,192,373.0,0,0,0,100
18:18:03,11,6,6,13.9,0.08,0.18,0.07,18.3,275,163,192,373.0,0,0,0,100
18:18:03,11,6,6,13.9,0.08,0.18,0.07,18.2,275,163,192,373.0,0,0,0,100
18:18:04,8,6,12,15.6,0.08,0.27,0.1,18.4,150,160,247,330.0,0,0,0,100
18:18:04,8,6,12,15.6,0.08,0.27,0.1,18.4,150,160,247,330.0,1,0,0,100
18:18:04,8,6,12,15.6,0.08,0.27,0.1,18.4,150,160,247,330.0,1,0,0,100
18:18:04,8,6,12,15.6,0.08,0.27,0.1,18.2,150,160,247,330.0,1,0,0,100
18:18:04,8,6,12,15.6,0.08,0.27,0.1,18.2,150,160,247,330.0,1,0,0,100
18:18:04,8,6,12,15.6,0.08,0.27,0.1,18.3,150,160,247,330.0,1,0,0,100
18:18:04,8,6,12,15.6,0.08,0.27,0.1,18.2,150,160,247,330.0,1,0,0,100
18:18:04,8,6,12,15.6,0.08,0.27,0.1,18.2,150,160,247,330.0,1,0,0,100
18:18:04,8,6,12,15.6,0.08,0.27,0.1,18.4,150,160,247,330.0,1,0,0,100
18:18:04,8,6,12,15.6,0.08,0.27,0.1,18.4,150,160,247,330.0,1,0,0,100
18:18:05,6,3,6,9.0,0.06,0.15,0.09,18.4,176,108,184,277.0,1,0,0,100
18:18:05,6,3,6,9.0,0.06,0.15,0.09,18.3,176,108,184,277.0,0,0,1,100
18:18:05,6,3,6,9.0,0.06,0.15,0.09,18.2,176,108,184,277.0,0,0,1,100
18:18:05,6,3,6,9.0,0.06,0.15,0.09,18.4,176,108,184,277.0,0,0,1,100
18:18:05,6,3,6,9.0,0.06,0.15,0.09,18.2,176,108,184,277.0,0,0,1,100
18:18:05,6,3,6,9.0,0.06,0.15,0.09,18.3,176,108,184,277.0,0,0,1,100
18:18:05,6,3,6,9.0,0.06,0.15,0.09,18.3,176,108,184,277.0,0,0,1,100
18:18:05,6,3,6,9.0,0.06,0.15,0.09,18.3,176,108,184,277.0,0,0,1,100
18:18:05,6,3,6,9.0,0.06,0.15,0.09,18.2,176,108,184,277.0,0,0,1,100
18:18:06,6,3,6,9.0,0.06,0.15,0.09,18.2,176,108,184,277.0,0,0,1,100
18:18:06,7,7,7,12.1,0.08,0.13,0.07,18.2,176,76,117,225.0,0,0,1,100
18:18:06,7,7,7,12.1,0.08,0.13,0.07,18.4,176,76,117,225.0,0,0,1,100
18:18:06,7,7,7,12.1,0.08,0.13,0.07,18.2,176,76,117,225.0,0,0,1,100
18:18:06,7,7,7,12.1,0.08,0.13,0.07,18.2,176,76,117,225.0,0,0,1,100
18:18:06,7,7,7,12.1,0.08,0.13,0.07,18.4,176,76,117,225.0,0,0,1,100
18:18:06,7,7,7,12.1,0.08,0.13,0.07,18.2,176,76,117,225.0,0,0,1,100
18:18:06,7,7,7,12.1,0.08,0.13,0.07,18.1,176,76,117,225.0,0,0,1,100
18:18:06,7,7,7,12.1,0.08,0.13,0.07,18.3,176,76,117,225.0,0,0,1,100
18:18:06,7,7,7,12.1,0.08,0.13,0.07,18.2,176,76,117,225.0,0,0,1,100
18:18:06,7,7,7,12.1,0.08,0.13,0.07,18.4,176,76,117,225.0,0,0,1,100
18:18:07,4,1,5,6.5,0.07,0.15,0.05,18.3,127,38,142,194.0,0,0,1,100
18:18:07,4,1,5,6.5,0.07,0.15,0.05,18.2,127,38,142,194.0,1,0,0,100
18:18:07,4,1,5,6.5,0.07,0.15,0.05,18.4,127,38,142,194.0,1,0,0,100
18:18:07,4,1,5,6.5,0.07,0.15,0.05,18.2,127,38,142,194.0,1,0,0,100
18:18:07,4,1,5,6.5,0.07,0.15,0.05,18.3,127,38,142,194.0,1,0,0,100
18:18:07,4,1,5,6.5,0.07,0.15,0.05,18.4,127,38,142,194.0,1,0,0,100
18:18:07,4,1,5,6.5,0.07,0.15,0.05,18.2,127,38,142,194.0,1,0,0,100
18:18:07,4,1,5,6.5,0.07,0.15,0.05,18.2,127,38,142,194.0,1,0,0,100
18:18:07,4,1,5,6.5,0.07,0.15,0.05,18.0,127,38,142,194.0,1,0,0,100
18:18:07,4,1,5,6.5,0.07,0.15,0.05,18.2,127,38,142,194.0,1,0,0,100
18:18:08,7,3,5,9.1,0.03,0.15,0.05,18.4,183,94,144,251.0,1,0,0,100
18:18:08,7,3,5,9.1,0.03,0.15,0.05,18.2,183,94,144,251.0,0,0,1,100
18:18:08,7,3,5,9.1,0.03,0.15,0.05,18.2,183,94,144,251.0,0,0,1,100
18:18:08,7,3,5,9.1,0.03,0.15,0.05,18.0,183,94,144,251.0,0,0,1,100
18:18:08,7,3,5,9.1,0.03,0.15,0.05,18.5,183,94,144,251.0,0,0,1,100
18:18:08,7,3,5,9.1,0.03,0.15,0.05,18.2,183,94,144,251.0,0,0,1,100
18:18:08,7,3,5,9.1,0.03,0.15,0.05,18.2,183,94,144,251.0,0,0,1,100
18:18:08,7,3,5,9.1,0.03,0.15,0.05,18.2,183,94,144,251.0,0,0,1,100
18:18:08,7,3,5,9.1,0.03,0.15,0.05,18.4,183,94,144,251.0,0,0,1,100
18:18:08,7,3,5,9.1,0.03,0.15,0.05,18.2,183,94,144,251.0,0,0,1,100
18:18:09,4,4,9,10.6,0.05,0.12,0.05,18.4,116,121,216,273.0,0,0,1,100
18:18:09,4,4,9,10.6,0.05,0.12,0.05,18.2,116,121,216,273.0,0,0,0,100
18:18:09,4,4,9,10.6,0.05,0.12,0.05,18.2,116,121,216,273.0,0,0,0,100
18:18:09,4,4,9,10.6,0.05,0.12,0.05,18.2,116,121,216,273.0,0,0,0,100
18:18:09,4,4,9,10.6,0.05,0.12,0.05,18.1,116,121,216,273.0,0,0,0,100
18:18:09,4,4,9,10.6,0.05,0.12,0.05,18.4,116,121,216,273.0,0,0,0,100
18:18:09,4,4,9,10.6,0.05,0.12,0.05,18.4,116,121,216,273.0,0,0,0,100
18:18:09,4,4,9,10.6,0.05,0.12,0.05,18.3,116,121,216,273.0,0,0,0,100
18:18:09,4,4,9,10.6,0.05,0.12,0.05,18.4,116,121,216,273.0,0,0,0,100
18:18:09,4,4,9,10.6,0.05,0.12,0.05,18.2,116,121,216,273.0,0,0,0,100
18:18:10,8,5,7,11.7,0.08,0.15,0.05,18.2,234,140,184,329.0,0,0,0,100
18:18:10,8,5,7,11.7,0.08,0.15,0.05,18.4,234,140,184,329.0,0,0,1,100
18:18:10,8,5,7,11.7,0.08,0.15,0.05,18.3,234,140,184,329.0,0,0,1,100
18:18:10,8,5,7,11.7,0.08,0.15,0.05,18.2,234,140,184,329.0,0,0,1,100
18:18:10,8,5,7,11.7,0.08,0.15,0.05,18.2,234,140,184,329.0,0,0,1,100
18:18:10,8,5,7,11.7,0.08,0.15,0.05,18.4,234,140,184,329.0,0,0,1,100
18:18:10,8,5,7,11.7,0.08,0.15,0.05,18.2,234,140,184,329.0,0,0,1,100
18:18:10,8,5,7,11.7,0.08,0.15,0.05,18.5,234,140,184,329.0,0,0,1,100
18:18:10,8,5,7,11.7,0.08,0.15,0.05,18.3,234,140,184,329.0,0,0,1,100
18:18:11,8,5,7,11.7,0.08,0.15,0.05,18.5,234,140,184,329.0,0,0,1,100
18:18:11,9,6,7,12.9,0.06,0.13,0.03,18.4,231,154,196,340.0,0,0,1,100
18:18:11,9,6,7,12.9,0.06,0.13,0.03,18.4,231,154,196,340.0,0,0,0,100
18:18:11,9,6,7,12.9,0.06,0.13,0.03,18.5,231,154,196,340.0,0,0,0,100
18:18:11,9,6,7,12.9,0.06,0.13,0.03,18.2,231,154,196,340.0,0,0,0,100
18:18:11,9,6,7,12.9,0.06,0.13,0.03,18.4,231,154,196,340.0,0,0,0,100
18:18:11,9,6,7,12.9,0.06,0.13,0.03,18.2,231,154,196,340.0,0,0,0,100
18:18:11,9,6,7,12.9,0.06,0.13,0.03,18.4,231,154,196,340.0,0,0,0,100
18:18:11,9,6,7,12.9,0.06,0.13,0.03,18.1,231,154,196,340.0,0,0,0,100
18:18:11,9,6,7,12.9,0.06,0.13,0.03,18.4,231,154,196,340.0,0,0,0,100
18:18:12,9,6,7,12.9,0.06,0.13,0.03,18.1,231,154,196,340.0,0,0,0,100
18:18:12,5,4,7,9.5,0.05,0.14,0.07,18.1,119,120,215,273.0,0,0,0,100
18:18:12,5,4,7,9.5,0.05,0.14,0.07,18.3,119,120,215,273.0,3,0,0,100
18:18:12,5,4,7,9.5,0.05,0.14,0.07,18.3,119,120,215,273.0,3,0,0,100
18:18:12,5,4,7,9.5,0.05,0.14,0.07,18.2,119,120,215,273.0,3,0,0,100
18:18:12,5,4,7,9.5,0.05,0.14,0.07,18.3,119,120,215,273.0,3,0,0,100
18:18:12,5,4,7,9.5,0.05,0.14,0.07,18.4,119,120,215,273.0,3,0,0,100
18:18:12,5,4,7,9.5,0.05,0.14,0.07,18.1,119,120,215,273.0,3,0,0,100
18:18:12,5,4,7,9.5,0.05,0.14,0.07,18.2,119,120,215,273.0,3,0,0,100
18:18:12,5,4,7,9.5,0.05,0.14,0.07,18.4,119,120,215,273.0,3,0,0,100
18:18:13,5,4,7,9.5,0.05,0.14,0.07,18.3,119,120,215,273.0,3,0,0,100
18:18:13,8,3,5,9.9,0.03,0.4,0.06,18.2,195,86,140,255.0,3,0,0,100
18:18:13,8,3,5,9.9,0.03,0.4,0.06,18.2,195,86,140,255.0,0,0,0,100
18:18:13,8,3,5,9.9,0.03,0.4,0.06,18.2,195,86,140,255.0,0,0,0,100
18:18:13,8,3,5,9.9,0.03,0.4,0.06,18.4,195,86,140,255.0,0,0,0,100
18:18:13,8,3,5,9.9,0.03,0.4,0.06,18.2,195,86,140,255.0,0,0,0,100
18:18:13,8,3,5,9.9,0.03,0.4,0.06,18.4,195,86,140,255.0,0,0,0,100
18:18:13,8,3,5,9.9,0.03,0.4,0.06,18.2,195,86,140,255.0,0,0,0,100
18:18:13,8,3,5,9.9,0.03,0.4,0.06,18.3,195,86,140,255.0,0,0,0,100
18:18:13,8,3,5,9.9,0.03,0.4,0.06,18.2,195,86,140,255.0,0,0,0,100
18:18:14,8,3,5,9.9,0.03,0.4,0.06,18.4,195,86,140,255.0,0,0,0,100
18:18:14,5,1,5,7.1,0.06,0.14,0.04,18.2,142,39,143,205.0,0,0,0,100
18:18:14,5,1,5,7.1,0.06,0.14,0.04,18.4,142,39,143,205.0,0,2,0,100
18:18:14,5,1,5,7.1,0.06,0.14,0.04,18.2,142,39,143,205.0,0,2,0,100
18:18:14,5,1,5,7.1,0.06,0.14,0.04,18.1,142,39,143,205.0,0,2,0,100
18:18:14,5,1,5,7.1,0.06,0.14,0.04,18.4,142,39,143,205.0,0,2,0,100
18:18:14,5,1,5,7.1,0.06,0.14,0.04,18.2,142,39,143,205.0,0,2,0,100
18:18:14,5,1,5,7.1,0.06,0.14,0.04,18.3,142,39,143,205.0,0,2,0,100
18:18:14,5,1,5,7.1,0.06,0.14,0.04,18.2,142,39,143,205.0,0,2,0,100
18:18:14,5,1,5,7.1,0.06,0.14,0.04,18.2,142,39,143,205.0,0,2,0,100
18:18:15,5,1,5,7.1,0.06,0.14,0.04,18.4,142,39,143,205.0,0,2,0,100
18:18:15,6,2,5,8.1,0.07,0.19,0.04,18.1,170,70,144,234.0,0,2,0,100
18:18:15,6,2,5,8.1,0.07,0.19,0.04,18.3,170,70,144,234.0,0,0,1,100
18:18:15,6,2,5,8.1,0.07,0.19,0.04,18.3,170,70,144,234.0,0,0,1,100
18:18:15,6,2,5,8.1,0.07,0.19,0.04,18.3,170,70,144,234.0,0,0,1,100
18:18:15,6,2,5,8.1,0.07,0.19,0.04,18.3,170,70,144,234.0,0,0,1,100
18:18:15,6,2,5,8.1,0.07,0.19,0.04,18.2,170,70,144,234.0,0,0,1,100
18:18:15,6,2,5,8.1,0.07,0.19,0.04,18.5,170,70,144,234.0,0,0,1,100
18:18:15,6,2,5,8.1,0.07,0.19,0.04,18.3,170,70,144,234.0,0,0,1,100
18:18:15,6,2,5,8.1,0.07,0.19,0.04,18.2,170,70,144,234.0,0,0,1,100
18:18:16,6,2,5,8.1,0.07,0.19,0.04,18.2,170,70,144,234.0,0,0,1,100
18:18:16,7,6,7,11.6,0.05,0.21,0.07,18.3,186,128,201,302.0,0,0,1,100
18:18:16,7,6,7,11.6,0.05,0.21,0.07,18.2,186,128,201,302.0,0,0,0,100
18:18:16,7,6,7,11.6,0.05,0.21,0.07,18.2,186,128,201,302.0,0,0,0,100
18:18:16,7,6,7,11.6,0.05,0.21,0.07,18.2,186,128,201,302.0,0,0,0,100
18:18:16,7,6,7,11.6,0.05,0.21,0.07,18.1,186,128,201,302.0,0,0,0,100
18:18:16,7,6,7,11.6,0.05,0.21,0.07,18.4,186,128,201,302.0,0,0,0,100
18:18:16,7,6,7,11.6,0.05,0.21,0.07,18.4,186,128,201,302.0,0,0,0,100
18:18:16,7,6,7,11.6,0.05,0.21,0.07,18.4,186,128,201,302.0,0,0,0,100
18:18:16,7,6,7,11.6,0.05,0.21,0.07,18.4,186,128,201,302.0,0,0,0,100
18:18:17,7,6,7,11.6,0.05,0.21,0.07,18.2,186,128,201,302.0,0,0,0,100
18:18:17,4,5,8,10.2,0.03,0.21,0.08,18.2,116,141,235,298.0,0,0,0,100
18:18:17,4,5,8,10.2,0.03,0.21,0.08,18.4,116,141,235,298.0,2,0,0,100
18:18:17,4,5,8,10.2,0.03,0.21,0.08,18.3,116,141,235,298.0,2,0,0,100
18:18:17,4,5,8,10.2,0.03,0.21,0.08,18.4,116,141,235,298.0,2,0,0,100
18:18:17,4,5,8,10.2,0.03,0.21,0.08,18.4,116,141,235,298.0,2,0,0,100
18:18:17,4,5,8,10.2,0.03,0.21,0.08,18.2,116,141,235,298.0,2,0,0,100
18:18:17,4,5,8,10.2,0.03,0.21,0.08,18.1,116,141,235,298.0,2,0,0,100
18:18:17,4,5,8,10.2,0.03,0.21,0.08,18.2,116,141,235,298.0,2,0,0,100
18:18:17,4,5,8,10.2,0.03,0.21,0.08,18.3,116,141,235,298.0,2,0,0,100
18:18:18,4,5,8,10.2,0.03,0.21,0.08,18.4,116,141,235,298.0,2,0,0,100
18:18:18,9,8,8,14.5,0.04,0.14,0.05,18.2,249,160,203,359.0,2,0,0,100
18:18:18,9,8,8,14.5,0.04,0.14,0.05,18.1,249,160,203,359.0,0,0,1,100
18:18:18,9,8,8,14.5,0.04,0.14,0.05,18.4,249,160,203,359.0,0,0,1,100
18:18:18,9,8,8,14.5,0.04,0.14,0.05,18.2,249,160,203,359.0,0,0,1,100
18:18:18,9,8,8,14.5,0.04,0.14,0.05,18.2,249,160,203,359.0,0,0,1,100
18:18:18,9,8,8,14.5,0.04,0.14,0.05,18.3,249,160,203,359.0,0,0,1,100
18:18:18,9,8,8,14.5,0.04,0.14,0.05,18.2,249,160,203,359.0,0,0,1,100
18:18:18,9,8,8,14.5,0.04,0.14,0.05,18.4,249,160,203,359.0,0,0,1,100
18:18:18,9,8,8,14.5,0.04,0.14,0.05,18.2,249,160,203,359.0,0,0,1,100
18:18:19,9,8,8,14.5,0.04,0.14,0.05,18.2,249,160,203,359.0,0,0,1,100
18:18:19,9,4,5,11.0,0.07,0.14,0.04,18.1,260,136,170,339.0,0,0,1,100
18:18:19,9,4,5,11.0,0.07,0.14,0.04,18.2,260,136,170,339.0,0,0,0,100
18:18:19,9,4,5,11.0,0.07,0.14,0.04,18.4,260,136,170,339.0,0,0,0,100
18:18:19,9,4,5,11.0,0.07,0.14,0.04,18.3,260,136,170,339.0,0,0,0,100
18:18:19,9,4,5,11.0,0.07,0.14,0.04,18.2,260,136,170,339.0,0,0,0,100
18:18:19,9,4,5,11.0,0.07,0.14,0.04,18.3,260,136,170,339.0,0,0,0,100
18:18:19,9,4,5,11.0,0.07,0.14,0.04,18.2,260,136,170,339.0,0,0,0,100
18:18:19,9,4,5,11.0,0.07,0.14,0.04,18.3,260,136,170,339.0,0,0,0,100
18:18:19,9,4,5,11.0,0.07,0.14,0.04,18.2,260,136,170,339.0,0,0,0,100
18:18:20,9,4,5,11.0,0.07,0.14,0.04,18.2,260,136,170,339.0,0,0,0,100
18:18:20,3,3,6,7.3,0.05,0.13,0.07,18.3,92,98,190,233.0,0,0,0,100
18:18:20,3,3,6,7.3,0.05,0.13,0.07,18.2,92,98,190,233.0,0,0,0,100
18:18:20,3,3,6,7.3,0.05,0.13,0.07,18.4,92,98,190,233.0,0,0,0,100
18:18:20,3,3,6,7.3,0.05,0.13,0.07,18.2,92,98,190,233.0,0,0,0,100
18:18:20,3,3,6,7.3,0.05,0.13,0.07,18.2,92,98,190,233.0,0,0,0,100
18:18:20,3,3,6,7.3,0.05,0.13,0.07,18.2,92,98,190,233.0,0,0,0,100
18:18:20,3,3,6,7.3,0.05,0.13,0.07,18.4,92,98,190,233.0,0,0,0,100
18:18:20,3,3,6,7.3,0.05,0.13,0.07,18.4,92,98,190,233.0,0,0,0,100
18:18:20,3,3,6,7.3,0.05,0.13,0.07,18.2,92,98,190,233.0,0,0,0,100
18:18:21,3,3,6,7.3,0.05,0.13,0.07,18.3,92,98,190,233.0,0,0,0,100
18:18:21,5,3,5,7.7,0.04,0.1,0.08,18.3,147,56,106,190.0,0,0,0,100
18:18:21,5,3,5,7.7,0.04,0.1,0.08,18.3,147,56,106,190.0,0,0,1,100
18:18:21,5,3,5,7.7,0.04,0.1,0.08,18.3,147,56,106,190.0,0,0,1,100
18:18:21,5,3,5,7.7,0.04,0.1,0.08,18.2,147,56,106,190.0,0,0,1,100
18:18:21,5,3,5,7.7,0.04,0.1,0.08,18.2,147,56,106,190.0,0,0,1,100
18:18:21,5,3,5,7.7,0.04,0.1,0.08,18.4,147,56,106,190.0,0,0,1,100
18:18:21,5,3,5,7.7,0.04,0.1,0.08,18.2,147,56,106,190.0,0,0,1,100
18:18:21,5,3,5,7.7,0.04,0.1,0.08,18.2,147,56,106,190.0,0,0,1,100
18:18:21,5,3,5,7.7,0.04,0.1,0.08,18.3,147,56,106,190.0,0,0,1,100
18:18:22,5,3,5,7.7,0.04,0.1,0.08,18.5,147,56,106,190.0,0,0,1,100
18:18:22,4,2,6,7.5,0.08,0.16,0.08,18.4,101,50,161,197.0,0,0,1,100
18:18:22,4,2,6,7.5,0.08,0.16,0.08,18.1,101,50,161,197.0,1,2,0,100
18:18:22,4,2,6,7.5,0.08,0.16,0.08,18.2,101,50,161,197.0,1,2,0,100
18:18:22,4,2,6,7.5,0.08,0.16,0.08,18.4,101,50,161,197.0,1,2,0,100
18:18:22,4,2,6,7.5,0.08,0.16,0.08,18.4,101,50,161,197.0,1,2,0,100
18:18:22,4,2,6,7.5,0.08,0.16,0.08,18.4,101,50,161,197.0,1,2,0,100
18:18:22,4,2,6,7.5,0.08,0.16,0.08,18.1,101,50,161,197.0,1,2,0,100
18:18:22,4,2,6,7.5,0.08,0.16,0.08,18.3,101,50,161,197.0,1,2,0,100
18:18:22,4,2,6,7.5,0.08,0.16,0.08,18.2,101,50,161,197.0,1,2,0,100
18:18:23,4,2,6,7.5,0.08,0.16,0.08,18.2,101,50,161,197.0,1,2,0,100
18:18:23,7,3,5,9.1,0.08,0.13,0.05,18.5,194,100,130,254.0,1,2,0,100
18:18:23,7,3,5,9.1,0.08,0.13,0.05,18.2,194,100,130,254.0,0,0,0,100
18:18:23,7,3,5,9.1,0.08,0.13,0.05,18.3,194,100,130,254.0,0,0,0,100
18:18:23,7,3,5,9.1,0.08,0.13,0.05,18.2,194,100,130,254.0,0,0,0,100
18:18:23,7,3,5,9.1,0.08,0.13,0.05,18.4,194,100,130,254.0,0,0,0,100
18:18:23,7,3,5,9.1,0.08,0.13,0.05,18.4,194,100,130,254.0,0,0,0,100
18:18:23,7,3,5,9.1,0.08,0.13,0.05,18.2,194,100,130,254.0,0,0,0,100
18:18:23,7,3,5,9.1,0.08,0.13,0.05,18.3,194,100,130,254.0,0,0,0,100
18:18:23,7,3,5,9.1,0.08,0.13,0.05,18.4,194,100,130,254.0,0,0,0,100
18:18:24,7,3,5,9.1,0.08,0.13,0.05,18.4,194,100,130,254.0,0,0,0,100
18:18:24,7,5,7,11.1,0.05,0.13,0.08,18.2,215,131,189,315.0,0,0,0,100
18:18:24,7,5,7,11.1,0.05,0.13,0.08,18.4,215,131,189,315.0,0,0,0,100
18:18:24,7,5,7,11.1,0.05,0.13,0.08,18.2,215,131,189,315.0,0,0,0,100
18:18:24,7,5,7,11.1,0.05,0.13,0.08,18.3,215,131,189,315.0,0,0,0,100
18:18:24,7,5,7,11.1,0.05,0.13,0.08,18.4,215,131,189,315.0,0,0,0,100
18:18:24,7,5,7,11.1,0.05,0.13,0.08,18.3,215,131,189,315.0,0,0,0,100
18:18:24,7,5,7,11.1,0.05,0.13,0.08,18.2,215,131,189,315.0,0,0,0,100
18:18:24,7,5,7,11.1,0.05,0.13,0.08,18.2,215,131,189,315.0,0,0,0,100
18:18:24,7,5,7,11.1,0.05,0.13,0.08,18.2,215,131,189,315.0,0,0,0,100
18:18:25,7,5,7,11.1,0.05,0.13,0.08,18.2,215,131,189,315.0,0,0,0,100
18:18:25,5,6,11,13.5,0.04,0.19,0.1,18.3,133,151,255,325.0,0,0,0,100
18:18:25,5,6,11,13.5,0.04,0.19,0.1,18.0,133,151,255,325.0,1,0,0,100
18:18:25,5,6,11,13.5,0.04,0.19,0.1,18.3,133,151,255,325.0,1,0,0,100
18:18:25,5,6,11,13.5,0.04,0.19,0.1,18.3,133,151,255,325.0,1,0,0,100
18:18:25,5,6,11,13.5,0.04,0.19,0.1,18.4,133,151,255,325.0,1,0,0,100
18:18:25,5,6,11,13.5,0.04,0.19,0.1,18.4,133,151,255,325.0,1,0,0,100
18:18:25,5,6,11,13.5,0.04,0.19,0.1,18.4,133,151,255,325.0,1,0,0,100
18:18:25,5,6,11,13.5,0.04,0.19,0.1,18.2,133,151,255,325.0,1,0,0,100
18:18:25,5,6,11,13.5,0.04,0.19,0.1,18.2,133,151,255,325.0,1,0,0,100
18:18:26,5,6,11,13.5,0.04,0.19,0.1,18.4,133,151,255,325.0,1,0,0,100
18:18:26,8,5,6,11.2,0.07,0.14,0.06,18.4,234,139,196,335.0,1,0,0,100
18:18:26,8,5,6,11.2,0.07,0.14,0.06,18.0,234,139,196,335.0,0,0,2,100
18:18:26,8,5,6,11.2,0.07,0.14,0.06,18.2,234,139,196,335.0,0,0,2,100
18:18:26,8,5,6,11.2,0.07,0.14,0.06,18.2,234,139,196,335.0,0,0,2,100
18:18:26,8,5,6,11.2,0.07,0.14,0.06,18.4,234,139,196,335.0,0,0,2,100
18:18:26,8,5,6,11.2,0.07,0.14,0.06,18.3,234,139,196,335.0,0,0,2,100
18:18:26,8,5,6,11.2,0.07,0.14,0.06,18.3,234,139,196,335.0,0,0,2,100
18:18:26,8,5,6,11.2,0.07,0.14,0.06,18.2,234,139,196,335.0,0,0,2,100
18:18:27,8,5,6,11.2,0.07,0.14,0.06,18.3,234,139,196,335.0,0,0,2,100
18:18:27,8,5,6,11.2,0.07,0.14,0.06,18.3,234,139,196,335.0,0,0,2,100
18:18:27,7,4,6,10.0,0.08,0.1,0.04,18.3,226,119,192,320.0,0,0,2,100
18:18:27,7,4,6,10.0,0.08,0.1,0.04,18.2,226,119,192,320.0,0,0,0,100
18:18:27,7,4,6,10.0,0.08,0.1,0.04,18.2,226,119,192,320.0,0,0,0,100
18:18:27,7,4,6,10.0,0.08,0.1,0.04,18.1,226,119,192,320.0,0,0,0,100
18:18:27,7,4,6,10.0,0.08,0.1,0.04,18.3,226,119,192,320.0,0,0,0,100
18:18:27,7,4,6,10.0,0.08,0.1,0.04,18.3,226,119,192,320.0,0,0,0,100
18:18:27,7,4,6,10.0,0.08,0.1,0.04,18.2,226,119,192,320.0,0,0,0,100
18:18:27,7,4,6,10.0,0.08,0.1,0.04,18.4,226,119,192,320.0,0,0,0,100
18:18:27,7,4,6,10.0,0.08,0.1,0.04,18.2,226,119,192,320.0,0,0,0,100
18:18:28,7,4,6,10.0,0.08,0.1,0.04,18.4,226,119,192,320.0,0,0,0,100
18:18:28,7,4,7,10.7,0.07,0.38,0.09,18.2,158,78,187,257.0,0,0,0,100
18:18:28,7,4,7,10.7,0.07,0.38,0.09,18.4,158,78,187,257.0,1,0,0,100
18:18:28,7,4,7,10.7,0.07,0.38,0.09,18.3,158,78,187,257.0,1,0,0,100
18:18:28,7,4,7,10.7,0.07,0.38,0.09,18.2,158,78,187,257.0,1,0,0,100
18:18:28,7,4,7,10.7,0.07,0.38,0.09,18.3,158,78,187,257.0,1,0,0,100
18:18:28,7,4,7,10.7,0.07,0.38,0.09,18.1,158,78,187,257.0,1,0,0,100
18:18:28,7,4,7,10.7,0.07,0.38,0.09,18.2,158,78,187,257.0,1,0,0,100
18:18:28,7,4,7,10.7,0.07,0.38,0.09,18.3,158,78,187,257.0,1,0,0,100
18:18:29,7,4,7,10.7,0.07,0.38,0.09,18.1,158,78,187,257.0,1,0,0,100
18:18:29,7,4,7,10.7,0.07,0.38,0.09,18.2,158,78,187,257.0,1,0,0,100
18:18:29,8,3,3,9.1,0.03,0.15,0.09,18.2,173,29,108,206.0,1,0,0,100
18:18:29,8,3,3,9.1,0.03,0.15,0.09,18.2,173,29,108,206.0,0,7,1,100
18:18:29,8,3,3,9.1,0.03,0.15,0.09,18.4,173,29,108,206.0,0,7,1,100
18:18:29,8,3,3,9.1,0.03,0.15,0.09,18.2,173,29,108,206.0,0,7,1,100
18:18:29,8,3,3,9.1,0.03,0.15,0.09,18.2,173,29,108,206.0,0,7,1,100
18:18:29,8,3,3,9.1,0.03,0.15,0.09,18.4,173,29,108,206.0,0,7,1,100
18:18:29,8,3,3,9.1,0.03,0.15,0.09,18.4,173,29,108,206.0,0,7,1,100
18:18:29,8,3,3,9.1,0.03,0.15,0.09,18.2,173,29,108,206.0,0,7,1,100
18:18:30,8,3,3,9.1,0.03,0.15,0.09,18.3,173,29,108,206.0,0,7,1,100
18:18:30,8,3,3,9.1,0.03,0.15,0.09,18.4,173,29,108,206.0,0,7,1,100
18:18:30,4,2,6,7.5,0.06,0.13,0.04,18.2,113,77,168,217.0,0,7,1,100
18:18:30,4,2,6,7.5,0.06,0.13,0.04,18.2,113,77,168,217.0,0,0,0,100
18:18:30,4,2,6,7.5,0.06,0.13,0.04,18.2,113,77,168,217.0,0,0,0,100
18:18:30,4,2,6,7.5,0.06,0.13,0.04,18.3,113,77,168,217.0,0,0,0,100
18:18:30,4,2,6,7.5,0.06,0.13,0.04,18.3,113,77,168,217.0,0,0,0,100
18:18:30,4,2,6,7.5,0.06,0.13,0.04,18.3,113,77,168,217.0,0,0,0,100
18:18:30,4,2,6,7.5,0.06,0.13,0.04,18.2,113,77,168,217.0,0,0,0,100
18:18:30,4,2,6,7.5,0.06,0.13,0.04,18.5,113,77,168,217.0,0,0,0,100
18:18:31,4,2,6,7.5,0.06,0.13,0.04,18.5,113,77,168,217.0,0,0,0,100
18:18:31,4,2,6,7.5,0.06,0.13,0.04,18.4,113,77,168,217.0,0,0,0,100
18:18:31,7,6,4,10.0,0.05,0.26,0.03,18.3,208,117,124,269.0,0,0,0,100
18:18:31,7,6,4,10.0,0.05,0.26,0.03,18.2,208,117,124,269.0,0,0,4,100
18:18:31,7,6,4,10.0,0.05,0.26,0.03,18.4,208,117,124,269.0,0,0,4,100
18:18:31,7,6,4,10.0,0.05,0.26,0.03,18.2,208,117,124,269.0,0,0,4,100
18:18:31,7,6,4,10.0,0.05,0.26,0.03,18.3,208,117,124,269.0,0,0,4,100
18:18:31,7,6,4,10.0,0.05,0.26,0.03,18.5,208,117,124,269.0,0,0,4,100
18:18:31,7,6,4,10.0,0.05,0.26,0.03,18.4,208,117,124,269.0,0,0,4,100
18:18:31,7,6,4,10.0,0.05,0.26,0.03,18.4,208,117,124,269.0,0,0,4,100
18:18:32,7,6,4,10.0,0.05,0.26,0.03,18.5,208,117,124,269.0,0,0,4,100
18:18:32,7,6,4,10.0,0.05,0.26,0.03,18.4,208,117,124,269.0,0,0,4,100
18:18:32,7,6,9,12.9,0.04,0.18,0.07,18.2,221,153,233,356.0,0,0,4,100
18:18:32,7,6,9,12.9,0.04,0.18,0.07,18.4,221,153,233,356.0,0,0,0,100
18:18:32,7,6,9,12.9,0.04,0.18,0.07,18.2,221,153,233,356.0,0,0,0,100
18:18:32,7,6,9,12.9,0.04,0.18,0.07,18.3,221,153,233,356.0,0,0,0,100
18:18:32,7,6,9,12.9,0.04,0.18,0.07,18.2,221,153,233,356.0,0,0,0,100
18:18:32,7,6,9,12.9,0.04,0.18,0.07,18.4,221,153,233,356.0,0,0,0,100
18:18:32,7,6,9,12.9,0.04,0.18,0.07,18.2,221,153,233,356.0,0,0,0,100
18:18:32,7,6,9,12.9,0.04,0.18,0.07,18.3,221,153,233,356.0,0,0,0,100
18:18:33,7,6,9,12.9,0.04,0.18,0.07,17.9,221,153,233,356.0,0,0,0,100
18:18:33,7,6,9,12.9,0.04,0.18,0.07,18.3,221,153,233,356.0,0,0,0,100
18:18:33,5,5,8,10.7,0.04,0.23,0.07,18.4,135,150,247,319.0,0,0,0,100
18:18:33,5,5,8,10.7,0.04,0.23,0.07,18.2,135,150,247,319.0,2,0,0,100
18:18:33,5,5,8,10.7,0.04,0.23,0.07,18.3,135,150,247,319.0,2,0,0,100
18:18:33,5,5,8,10.7,0.04,0.23,0.07,18.3,135,150,247,319.0,2,0,0,100
18:18:33,5,5,8,10.7,0.04,0.23,0.07,18.2,135,150,247,319.0,2,0,0,100
18:18:33,5,5,8,10.7,0.04,0.23,0.07,18.3,135,150,247,319.0,2,0,0,100
18:18:33,5,5,8,10.7,0.04,0.23,0.07,18.5,135,150,247,319.0,2,0,0,100
18:18:33,5,5,8,10.7,0.04,0.23,0.07,18.4,135,150,247,319.0,2,0,0,100
18:18:34,5,5,8,10.7,0.04,0.23,0.07,18.1,135,150,247,319.0,2,0,0,100
18:18:34,5,5,8,10.7,0.04,0.23,0.07,18.4,135,150,247,319.0,2,0,0,100
18:18:34,9,5,6,11.9,0.08,0.16,0.09,18.2,237,149,164,324.0,2,0,0,100
18:18:34,9,5,6,11.9,0.08,0.16,0.09,18.2,237,149,164,324.0,0,0,1,100
18:18:34,9,5,6,11.9,0.08,0.16,0.09,18.2,237,149,164,324.0,0,0,1,100
18:18:34,9,5,6,11.9,0.08,0.16,0.09,18.4,237,149,164,324.0,0,0,1,100
18:18:34,9,5,6,11.9,0.08,0.16,0.09,18.3,237,149,164,324.0,0,0,1,100
18:18:34,9,5,6,11.9,0.08,0.16,0.09,18.2,237,149,164,324.0,0,0,1,100
18:18:34,9,5,6,11.9,0.08,0.16,0.09,18.4,237,149,164,324.0,0,0,1,100
18:18:34,9,5,6,11.9,0.08,0.16,0.09,18.4,237,149,164,324.0,0,0,1,100
18:18:35,9,5,6,11.9,0.08,0.16,0.09,18.3,237,149,164,324.0,0,0,1,100
18:18:35,9,5,6,11.9,0.08,0.16,0.09,18.3,237,149,164,324.0,0,0,1,100
18:18:35,7,3,6,9.7,0.07,0.16,0.03,18.3,215,101,155,284.0,0,0,1,100
18:18:35,7,3,6,9.7,0.07,0.16,0.03,18.3,215,101,155,284.0,0,0,0,100
18:18:35,7,3,6,9.7,0.07,0.16,0.03,18.4,215,101,155,284.0,0,0,0,100
18:18:35,7,3,6,9.7,0.07,0.16,0.03,18.4,215,101,155,284.0,0,0,0,100
18:18:35,7,3,6,9.7,0.07,0.16,0.03,18.3,215,101,155,284.0,0,0,0,100
18:18:35,7,3,6,9.7,0.07,0.16,0.03,18.4,215,101,155,284.0,0,0,0,100
18:18:35,7,3,6,9.7,0.07,0.16,0.03,18.4,215,101,155,284.0,0,0,0,100
18:18:36,7,3,6,9.7,0.07,0.16,0.03,18.6,215,101,155,284.0,0,0,0,100
18:18:36,7,3,6,9.7,0.07,0.16,0.03,18.4,215,101,155,284.0,0,0,0,100
18:18:36,7,3,6,9.7,0.07,0.16,0.03,18.4,215,101,155,284.0,0,0,0,100
18:18:36,4,1,5,6.5,0.05,0.11,0.07,18.2,131,35,148,201.0,0,0,0,100
18:18:36,4,1,5,6.5,0.05,0.11,0.07,18.4,131,35,148,201.0,1,1,0,100
18:18:36,4,1,5,6.5,0.05,0.11,0.07,18.3,131,35,148,201.0,1,1,0,100
18:18:36,4,1,5,6.5,0.05,0.11,0.07,18.4,131,35,148,201.0,1,1,0,100
18:18:36,4,1,5,6.5,0.05,0.11,0.07,18.4,131,35,148,201.0,1,1,0,100
18:18:36,4,1,5,6.5,0.05,0.11,0.07,18.3,131,35,148,201.0,1,1,0,100
18:18:36,4,1,5,6.5,0.05,0.11,0.07,18.2,131,35,148,201.0,1,1,0,100
18:18:36,4,1,5,6.5,0.05,0.11,0.07,18.3,131,35,148,201.0,1,1,0,100
18:18:37,4,1,5,6.5,0.05,0.11,0.07,18.2,131,35,148,201.0,1,1,0,100
18:18:37,4,1,5,6.5,0.05,0.11,0.07,18.4,131,35,148,201.0,1,1,0,100
18:18:37,5,2,5,7.3,0.04,0.15,0.07,18.2,145,69,151,220.0,1,1,0,100
18:18:37,5,2,5,7.3,0.04,0.15,0.07,18.2,145,69,151,220.0,0,0,2,100
18:18:37,5,2,5,7.3,0.04,0.15,0.07,18.2,145,69,151,220.0,0,0,2,100
18:18:37,5,2,5,7.3,0.04,0.15,0.07,18.4,145,69,151,220.0,0,0,2,100
18:18:37,5,2,5,7.3,0.04,0.15,0.07,18.2,145,69,151,220.0,0,0,2,100
18:18:37,5,2,5,7.3,0.04,0.15,0.07,18.4,145,69,151,220.0,0,0,2,100
18:18:37,5,2,5,7.3,0.04,0.15,0.07,18.2,145,69,151,220.0,0,0,2,100
18:18:37,5,2,5,7.3,0.04,0.15,0.07,18.2,145,69,151,220.0,0,0,2,100
18:18:38,5,2,5,7.3,0.04,0.15,0.07,18.4,145,69,151,220.0,0,0,2,100
18:18:38,5,2,5,7.3,0.04,0.15,0.07,18.2,145,69,151,220.0,0,0,2,100
18:18:38,9,5,8,13.0,0.06,0.15,0.07,18.1,179,127,196,294.0,0,0,2,100
18:18:38,9,5,8,13.0,0.06,0.15,0.07,18.2,179,127,196,294.0,1,0,0,100
18:18:38,9,5,8,13.0,0.06,0.15,0.07,18.2,179,127,196,294.0,1,0,0,100
18:18:38,9,5,8,13.0,0.06,0.15,0.07,18.0,179,127,196,294.0,1,0,0,100
18:18:38,9,5,8,13.0,0.06,0.15,0.07,18.2,179,127,196,294.0,1,0,0,100
18:18:38,9,5,8,13.0,0.06,0.15,0.07,18.3,179,127,196,294.0,1,0,0,100
18:18:38,9,5,8,13.0,0.06,0.15,0.07,18.4,179,127,196,294.0,1,0,0,100
18:18:39,9,5,8,13.0,0.06,0.15,0.07,18.3,179,127,196,294.0,1,0,0,100
18:18:39,9,5,8,13.0,0.06,0.15,0.07,18.4,179,127,196,294.0,1,0,0,100
18:18:39,9,5,8,13.0,0.06,0.15,0.07,18.4,179,127,196,294.0,1,0,0,100
18:18:39,10,5,4,11.9,0.07,0.14,0.03,18.2,280,144,131,341.0,1,0,0,100
18:18:39,10,5,4,11.9,0.07,0.14,0.03,18.4,280,144,131,341.0,0,0,0,100
18:18:39,10,5,4,11.9,0.07,0.14,0.03,18.2,280,144,131,341.0,0,0,0,100
18:18:39,10,5,4,11.9,0.07,0.14,0.03,18.2,280,144,131,341.0,0,0,0,100
18:18:39,10,5,4,11.9,0.07,0.14,0.03,18.4,280,144,131,341.0,0,0,0,100
18:18:39,10,5,4,11.9,0.07,0.14,0.03,18.4,280,144,131,341.0,0,0,0,100
18:18:39,10,5,4,11.9,0.07,0.14,0.03,18.2,280,144,131,341.0,0,0,0,100
18:18:39,10,5,4,11.9,0.07,0.14,0.03,18.3,280,144,131,341.0,0,0,0,100
18:18:40,10,5,4,11.9,0.07,0.14,0.03,18.4,280,144,131,341.0,0,0,0,100
18:18:40,10,5,4,11.9,0.07,0.14,0.03,18.5,280,144,131,341.0,0,0,0,100
18:18:40,8,5,8,12.4,0.09,0.21,0.1,18.3,238,160,225,365.0,0,0,0,100
18:18:40,8,5,8,12.4,0.09,0.21,0.1,18.4,238,160,225,365.0,0,0,0,100
18:18:40,8,5,8,12.4,0.09,0.21,0.1,18.4,238,160,225,365.0,0,0,0,100
18:18:40,8,5,8,12.4,0.09,0.21,0.1,18.2,238,160,225,365.0,0,0,0,100
18:18:40,8,5,8,12.4,0.09,0.21,0.1,18.3,238,160,225,365.0,0,0,0,100
18:18:40,8,5,8,12.4,0.09,0.21,0.1,18.1,238,160,225,365.0,0,0,0,100
18:18:40,8,5,8,12.4,0.09,0.21,0.1,18.4,238,160,225,365.0,0,0,0,100
18:18:41,8,5,8,12.4,0.09,0.21,0.1,18.3,238,160,225,365.0,0,0,0,100
18:18:41,8,5,8,12.4,0.09,0.21,0.1,18.3,238,160,225,365.0,0,0,0,100
18:18:41,8,5,8,12.4,0.09,0.21,0.1,18.3,238,160,225,365.0,0,0,0,100
18:18:41,6,5,8,11.2,0.05,0.18,0.12,18.4,165,154,251,338.0,0,0,0,100
18:18:41,6,5,8,11.2,0.05,0.18,0.12,18.2,165,154,251,338.0,0,0,0,100
18:18:41,6,5,8,11.2,0.05,0.18,0.12,18.1,165,154,251,338.0,0,0,0,100
18:18:41,6,5,8,11.2,0.05,0.18,0.12,18.2,165,154,251,338.0,0,0,0,100
18:18:41,6,5,8,11.2,0.05,0.18,0.12,18.1,165,154,251,338.0,0,0,0,100
18:18:41,6,5,8,11.2,0.05,0.18,0.12,18.2,165,154,251,338.0,0,0,0,100
18:18:41,6,5,8,11.2,0.05,0.18,0.12,18.2,165,154,251,338.0,0,0,0,100
18:18:42,6,5,8,11.2,0.05,0.18,0.12,18.4,165,154,251,338.0,0,0,0,100
18:18:42,6,5,8,11.2,0.05,0.18,0.12,18.5,165,154,251,338.0,0,0,0,100
18:18:42,6,5,8,11.2,0.05,0.18,0.12,18.2,165,154,251,338.0,0,0,0,100
18:18:42,7,4,4,9.0,0.12,0.24,0.14,18.3,205,105,137,268.0,0,0,0,100
18:18:42,7,4,4,9.0,0.12,0.24,0.14,18.3,205,105,137,268.0,0,0,1,100
18:18:42,7,4,4,9.0,0.12,0.24,0.14,18.2,205,105,137,268.0,0,0,1,100
18:18:42,7,4,4,9.0,0.12,0.24,0.14,18.5,205,105,137,268.0,0,0,1,100
18:18:42,7,4,4,9.0,0.12,0.24,0.14,18.2,205,105,137,268.0,0,0,1,100
18:18:42,7,4,4,9.0,0.12,0.24,0.14,18.4,205,105,137,268.0,0,0,1,100
18:18:42,7,4,4,9.0,0.12,0.24,0.14,18.3,205,105,137,268.0,0,0,1,100
18:18:43,7,4,4,9.0,0.12,0.24,0.14,18.2,205,105,137,268.0,0,0,1,100
18:18:43,7,4,4,9.0,0.12,0.24,0.14,18.4,205,105,137,268.0,0,0,1,100
18:18:43,7,4,4,9.0,0.12,0.24,0.14,18.2,205,105,137,268.0,0,0,1,100
18:18:43,5,2,7,8.8,0.12,0.18,0.06,18.4,148,59,191,249.0,0,0,1,100
18:18:43,5,2,7,8.8,0.12,0.18,0.06,18.2,148,59,191,249.0,4,2,0,100
18:18:43,5,2,7,8.8,0.12,0.18,0.06,18.2,148,59,191,249.0,4,2,0,100
18:18:43,5,2,7,8.8,0.12,0.18,0.06,18.2,148,59,191,249.0,4,2,0,100
18:18:43,5,2,7,8.8,0.12,0.18,0.06,18.2,148,59,191,249.0,4,2,0,100
18:18:43,5,2,7,8.8,0.12,0.18,0.06,18.4,148,59,191,249.0,4,2,0,100
18:18:43,5,2,7,8.8,0.12,0.18,0.06,18.3,148,59,191,249.0,4,2,0,100
18:18:44,5,2,7,8.8,0.12,0.18,0.06,18.3,148,59,191,249.0,4,2,0,100
18:18:44,5,2,7,8.8,0.12,0.18,0.06,18.2,148,59,191,249.0,4,2,0,100
18:18:44,5,2,7,8.8,0.12,0.18,0.06,18.5,148,59,191,249.0,4,2,0,100
18:18:44,6,2,6,8.7,0.12,0.18,0.09,18.2,175,52,161,243.0,4,2,0,100
18:18:44,6,2,6,8.7,0.12,0.18,0.09,18.2,175,52,161,243.0,0,2,0,100
18:18:44,6,2,6,8.7,0.12,0.18,0.09,18.4,175,52,161,243.0,0,2,0,100
18:18:44,6,2,6,8.7,0.12,0.18,0.09,18.4,175,52,161,243.0,0,2,0,100
18:18:44,6,2,6,8.7,0.12,0.18,0.09,18.5,175,52,161,243.0,0,2,0,100
18:18:44,6,2,6,8.7,0.12,0.18,0.09,18.2,175,52,161,243.0,0,2,0,100
18:18:44,6,2,6,8.7,0.12,0.18,0.09,18.4,175,52,161,243.0,0,2,0,100
18:18:45,6,2,6,8.7,0.12,0.18,0.09,18.4,175,52,161,243.0,0,2,0,100
18:18:45,6,2,6,8.7,0.12,0.18,0.09,18.3,175,52,161,243.0,0,2,0,100
18:18:45,6,2,6,8.7,0.12,0.18,0.09,18.3,175,52,161,243.0,0,2,0,100
18:18:45,5,3,6,8.4,0.04,0.1,0.04,18.2,149,90,195,261.0,0,2,0,100
18:18:45,5,3,6,8.4,0.04,0.1,0.04,18.3,149,90,195,261.0,2,0,0,100
18:18:45,5,3,6,8.4,0.04,0.1,0.04,18.5,149,90,195,261.0,2,0,0,100
18:18:45,5,3,6,8.4,0.04,0.1,0.04,18.4,149,90,195,261.0,2,0,0,100
18:18:45,5,3,6,8.4,0.04,0.1,0.04,18.2,149,90,195,261.0,2,0,0,100
18:18:45,5,3,6,8.4,0.04,0.1,0.04,18.4,149,90,195,261.0,2,0,0,100
18:18:45,5,3,6,8.4,0.04,0.1,0.04,18.2,149,90,195,261.0,2,0,0,100
18:18:46,5,3,6,8.4,0.04,0.1,0.04,18.4,149,90,195,261.0,2,0,0,100
18:18:46,5,3,6,8.4,0.04,0.1,0.04,18.3,149,90,195,261.0,2,0,0,100
18:18:46,5,3,6,8.4,0.04,0.1,0.04,18.3,149,90,195,261.0,2,0,0,100
18:18:46,7,7,7,12.1,0.04,0.09,0.03,18.2,206,124,207,317.0,2,0,0,100
18:18:46,7,7,7,12.1,0.04,0.09,0.03,18.2,206,124,207,317.0,0,0,0,100
18:18:46,7,7,7,12.1,0.04,0.09,0.03,18.3,206,124,207,317.0,0,0,0,100
18:18:46,7,7,7,12.1,0.04,0.09,0.03,18.3,206,124,207,317.0,0,0,0,100
18:18:46,7,7,7,12.1,0.04,0.09,0.03,18.3,206,124,207,317.0,0,0,0,100
18:18:46,7,7,7,12.1,0.04,0.09,0.03,18.3,206,124,207,317.0,0,0,0,100
18:18:46,7,7,7,12.1,0.04,0.09,0.03,18.2,206,124,207,317.0,0,0,0,100
18:18:47,7,7,7,12.1,0.04,0.09,0.03,18.1,206,124,207,317.0,0,0,0,100
18:18:47,7,7,7,12.1,0.04,0.09,0.03,18.5,206,124,207,317.0,0,0,0,100
18:18:47,7,7,7,12.1,0.04,0.09,0.03,18.3,206,124,207,317.0,0,0,0,100
18:18:47,8,5,4,10.2,0.09,0.16,0.07,18.3,241,139,117,302.0,0,0,0,100
18:18:47,8,5,4,10.2,0.09,0.16,0.07,18.2,241,139,117,302.0,0,0,1,100
18:18:47,8,5,4,10.2,0.09,0.16,0.07,18.2,241,139,117,302.0,0,0,1,100
18:18:47,8,5,4,10.2,0.09,0.16,0.07,18.5,241,139,117,302.0,0,0,1,100
18:18:47,8,5,4,10.2,0.09,0.16,0.07,18.4,241,139,117,302.0,0,0,1,100
18:18:47,8,5,4,10.2,0.09,0.16,0.07,18.2,241,139,117,302.0,0,0,1,100
18:18:47,8,5,4,10.2,0.09,0.16,0.07,18.4,241,139,117,302.0,0,0,1,100
18:18:48,8,5,4,10.2,0.09,0.16,0.07,18.2,241,139,117,302.0,0,0,1,100
18:18:48,8,5,4,10.2,0.09,0.16,0.07,18.3,241,139,117,302.0,0,0,1,100
18:18:48,8,5,4,10.2,0.09,0.16,0.07,18.4,241,139,117,302.0,0,0,1,100
18:18:48,7,5,8,11.7,0.07,0.16,0.08,18.2,196,142,230,334.0,0,0,1,100
18:18:48,7,5,8,11.7,0.07,0.16,0.08,18.2,196,142,230,334.0,1,0,0,100
18:18:48,7,5,8,11.7,0.07,0.16,0.08,18.5,196,142,230,334.0,1,0,0,100
18:18:48,7,5,8,11.7,0.07,0.16,0.08,18.2,196,142,230,334.0,1,0,0,100
18:18:48,7,5,8,11.7,0.07,0.16,0.08,18.2,196,142,230,334.0,1,0,0,100
18:18:48,7,5,8,11.7,0.07,0.16,0.08,18.3,196,142,230,334.0,1,0,0,100
18:18:48,7,5,8,11.7,0.07,0.16,0.08,18.2,196,142,230,334.0,1,0,0,100
18:18:49,7,5,8,11.7,0.07,0.16,0.08,18.3,196,142,230,334.0,1,0,0,100
18:18:49,7,5,8,11.7,0.07,0.16,0.08,18.3,196,142,230,334.0,1,0,0,100
18:18:49,7,5,8,11.7,0.07,0.16,0.08,18.2,196,142,230,334.0,1,0,0,100
18:18:49,6,4,7,10.0,0.03,0.15,0.1,18.2,169,125,219,304.0,1,0,0,100
18:18:49,6,4,7,10.0,0.03,0.15,0.1,18.3,169,125,219,304.0,0,0,0,100
18:18:49,6,4,7,10.0,0.03,0.15,0.1,18.2,169,125,219,304.0,0,0,0,100
18:18:49,6,4,7,10.0,0.03,0.15,0.1,18.2,169,125,219,304.0,0,0,0,100
18:18:49,6,4,7,10.0,0.03,0.15,0.1,18.2,169,125,219,304.0,0,0,0,100
18:18:49,6,4,7,10.0,0.03,0.15,0.1,18.4,169,125,219,304.0,0,0,0,100
18:18:49,6,4,7,10.0,0.03,0.15,0.1,18.2,169,125,219,304.0,0,0,0,100
18:18:50,6,4,7,10.0,0.03,0.15,0.1,18.4,169,125,219,304.0,0,0,0,100
18:18:50,6,4,7,10.0,0.03,0.15,0.1,18.2,169,125,219,304.0,0,0,0,100
18:18:50,6,4,7,10.0,0.03,0.15,0.1,18.4,169,125,219,304.0,0,0,0,100
18:18:50,6,2,4,7.5,0.05,0.09,0.04,18.2,163,78,114,214.0,0,0,0,100
18:18:50,6,2,4,7.5,0.05,0.09,0.04,18.4,163,78,114,214.0,0,0,0,100
18:18:50,6,2,4,7.5,0.05,0.09,0.04,18.4,163,78,114,214.0,0,0,0,100
18:18:50,6,2,4,7.5,0.05,0.09,0.04,18.5,163,78,114,214.0,0,0,0,100
18:18:50,6,2,4,7.5,0.05,0.09,0.04,18.2,163,78,114,214.0,0,0,0,100
18:18:50,6,2,4,7.5,0.05,0.09,0.04,18.3,163,78,114,214.0,0,0,0,100
18:18:50,6,2,4,7.5,0.05,0.09,0.04,18.0,163,78,114,214.0,0,0,0,100
18:18:51,6,2,4,7.5,0.05,0.09,0.04,18.2,163,78,114,214.0,0,0,0,100
18:18:51,6,2,4,7.5,0.05,0.09,0.04,18.3,163,78,114,214.0,0,0,0,100
18:18:51,6,2,4,7.5,0.05,0.09,0.04,18.1,163,78,114,214.0,0,0,0,100
18:18:51,4,2,5,6.7,0.06,0.16,0.05,18.2,124,37,135,187.0,0,0,0,100
18:18:51,4,2,5,6.7,0.06,0.16,0.05,17.9,124,37,135,187.0,1,1,0,100
18:18:51,4,2,5,6.7,0.06,0.16,0.05,18.2,124,37,135,187.0,1,1,0,100
18:18:51,4,2,5,6.7,0.06,0.16,0.05,18.3,124,37,135,187.0,1,1,0,100
18:18:51,4,2,5,6.7,0.06,0.16,0.05,18.3,124,37,135,187.0,1,1,0,100
18:18:51,4,2,5,6.7,0.06,0.16,0.05,18.2,124,37,135,187.0,1,1,0,100
18:18:51,4,2,5,6.7,0.06,0.16,0.05,18.4,124,37,135,187.0,1,1,0,100
18:18:52,4,2,5,6.7,0.06,0.16,0.05,18.3,124,37,135,187.0,1,1,0,100
18:18:52,4,2,5,6.7,0.06,0.16,0.05,18.4,124,37,135,187.0,1,1,0,100
18:18:52,4,2,5,6.7,0.06,0.16,0.05,18.2,124,37,135,187.0,1,1,0,100
18:18:52,6,3,6,9.0,0.05,0.19,0.08,18.4,169,80,123,224.0,1,1,0,100
18:18:52,6,3,6,9.0,0.05,0.19,0.08,18.3,169,80,123,224.0,0,0,1,100
18:18:52,6,3,6,9.0,0.05,0.19,0.08,18.2,169,80,123,224.0,0,0,1,100
18:18:52,6,3,6,9.0,0.05,0.19,0.08,18.3,169,80,123,224.0,0,0,1,100
18:18:52,6,3,6,9.0,0.05,0.19,0.08,18.2,169,80,123,224.0,0,0,1,100
18:18:52,6,3,6,9.0,0.05,0.19,0.08,18.4,169,80,123,224.0,0,0,1,100
18:18:52,6,3,6,9.0,0.05,0.19,0.08,18.2,169,80,123,224.0,0,0,1,100
18:18:53,6,3,6,9.0,0.05,0.19,0.08,18.2,169,80,123,224.0,0,0,1,100
18:18:53,6,3,6,9.0,0.05,0.19,0.08,18.4,169,80,123,224.0,0,0,1,100
18:18:53,6,3,6,9.0,0.05,0.19,0.08,18.4,169,80,123,224.0,0,0,1,100
18:18:53,4,4,7,9.0,0.04,0.11,0.05,18.4,124,119,227,285.0,0,0,1,100
18:18:53,4,4,7,9.0,0.04,0.11,0.05,18.2,124,119,227,285.0,1,0,0,100
18:18:53,4,4,7,9.0,0.04,0.11,0.05,18.1,124,119,227,285.0,1,0,0,100
18:18:53,4,4,7,9.0,0.04,0.11,0.05,18.2,124,119,227,285.0,1,0,0,100
18:18:53,4,4,7,9.0,0.04,0.11,0.05,18.3,124,119,227,285.0,1,0,0,100
18:18:53,4,4,7,9.0,0.04,0.11,0.05,18.4,124,119,227,285.0,1,0,0,100
18:18:53,4,4,7,9.0,0.04,0.11,0.05,18.3,124,119,227,285.0,1,0,0,100
18:18:54,4,4,7,9.0,0.04,0.11,0.05,18.3,124,119,227,285.0,1,0,0,100
18:18:54,4,4,7,9.0,0.04,0.11,0.05,18.3,124,119,227,285.0,1,0,0,100
18:18:54,4,4,7,9.0,0.04,0.11,0.05,18.4,124,119,227,285.0,1,0,0,100
18:18:54,8,5,8,12.4,0.08,0.16,0.07,18.2,233,145,224,354.0,1,0,0,100
18:18:54,8,5,8,12.4,0.08,0.16,0.07,18.4,233,145,224,354.0,0,0,0,100
18:18:54,8,5,8,12.4,0.08,0.16,0.07,18.3,233,145,224,354.0,0,0,0,100
18:18:54,8,5,8,12.4,0.08,0.16,0.07,18.3,233,145,224,354.0,0,0,0,100
18:18:54,8,5,8,12.4,0.08,0.16,0.07,18.4,233,145,224,354.0,0,0,0,100
18:18:54,8,5,8,12.4,0.08,0.16,0.07,18.0,233,145,224,354.0,0,0,0,100
18:18:54,8,5,8,12.4,0.08,0.16,0.07,18.3,233,145,224,354.0,0,0,0,100
18:18:55,8,5,8,12.4,0.08,0.16,0.07,18.3,233,145,224,354.0,0,0,0,100
18:18:55,8,5,8,12.4,0.08,0.16,0.07,18.2,233,145,224,354.0,0,0,0,100
18:18:55,8,5,8,12.4,0.08,0.16,0.07,18.4,233,145,224,354.0,0,0,0,100
18:18:55,7,4,6,10.0,0.04,0.13,0.03,18.4,224,127,135,291.0,0,0,0,100
18:18:55,7,4,6,10.0,0.04,0.13,0.03,18.4,224,127,135,291.0,0,0,0,100
18:18:55,7,4,6,10.0,0.04,0.13,0.03,18.3,224,127,135,291.0,0,0,0,100
18:18:55,7,4,6,10.0,0.04,0.13,0.03,18.4,224,127,135,291.0,0,0,0,100
18:18:55,7,4,6,10.0,0.04,0.13,0.03,18.4,224,127,135,291.0,0,0,0,100
18:18:55,7,4,6,10.0,0.04,0.13,0.03,18.4,224,127,135,291.0,0,0,0,100
18:18:55,7,4,6,10.0,0.04,0.13,0.03,18.5,224,127,135,291.0,0,0,0,100
18:18:56,7,4,6,10.0,0.04,0.13,0.03,18.4,224,127,135,291.0,0,0,0,100
18:18:56,7,4,6,10.0,0.04,0.13,0.03,18.6,224,127,135,291.0,0,0,0,100
18:18:56,7,4,6,10.0,0.04,0.13,0.03,18.2,224,127,135,291.0,0,0,0,100
18:18:56,5,5,7,9.9,0.06,0.29,0.09,18.3,141,133,205,282.0,0,0,0,100
18:18:56,5,5,7,9.9,0.06,0.29,0.09,18.5,141,133,205,282.0,1,0,0,100
18:18:56,5,5,7,9.9,0.06,0.29,0.09,18.4,141,133,205,282.0,1,0,0,100
18:18:56,5,5,7,9.9,0.06,0.29,0.09,18.4,141,133,205,282.0,1,0,0,100
18:18:56,5,5,7,9.9,0.06,0.29,0.09,18.4,141,133,205,282.0,1,0,0,100
18:18:56,5,5,7,9.9,0.06,0.29,0.09,18.4,141,133,205,282.0,1,0,0,100
18:18:57,5,5,7,9.9,0.06,0.29,0.09,18.3,141,133,205,282.0,1,0,0,100
18:18:57,5,5,7,9.9,0.06,0.29,0.09,18.3,141,133,205,282.0,1,0,0,100
18:18:57,5,5,7,9.9,0.06,0.29,0.09,18.2,141,133,205,282.0,1,0,0,100
18:18:57,5,5,7,9.9,0.06,0.29,0.09,18.2,141,133,205,282.0,1,0,0,100
18:18:57,6,4,8,10.8,0.04,0.16,0.11,18.1,160,104,192,271.0,1,0,0,100
18:18:57,6,4,8,10.8,0.04,0.16,0.11,18.4,160,104,192,271.0,0,0,0,100
18:18:57,6,4,8,10.8,0.04,0.16,0.11,18.4,160,104,192,271.0,0,0,0,100
18:18:57,6,4,8,10.8,0.04,0.16,0.11,18.2,160,104,192,271.0,0,0,0,100
18:18:57,6,4,8,10.8,0.04,0.16,0.11,18.4,160,104,192,271.0,0,0,0,100
18:18:57,6,4,8,10.8,0.04,0.16,0.11,18.4,160,104,192,271.0,0,0,0,100
18:18:57,6,4,8,10.8,0.04,0.16,0.11,18.2,160,104,192,271.0,0,0,0,100
18:18:58,6,4,8,10.8,0.04,0.16,0.11,18.3,160,104,192,271.0,0,0,0,100
18:18:58,6,4,8,10.8,0.04,0.16,0.11,18.4,160,104,192,271.0,0,0,0,100
18:18:58,6,4,8,10.8,0.04,0.16,0.11,18.3,160,104,192,271.0,0,0,0,100
18:18:58,6,4,8,10.8,0.04,0.16,0.11,18.4,160,104,192,271.0,0,0,0,100
18:18:58,5,2,6,8.1,0.05,0.17,0.08,18.4,155,46,148,219.0,0,5,4,100
18:18:58,5,2,6,8.1,0.05,0.17,0.08,18.2,155,46,148,219.0,0,5,4,100
18:18:58,5,2,6,8.1,0.05,0.17,0.08,18.2,155,46,148,219.0,0,5,4,100
18:18:58,5,2,6,8.1,0.05,0.17,0.08,18.2,155,46,148,219.0,0,5,4,100
18:18:58,5,2,6,8.1,0.05,0.17,0.08,18.4,155,46,148,219.0,0,5,4,100
18:18:59,5,2,6,8.1,0.05,0.17,0.08,18.3,155,46,148,219.0,0,5,4,100
18:18:59,5,2,6,8.1,0.05,0.17,0.08,18.3,155,46,148,219.0,0,5,4,100
18:18:59,5,2,6,8.1,0.05,0.17,0.08,18.3,155,46,148,219.0,0,5,4,100
18:18:59,5,2,6,8.1,0.05,0.17,0.08,18.2,155,46,148,219.0,0,5,4,100
18:18:59,5,2,6,8.1,0.05,0.17,0.08,18.2,155,46,148,219.0,0,5,4,100
18:18:59,7,5,8,11.7,0.09,0.24,0.07,18.4,178,70,170,256.0,2,0,0,100
18:18:59,7,5,8,11.7,0.09,0.24,0.07,18.2,178,70,170,256.0,2,0,0,100
18:18:59,7,5,8,11.7,0.09,0.24,0.07,18.2,178,70,170,256.0,2,0,0,100
18:18:59,7,5,8,11.7,0.09,0.24,0.07,18.2,178,70,170,256.0,2,0,0,100
18:18:59,7,5,8,11.7,0.09,0.24,0.07,18.2,178,70,170,256.0,2,0,0,100
18:19:00,7,5,8,11.7,0.09,0.24,0.07,18.4,178,70,170,256.0,2,0,0,100
18:19:00,7,5,8,11.7,0.09,0.24,0.07,18.4,178,70,170,256.0,2,0,0,100
18:19:00,7,5,8,11.7,0.09,0.24,0.07,18.4,178,70,170,256.0,2,0,0,100
18:19:00,7,5,8,11.7,0.09,0.24,0.07,18.5,178,70,170,256.0,2,0,0,100
18:19:00,7,5,8,11.7,0.09,0.24,0.07,18.2,178,70,170,256.0,2,0,0,100
18:19:00,7,6,5,10.5,0.06,0.35,0.06,18.4,202,109,122,260.0,0,0,0,100
18:19:00,7,6,5,10.5,0.06,0.35,0.06,18.3,202,109,122,260.0,0,0,0,100
18:19:00,7,6,5,10.5,0.06,0.35,0.06,18.2,202,109,122,260.0,0,0,0,100
18:19:00,7,6,5,10.5,0.06,0.35,0.06,18.4,202,109,122,260.0,0,0,0,100
18:19:00,7,6,5,10.5,0.06,0.35,0.06,18.4,202,109,122,260.0,0,0,0,100
18:19:01,7,6,5,10.5,0.06,0.35,0.06,18.4,202,109,122,260.0,0,0,0,100
18:19:01,7,6,5,10.5,0.06,0.35,0.06,18.4,202,109,122,260.0,0,0,0,100
18:19:01,7,6,5,10.5,0.06,0.35,0.06,18.2,202,109,122,260.0,0,0,0,100
18:19:01,7,6,5,10.5,0.06,0.35,0.06,18.5,202,109,122,260.0,0,0,0,100
18:19:01,7,6,5,10.5,0.06,0.35,0.06,18.2,202,109,122,260.0,0,0,0,100
18:19:01,7,4,8,11.4,0.04,0.35,0.13,18.2,177,145,254,342.0,0,0,0,100
18:19:01,7,4,8,11.4,0.04,0.35,0.13,18.4,177,145,254,342.0,0,0,0,100
18:19:01,7,4,8,11.4,0.04,0.35,0.13,18.4,177,145,254,342.0,0,0,0,100
18:19:01,7,4,8,11.4,0.04,0.35,0.13,18.4,177,145,254,342.0,0,0,0,100
18:19:01,7,4,8,11.4,0.04,0.35,0.13,18.4,177,145,254,342.0,0,0,0,100
18:19:02,7,4,8,11.4,0.04,0.35,0.13,18.3,177,145,254,342.0,0,0,0,100
18:19:02,7,4,8,11.4,0.04,0.35,0.13,18.4,177,145,254,342.0,0,0,0,100
18:19:02,7,4,8,11.4,0.04,0.35,0.13,18.2,177,145,254,342.0,0,0,0,100
18:19:02,7,4,8,11.4,0.04,0.35,0.13,18.2,177,145,254,342.0,0,0,0,100
18:19:02,7,4,8,11.4,0.04,0.35,0.13,18.5,177,145,254,342.0,0,0,0,100
18:19:02,9,5,8,13.0,0.04,0.15,0.05,18.2,229,133,246,361.0,0,0,0,100
18:19:02,9,5,8,13.0,0.04,0.15,0.05,18.2,229,133,246,361.0,0,0,0,100
18:19:02,9,5,8,13.0,0.04,0.15,0.05,18.2,229,133,246,361.0,0,0,0,100
18:19:02,9,5,8,13.0,0.04,0.15,0.05,18.4,229,133,246,361.0,0,0,0,100
18:19:02,9,5,8,13.0,0.04,0.15,0.05,18.4,229,133,246,361.0,0,0,0,100
18:19:03,9,5,8,13.0,0.04,0.15,0.05,18.4,229,133,246,361.0,0,0,0,100
18:19:03,9,5,8,13.0,0.04,0.15,0.05,18.4,229,133,246,361.0,0,0,0,100
18:19:03,9,5,8,13.0,0.04,0.15,0.05,18.4,229,133,246,361.0,0,0,0,100
18:19:03,9,5,8,13.0,0.04,0.15,0.05,18.2,229,133,246,361.0,0,0,0,100
18:19:03,9,5,8,13.0,0.04,0.15,0.05,18.2,229,133,246,361.0,0,0,0,100
18:19:03,8,4,4,9.8,0.09,0.15,0.04,18.4,223,121,127,284.0,0,0,1,100
18:19:03,8,4,4,9.8,0.09,0.15,0.04,18.3,223,121,127,284.0,0,0,1,100
18:19:03,8,4,4,9.8,0.09,0.15,0.04,18.4,223,121,127,284.0,0,0,1,100
18:19:03,8,4,4,9.8,0.09,0.15,0.04,18.4,223,121,127,284.0,0,0,1,100
18:19:03,8,4,4,9.8,0.09,0.15,0.04,18.2,223,121,127,284.0,0,0,1,100
18:19:04,8,4,4,9.8,0.09,0.15,0.04,18.4,223,121,127,284.0,0,0,1,100
18:19:04,8,4,4,9.8,0.09,0.15,0.04,18.4,223,121,127,284.0,0,0,1,100
18:19:04,8,4,4,9.8,0.09,0.15,0.04,18.1,223,121,127,284.0,0,0,1,100
18:19:04,8,4,4,9.8,0.09,0.15,0.04,18.4,223,121,127,284.0,0,0,1,100
18:19:04,8,4,4,9.8,0.09,0.15,0.04,18.2,223,121,127,284.0,0,0,1,100
18:19:04,5,5,7,9.9,0.07,0.15,0.08,18.3,158,106,184,265.0,1,0,0,100
18:19:04,5,5,7,9.9,0.07,0.15,0.08,18.3,158,106,184,265.0,1,0,0,100
18:19:04,5,5,7,9.9,0.07,0.15,0.08,18.4,158,106,184,265.0,1,0,0,100
18:19:04,5,5,7,9.9,0.07,0.15,0.08,18.5,158,106,184,265.0,1,0,0,100
18:19:04,5,5,7,9.9,0.07,0.15,0.08,18.2,158,106,184,265.0,1,0,0,100
18:19:05,5,5,7,9.9,0.07,0.15,0.08,18.4,158,106,184,265.0,1,0,0,100
18:19:05,5,5,7,9.9,0.07,0.15,0.08,18.2,158,106,184,265.0,1,0,0,100
18:19:05,5,5,7,9.9,0.07,0.15,0.08,18.4,158,106,184,265.0,1,0,0,100
18:19:05,5,5,7,9.9,0.07,0.15,0.08,18.3,158,106,184,265.0,1,0,0,100
18:19:05,5,5,7,9.9,0.07,0.15,0.08,18.4,158,106,184,265.0,1,0,0,100
18:19:05,6,3,6,9.0,0.05,0.19,0.12,18.4,164,79,175,253.0,0,0,0,100
18:19:05,6,3,6,9.0,0.05,0.19,0.12,18.4,164,79,175,253.0,0,0,0,100
18:19:05,6,3,6,9.0,0.05,0.19,0.12,18.4,164,79,175,253.0,0,0,0,100
18:19:05,6,3,6,9.0,0.05,0.19,0.12,18.2,164,79,175,253.0,0,0,0,100
18:19:05,6,3,6,9.0,0.05,0.19,0.12,18.2,164,79,175,253.0,0,0,0,100
18:19:06,6,3,6,9.0,0.05,0.19,0.12,18.2,164,79,175,253.0,0,0,0,100
18:19:06,6,3,6,9.0,0.05,0.19,0.12,18.2,164,79,175,253.0,0,0,0,100
18:19:06,6,3,6,9.0,0.05,0.19,0.12,18.4,164,79,175,253.0,0,0,0,100
18:19:06,6,3,6,9.0,0.05,0.19,0.12,18.2,164,79,175,253.0,0,0,0,100
18:19:06,6,3,6,9.0,0.05,0.19,0.12,18.4,164,79,175,253.0,0,0,0,100
18:19:06,4,1,5,6.5,0.03,0.1,0.04,18.4,118,50,153,200.0,1,0,0,100
18:19:06,4,1,5,6.5,0.03,0.1,0.04,18.4,118,50,153,200.0,1,0,0,100
18:19:06,4,1,5,6.5,0.03,0.1,0.04,18.3,118,50,153,200.0,1,0,0,100
18:19:06,4,1,5,6.5,0.03,0.1,0.04,18.2,118,50,153,200.0,1,0,0,100
18:19:06,4,1,5,6.5,0.03,0.1,0.04,18.2,118,50,153,200.0,1,0,0,100
18:19:07,4,1,5,6.5,0.03,0.1,0.04,18.3,118,50,153,200.0,1,0,0,100
18:19:07,4,1,5,6.5,0.03,0.1,0.04,18.2,118,50,153,200.0,1,0,0,100
18:19:07,4,1,5,6.5,0.03,0.1,0.04,18.3,118,50,153,200.0,1,0,0,100
18:19:07,4,1,5,6.5,0.03,0.1,0.04,18.2,118,50,153,200.0,1,0,0,100
18:19:07,4,1,5,6.5,0.03,0.1,0.04,18.3,118,50,153,200.0,1,0,0,100
18:19:07,6,3,5,8.4,0.08,0.09,0.03,18.5,176,94,148,248.0,0,0,0,100
18:19:07,6,3,5,8.4,0.08,0.09,0.03,18.3,176,94,148,248.0,0,0,0,100
18:19:07,6,3,5,8.4,0.08,0.09,0.03,18.2,176,94,148,248.0,0,0,0,100
18:19:07,6,3,5,8.4,0.08,0.09,0.03,18.2,176,94,148,248.0,0,0,0,100
18:19:07,6,3,5,8.4,0.08,0.09,0.03,18.4,176,94,148,248.0,0,0,0,100
18:19:08,6,3,5,8.4,0.08,0.09,0.03,18.2,176,94,148,248.0,0,0,0,100
18:19:08,6,3,5,8.4,0.08,0.09,0.03,18.4,176,94,148,248.0,0,0,0,100
18:19:08,6,3,5,8.4,0.08,0.09,0.03,18.4,176,94,148,248.0,0,0,0,100
18:19:08,6,3,5,8.4,0.08,0.09,0.03,18.2,176,94,148,248.0,0,0,0,100
18:19:08,6,3,5,8.4,0.08,0.09,0.03,18.4,176,94,148,248.0,0,0,0,100
18:19:08,8,5,7,11.7,0.07,0.15,0.07,18.2,211,141,178,310.0,0,0,2,100
18:19:08,8,5,7,11.7,0.07,0.15,0.07,18.4,211,141,178,310.0,0,0,2,100
18:19:08,8,5,7,11.7,0.07,0.15,0.07,18.4,211,141,178,310.0,0,0,2,100
18:19:08,8,5,7,11.7,0.07,0.15,0.07,18.4,211,141,178,310.0,0,0,2,100
18:19:09,8,5,7,11.7,0.07,0.15,0.07,18.3,211,141,178,310.0,0,0,2,100
18:19:09,8,5,7,11.7,0.07,0.15,0.07,18.2,211,141,178,310.0,0,0,2,100
18:19:09,8,5,7,11.7,0.07,0.15,0.07,18.2,211,141,178,310.0,0,0,2,100
18:19:09,8,5,7,11.7,0.07,0.15,0.07,18.2,211,141,178,310.0,0,0,2,100
18:19:09,8,5,7,11.7,0.07,0.15,0.07,18.6,211,141,178,310.0,0,0,2,100
18:19:09,8,5,7,11.7,0.07,0.15,0.07,18.5,211,141,178,310.0,0,0,2,100
18:19:09,4,5,8,10.2,0.06,0.18,0.1,18.3,142,157,243,322.0,1,0,0,100
18:19:09,4,5,8,10.2,0.06,0.18,0.1,18.3,142,157,243,322.0,1,0,0,100
18:19:09,4,5,8,10.2,0.06,0.18,0.1,18.4,142,157,243,322.0,1,0,0,100
18:19:09,4,5,8,10.2,0.06,0.18,0.1,18.5,142,157,243,322.0,1,0,0,100
18:19:10,4,5,8,10.2,0.06,0.18,0.1,18.4,142,157,243,322.0,1,0,0,100
18:19:10,4,5,8,10.2,0.06,0.18,0.1,18.4,142,157,243,322.0,1,0,0,100
18:19:10,4,5,8,10.2,0.06,0.18,0.1,18.4,142,157,243,322.0,1,0,0,100
18:19:10,4,5,8,10.2,0.06,0.18,0.1,18.2,142,157,243,322.0,1,0,0,100
18:19:10,4,5,8,10.2,0.06,0.18,0.1,18.2,142,157,243,322.0,1,0,0,100
18:19:10,4,5,8,10.2,0.06,0.18,0.1,18.2,142,157,243,322.0,1,0,0,100
18:19:10,7,5,8,11.7,0.07,0.14,0.09,18.4,219,163,226,354.0,0,0,0,100
18:19:10,7,5,8,11.7,0.07,0.14,0.09,18.2,219,163,226,354.0,0,0,0,100
18:19:10,7,5,8,11.7,0.07,0.14,0.09,18.2,219,163,226,354.0,0,0,0,100
18:19:10,7,5,8,11.7,0.07,0.14,0.09,18.4,219,163,226,354.0,0,0,0,100
18:19:11,7,5,8,11.7,0.07,0.14,0.09,18.3,219,163,226,354.0,0,0,0,100
18:19:11,7,5,8,11.7,0.07,0.14,0.09,18.4,219,163,226,354.0,0,0,0,100
18:19:11,7,5,8,11.7,0.07,0.14,0.09,18.3,219,163,226,354.0,0,0,0,100
18:19:11,7,5,8,11.7,0.07,0.14,0.09,18.4,219,163,226,354.0,0,0,0,100
18:19:11,7,5,8,11.7,0.07,0.14,0.09,18.4,219,163,226,354.0,0,0,0,100
18:19:11,7,5,8,11.7,0.07,0.14,0.09,18.4,219,163,226,354.0,0,0,0,100
18:19:11,12,6,5,14.3,0.06,0.09,0.04,18.2,236,131,129,299.0,0,0,0,100
18:19:11,12,6,5,14.3,0.06,0.09,0.04,18.5,236,131,129,299.0,0,0,0,100
18:19:11,12,6,5,14.3,0.06,0.09,0.04,18.4,236,131,129,299.0,0,0,0,100
18:19:11,12,6,5,14.3,0.06,0.09,0.04,18.4,236,131,129,299.0,0,0,0,100
18:19:12,12,6,5,14.3,0.06,0.09,0.04,18.3,236,131,129,299.0,0,0,0,100
18:19:12,12,6,5,14.3,0.06,0.09,0.04,18.3,236,131,129,299.0,0,0,0,100
18:19:12,12,6,5,14.3,0.06,0.09,0.04,18.3,236,131,129,299.0,0,0,0,100
18:19:12,12,6,5,14.3,0.06,0.09,0.04,18.2,236,131,129,299.0,0,0,0,100
18:19:12,12,6,5,14.3,0.06,0.09,0.04,18.5,236,131,129,299.0,0,0,0,100
18:19:12,12,6,5,14.3,0.06,0.09,0.04,18.5,236,131,129,299.0,0,0,0,100
18:19:12,4,3,7,8.6,0.08,0.23,0.09,18.2,109,93,196,243.0,1,0,0,100
18:19:12,4,3,7,8.6,0.08,0.23,0.09,18.4,109,93,196,243.0,1,0,0,100
18:19:12,4,3,7,8.6,0.08,0.23,0.09,18.3,109,93,196,243.0,1,0,0,100
18:19:12,4,3,7,8.6,0.08,0.23,0.09,18.3,109,93,196,243.0,1,0,0,100
18:19:13,4,3,7,8.6,0.08,0.23,0.09,18.4,109,93,196,243.0,1,0,0,100
18:19:13,4,3,7,8.6,0.08,0.23,0.09,18.4,109,93,196,243.0,1,0,0,100
18:19:13,4,3,7,8.6,0.08,0.23,0.09,18.6,109,93,196,243.0,1,0,0,100
18:19:13,4,3,7,8.6,0.08,0.23,0.09,18.4,109,93,196,243.0,1,0,0,100
18:19:13,4,3,7,8.6,0.08,0.23,0.09,18.1,109,93,196,243.0,1,0,0,100
18:19:13,4,3,7,8.6,0.08,0.23,0.09,18.3,109,93,196,243.0,1,0,0,100
18:19:13,5,1,3,5.9,0.05,0.1,0.09,18.4,154,27,102,187.0,0,4,1,100
18:19:13,5,1,3,5.9,0.05,0.1,0.09,18.2,154,27,102,187.0,0,4,1,100
18:19:13,5,1,3,5.9,0.05,0.1,0.09,18.4,154,27,102,187.0,0,4,1,100
18:19:13,5,1,3,5.9,0.05,0.1,0.09,18.3,154,27,102,187.0,0,4,1,100
18:19:14,5,1,3,5.9,0.05,0.1,0.09,18.4,154,27,102,187.0,0,4,1,100
18:19:14,5,1,3,5.9,0.05,0.1,0.09,18.2,154,27,102,187.0,0,4,1,100
18:19:14,5,1,3,5.9,0.05,0.1,0.09,18.4,154,27,102,187.0,0,4,1,100
18:19:14,5,1,3,5.9,0.05,0.1,0.09,18.4,154,27,102,187.0,0,4,1,100
18:19:14,5,1,3,5.9,0.05,0.1,0.09,18.2,154,27,102,187.0,0,4,1,100
18:19:14,5,1,3,5.9,0.05,0.1,0.09,18.2,154,27,102,187.0,0,4,1,100
18:19:14,5,4,7,9.5,0.05,0.3,0.07,18.4,120,91,177,232.0,2,0,0,100
18:19:14,5,4,7,9.5,0.05,0.3,0.07,18.4,120,91,177,232.0,2,0,0,100
18:19:14,5,4,7,9.5,0.05,0.3,0.07,18.5,120,91,177,232.0,2,0,0,100
18:19:14,5,4,7,9.5,0.05,0.3,0.07,18.3,120,91,177,232.0,2,0,0,100
18:19:15,5,4,7,9.5,0.05,0.3,0.07,18.4,120,91,177,232.0,2,0,0,100
18:19:15,5,4,7,9.5,0.05,0.3,0.07,18.5,120,91,177,232.0,2,0,0,100
18:19:15,5,4,7,9.5,0.05,0.3,0.07,18.2,120,91,177,232.0,2,0,0,100
18:19:15,5,4,7,9.5,0.05,0.3,0.07,18.4,120,91,177,232.0,2,0,0,100
18:19:15,5,4,7,9.5,0.05,0.3,0.07,18.4,120,91,177,232.0,2,0,0,100
18:19:15,5,4,7,9.5,0.05,0.3,0.07,18.2,120,91,177,232.0,2,0,0,100
18:19:15,10,5,7,13.2,0.07,0.23,0.05,18.4,251,136,205,351.0,0,0,0,100
18:19:15,10,5,7,13.2,0.07,0.23,0.05,18.2,251,136,205,351.0,0,0,0,100
18:19:15,10,5,7,13.2,0.07,0.23,0.05,18.2,251,136,205,351.0,0,0,0,100
18:19:15,10,5,7,13.2,0.07,0.23,0.05,18.2,251,136,205,351.0,0,0,0,100
18:19:16,10,5,7,13.2,0.07,0.23,0.05,18.4,251,136,205,351.0,0,0,0,100
18:19:16,10,5,7,13.2,0.07,0.23,0.05,18.2,251,136,205,351.0,0,0,0,100
18:19:16,10,5,7,13.2,0.07,0.23,0.05,18.1,251,136,205,351.0,0,0,0,100
18:19:16,10,5,7,13.2,0.07,0.23,0.05,18.2,251,136,205,351.0,0,0,0,100
18:19:16,10,5,7,13.2,0.07,0.23,0.05,18.3,251,136,205,351.0,0,0,0,100
18:19:16,10,5,7,13.2,0.07,0.23,0.05,18.2,251,136,205,351.0,0,0,0,100
18:19:16,10,6,6,13.1,0.1,0.21,0.07,18.4,297,169,177,385.0,0,0,1,100
18:19:16,10,6,6,13.1,0.1,0.21,0.07,18.4,297,169,177,385.0,0,0,1,100
18:19:16,10,6,6,13.1,0.1,0.21,0.07,18.4,297,169,177,385.0,0,0,1,100
18:19:16,10,6,6,13.1,0.1,0.21,0.07,18.3,297,169,177,385.0,0,0,1,100
18:19:17,10,6,6,13.1,0.1,0.21,0.07,18.4,297,169,177,385.0,0,0,1,100
18:19:17,10,6,6,13.1,0.1,0.21,0.07,18.4,297,169,177,385.0,0,0,1,100
18:19:17,10,6,6,13.1,0.1,0.21,0.07,18.2,297,169,177,385.0,0,0,1,100
18:19:17,10,6,6,13.1,0.1,0.21,0.07,18.6,297,169,177,385.0,0,0,1,100
18:19:17,10,6,6,13.1,0.1,0.21,0.07,18.5,297,169,177,385.0,0,0,1,100
18:19:17,10,6,6,13.1,0.1,0.21,0.07,18.4,297,169,177,385.0,0,0,1,100
18:19:17,5,6,12,14.3,0.03,0.18,0.1,18.2,119,132,251,308.0,0,0,0,100
18:19:17,5,6,12,14.3,0.03,0.18,0.1,18.4,119,132,251,308.0,0,0,0,100
18:19:17,5,6,12,14.3,0.03,0.18,0.1,18.3,119,132,251,308.0,0,0,0,100
18:19:17,5,6,12,14.3,0.03,0.18,0.1,18.2,119,132,251,308.0,0,0,0,100
18:19:18,5,6,12,14.3,0.03,0.18,0.1,18.3,119,132,251,308.0,0,0,0,100
18:19:18,5,6,12,14.3,0.03,0.18,0.1,18.4,119,132,251,308.0,0,0,0,100
18:19:18,5,6,12,14.3,0.03,0.18,0.1,18.3,119,132,251,308.0,0,0,0,100
18:19:18,5,6,12,14.3,0.03,0.18,0.1,18.2,119,132,251,308.0,0,0,0,100
18:19:18,5,6,12,14.3,0.03,0.18,0.1,18.4,119,132,251,308.0,0,0,0,100
18:19:18,5,6,12,14.3,0.03,0.18,0.1,18.2,119,132,251,308.0,0,0,0,100
18:19:18,7,4,6,10.0,0.08,0.17,0.12,18.2,204,132,189,308.0,0,0,0,100
18:19:18,7,4,6,10.0,0.08,0.17,0.12,18.2,204,132,189,308.0,0,0,0,100
18:19:18,7,4,6,10.0,0.08,0.17,0.12,18.4,204,132,189,308.0,0,0,0,100
18:19:18,7,4,6,10.0,0.08,0.17,0.12,18.4,204,132,189,308.0,0,0,0,100
18:19:19,7,4,6,10.0,0.08,0.17,0.12,18.4,204,132,189,308.0,0,0,0,100
18:19:19,7,4,6,10.0,0.08,0.17,0.12,18.5,204,132,189,308.0,0,0,0,100
18:19:19,7,4,6,10.0,0.08,0.17,0.12,18.2,204,132,189,308.0,0,0,0,100
18:19:19,7,4,6,10.0,0.08,0.17,0.12,18.2,204,132,189,308.0,0,0,0,100
18:19:19,7,4,6,10.0,0.08,0.17,0.12,18.4,204,132,189,308.0,0,0,0,100
18:19:19,7,4,6,10.0,0.08,0.17,0.12,18.2,204,132,189,308.0,0,0,0,100
18:19:19,6,3,5,8.4,0.1,0.15,0.04,18.2,191,90,144,256.0,0,0,1,100
18:19:19,6,3,5,8.4,0.1,0.15,0.04,18.4,191,90,144,256.0,0,0,1,100
18:19:19,6,3,5,8.4,0.1,0.15,0.04,18.4,191,90,144,256.0,0,0,1,100
18:19:19,6,3,5,8.4,0.1,0.15,0.04,18.2,191,90,144,256.0,0,0,1,100
18:19:20,6,3,5,8.4,0.1,0.15,0.04,18.2,191,90,144,256.0,0,0,1,100
18:19:20,6,3,5,8.4,0.1,0.15,0.04,18.4,191,90,144,256.0,0,0,1,100
18:19:20,6,3,5,8.4,0.1,0.15,0.04,18.2,191,90,144,256.0,0,0,1,100
18:19:20,6,3,5,8.4,0.1,0.15,0.04,18.3,191,90,144,256.0,0,0,1,100
18:19:20,6,3,5,8.4,0.1,0.15,0.04,18.0,191,90,144,256.0,0,0,1,100
18:19:20,6,3,5,8.4,0.1,0.15,0.04,18.1,191,90,144,256.0,0,0,1,100
18:19:20,5,1,5,7.1,0.04,0.14,0.05,18.2,135,46,137,198.0,2,3,0,100
18:19:20,5,1,5,7.1,0.04,0.14,0.05,18.2,135,46,137,198.0,2,3,0,100
18:19:20,5,1,5,7.1,0.04,0.14,0.05,18.3,135,46,137,198.0,2,3,0,100
18:19:20,5,1,5,7.1,0.04,0.14,0.05,18.3,135,46,137,198.0,2,3,0,100
18:19:21,5,1,5,7.1,0.04,0.14,0.05,18.4,135,46,137,198.0,2,3,0,100
18:19:21,5,1,5,7.1,0.04,0.14,0.05,18.2,135,46,137,198.0,2,3,0,100
18:19:21,5,1,5,7.1,0.04,0.14,0.05,18.6,135,46,137,198.0,2,3,0,100
18:19:21,5,1,5,7.1,0.04,0.14,0.05,18.3,135,46,137,198.0,2,3,0,100
18:19:21,5,1,5,7.1,0.04,0.14,0.05,18.3,135,46,137,198.0,2,3,0,100
18:19:21,5,1,5,7.1,0.04,0.14,0.05,18.4,135,46,137,198.0,2,3,0,100
18:19:21,6,2,5,8.1,0.05,0.15,0.08,18.4,165,69,148,232.0,0,0,0,100
18:19:21,6,2,5,8.1,0.05,0.15,0.08,18.2,165,69,148,232.0,0,0,0,100
18:19:21,6,2,5,8.1,0.05,0.15,0.08,18.4,165,69,148,232.0,0,0,0,100
18:19:21,6,2,5,8.1,0.05,0.15,0.08,18.4,165,69,148,232.0,0,0,0,100
18:19:22,6,2,5,8.1,0.05,0.15,0.08,18.4,165,69,148,232.0,0,0,0,100
18:19:22,6,2,5,8.1,0.05,0.15,0.08,18.4,165,69,148,232.0,0,0,0,100
18:19:22,6,2,5,8.1,0.05,0.15,0.08,18.2,165,69,148,232.0,0,0,0,100
18:19:22,6,2,5,8.1,0.05,0.15,0.08,18.3,165,69,148,232.0,0,0,0,100
18:19:22,6,2,5,8.1,0.05,0.15,0.08,18.4,165,69,148,232.0,0,0,0,100
18:19:22,6,2,5,8.1,0.05,0.15,0.08,18.2,165,69,148,232.0,0,0,0,100
18:19:22,5,7,8,11.7,0.07,0.15,0.09,18.4,123,109,192,253.0,3,0,0,100
18:19:22,5,7,8,11.7,0.07,0.15,0.09,18.4,123,109,192,253.0,3,0,0,100
18:19:22,5,7,8,11.7,0.07,0.15,0.09,18.3,123,109,192,253.0,3,0,0,100
18:19:22,5,7,8,11.7,0.07,0.15,0.09,18.4,123,109,192,253.0,3,0,0,100
18:19:23,5,7,8,11.7,0.07,0.15,0.09,18.2,123,109,192,253.0,3,0,0,100
18:19:23,5,7,8,11.7,0.07,0.15,0.09,18.4,123,109,192,253.0,3,0,0,100
18:19:23,5,7,8,11.7,0.07,0.15,0.09,18.2,123,109,192,253.0,3,0,0,100
18:19:23,5,7,8,11.7,0.07,0.15,0.09,18.2,123,109,192,253.0,3,0,0,100
18:19:23,5,7,8,11.7,0.07,0.15,0.09,18.4,123,109,192,253.0,3,0,0,100
18:19:23,5,7,8,11.7,0.07,0.15,0.09,18.4,123,109,192,253.0,3,0,0,100
18:19:23,8,5,5,10.7,0.08,0.09,0.04,18.4,242,140,155,320.0,0,0,1,100
18:19:23,8,5,5,10.7,0.08,0.09,0.04,18.4,242,140,155,320.0,0,0,1,100
18:19:23,8,5,5,10.7,0.08,0.09,0.04,18.3,242,140,155,320.0,0,0,1,100
18:19:24,8,5,5,10.7,0.08,0.09,0.04,18.2,242,140,155,320.0,0,0,1,100
18:19:24,8,5,5,10.7,0.08,0.09,0.04,18.3,242,140,155,320.0,0,0,1,100
18:19:24,8,5,5,10.7,0.08,0.09,0.04,18.4,242,140,155,320.0,0,0,1,100
18:19:24,8,5,5,10.7,0.08,0.09,0.04,18.2,242,140,155,320.0,0,0,1,100
18:19:24,8,5,5,10.7,0.08,0.09,0.04,18.3,242,140,155,320.0,0,0,1,100
18:19:24,8,5,5,10.7,0.08,0.09,0.04,18.3,242,140,155,320.0,0,0,1,100
18:19:24,8,5,5,10.7,0.08,0.09,0.04,18.6,242,140,155,320.0,0,0,1,100
18:19:24,10,5,10,15.0,0.09,0.15,0.09,18.4,262,156,252,396.0,0,0,0,100
18:19:24,10,5,10,15.0,0.09,0.15,0.09,18.2,262,156,252,396.0,0,0,0,100
18:19:24,10,5,10,15.0,0.09,0.15,0.09,18.4,262,156,252,396.0,0,0,0,100
18:19:24,10,5,10,15.0,0.09,0.15,0.09,18.3,262,156,252,396.0,0,0,0,100
18:19:25,10,5,10,15.0,0.09,0.15,0.09,18.4,262,156,252,396.0,0,0,0,100
18:19:25,10,5,10,15.0,0.09,0.15,0.09,18.3,262,156,252,396.0,0,0,0,100
18:19:25,10,5,10,15.0,0.09,0.15,0.09,18.4,262,156,252,396.0,0,0,0,100
18:19:25,10,5,10,15.0,0.09,0.15,0.09,18.2,262,156,252,396.0,0,0,0,100
18:19:25,10,5,10,15.0,0.09,0.15,0.09,18.4,262,156,252,396.0,0,0,0,100
18:19:25,10,5,10,15.0,0.09,0.15,0.09,18.4,262,156,252,396.0,0,0,0,100
18:19:25,7,5,9,12.4,0.07,0.16,0.11,18.4,143,149,264,335.0,1,0,0,100
18:19:25,7,5,9,12.4,0.07,0.16,0.11,18.4,143,149,264,335.0,1,0,0,100
18:19:25,7,5,9,12.4,0.07,0.16,0.11,18.3,143,149,264,335.0,1,0,0,100
18:19:26,7,5,9,12.4,0.07,0.16,0.11,18.2,143,149,264,335.0,1,0,0,100
18:19:26,7,5,9,12.4,0.07,0.16,0.11,18.4,143,149,264,335.0,1,0,0,100
18:19:26,7,5,9,12.4,0.07,0.16,0.11,18.4,143,149,264,335.0,1,0,0,100
18:19:26,7,5,9,12.4,0.07,0.16,0.11,18.4,143,149,264,335.0,1,0,0,100
18:19:26,7,5,9,12.4,0.07,0.16,0.11,18.4,143,149,264,335.0,1,0,0,100
18:19:26,7,5,9,12.4,0.07,0.16,0.11,18.2,143,149,264,335.0,1,0,0,100
18:19:26,7,5,9,12.4,0.07,0.16,0.11,18.3,143,149,264,335.0,1,0,0,100
18:19:26,7,4,5,9.5,0.05,0.15,0.08,18.2,191,110,145,264.0,0,0,0,100
18:19:26,7,4,5,9.5,0.05,0.15,0.08,18.4,191,110,145,264.0,0,0,0,100
18:19:26,7,4,5,9.5,0.05,0.15,0.08,18.2,191,110,145,264.0,0,0,0,100
18:19:27,7,4,5,9.5,0.05,0.15,0.08,18.2,191,110,145,264.0,0,0,0,100
18:19:27,7,4,5,9.5,0.05,0.15,0.08,18.3,191,110,145,264.0,0,0,0,100
18:19:27,7,4,5,9.5,0.05,0.15,0.08,18.4,191,110,145,264.0,0,0,0,100
18:19:27,7,4,5,9.5,0.05,0.15,0.08,18.4,191,110,145,264.0,0,0,0,100
18:19:27,7,4,5,9.5,0.05,0.15,0.08,18.7,191,110,145,264.0,0,0,0,100
18:19:27,7,4,5,9.5,0.05,0.15,0.08,18.4,191,110,145,264.0,0,0,0,100
18:19:27,7,4,5,9.5,0.05,0.15,0.08,18.2,191,110,145,264.0,0,0,0,100
18:19:27,6,2,6,8.7,0.08,0.15,0.04,18.3,184,65,142,241.0,0,0,0,100
18:19:27,6,2,6,8.7,0.08,0.15,0.04,18.4,184,65,142,241.0,0,0,0,100
18:19:27,6,2,6,8.7,0.08,0.15,0.04,18.3,184,65,142,241.0,0,0,0,100
18:19:28,6,2,6,8.7,0.08,0.15,0.04,18.2,184,65,142,241.0,0,0,0,100
18:19:28,6,2,6,8.7,0.08,0.15,0.04,18.4,184,65,142,241.0,0,0,0,100
18:19:28,6,2,6,8.7,0.08,0.15,0.04,18.4,184,65,142,241.0,0,0,0,100
18:19:28,6,2,6,8.7,0.08,0.15,0.04,18.2,184,65,142,241.0,0,0,0,100
18:19:28,6,2,6,8.7,0.08,0.15,0.04,18.3,184,65,142,241.0,0,0,0,100
18:19:28,6,2,6,8.7,0.08,0.15,0.04,18.4,184,65,142,241.0,0,0,0,100
18:19:28,6,2,6,8.7,0.08,0.15,0.04,18.2,184,65,142,241.0,0,0,0,100
18:19:28,5,1,5,7.1,0.08,0.13,0.04,18.2,159,43,146,220.0,0,2,1,100
18:19:28,5,1,5,7.1,0.08,0.13,0.04,18.2,159,43,146,220.0,0,2,1,100
18:19:28,5,1,5,7.1,0.08,0.13,0.04,18.3,159,43,146,220.0,0,2,1,100
18:19:29,5,1,5,7.1,0.08,0.13,0.04,18.4,159,43,146,220.0,0,2,1,100
18:19:29,5,1,5,7.1,0.08,0.13,0.04,18.4,159,43,146,220.0,0,2,1,100
18:19:29,5,1,5,7.1,0.08,0.13,0.04,18.2,159,43,146,220.0,0,2,1,100
18:19:29,5,1,5,7.1,0.08,0.13,0.04,18.3,159,43,146,220.0,0,2,1,100
18:19:29,5,1,5,7.1,0.08,0.13,0.04,18.5,159,43,146,220.0,0,2,1,100
18:19:29,5,1,5,7.1,0.08,0.13,0.04,18.5,159,43,146,220.0,0,2,1,100
18:19:29,5,1,5,7.1,0.08,0.13,0.04,18.3,159,43,146,220.0,0,2,1,100
18:19:29,6,3,6,9.0,0.03,0.21,0.1,18.2,167,98,171,258.0,0,0,0,100
18:19:29,6,3,6,9.0,0.03,0.21,0.1,18.5,167,98,171,258.0,0,0,0,100
18:19:29,6,3,6,9.0,0.03,0.21,0.1,18.5,167,98,171,258.0,0,0,0,100
18:19:30,6,3,6,9.0,0.03,0.21,0.1,18.3,167,98,171,258.0,0,0,0,100
18:19:30,6,3,6,9.0,0.03,0.21,0.1,18.2,167,98,171,258.0,0,0,0,100
18:19:30,6,3,6,9.0,0.03,0.21,0.1,18.3,167,98,171,258.0,0,0,0,100
18:19:30,6,3,6,9.0,0.03,0.21,0.1,18.5,167,98,171,258.0,0,0,0,100
18:19:30,6,3,6,9.0,0.03,0.21,0.1,18.3,167,98,171,258.0,0,0,0,100
18:19:30,6,3,6,9.0,0.03,0.21,0.1,18.3,167,98,171,258.0,0,0,0,100
18:19:30,6,3,6,9.0,0.03,0.21,0.1,18.4,167,98,171,258.0,0,0,0,100
18:19:30,7,6,8,12.2,0.09,0.33,0.08,18.2,208,150,226,342.0,2,0,0,100
18:19:30,7,6,8,12.2,0.09,0.33,0.08,18.2,208,150,226,342.0,2,0,0,100
18:19:30,7,6,8,12.2,0.09,0.33,0.08,18.3,208,150,226,342.0,2,0,0,100
18:19:31,7,6,8,12.2,0.09,0.33,0.08,18.2,208,150,226,342.0,2,0,0,100
18:19:31,7,6,8,12.2,0.09,0.33,0.08,18.3,208,150,226,342.0,2,0,0,100
18:19:31,7,6,8,12.2,0.09,0.33,0.08,18.4,208,150,226,342.0,2,0,0,100
18:19:31,7,6,8,12.2,0.09,0.33,0.08,18.2,208,150,226,342.0,2,0,0,100
18:19:31,7,6,8,12.2,0.09,0.33,0.08,18.4,208,150,226,342.0,2,0,0,100
18:19:31,7,6,8,12.2,0.09,0.33,0.08,18.2,208,150,226,342.0,2,0,0,100
18:19:31,7,6,8,12.2,0.09,0.33,0.08,18.2,208,150,226,342.0,2,0,0,100
18:19:31,10,6,6,13.1,0.05,0.21,0.04,18.4,253,168,185,356.0,0,0,0,100
18:19:31,10,6,6,13.1,0.05,0.21,0.04,18.3,253,168,185,356.0,0,0,0,100
18:19:31,10,6,6,13.1,0.05,0.21,0.04,18.2,253,168,185,356.0,0,0,0,100
18:19:32,10,6,6,13.1,0.05,0.21,0.04,18.2,253,168,185,356.0,0,0,0,100
18:19:32,10,6,6,13.1,0.05,0.21,0.04,18.2,253,168,185,356.0,0,0,0,100
18:19:32,10,6,6,13.1,0.05,0.21,0.04,18.3,253,168,185,356.0,0,0,0,100
18:19:32,10,6,6,13.1,0.05,0.21,0.04,18.3,253,168,185,356.0,0,0,0,100
18:19:32,10,6,6,13.1,0.05,0.21,0.04,18.2,253,168,185,356.0,0,0,0,100
18:19:32,10,6,6,13.1,0.05,0.21,0.04,18.2,253,168,185,356.0,0,0,0,100
18:19:32,10,6,6,13.1,0.05,0.21,0.04,18.2,253,168,185,356.0,0,0,0,100
18:19:32,7,5,8,11.7,0.05,0.14,0.09,18.3,224,135,228,347.0,0,0,0,100
18:19:32,7,5,8,11.7,0.05,0.14,0.09,18.2,224,135,228,347.0,0,0,0,100
18:19:32,7,5,8,11.7,0.05,0.14,0.09,18.4,224,135,228,347.0,0,0,0,100
18:19:33,7,5,8,11.7,0.05,0.14,0.09,18.2,224,135,228,347.0,0,0,0,100
18:19:33,7,5,8,11.7,0.05,0.14,0.09,18.5,224,135,228,347.0,0,0,0,100
18:19:33,7,5,8,11.7,0.05,0.14,0.09,18.2,224,135,228,347.0,0,0,0,100
18:19:33,7,5,8,11.7,0.05,0.14,0.09,18.2,224,135,228,347.0,0,0,0,100
18:19:33,7,5,8,11.7,0.05,0.14,0.09,18.2,224,135,228,347.0,0,0,0,100
18:19:33,7,5,8,11.7,0.05,0.14,0.09,18.4,224,135,228,347.0,0,0,0,100
18:19:33,7,5,8,11.7,0.05,0.14,0.09,18.3,224,135,228,347.0,0,0,0,100
18:19:33,5,5,8,10.7,0.06,0.2,0.14,18.2,142,133,227,299.0,0,0,0,100
18:19:33,5,5,8,10.7,0.06,0.2,0.14,18.4,142,133,227,299.0,0,0,0,100
18:19:34,5,5,8,10.7,0.06,0.2,0.14,18.1,142,133,227,299.0,0,0,0,100
18:19:34,5,5,8,10.7,0.06,0.2,0.14,18.3,142,133,227,299.0,0,0,0,100
18:19:34,5,5,8,10.7,0.06,0.2,0.14,18.4,142,133,227,299.0,0,0,0,100
18:19:34,5,5,8,10.7,0.06,0.2,0.14,18.2,142,133,227,299.0,0,0,0,100
18:19:34,5,5,8,10.7,0.06,0.2,0.14,18.4,142,133,227,299.0,0,0,0,100
18:19:34,5,5,8,10.7,0.06,0.2,0.14,18.2,142,133,227,299.0,0,0,0,100
18:19:34,5,5,8,10.7,0.06,0.2,0.14,18.2,142,133,227,299.0,0,0,0,100
18:19:34,5,5,8,10.7,0.06,0.2,0.14,18.2,142,133,227,299.0,0,0,0,100
18:19:34,8,5,5,10.7,0.07,0.15,0.1,18.4,178,85,92,218.0,0,0,1,100
18:19:34,8,5,5,10.7,0.07,0.15,0.1,18.5,178,85,92,218.0,0,0,1,100
18:19:35,8,5,5,10.7,0.07,0.15,0.1,18.2,178,85,92,218.0,0,0,1,100
18:19:35,8,5,5,10.7,0.07,0.15,0.1,18.4,178,85,92,218.0,0,0,1,100
18:19:35,8,5,5,10.7,0.07,0.15,0.1,18.3,178,85,92,218.0,0,0,1,100
18:19:35,8,5,5,10.7,0.07,0.15,0.1,18.4,178,85,92,218.0,0,0,1,100
18:19:35,8,5,5,10.7,0.07,0.15,0.1,18.5,178,85,92,218.0,0,0,1,100
18:19:35,8,5,5,10.7,0.07,0.15,0.1,18.2,178,85,92,218.0,0,0,1,100
18:19:35,8,5,5,10.7,0.07,0.15,0.1,18.4,178,85,92,218.0,0,0,1,100
18:19:35,8,5,5,10.7,0.07,0.15,0.1,18.4,178,85,92,218.0,0,0,1,100
18:19:35,3,1,5,5.9,0.07,0.12,0.03,18.5,99,34,149,182.0,3,1,0,100
18:19:35,3,1,5,5.9,0.07,0.12,0.03,18.3,99,34,149,182.0,3,1,0,100
18:19:36,3,1,5,5.9,0.07,0.12,0.03,18.3,99,34,149,182.0,3,1,0,100
18:19:36,3,1,5,5.9,0.07,0.12,0.03,18.4,99,34,149,182.0,3,1,0,100
18:19:36,3,1,5,5.9,0.07,0.12,0.03,18.2,99,34,149,182.0,3,1,0,100
18:19:36,3,1,5,5.9,0.07,0.12,0.03,18.2,99,34,149,182.0,3,1,0,100
18:19:36,3,1,5,5.9,0.07,0.12,0.03,18.4,99,34,149,182.0,3,1,0,100
18:19:36,3,1,5,5.9,0.07,0.12,0.03,18.2,99,34,149,182.0,3,1,0,100
18:19:36,3,1,5,5.9,0.07,0.12,0.03,18.5,99,34,149,182.0,3,1,0,100
18:19:36,3,1,5,5.9,0.07,0.12,0.03,18.3,99,34,149,182.0,3,1,0,100
18:19:36,6,3,3,7.3,0.06,0.14,0.07,18.2,190,83,92,227.0,0,0,1,100
18:19:36,6,3,3,7.3,0.06,0.14,0.07,18.3,190,83,92,227.0,0,0,1,100
18:19:36,6,3,3,7.3,0.06,0.14,0.07,18.4,190,83,92,227.0,0,0,1,100
18:19:37,6,3,3,7.3,0.06,0.14,0.07,18.2,190,83,92,227.0,0,0,1,100
18:19:37,6,3,3,7.3,0.06,0.14,0.07,18.4,190,83,92,227.0,0,0,1,100
18:19:37,6,3,3,7.3,0.06,0.14,0.07,18.1,190,83,92,227.0,0,0,1,100
18:19:37,6,3,3,7.3,0.06,0.14,0.07,18.2,190,83,92,227.0,0,0,1,100
18:19:37,6,3,3,7.3,0.06,0.14,0.07,18.2,190,83,92,227.0,0,0,1,100
18:19:37,6,3,3,7.3,0.06,0.14,0.07,18.2,190,83,92,227.0,0,0,1,100
18:19:37,6,3,3,7.3,0.06,0.14,0.07,18.2,190,83,92,227.0,0,0,1,100
18:19:37,5,4,6,8.8,0.02,0.1,0.05,18.2,151,115,200,276.0,0,0,0,100
18:19:37,5,4,6,8.8,0.02,0.1,0.05,18.4,151,115,200,276.0,0,0,0,100
18:19:38,5,4,6,8.8,0.02,0.1,0.05,18.3,151,115,200,276.0,0,0,0,100
18:19:38,5,4,6,8.8,0.02,0.1,0.05,18.3,151,115,200,276.0,0,0,0,100
18:19:38,5,4,6,8.8,0.02,0.1,0.05,18.5,151,115,200,276.0,0,0,0,100
18:19:38,5,4,6,8.8,0.02,0.1,0.05,18.3,151,115,200,276.0,0,0,0,100
18:19:38,5,4,6,8.8,0.02,0.1,0.05,18.4,151,115,200,276.0,0,0,0,100
18:19:38,5,4,6,8.8,0.02,0.1,0.05,18.3,151,115,200,276.0,0,0,0,100
18:19:38,5,4,6,8.8,0.02,0.1,0.05,18.2,151,115,200,276.0,0,0,0,100
18:19:38,5,4,6,8.8,0.02,0.1,0.05,18.3,151,115,200,276.0,0,0,0,100
18:19:38,11,10,11,18.5,0.05,0.11,0.07,18.3,192,161,211,328.0,0,0,0,100
18:19:38,11,10,11,18.5,0.05,0.11,0.07,18.3,192,161,211,328.0,0,0,0,100
18:19:39,11,10,11,18.5,0.05,0.11,0.07,18.4,192,161,211,328.0,0,0,0,100
18:19:39,11,10,11,18.5,0.05,0.11,0.07,18.4,192,161,211,328.0,0,0,0,100
18:19:39,11,10,11,18.5,0.05,0.11,0.07,18.2,192,161,211,328.0,0,0,0,100
18:19:39,11,10,11,18.5,0.05,0.11,0.07,18.3,192,161,211,328.0,0,0,0,100
18:19:39,11,10,11,18.5,0.05,0.11,0.07,18.2,192,161,211,328.0,0,0,0,100
18:19:39,11,10,11,18.5,0.05,0.11,0.07,18.2,192,161,211,328.0,0,0,0,100
18:19:39,11,10,11,18.5,0.05,0.11,0.07,18.2,192,161,211,328.0,0,0,0,100
18:19:39,11,10,11,18.5,0.05,0.11,0.07,18.4,192,161,211,328.0,0,0,0,100
18:19:39,8,4,4,9.8,0.07,0.26,0.03,18.4,237,143,120,302.0,0,0,1,100
18:19:39,8,4,4,9.8,0.07,0.26,0.03,18.2,237,143,120,302.0,0,0,1,100
18:19:40,8,4,4,9.8,0.07,0.26,0.03,18.4,237,143,120,302.0,0,0,1,100
18:19:40,8,4,4,9.8,0.07,0.26,0.03,18.3,237,143,120,302.0,0,0,1,100
18:19:40,8,4,4,9.8,0.07,0.26,0.03,18.0,237,143,120,302.0,0,0,1,100
18:19:40,8,4,4,9.8,0.07,0.26,0.03,18.1,237,143,120,302.0,0,0,1,100
18:19:40,8,4,4,9.8,0.07,0.26,0.03,18.1,237,143,120,302.0,0,0,1,100
18:19:40,8,4,4,9.8,0.07,0.26,0.03,18.4,237,143,120,302.0,0,0,1,100
18:19:40,8,4,4,9.8,0.07,0.26,0.03,18.2,237,143,120,302.0,0,0,1,100
18:19:40,8,4,4,9.8,0.07,0.26,0.03,18.2,237,143,120,302.0,0,0,1,100
18:19:40,11,5,7,14.0,0.06,0.24,0.05,18.3,210,128,208,322.0,0,0,0,100
18:19:40,11,5,7,14.0,0.06,0.24,0.05,18.4,210,128,208,322.0,0,0,0,100
18:19:41,11,5,7,14.0,0.06,0.24,0.05,18.4,210,128,208,322.0,0,0,0,100
18:19:41,11,5,7,14.0,0.06,0.24,0.05,18.3,210,128,208,322.0,0,0,0,100
18:19:41,11,5,7,14.0,0.06,0.24,0.05,18.4,210,128,208,322.0,0,0,0,100
18:19:41,11,5,7,14.0,0.06,0.24,0.05,18.2,210,128,208,322.0,0,0,0,100
18:19:41,11,5,7,14.0,0.06,0.24,0.05,18.3,210,128,208,322.0,0,0,0,100
18:19:41,11,5,7,14.0,0.06,0.24,0.05,18.2,210,128,208,322.0,0,0,0,100
18:19:41,11,5,7,14.0,0.06,0.24,0.05,18.4,210,128,208,322.0,0,0,0,100
18:19:41,11,5,7,14.0,0.06,0.24,0.05,18.5,210,128,208,322.0,0,0,0,100
18:19:41,6,3,7,9.7,0.03,0.2,0.09,18.4,183,84,190,277.0,1,0,0,100
18:19:41,6,3,7,9.7,0.03,0.2,0.09,18.2,183,84,190,277.0,1,0,0,100
18:19:42,6,3,7,9.7,0.03,0.2,0.09,18.3,183,84,190,277.0,1,0,0,100
18:19:42,6,3,7,9.7,0.03,0.2,0.09,18.2,183,84,190,277.0,1,0,0,100
18:19:42,6,3,7,9.7,0.03,0.2,0.09,18.6,183,84,190,277.0,1,0,0,100
18:19:42,6,3,7,9.7,0.03,0.2,0.09,18.4,183,84,190,277.0,1,0,0,100
18:19:42,6,3,7,9.7,0.03,0.2,0.09,18.2,183,84,190,277.0,1,0,0,100
18:19:42,6,3,7,9.7,0.03,0.2,0.09,18.4,183,84,190,277.0,1,0,0,100
18:19:42,6,3,7,9.7,0.03,0.2,0.09,18.2,183,84,190,277.0,1,0,0,100
18:19:42,6,3,7,9.7,0.03,0.2,0.09,18.2,183,84,190,277.0,1,0,0,100
18:19:42,5,1,4,6.5,0.06,0.15,0.07,18.3,178,58,120,222.0,0,2,1,100
18:19:42,5,1,4,6.5,0.06,0.15,0.07,18.2,178,58,120,222.0,0,2,1,100
18:19:43,5,1,4,6.5,0.06,0.15,0.07,18.2,178,58,120,222.0,0,2,1,100
18:19:43,5,1,4,6.5,0.06,0.15,0.07,18.2,178,58,120,222.0,0,2,1,100
18:19:43,5,1,4,6.5,0.06,0.15,0.07,18.2,178,58,120,222.0,0,2,1,100
18:19:43,5,1,4,6.5,0.06,0.15,0.07,18.3,178,58,120,222.0,0,2,1,100
18:19:43,5,1,4,6.5,0.06,0.15,0.07,18.2,178,58,120,222.0,0,2,1,100
18:19:43,5,1,4,6.5,0.06,0.15,0.07,18.2,178,58,120,222.0,0,2,1,100
18:19:43,5,1,4,6.5,0.06,0.15,0.07,18.3,178,58,120,222.0,0,2,1,100
18:19:43,5,1,4,6.5,0.06,0.15,0.07,18.2,178,58,120,222.0,0,2,1,100
18:19:43,4,2,5,6.7,0.04,0.16,0.02,18.3,119,57,145,196.0,0,0,0,100
18:19:43,4,2,5,6.7,0.04,0.16,0.02,18.4,119,57,145,196.0,0,0,0,100
18:19:44,4,2,5,6.7,0.04,0.16,0.02,18.2,119,57,145,196.0,0,0,0,100
18:19:44,4,2,5,6.7,0.04,0.16,0.02,18.2,119,57,145,196.0,0,0,0,100
18:19:44,4,2,5,6.7,0.04,0.16,0.02,18.2,119,57,145,196.0,0,0,0,100
18:19:44,4,2,5,6.7,0.04,0.16,0.02,18.4,119,57,145,196.0,0,0,0,100
18:19:44,4,2,5,6.7,0.04,0.16,0.02,18.5,119,57,145,196.0,0,0,0,100
18:19:44,4,2,5,6.7,0.04,0.16,0.02,18.5,119,57,145,196.0,0,0,0,100
18:19:44,4,2,5,6.7,0.04,0.16,0.02,18.4,119,57,145,196.0,0,0,0,100
18:19:44,4,2,5,6.7,0.04,0.16,0.02,18.2,119,57,145,196.0,0,0,0,100
18:19:44,7,5,5,9.9,0.03,0.19,0.04,18.4,207,104,108,256.0,0,0,2,100
18:19:44,7,5,5,9.9,0.03,0.19,0.04,18.4,207,104,108,256.0,0,0,2,100
18:19:45,7,5,5,9.9,0.03,0.19,0.04,18.2,207,104,108,256.0,0,0,2,100
18:19:45,7,5,5,9.9,0.03,0.19,0.04,18.4,207,104,108,256.0,0,0,2,100
18:19:45,7,5,5,9.9,0.03,0.19,0.04,18.2,207,104,108,256.0,0,0,2,100
18:19:45,7,5,5,9.9,0.03,0.19,0.04,18.4,207,104,108,256.0,0,0,2,100
18:19:45,7,5,5,9.9,0.03,0.19,0.04,18.4,207,104,108,256.0,0,0,2,100
18:19:45,7,5,5,9.9,0.03,0.19,0.04,18.2,207,104,108,256.0,0,0,2,100
18:19:45,7,5,5,9.9,0.03,0.19,0.04,18.3,207,104,108,256.0,0,0,2,100
18:19:45,7,5,5,9.9,0.03,0.19,0.04,18.2,207,104,108,256.0,0,0,2,100
18:19:45,8,5,9,13.0,0.05,0.24,0.07,18.3,202,147,235,343.0,1,0,0,100
18:19:45,8,5,9,13.0,0.05,0.24,0.07,18.4,202,147,235,343.0,1,0,0,100
18:19:46,8,5,9,13.0,0.05,0.24,0.07,18.2,202,147,235,343.0,1,0,0,100
18:19:46,8,5,9,13.0,0.05,0.24,0.07,18.5,202,147,235,343.0,1,0,0,100
18:19:46,8,5,9,13.0,0.05,0.24,0.07,18.4,202,147,235,343.0,1,0,0,100
18:19:46,8,5,9,13.0,0.05,0.24,0.07,18.2,202,147,235,343.0,1,0,0,100
18:19:46,8,5,9,13.0,0.05,0.24,0.07,18.3,202,147,235,343.0,1,0,0,100
18:19:46,8,5,9,13.0,0.05,0.24,0.07,18.3,202,147,235,343.0,1,0,0,100
18:19:46,8,5,9,13.0,0.05,0.24,0.07,18.2,202,147,235,343.0,1,0,0,100
18:19:46,8,5,9,13.0,0.05,0.24,0.07,18.3,202,147,235,343.0,1,0,0,100
18:19:46,7,5,8,11.7,0.03,0.18,0.04,18.2,200,147,225,335.0,1,0,0,100
18:19:46,7,5,8,11.7,0.03,0.18,0.04,18.4,200,147,225,335.0,1,0,0,100
18:19:47,7,5,8,11.7,0.03,0.18,0.04,18.2,200,147,225,335.0,1,0,0,100
18:19:47,7,5,8,11.7,0.03,0.18,0.04,18.0,200,147,225,335.0,1,0,0,100
18:19:47,7,5,8,11.7,0.03,0.18,0.04,18.2,200,147,225,335.0,1,0,0,100
18:19:47,7,5,8,11.7,0.03,0.18,0.04,18.2,200,147,225,335.0,1,0,0,100
18:19:47,7,5,8,11.7,0.03,0.18,0.04,18.4,200,147,225,335.0,1,0,0,100
18:19:47,7,5,8,11.7,0.03,0.18,0.04,18.2,200,147,225,335.0,1,0,0,100
18:19:47,7,5,8,11.7,0.03,0.18,0.04,18.5,200,147,225,335.0,1,0,0,100
18:19:47,7,5,8,11.7,0.03,0.18,0.04,18.5,200,147,225,335.0,1,0,0,100
18:19:47,8,5,5,10.7,0.1,0.18,0.04,18.2,261,154,123,327.0,0,0,0,100
18:19:47,8,5,5,10.7,0.1,0.18,0.04,18.4,261,154,123,327.0,0,0,0,100
18:19:48,8,5,5,10.7,0.1,0.18,0.04,18.4,261,154,123,327.0,0,0,0,100
18:19:48,8,5,5,10.7,0.1,0.18,0.04,18.2,261,154,123,327.0,0,0,0,100
18:19:48,8,5,5,10.7,0.1,0.18,0.04,18.2,261,154,123,327.0,0,0,0,100
18:19:48,8,5,5,10.7,0.1,0.18,0.04,18.2,261,154,123,327.0,0,0,0,100
18:19:48,8,5,5,10.7,0.1,0.18,0.04,18.4,261,154,123,327.0,0,0,0,100
18:19:48,8,5,5,10.7,0.1,0.18,0.04,18.2,261,154,123,327.0,0,0,0,100
18:19:48,8,5,5,10.7,0.1,0.18,0.04,18.3,261,154,123,327.0,0,0,0,100
18:19:48,8,5,5,10.7,0.1,0.18,0.04,18.2,261,154,123,327.0,0,0,0,100
18:19:48,8,5,8,12.4,0.1,0.28,0.07,18.2,192,133,201,308.0,0,0,0,100
18:19:48,8,5,8,12.4,0.1,0.28,0.07,18.2,192,133,201,308.0,0,0,0,100
18:19:49,8,5,8,12.4,0.1,0.28,0.07,18.4,192,133,201,308.0,0,0,0,100
18:19:49,8,5,8,12.4,0.1,0.28,0.07,18.4,192,133,201,308.0,0,0,0,100
18:19:49,8,5,8,12.4,0.1,0.28,0.07,18.1,192,133,201,308.0,0,0,0,100
18:19:49,8,5,8,12.4,0.1,0.28,0.07,18.1,192,133,201,308.0,0,0,0,100
18:19:49,8,5,8,12.4,0.1,0.28,0.07,18.2,192,133,201,308.0,0,0,0,100
18:19:49,8,5,8,12.4,0.1,0.28,0.07,18.2,192,133,201,308.0,0,0,0,100
18:19:49,8,5,8,12.4,0.1,0.28,0.07,18.1,192,133,201,308.0,0,0,0,100
18:19:49,8,5,8,12.4,0.1,0.28,0.07,18.4,192,133,201,308.0,0,0,0,100
18:19:49,5,2,5,7.3,0.04,0.17,0.09,18.2,142,58,145,211.0,0,0,0,100
18:19:50,5,2,5,7.3,0.04,0.17,0.09,18.3,142,58,145,211.0,0,0,0,100
18:19:50,5,2,5,7.3,0.04,0.17,0.09,18.2,142,58,145,211.0,0,0,0,100
18:19:50,5,2,5,7.3,0.04,0.17,0.09,18.5,142,58,145,211.0,0,0,0,100
18:19:50,5,2,5,7.3,0.04,0.17,0.09,18.4,142,58,145,211.0,0,0,0,100
18:19:50,5,2,5,7.3,0.04,0.17,0.09,18.2,142,58,145,211.0,0,0,0,100
18:19:50,5,2,5,7.3,0.04,0.17,0.09,18.2,142,58,145,211.0,0,0,0,100
18:19:50,5,2,5,7.3,0.04,0.17,0.09,18.2,142,58,145,211.0,0,0,0,100
18:19:50,5,2,5,7.3,0.04,0.17,0.09,18.4,142,58,145,211.0,0,0,0,100
18:19:50,5,2,5,7.3,0.04,0.17,0.09,18.1,142,58,145,211.0,0,0,0,100
18:19:50,4,1,4,5.7,0.08,0.14,0.08,18.1,128,43,137,192.0,0,0,1,100
18:19:51,4,1,4,5.7,0.08,0.14,0.08,18.1,128,43,137,192.0,0,0,1,100
18:19:51,4,1,4,5.7,0.08,0.14,0.08,18.2,128,43,137,192.0,0,0,1,100
18:19:51,4,1,4,5.7,0.08,0.14,0.08,18.3,128,43,137,192.0,0,0,1,100
18:19:51,4,1,4,5.7,0.08,0.14,0.08,18.3,128,43,137,192.0,0,0,1,100
18:19:51,4,1,4,5.7,0.08,0.14,0.08,18.4,128,43,137,192.0,0,0,1,100
18:19:51,4,1,4,5.7,0.08,0.14,0.08,18.2,128,43,137,192.0,0,0,1,100
18:19:51,4,1,4,5.7,0.08,0.14,0.08,18.2,128,43,137,192.0,0,0,1,100
18:19:51,4,1,4,5.7,0.08,0.14,0.08,18.2,128,43,137,192.0,0,0,1,100
18:19:51,4,1,4,5.7,0.08,0.14,0.08,18.4,128,43,137,192.0,0,0,1,100
18:19:51,6,3,6,9.0,0.08,0.14,0.05,18.4,174,90,182,267.0,2,0,0,100
18:19:51,6,3,6,9.0,0.08,0.14,0.05,18.3,174,90,182,267.0,2,0,0,100
18:19:52,6,3,6,9.0,0.08,0.14,0.05,18.2,174,90,182,267.0,2,0,0,100
18:19:52,6,3,6,9.0,0.08,0.14,0.05,18.4,174,90,182,267.0,2,0,0,100
18:19:52,6,3,6,9.0,0.08,0.14,0.05,18.1,174,90,182,267.0,2,0,0,100
18:19:52,6,3,6,9.0,0.08,0.14,0.05,18.4,174,90,182,267.0,2,0,0,100
18:19:52,6,3,6,9.0,0.08,0.14,0.05,18.2,174,90,182,267.0,2,0,0,100
18:19:52,6,3,6,9.0,0.08,0.14,0.05,18.5,174,90,182,267.0,2,0,0,100
18:19:52,6,3,6,9.0,0.08,0.14,0.05,18.2,174,90,182,267.0,2,0,0,100
18:19:52,6,3,6,9.0,0.08,0.14,0.05,18.4,174,90,182,267.0,2,0,0,100
18:19:52,10,5,5,12.2,0.03,0.19,0.03,18.2,215,123,108,270.0,0,0,1,100
18:19:52,10,5,5,12.2,0.03,0.19,0.03,18.2,215,123,108,270.0,0,0,1,100
18:19:53,10,5,5,12.2,0.03,0.19,0.03,18.4,215,123,108,270.0,0,0,1,100
18:19:53,10,5,5,12.2,0.03,0.19,0.03,18.3,215,123,108,270.0,0,0,1,100
18:19:53,10,5,5,12.2,0.03,0.19,0.03,18.4,215,123,108,270.0,0,0,1,100
18:19:53,10,5,5,12.2,0.03,0.19,0.03,18.4,215,123,108,270.0,0,0,1,100
18:19:53,10,5,5,12.2,0.03,0.19,0.03,18.2,215,123,108,270.0,0,0,1,100
18:19:53,10,5,5,12.2,0.03,0.19,0.03,18.3,215,123,108,270.0,0,0,1,100
18:19:53,10,5,5,12.2,0.03,0.19,0.03,18.4,215,123,108,270.0,0,0,1,100
18:19:53,10,5,5,12.2,0.03,0.19,0.03,18.4,215,123,108,270.0,0,0,1,100
18:19:53,7,5,8,11.7,0.05,0.19,0.1,18.2,198,151,238,344.0,0,0,0,100
18:19:54,7,5,8,11.7,0.05,0.19,0.1,18.4,198,151,238,344.0,0,0,0,100
18:19:54,7,5,8,11.7,0.05,0.19,0.1,18.3,198,151,238,344.0,0,0,0,100
18:19:54,7,5,8,11.7,0.05,0.19,0.1,18.4,198,151,238,344.0,0,0,0,100
18:19:54,7,5,8,11.7,0.05,0.19,0.1,18.4,198,151,238,344.0,0,0,0,100
18:19:54,7,5,8,11.7,0.05,0.19,0.1,18.5,198,151,238,344.0,0,0,0,100
18:19:54,7,5,8,11.7,0.05,0.19,0.1,18.4,198,151,238,344.0,0,0,0,100
18:19:54,7,5,8,11.7,0.05,0.19,0.1,18.4,198,151,238,344.0,0,0,0,100
18:19:54,7,5,8,11.7,0.05,0.19,0.1,18.2,198,151,238,344.0,0,0,0,100
18:19:54,7,5,8,11.7,0.05,0.19,0.1,18.4,198,151,238,344.0,0,0,0,100
18:19:54,6,5,8,11.2,0.07,0.21,0.1,18.2,177,144,237,329.0,2,0,0,100
18:19:54,6,5,8,11.2,0.07,0.21,0.1,18.4,177,144,237,329.0,2,0,0,100
18:19:55,6,5,8,11.2,0.07,0.21,0.1,18.2,177,144,237,329.0,2,0,0,100
18:19:55,6,5,8,11.2,0.07,0.21,0.1,18.2,177,144,237,329.0,2,0,0,100
18:19:55,6,5,8,11.2,0.07,0.21,0.1,18.4,177,144,237,329.0,2,0,0,100
18:19:55,6,5,8,11.2,0.07,0.21,0.1,18.7,177,144,237,329.0,2,0,0,100
18:19:55,6,5,8,11.2,0.07,0.21,0.1,18.2,177,144,237,329.0,2,0,0,100
18:19:55,6,5,8,11.2,0.07,0.21,0.1,18.2,177,144,237,329.0,2,0,0,100
18:19:55,6,5,8,11.2,0.07,0.21,0.1,17.9,177,144,237,329.0,2,0,0,100
18:19:55,6,5,8,11.2,0.07,0.21,0.1,18.2,177,144,237,329.0,2,0,0,100
18:19:55,9,5,5,11.4,0.09,0.18,0.06,18.4,229,130,119,289.0,0,0,2,100
18:19:56,9,5,5,11.4,0.09,0.18,0.06,18.4,229,130,119,289.0,0,0,2,100
18:19:56,9,5,5,11.4,0.09,0.18,0.06,18.2,229,130,119,289.0,0,0,2,100
18:19:56,9,5,5,11.4,0.09,0.18,0.06,18.2,229,130,119,289.0,0,0,2,100
18:19:56,9,5,5,11.4,0.09,0.18,0.06,18.5,229,130,119,289.0,0,0,2,100
18:19:56,9,5,5,11.4,0.09,0.18,0.06,18.0,229,130,119,289.0,0,0,2,100
18:19:56,9,5,5,11.4,0.09,0.18,0.06,18.3,229,130,119,289.0,0,0,2,100
18:19:56,9,5,5,11.4,0.09,0.18,0.06,18.2,229,130,119,289.0,0,0,2,100
18:19:56,9,5,5,11.4,0.09,0.18,0.06,18.2,229,130,119,289.0,0,0,2,100
18:19:56,9,5,5,11.4,0.09,0.18,0.06,18.2,229,130,119,289.0,0,0,2,100
18:19:56,5,3,6,8.4,0.07,0.18,0.08,18.3,141,85,171,237.0,1,0,0,100
18:19:57,5,3,6,8.4,0.07,0.18,0.08,18.2,141,85,171,237.0,1,0,0,100
18:19:57,5,3,6,8.4,0.07,0.18,0.08,18.2,141,85,171,237.0,1,0,0,100
18:19:57,5,3,6,8.4,0.07,0.18,0.08,18.2,141,85,171,237.0,1,0,0,100
18:19:57,5,3,6,8.4,0.07,0.18,0.08,18.3,141,85,171,237.0,1,0,0,100
18:19:57,5,3,6,8.4,0.07,0.18,0.08,18.2,141,85,171,237.0,1,0,0,100
18:19:57,5,3,6,8.4,0.07,0.18,0.08,18.3,141,85,171,237.0,1,0,0,100
18:19:57,5,3,6,8.4,0.07,0.18,0.08,18.3,141,85,171,237.0,1,0,0,100
18:19:57,5,3,6,8.4,0.07,0.18,0.08,18.4,141,85,171,237.0,1,0,0,100
18:19:57,5,3,6,8.4,0.07,0.18,0.08,18.4,141,85,171,237.0,1,0,0,100
18:19:57,7,3,6,9.7,0.07,0.15,0.08,18.0,185,32,159,246.0,0,3,0,100
18:19:58,7,3,6,9.7,0.07,0.15,0.08,18.4,185,32,159,246.0,0,3,0,100
18:19:58,7,3,6,9.7,0.07,0.15,0.08,18.5,185,32,159,246.0,0,3,0,100
18:19:58,7,3,6,9.7,0.07,0.15,0.08,18.1,185,32,159,246.0,0,3,0,100
18:19:58,7,3,6,9.7,0.07,0.15,0.08,18.2,185,32,159,246.0,0,3,0,100
18:19:58,7,3,6,9.7,0.07,0.15,0.08,18.3,185,32,159,246.0,0,3,0,100
18:19:58,7,3,6,9.7,0.07,0.15,0.08,18.2,185,32,159,246.0,0,3,0,100
18:19:58,7,3,6,9.7,0.07,0.15,0.08,18.4,185,32,159,246.0,0,3,0,100
18:19:58,7,3,6,9.7,0.07,0.15,0.08,18.2,185,32,159,246.0,0,3,0,100
18:19:58,7,3,6,9.7,0.07,0.15,0.08,18.4,185,32,159,246.0,0,3,0,100
18:19:58,5,2,5,7.3,0.03,0.13,0.05,18.3,182,71,164,255.0,0,0,0,100
18:19:59,5,2,5,7.3,0.03,0.13,0.05,18.2,182,71,164,255.0,0,0,0,100
18:19:59,5,2,5,7.3,0.03,0.13,0.05,18.3,182,71,164,255.0,0,0,0,100
18:19:59,5,2,5,7.3,0.03,0.13,0.05,18.0,182,71,164,255.0,0,0,0,100
18:19:59,5,2,5,7.3,0.03,0.13,0.05,18.4,182,71,164,255.0,0,0,0,100
18:19:59,5,2,5,7.3,0.03,0.13,0.05,18.4,182,71,164,255.0,0,0,0,100
18:19:59,5,2,5,7.3,0.03,0.13,0.05,18.2,182,71,164,255.0,0,0,0,100
18:19:59,5,2,5,7.3,0.03,0.13,0.05,18.3,182,71,164,255.0,0,0,0,100
18:19:59,5,2,5,7.3,0.03,0.13,0.05,18.3,182,71,164,255.0,0,0,0,100
18:19:59,5,2,5,7.3,0.03,0.13,0.05,18.2,182,71,164,255.0,0,0,0,100
18:19:59,7,5,8,11.7,0.06,0.12,0.03,18.2,179,113,190,284.0,0,0,0,100
18:20:00,7,5,8,11.7,0.06,0.12,0.03,18.4,179,113,190,284.0,0,0,0,100
18:20:00,7,5,8,11.7,0.06,0.12,0.03,18.4,179,113,190,284.0,0,0,0,100
18:20:00,7,5,8,11.7,0.06,0.12,0.03,18.5,179,113,190,284.0,0,0,0,100
18:20:00,7,5,8,11.7,0.06,0.12,0.03,18.2,179,113,190,284.0,0,0,0,100
18:20:00,7,5,8,11.7,0.06,0.12,0.03,18.2,179,113,190,284.0,0,0,0,100
18:20:00,7,5,8,11.7,0.06,0.12,0.03,18.3,179,113,190,284.0,0,0,0,100
18:20:00,7,5,8,11.7,0.06,0.12,0.03,18.3,179,113,190,284.0,0,0,0,100
18:20:00,7,5,8,11.7,0.06,0.12,0.03,18.2,179,113,190,284.0,0,0,0,100
18:20:00,7,5,8,11.7,0.06,0.12,0.03,18.3,179,113,190,284.0,0,0,0,100
18:20:00,8,5,4,10.2,0.04,0.14,0.03,18.2,220,133,125,286.0,0,0,2,100
18:20:01,8,5,4,10.2,0.04,0.14,0.03,18.2,220,133,125,286.0,0,0,2,100
18:20:01,8,5,4,10.2,0.04,0.14,0.03,18.0,220,133,125,286.0,0,0,2,100
18:20:01,8,5,4,10.2,0.04,0.14,0.03,18.4,220,133,125,286.0,0,0,2,100
18:20:01,8,5,4,10.2,0.04,0.14,0.03,18.2,220,133,125,286.0,0,0,2,100
18:20:01,8,5,4,10.2,0.04,0.14,0.03,18.3,220,133,125,286.0,0,0,2,100
18:20:01,8,5,4,10.2,0.04,0.14,0.03,18.2,220,133,125,286.0,0,0,2,100
18:20:01,8,5,4,10.2,0.04,0.14,0.03,18.2,220,133,125,286.0,0,0,2,100
18:20:01,8,5,4,10.2,0.04,0.14,0.03,18.2,220,133,125,286.0,0,0,2,100
18:20:01,8,5,4,10.2,0.04,0.14,0.03,18.2,220,133,125,286.0,0,0,2,100
18:20:01,6,6,8,11.7,0.04,0.17,0.05,18.3,186,136,224,321.0,0,0,0,100
18:20:02,6,6,8,11.7,0.04,0.17,0.05,18.4,186,136,224,321.0,0,0,0,100
18:20:02,6,6,8,11.7,0.04,0.17,0.05,18.3,186,136,224,321.0,0,0,0,100
18:20:02,6,6,8,11.7,0.04,0.17,0.05,18.2,186,136,224,321.0,0,0,0,100
18:20:02,6,6,8,11.7,0.04,0.17,0.05,18.4,186,136,224,321.0,0,0,0,100
18:20:02,6,6,8,11.7,0.04,0.17,0.05,18.2,186,136,224,321.0,0,0,0,100
18:20:02,6,6,8,11.7,0.04,0.17,0.05,18.3,186,136,224,321.0,0,0,0,100
18:20:02,6,6,8,11.7,0.04,0.17,0.05,18.2,186,136,224,321.0,0,0,0,100
18:20:02,6,6,8,11.7,0.04,0.17,0.05,18.3,186,136,224,321.0,0,0,0,100
18:20:02,6,6,8,11.7,0.04,0.17,0.05,18.3,186,136,224,321.0,0,0,0,100
18:20:02,7,5,8,11.7,0.07,0.18,0.1,18.4,215,139,233,346.0,2,0,0,100
18:20:03,7,5,8,11.7,0.07,0.18,0.1,18.4,215,139,233,346.0,2,0,0,100
18:20:03,7,5,8,11.7,0.07,0.18,0.1,18.2,215,139,233,346.0,2,0,0,100
18:20:03,7,5,8,11.7,0.07,0.18,0.1,18.4,215,139,233,346.0,2,0,0,100
18:20:03,7,5,8,11.7,0.07,0.18,0.1,18.3,215,139,233,346.0,2,0,0,100
18:20:03,7,5,8,11.7,0.07,0.18,0.1,18.3,215,139,233,346.0,2,0,0,100
18:20:03,7,5,8,11.7,0.07,0.18,0.1,18.2,215,139,233,346.0,2,0,0,100
18:20:03,7,5,8,11.7,0.07,0.18,0.1,18.4,215,139,233,346.0,2,0,0,100
18:20:03,7,5,8,11.7,0.07,0.18,0.1,18.3,215,139,233,346.0,2,0,0,100
18:20:03,7,5,8,11.7,0.07,0.18,0.1,18.4,215,139,233,346.0,2,0,0,100
18:20:03,7,4,4,9.0,0.07,0.14,0.09,18.3,210,132,101,268.0,0,0,0,100
18:20:04,7,4,4,9.0,0.07,0.14,0.09,18.1,210,132,101,268.0,0,0,0,100
18:20:04,7,4,4,9.0,0.07,0.14,0.09,18.4,210,132,101,268.0,0,0,0,100
18:20:04,7,4,4,9.0,0.07,0.14,0.09,18.4,210,132,101,268.0,0,0,0,100
18:20:04,7,4,4,9.0,0.07,0.14,0.09,18.2,210,132,101,268.0,0,0,0,100
18:20:04,7,4,4,9.0,0.07,0.14,0.09,18.2,210,132,101,268.0,0,0,0,100
18:20:04,7,4,4,9.0,0.07,0.14,0.09,18.3,210,132,101,268.0,0,0,0,100
18:20:04,7,4,4,9.0,0.07,0.14,0.09,18.1,210,132,101,268.0,0,0,0,100
18:20:04,7,4,4,9.0,0.07,0.14,0.09,18.4,210,132,101,268.0,0,0,0,100
18:20:04,7,4,4,9.0,0.07,0.14,0.09,18.3,210,132,101,268.0,0,0,0,100
18:20:05,4,1,6,7.3,0.09,0.17,0.07,18.2,101,46,133,173.0,1,2,0,100
18:20:05,4,1,6,7.3,0.09,0.17,0.07,18.2,101,46,133,173.0,1,2,0,100
18:20:05,4,1,6,7.3,0.09,0.17,0.07,18.2,101,46,133,173.0,1,2,0,100
18:20:05,4,1,6,7.3,0.09,0.17,0.07,18.2,101,46,133,173.0,1,2,0,100
18:20:05,4,1,6,7.3,0.09,0.17,0.07,18.3,101,46,133,173.0,1,2,0,100
18:20:05,4,1,6,7.3,0.09,0.17,0.07,18.4,101,46,133,173.0,1,2,0,100
18:20:05,4,1,6,7.3,0.09,0.17,0.07,18.2,101,46,133,173.0,1,2,0,100
18:20:05,4,1,6,7.3,0.09,0.17,0.07,18.2,101,46,133,173.0,1,2,0,100
18:20:05,4,1,6,7.3,0.09,0.17,0.07,18.2,101,46,133,173.0,1,2,0,100
18:20:05,4,1,6,7.3,0.09,0.17,0.07,18.4,101,46,133,173.0,1,2,0,100
18:20:06,7,2,5,8.8,0.07,0.16,0.07,18.3,157,64,86,190.0,0,0,3,100
18:20:06,7,2,5,8.8,0.07,0.16,0.07,18.4,157,64,86,190.0,0,0,3,100
18:20:06,7,2,5,8.8,0.07,0.16,0.07,18.1,157,64,86,190.0,0,0,3,100
18:20:06,7,2,5,8.8,0.07,0.16,0.07,18.2,157,64,86,190.0,0,0,3,100
18:20:06,7,2,5,8.8,0.07,0.16,0.07,18.2,157,64,86,190.0,0,0,3,100
18:20:06,7,2,5,8.8,0.07,0.16,0.07,18.4,157,64,86,190.0,0,0,3,100
18:20:06,7,2,5,8.8,0.07,0.16,0.07,18.1,157,64,86,190.0,0,0,3,100
18:20:06,7,2,5,8.8,0.07,0.16,0.07,18.4,157,64,86,190.0,0,0,3,100
18:20:06,7,2,5,8.8,0.07,0.16,0.07,18.2,157,64,86,190.0,0,0,3,100
18:20:06,7,2,5,8.8,0.07,0.16,0.07,18.3,157,64,86,190.0,0,0,3,100
18:20:07,4,3,7,8.6,0.04,0.08,0.05,18.4,116,101,200,252.0,1,0,0,100
18:20:07,4,3,7,8.6,0.04,0.08,0.05,18.4,116,101,200,252.0,1,0,0,100
18:20:07,4,3,7,8.6,0.04,0.08,0.05,17.9,116,101,200,252.0,1,0,0,100
18:20:07,4,3,7,8.6,0.04,0.08,0.05,18.2,116,101,200,252.0,1,0,0,100
18:20:07,4,3,7,8.6,0.04,0.08,0.05,18.2,116,101,200,252.0,1,0,0,100
18:20:07,4,3,7,8.6,0.04,0.08,0.05,18.2,116,101,200,252.0,1,0,0,100
18:20:07,4,3,7,8.6,0.04,0.08,0.05,18.2,116,101,200,252.0,1,0,0,100
18:20:07,4,3,7,8.6,0.04,0.08,0.05,18.2,116,101,200,252.0,1,0,0,100
18:20:07,4,3,7,8.6,0.04,0.08,0.05,18.2,116,101,200,252.0,1,0,0,100
18:20:07,4,3,7,8.6,0.04,0.08,0.05,18.2,116,101,200,252.0,1,0,0,100
18:20:08,8,5,6,11.2,0.1,0.13,0.04,18.0,232,155,200,343.0,0,0,0,100
18:20:08,8,5,6,11.2,0.1,0.13,0.04,18.3,232,155,200,343.0,0,0,0,100
18:20:08,8,5,6,11.2,0.1,0.13,0.04,18.5,232,155,200,343.0,0,0,0,100
18:20:08,8,5,6,11.2,0.1,0.13,0.04,18.2,232,155,200,343.0,0,0,0,100
18:20:08,8,5,6,11.2,0.1,0.13,0.04,18.1,232,155,200,343.0,0,0,0,100
18:20:08,8,5,6,11.2,0.1,0.13,0.04,18.4,232,155,200,343.0,0,0,0,100
18:20:08,8,5,6,11.2,0.1,0.13,0.04,18.4,232,155,200,343.0,0,0,0,100
18:20:08,8,5,6,11.2,0.1,0.13,0.04,18.2,232,155,200,343.0,0,0,0,100
18:20:08,8,5,6,11.2,0.1,0.13,0.04,18.3,232,155,200,343.0,0,0,0,100
18:20:08,8,5,6,11.2,0.1,0.13,0.04,18.2,232,155,200,343.0,0,0,0,100
18:20:09,8,5,7,11.7,0.07,0.12,0.05,18.3,246,149,170,334.0,0,0,1,100
18:20:09,8,5,7,11.7,0.07,0.12,0.05,18.2,246,149,170,334.0,0,0,1,100
18:20:09,8,5,7,11.7,0.07,0.12,0.05,18.4,246,149,170,334.0,0,0,1,100
18:20:09,8,5,7,11.7,0.07,0.12,0.05,18.4,246,149,170,334.0,0,0,1,100
18:20:09,8,5,7,11.7,0.07,0.12,0.05,18.2,246,149,170,334.0,0,0,1,100
18:20:09,8,5,7,11.7,0.07,0.12,0.05,18.2,246,149,170,334.0,0,0,1,100
18:20:09,8,5,7,11.7,0.07,0.12,0.05,18.2,246,149,170,334.0,0,0,1,100
18:20:09,8,5,7,11.7,0.07,0.12,0.05,18.4,246,149,170,334.0,0,0,1,100
18:20:09,8,5,7,11.7,0.07,0.12,0.05,18.2,246,149,170,334.0,0,0,1,100
18:20:09,8,5,7,11.7,0.07,0.12,0.05,18.1,246,149,170,334.0,0,0,1,100
18:20:10,6,6,10,13.1,0.06,0.22,0.15,18.4,173,163,262,354.0,1,0,0,100
18:20:10,6,6,10,13.1,0.06,0.22,0.15,18.2,173,163,262,354.0,1,0,0,100
18:20:10,6,6,10,13.1,0.06,0.22,0.15,18.2,173,163,262,354.0,1,0,0,100
18:20:10,6,6,10,13.1,0.06,0.22,0.15,18.1,173,163,262,354.0,1,0,0,100
18:20:10,6,6,10,13.1,0.06,0.22,0.15,18.3,173,163,262,354.0,1,0,0,100
18:20:10,6,6,10,13.1,0.06,0.22,0.15,18.3,173,163,262,354.0,1,0,0,100
18:20:10,6,6,10,13.1,0.06,0.22,0.15,18.3,173,163,262,354.0,1,0,0,100
18:20:10,6,6,10,13.1,0.06,0.22,0.15,18.4,173,163,262,354.0,1,0,0,100
18:20:10,6,6,10,13.1,0.06,0.22,0.15,18.3,173,163,262,354.0,1,0,0,100
18:20:10,6,6,10,13.1,0.06,0.22,0.15,18.4,173,163,262,354.0,1,0,0,100
18:20:11,8,6,12,15.6,0.05,0.18,0.13,18.3,194,118,194,299.0,0,0,1,100
18:20:11,8,6,12,15.6,0.05,0.18,0.13,18.2,194,118,194,299.0,0,0,1,100
18:20:11,8,6,12,15.6,0.05,0.18,0.13,18.2,194,118,194,299.0,0,0,1,100
18:20:11,8,6,12,15.6,0.05,0.18,0.13,18.4,194,118,194,299.0,0,0,1,100
18:20:11,8,6,12,15.6,0.05,0.18,0.13,18.3,194,118,194,299.0,0,0,1,100
18:20:11,8,6,12,15.6,0.05,0.18,0.13,18.2,194,118,194,299.0,0,0,1,100
18:20:11,8,6,12,15.6,0.05,0.18,0.13,18.3,194,118,194,299.0,0,0,1,100
18:20:11,8,6,12,15.6,0.05,0.18,0.13,18.4,194,118,194,299.0,0,0,1,100
18:20:11,8,6,12,15.6,0.05,0.18,0.13,18.2,194,118,194,299.0,0,0,1,100
18:20:11,8,6,12,15.6,0.05,0.18,0.13,18.2,194,118,194,299.0,0,0,1,100
18:20:12,7,3,5,9.1,0.05,0.13,0.03,18.2,161,66,148,228.0,0,0,1,100
18:20:12,7,3,5,9.1,0.05,0.13,0.03,18.5,161,66,148,228.0,0,0,1,100
18:20:12,7,3,5,9.1,0.05,0.13,0.03,18.3,161,66,148,228.0,0,0,1,100
18:20:12,7,3,5,9.1,0.05,0.13,0.03,18.2,161,66,148,228.0,0,0,1,100
18:20:12,7,3,5,9.1,0.05,0.13,0.03,18.2,161,66,148,228.0,0,0,1,100
18:20:12,7,3,5,9.1,0.05,0.13,0.03,18.3,161,66,148,228.0,0,0,1,100
18:20:12,7,3,5,9.1,0.05,0.13,0.03,18.0,161,66,148,228.0,0,0,1,100
18:20:12,7,3,5,9.1,0.05,0.13,0.03,18.2,161,66,148,228.0,0,0,1,100
18:20:12,7,3,5,9.1,0.05,0.13,0.03,18.3,161,66,148,228.0,0,0,1,100
18:20:12,7,3,5,9.1,0.05,0.13,0.03,18.2,161,66,148,228.0,0,0,1,100
18:20:13,6,2,6,8.7,0.08,0.15,0.04,18.2,159,45,164,233.0,2,2,0,100
18:20:13,6,2,6,8.7,0.08,0.15,0.04,18.2,159,45,164,233.0,2,2,0,100
18:20:13,6,2,6,8.7,0.08,0.15,0.04,18.4,159,45,164,233.0,2,2,0,100
18:20:13,6,2,6,8.7,0.08,0.15,0.04,18.3,159,45,164,233.0,2,2,0,100
18:20:13,6,2,6,8.7,0.08,0.15,0.04,18.5,159,45,164,233.0,2,2,0,100
18:20:13,6,2,6,8.7,0.08,0.15,0.04,18.2,159,45,164,233.0,2,2,0,100
18:20:13,6,2,6,8.7,0.08,0.15,0.04,18.4,159,45,164,233.0,2,2,0,100
18:20:13,6,2,6,8.7,0.08,0.15,0.04,18.0,159,45,164,233.0,2,2,0,100
18:20:13,6,2,6,8.7,0.08,0.15,0.04,18.2,159,45,164,233.0,2,2,0,100
18:20:13,6,2,6,8.7,0.08,0.15,0.04,18.2,159,45,164,233.0,2,2,0,100
18:20:14,7,3,5,9.1,0.04,0.17,0.08,18.2,182,88,149,251.0,0,0,1,100
18:20:14,7,3,5,9.1,0.04,0.17,0.08,18.2,182,88,149,251.0,0,0,1,100
18:20:14,7,3,5,9.1,0.04,0.17,0.08,18.3,182,88,149,251.0,0,0,1,100
18:20:14,7,3,5,9.1,0.04,0.17,0.08,18.4,182,88,149,251.0,0,0,1,100
18:20:14,7,3,5,9.1,0.04,0.17,0.08,18.4,182,88,149,251.0,0,0,1,100
18:20:14,7,3,5,9.1,0.04,0.17,0.08,18.3,182,88,149,251.0,0,0,1,100
18:20:14,7,3,5,9.1,0.04,0.17,0.08,18.2,182,88,149,251.0,0,0,1,100
18:20:14,7,3,5,9.1,0.04,0.17,0.08,18.4,182,88,149,251.0,0,0,1,100
18:20:14,7,3,5,9.1,0.04,0.17,0.08,18.3,182,88,149,251.0,0,0,1,100
18:20:14,7,3,5,9.1,0.04,0.17,0.08,18.4,182,88,149,251.0,0,0,1,100
18:20:15,6,7,8,12.2,0.03,0.18,0.1,18.3,123,125,225,285.0,1,0,0,100
18:20:15,6,7,8,12.2,0.03,0.18,0.1,18.4,123,125,225,285.0,1,0,0,100
18:20:15,6,7,8,12.2,0.03,0.18,0.1,18.2,123,125,225,285.0,1,0,0,100
18:20:15,6,7,8,12.2,0.03,0.18,0.1,18.2,123,125,225,285.0,1,0,0,100
18:20:15,6,7,8,12.2,0.03,0.18,0.1,18.2,123,125,225,285.0,1,0,0,100
18:20:15,6,7,8,12.2,0.03,0.18,0.1,18.2,123,125,225,285.0,1,0,0,100
18:20:15,6,7,8,12.2,0.03,0.18,0.1,18.2,123,125,225,285.0,1,0,0,100
18:20:15,6,7,8,12.2,0.03,0.18,0.1,18.2,123,125,225,285.0,1,0,0,100
18:20:15,6,7,8,12.2,0.03,0.18,0.1,18.2,123,125,225,285.0,1,0,0,100
18:20:16,6,7,8,12.2,0.03,0.18,0.1,18.2,123,125,225,285.0,1,0,0,100
18:20:16,8,4,7,11.4,0.05,0.21,0.05,18.2,235,128,181,323.0,0,0,0,100
18:20:16,8,4,7,11.4,0.05,0.21,0.05,18.2,235,128,181,323.0,0,0,0,100
18:20:16,8,4,7,11.4,0.05,0.21,0.05,18.3,235,128,181,323.0,0,0,0,100
18:20:16,8,4,7,11.4,0.05,0.21,0.05,18.2,235,128,181,323.0,0,0,0,100
18:20:16,8,4,7,11.4,0.05,0.21,0.05,18.2,235,128,181,323.0,0,0,0,100
18:20:16,8,4,7,11.4,0.05,0.21,0.05,17.9,235,128,181,323.0,0,0,0,100
18:20:16,8,4,7,11.4,0.05,0.21,0.05,18.2,235,128,181,323.0,0,0,0,100
18:20:16,8,4,7,11.4,0.05,0.21,0.05,18.2,235,128,181,323.0,0,0,0,100
18:20:16,8,4,7,11.4,0.05,0.21,0.05,18.2,235,128,181,323.0,0,0,0,100
18:20:16,8,4,7,11.4,0.05,0.21,0.05,18.3,235,128,181,323.0,0,0,0,100
18:20:17,9,6,7,12.9,0.08,0.21,0.04,18.2,225,141,171,316.0,0,0,1,100
18:20:17,9,6,7,12.9,0.08,0.21,0.04,18.4,225,141,171,316.0,0,0,1,100
18:20:17,9,6,7,12.9,0.08,0.21,0.04,18.5,225,141,171,316.0,0,0,1,100
18:20:17,9,6,7,12.9,0.08,0.21,0.04,18.4,225,141,171,316.0,0,0,1,100
18:20:17,9,6,7,12.9,0.08,0.21,0.04,18.4,225,141,171,316.0,0,0,1,100
18:20:17,9,6,7,12.9,0.08,0.21,0.04,18.3,225,141,171,316.0,0,0,1,100
18:20:17,9,6,7,12.9,0.08,0.21,0.04,18.4,225,141,171,316.0,0,0,1,100
18:20:17,9,6,7,12.9,0.08,0.21,0.04,18.3,225,141,171,316.0,0,0,1,100
18:20:17,9,6,7,12.9,0.08,0.21,0.04,18.2,225,141,171,316.0,0,0,1,100
18:20:17,9,6,7,12.9,0.08,0.21,0.04,18.4,225,141,171,316.0,0,0,1,100
18:20:18,4,4,7,9.0,0.05,0.16,0.1,18.2,122,130,215,279.0,1,0,0,100
18:20:18,4,4,7,9.0,0.05,0.16,0.1,18.3,122,130,215,279.0,1,0,0,100
18:20:18,4,4,7,9.0,0.05,0.16,0.1,18.3,122,130,215,279.0,1,0,0,100
18:20:18,4,4,7,9.0,0.05,0.16,0.1,18.2,122,130,215,279.0,1,0,0,100
18:20:18,4,4,7,9.0,0.05,0.16,0.1,18.4,122,130,215,279.0,1,0,0,100
18:20:18,4,4,7,9.0,0.05,0.16,0.1,18.3,122,130,215,279.0,1,0,0,100
18:20:18,4,4,7,9.0,0.05,0.16,0.1,18.3,122,130,215,279.0,1,0,0,100
18:20:18,4,4,7,9.0,0.05,0.16,0.1,18.2,122,130,215,279.0,1,0,0,100
18:20:18,4,4,7,9.0,0.05,0.16,0.1,18.0,122,130,215,279.0,1,0,0,100
18:20:18,4,4,7,9.0,0.05,0.16,0.1,18.2,122,130,215,279.0,1,0,0,100
18:20:19,7,4,5,9.5,0.05,0.14,0.09,18.4,163,106,171,259.0,0,0,1,100
18:20:19,7,4,5,9.5,0.05,0.14,0.09,18.4,163,106,171,259.0,0,0,1,100
18:20:19,7,4,5,9.5,0.05,0.14,0.09,18.3,163,106,171,259.0,0,0,1,100
18:20:19,7,4,5,9.5,0.05,0.14,0.09,18.2,163,106,171,259.0,0,0,1,100
18:20:19,7,4,5,9.5,0.05,0.14,0.09,18.2,163,106,171,259.0,0,0,1,100
18:20:19,7,4,5,9.5,0.05,0.14,0.09,18.4,163,106,171,259.0,0,0,1,100
18:20:19,7,4,5,9.5,0.05,0.14,0.09,18.1,163,106,171,259.0,0,0,1,100
18:20:19,7,4,5,9.5,0.05,0.14,0.09,18.4,163,106,171,259.0,0,0,1,100
18:20:19,7,4,5,9.5,0.05,0.14,0.09,18.2,163,106,171,259.0,0,0,1,100
18:20:19,7,4,5,9.5,0.05,0.14,0.09,18.1,163,106,171,259.0,0,0,1,100
18:20:20,5,1,5,7.1,0.04,0.22,0.04,18.4,138,28,143,201.0,0,1,0,100
18:20:20,5,1,5,7.1,0.04,0.22,0.04,18.3,138,28,143,201.0,0,1,0,100
18:20:20,5,1,5,7.1,0.04,0.22,0.04,18.2,138,28,143,201.0,0,1,0,100
18:20:20,5,1,5,7.1,0.04,0.22,0.04,18.2,138,28,143,201.0,0,1,0,100
18:20:20,5,1,5,7.1,0.04,0.22,0.04,18.4,138,28,143,201.0,0,1,0,100
18:20:20,5,1,5,7.1,0.04,0.22,0.04,18.5,138,28,143,201.0,0,1,0,100
18:20:20,5,1,5,7.1,0.04,0.22,0.04,18.4,138,28,143,201.0,0,1,0,100
18:20:20,5,1,5,7.1,0.04,0.22,0.04,18.4,138,28,143,201.0,0,1,0,100
18:20:20,5,1,5,7.1,0.04,0.22,0.04,18.2,138,28,143,201.0,0,1,0,100
18:20:20,5,1,5,7.1,0.04,0.22,0.04,18.2,138,28,143,201.0,0,1,0,100
18:20:21,8,3,5,9.9,0.08,0.28,0.06,18.3,175,78,121,227.0,0,0,0,100
18:20:21,8,3,5,9.9,0.08,0.28,0.06,18.3,175,78,121,227.0,0,0,0,100
18:20:21,8,3,5,9.9,0.08,0.28,0.06,18.4,175,78,121,227.0,0,0,0,100
18:20:21,8,3,5,9.9,0.08,0.28,0.06,18.1,175,78,121,227.0,0,0,0,100
18:20:21,8,3,5,9.9,0.08,0.28,0.06,18.2,175,78,121,227.0,0,0,0,100
18:20:21,8,3,5,9.9,0.08,0.28,0.06,18.2,175,78,121,227.0,0,0,0,100
18:20:21,8,3,5,9.9,0.08,0.28,0.06,18.2,175,78,121,227.0,0,0,0,100
18:20:21,8,3,5,9.9,0.08,0.28,0.06,18.3,175,78,121,227.0,0,0,0,100
18:20:21,8,3,5,9.9,0.08,0.28,0.06,18.2,175,78,121,227.0,0,0,0,100
18:20:21,8,3,5,9.9,0.08,0.28,0.06,18.2,175,78,121,227.0,0,0,0,100
18:20:22,6,4,6,9.4,0.04,0.1,0.04,18.2,170,112,178,270.0,0,0,1,100
18:20:22,6,4,6,9.4,0.04,0.1,0.04,18.2,170,112,178,270.0,0,0,1,100
18:20:22,6,4,6,9.4,0.04,0.1,0.04,18.3,170,112,178,270.0,0,0,1,100
18:20:22,6,4,6,9.4,0.04,0.1,0.04,18.4,170,112,178,270.0,0,0,1,100
18:20:22,6,4,6,9.4,0.04,0.1,0.04,18.3,170,112,178,270.0,0,0,1,100
18:20:22,6,4,6,9.4,0.04,0.1,0.04,18.4,170,112,178,270.0,0,0,1,100
18:20:22,6,4,6,9.4,0.04,0.1,0.04,18.2,170,112,178,270.0,0,0,1,100
18:20:22,6,4,6,9.4,0.04,0.1,0.04,18.2,170,112,178,270.0,0,0,1,100
18:20:22,6,4,6,9.4,0.04,0.1,0.04,18.2,170,112,178,270.0,0,0,1,100
18:20:23,6,4,6,9.4,0.04,0.1,0.04,18.3,170,112,178,270.0,0,0,1,100
18:20:23,5,5,8,10.7,0.05,0.18,0.08,18.2,122,157,247,317.0,2,0,0,100
18:20:23,5,5,8,10.7,0.05,0.18,0.08,18.2,122,157,247,317.0,2,0,0,100
18:20:23,5,5,8,10.7,0.05,0.18,0.08,18.3,122,157,247,317.0,2,0,0,100
18:20:23,5,5,8,10.7,0.05,0.18,0.08,18.2,122,157,247,317.0,2,0,0,100
18:20:23,5,5,8,10.7,0.05,0.18,0.08,18.4,122,157,247,317.0,2,0,0,100
18:20:23,5,5,8,10.7,0.05,0.18,0.08,18.2,122,157,247,317.0,2,0,0,100
18:20:23,5,5,8,10.7,0.05,0.18,0.08,18.0,122,157,247,317.0,2,0,0,100
18:20:23,5,5,8,10.7,0.05,0.18,0.08,18.3,122,157,247,317.0,2,0,0,100
18:20:23,5,5,8,10.7,0.05,0.18,0.08,18.3,122,157,247,317.0,2,0,0,100
18:20:24,5,5,8,10.7,0.05,0.18,0.08,18.2,122,157,247,317.0,2,0,0,100
18:20:24,8,5,7,11.7,0.07,0.44,0.07,18.2,249,151,196,351.0,1,0,0,100
18:20:24,8,5,7,11.7,0.07,0.44,0.07,18.3,249,151,196,351.0,1,0,0,100
18:20:24,8,5,7,11.7,0.07,0.44,0.07,18.2,249,151,196,351.0,1,0,0,100
18:20:24,8,5,7,11.7,0.07,0.44,0.07,18.2,249,151,196,351.0,1,0,0,100
18:20:24,8,5,7,11.7,0.07,0.44,0.07,18.2,249,151,196,351.0,1,0,0,100
18:20:24,8,5,7,11.7,0.07,0.44,0.07,18.2,249,151,196,351.0,1,0,0,100
18:20:24,8,5,7,11.7,0.07,0.44,0.07,18.2,249,151,196,351.0,1,0,0,100
18:20:24,8,5,7,11.7,0.07,0.44,0.07,18.2,249,151,196,351.0,1,0,0,100
18:20:24,8,5,7,11.7,0.07,0.44,0.07,18.2,249,151,196,351.0,1,0,0,100
18:20:25,8,5,7,11.7,0.07,0.44,0.07,18.4,249,151,196,351.0,1,0,0,100
18:20:25,9,5,6,11.9,0.06,0.19,0.04,18.3,240,138,178,329.0,0,0,0,100
18:20:25,9,5,6,11.9,0.06,0.19,0.04,18.2,240,138,178,329.0,0,0,0,100
18:20:25,9,5,6,11.9,0.06,0.19,0.04,18.2,240,138,178,329.0,0,0,0,100
18:20:25,9,5,6,11.9,0.06,0.19,0.04,18.4,240,138,178,329.0,0,0,0,100
18:20:25,9,5,6,11.9,0.06,0.19,0.04,18.2,240,138,178,329.0,0,0,0,100
18:20:25,9,5,6,11.9,0.06,0.19,0.04,18.3,240,138,178,329.0,0,0,0,100
18:20:25,9,5,6,11.9,0.06,0.19,0.04,18.2,240,138,178,329.0,0,0,0,100
18:20:25,9,5,6,11.9,0.06,0.19,0.04,18.3,240,138,178,329.0,0,0,0,100
18:20:25,9,5,6,11.9,0.06,0.19,0.04,18.4,240,138,178,329.0,0,0,0,100
18:20:26,9,5,6,11.9,0.06,0.19,0.04,18.4,240,138,178,329.0,0,0,0,100
18:20:26,5,3,7,9.1,0.05,0.12,0.09,18.3,120,106,181,242.0,1,0,0,100
18:20:26,5,3,7,9.1,0.05,0.12,0.09,18.2,120,106,181,242.0,1,0,0,100
18:20:26,5,3,7,9.1,0.05,0.12,0.09,18.2,120,106,181,242.0,1,0,0,100
18:20:26,5,3,7,9.1,0.05,0.12,0.09,17.9,120,106,181,242.0,1,0,0,100
18:20:26,5,3,7,9.1,0.05,0.12,0.09,18.4,120,106,181,242.0,1,0,0,100
18:20:26,5,3,7,9.1,0.05,0.12,0.09,18.2,120,106,181,242.0,1,0,0,100
18:20:26,5,3,7,9.1,0.05,0.12,0.09,18.3,120,106,181,242.0,1,0,0,100
18:20:26,5,3,7,9.1,0.05,0.12,0.09,18.0,120,106,181,242.0,1,0,0,100
18:20:26,5,3,7,9.1,0.05,0.12,0.09,18.2,120,106,181,242.0,1,0,0,100
18:20:27,5,3,7,9.1,0.05,0.12,0.09,18.1,120,106,181,242.0,1,0,0,100
18:20:27,7,4,4,9.0,0.05,0.34,0.08,18.4,165,55,110,206.0,0,1,4,100
18:20:27,7,4,4,9.0,0.05,0.34,0.08,18.2,165,55,110,206.0,0,1,4,100
18:20:27,7,4,4,9.0,0.05,0.34,0.08,18.2,165,55,110,206.0,0,1,4,100
18:20:27,7,4,4,9.0,0.05,0.34,0.08,18.4,165,55,110,206.0,0,1,4,100
18:20:27,7,4,4,9.0,0.05,0.34,0.08,18.3,165,55,110,206.0,0,1,4,100
18:20:27,7,4,4,9.0,0.05,0.34,0.08,18.3,165,55,110,206.0,0,1,4,100
18:20:27,7,4,4,9.0,0.05,0.34,0.08,18.1,165,55,110,206.0,0,1,4,100
18:20:27,7,4,4,9.0,0.05,0.34,0.08,18.3,165,55,110,206.0,0,1,4,100
18:20:27,7,4,4,9.0,0.05,0.34,0.08,18.4,165,55,110,206.0,0,1,4,100
18:20:28,7,4,4,9.0,0.05,0.34,0.08,18.3,165,55,110,206.0,0,1,4,100
18:20:28,4,4,8,9.8,0.15,0.28,0.1,18.4,127,86,183,239.0,4,3,0,100
18:20:28,4,4,8,9.8,0.15,0.28,0.1,18.2,127,86,183,239.0,4,3,0,100
18:20:28,4,4,8,9.8,0.15,0.28,0.1,18.4,127,86,183,239.0,4,3,0,100
18:20:28,4,4,8,9.8,0.15,0.28,0.1,18.4,127,86,183,239.0,4,3,0,100
18:20:28,4,4,8,9.8,0.15,0.28,0.1,18.1,127,86,183,239.0,4,3,0,100
18:20:28,4,4,8,9.8,0.15,0.28,0.1,18.2,127,86,183,239.0,4,3,0,100
18:20:28,4,4,8,9.8,0.15,0.28,0.1,18.3,127,86,183,239.0,4,3,0,100
18:20:28,4,4,8,9.8,0.15,0.28,0.1,18.2,127,86,183,239.0,4,3,0,100
18:20:28,4,4,8,9.8,0.15,0.28,0.1,18.3,127,86,183,239.0,4,3,0,100
18:20:29,4,4,8,9.8,0.15,0.28,0.1,18.4,127,86,183,239.0,4,3,0,100
18:20:29,9,4,5,11.0,0.06,0.19,0.04,18.4,246,122,141,309.0,0,0,0,100
18:20:29,9,4,5,11.0,0.06,0.19,0.04,18.4,246,122,141,309.0,0,0,0,100
18:20:29,9,4,5,11.0,0.06,0.19,0.04,18.3,246,122,141,309.0,0,0,0,100
18:20:29,9,4,5,11.0,0.06,0.19,0.04,18.3,246,122,141,309.0,0,0,0,100
18:20:29,9,4,5,11.0,0.06,0.19,0.04,18.1,246,122,141,309.0,0,0,0,100
18:20:29,9,4,5,11.0,0.06,0.19,0.04,18.2,246,122,141,309.0,0,0,0,100
18:20:29,9,4,5,11.0,0.06,0.19,0.04,18.2,246,122,141,309.0,0,0,0,100
18:20:29,9,4,5,11.0,0.06,0.19,0.04,18.4,246,122,141,309.0,0,0,0,100
18:20:29,9,4,5,11.0,0.06,0.19,0.04,18.3,246,122,141,309.0,0,0,0,100
18:20:30,9,4,5,11.0,0.06,0.19,0.04,18.2,246,122,141,309.0,0,0,0,100
18:20:30,8,6,11,14.9,0.07,0.18,0.07,18.2,217,141,190,321.0,0,0,0,100
18:20:30,8,6,11,14.9,0.07,0.18,0.07,18.2,217,141,190,321.0,0,0,0,100
18:20:30,8,6,11,14.9,0.07,0.18,0.07,18.4,217,141,190,321.0,0,0,0,100
18:20:30,8,6,11,14.9,0.07,0.18,0.07,18.2,217,141,190,321.0,0,0,0,100
18:20:30,8,6,11,14.9,0.07,0.18,0.07,18.4,217,141,190,321.0,0,0,0,100
18:20:30,8,6,11,14.9,0.07,0.18,0.07,18.3,217,141,190,321.0,0,0,0,100
18:20:30,8,6,11,14.9,0.07,0.18,0.07,18.4,217,141,190,321.0,0,0,0,100
18:20:30,8,6,11,14.9,0.07,0.18,0.07,18.2,217,141,190,321.0,0,0,0,100
18:20:30,8,6,11,14.9,0.07,0.18,0.07,18.2,217,141,190,321.0,0,0,0,100
18:20:31,8,6,11,14.9,0.07,0.18,0.07,18.3,217,141,190,321.0,0,0,0,100
18:20:31,4,6,8,10.8,0.03,0.16,0.09,18.2,119,146,238,304.0,2,0,0,100
18:20:31,4,6,8,10.8,0.03,0.16,0.09,18.2,119,146,238,304.0,2,0,0,100
18:20:31,4,6,8,10.8,0.03,0.16,0.09,18.4,119,146,238,304.0,2,0,0,100
18:20:31,4,6,8,10.8,0.03,0.16,0.09,18.2,119,146,238,304.0,2,0,0,100
18:20:31,4,6,8,10.8,0.03,0.16,0.09,18.3,119,146,238,304.0,2,0,0,100
18:20:31,4,6,8,10.8,0.03,0.16,0.09,18.3,119,146,238,304.0,2,0,0,100
18:20:31,4,6,8,10.8,0.03,0.16,0.09,18.4,119,146,238,304.0,2,0,0,100
18:20:31,4,6,8,10.8,0.03,0.16,0.09,18.2,119,146,238,304.0,2,0,0,100
18:20:31,4,6,8,10.8,0.03,0.16,0.09,18.2,119,146,238,304.0,2,0,0,100
18:20:32,4,6,8,10.8,0.03,0.16,0.09,18.2,119,146,238,304.0,2,0,0,100
18:20:32,7,3,5,9.1,0.06,0.12,0.04,18.1,221,116,177,306.0,0,0,0,100
18:20:32,7,3,5,9.1,0.06,0.12,0.04,18.2,221,116,177,306.0,0,0,0,100
18:20:32,7,3,5,9.1,0.06,0.12,0.04,18.2,221,116,177,306.0,0,0,0,100
18:20:32,7,3,5,9.1,0.06,0.12,0.04,18.3,221,116,177,306.0,0,0,0,100
18:20:32,7,3,5,9.1,0.06,0.12,0.04,18.3,221,116,177,306.0,0,0,0,100
18:20:32,7,3,5,9.1,0.06,0.12,0.04,18.3,221,116,177,306.0,0,0,0,100
18:20:32,7,3,5,9.1,0.06,0.12,0.04,18.2,221,116,177,306.0,0,0,0,100
18:20:32,7,3,5,9.1,0.06,0.12,0.04,18.2,221,116,177,306.0,0,0,0,100
18:20:33,7,3,5,9.1,0.06,0.12,0.04,18.3,221,116,177,306.0,0,0,0,100
18:20:33,7,3,5,9.1,0.06,0.12,0.04,18.2,221,116,177,306.0,0,0,0,100
18:20:33,7,3,5,9.1,0.08,0.14,0.03,18.2,202,106,144,270.0,0,0,1,100
18:20:33,7,3,5,9.1,0.08,0.14,0.03,18.2,202,106,144,270.0,0,0,1,100
18:20:33,7,3,5,9.1,0.08,0.14,0.03,18.2,202,106,144,270.0,0,0,1,100
18:20:33,7,3,5,9.1,0.08,0.14,0.03,18.2,202,106,144,270.0,0,0,1,100
18:20:33,7,3,5,9.1,0.08,0.14,0.03,18.2,202,106,144,270.0,0,0,1,100
18:20:33,7,3,5,9.1,0.08,0.14,0.03,18.1,202,106,144,270.0,0,0,1,100
18:20:33,7,3,5,9.1,0.08,0.14,0.03,18.2,202,106,144,270.0,0,0,1,100
18:20:33,7,3,5,9.1,0.08,0.14,0.03,18.4,202,106,144,270.0,0,0,1,100
18:20:33,7,3,5,9.1,0.08,0.14,0.03,18.2,202,106,144,270.0,0,0,1,100
18:20:34,7,3,5,9.1,0.08,0.14,0.03,18.2,202,106,144,270.0,0,0,1,100
18:20:34,4,4,6,8.2,0.05,0.16,0.06,18.2,114,68,170,216.0,2,0,0,100
18:20:34,4,4,6,8.2,0.05,0.16,0.06,18.2,114,68,170,216.0,2,0,0,100
18:20:34,4,4,6,8.2,0.05,0.16,0.06,18.3,114,68,170,216.0,2,0,0,100
18:20:34,4,4,6,8.2,0.05,0.16,0.06,18.2,114,68,170,216.0,2,0,0,100
18:20:34,4,4,6,8.2,0.05,0.16,0.06,18.2,114,68,170,216.0,2,0,0,100
18:20:34,4,4,6,8.2,0.05,0.16,0.06,18.2,114,68,170,216.0,2,0,0,100
18:20:34,4,4,6,8.2,0.05,0.16,0.06,18.2,114,68,170,216.0,2,0,0,100
18:20:34,4,4,6,8.2,0.05,0.16,0.06,18.0,114,68,170,216.0,2,0,0,100
18:20:35,4,4,6,8.2,0.05,0.16,0.06,18.1,114,68,170,216.0,2,0,0,100
18:20:35,4,4,6,8.2,0.05,0.16,0.06,18.2,114,68,170,216.0,2,0,0,100
18:20:35,5,1,4,6.5,0.03,0.09,0.04,18.2,147,39,113,189.0,0,1,0,100
18:20:35,5,1,4,6.5,0.03,0.09,0.04,18.4,147,39,113,189.0,0,1,0,100
18:20:35,5,1,4,6.5,0.03,0.09,0.04,18.4,147,39,113,189.0,0,1,0,100
18:20:35,5,1,4,6.5,0.03,0.09,0.04,18.2,147,39,113,189.0,0,1,0,100
18:20:35,5,1,4,6.5,0.03,0.09,0.04,18.2,147,39,113,189.0,0,1,0,100
18:20:35,5,1,4,6.5,0.03,0.09,0.04,18.2,147,39,113,189.0,0,1,0,100
18:20:35,5,1,4,6.5,0.03,0.09,0.04,18.1,147,39,113,189.0,0,1,0,100
18:20:35,5,1,4,6.5,0.03,0.09,0.04,18.0,147,39,113,189.0,0,1,0,100
18:20:36,5,1,4,6.5,0.03,0.09,0.04,18.2,147,39,113,189.0,0,1,0,100
18:20:36,5,1,4,6.5,0.03,0.09,0.04,18.2,147,39,113,189.0,0,1,0,100
18:20:36,4,3,6,7.8,0.06,0.15,0.07,18.3,103,89,186,230.0,0,0,0,100
18:20:36,4,3,6,7.8,0.06,0.15,0.07,18.0,103,89,186,230.0,0,0,0,100
18:20:36,4,3,6,7.8,0.06,0.15,0.07,18.2,103,89,186,230.0,0,0,0,100
18:20:36,4,3,6,7.8,0.06,0.15,0.07,18.2,103,89,186,230.0,0,0,0,100
18:20:36,4,3,6,7.8,0.06,0.15,0.07,18.2,103,89,186,230.0,0,0,0,100
18:20:36,4,3,6,7.8,0.06,0.15,0.07,18.3,103,89,186,230.0,0,0,0,100
18:20:36,4,3,6,7.8,0.06,0.15,0.07,18.2,103,89,186,230.0,0,0,0,100
18:20:36,4,3,6,7.8,0.06,0.15,0.07,18.4,103,89,186,230.0,0,0,0,100
18:20:37,4,3,6,7.8,0.06,0.15,0.07,18.2,103,89,186,230.0,0,0,0,100
18:20:37,4,3,6,7.8,0.06,0.15,0.07,18.2,103,89,186,230.0,0,0,0,100
18:20:37,9,5,5,11.4,0.05,0.13,0.04,18.3,241,136,142,311.0,0,0,1,100
18:20:37,9,5,5,11.4,0.05,0.13,0.04,18.4,241,136,142,311.0,0,0,1,100
18:20:37,9,5,5,11.4,0.05,0.13,0.04,18.3,241,136,142,311.0,0,0,1,100
18:20:37,9,5,5,11.4,0.05,0.13,0.04,18.0,241,136,142,311.0,0,0,1,100
18:20:37,9,5,5,11.4,0.05,0.13,0.04,18.2,241,136,142,311.0,0,0,1,100
18:20:37,9,5,5,11.4,0.05,0.13,0.04,18.4,241,136,142,311.0,0,0,1,100
18:20:37,9,5,5,11.4,0.05,0.13,0.04,18.2,241,136,142,311.0,0,0,1,100
18:20:37,9,5,5,11.4,0.05,0.13,0.04,18.3,241,136,142,311.0,0,0,1,100
18:20:38,9,5,5,11.4,0.05,0.13,0.04,18.2,241,136,142,311.0,0,0,1,100
18:20:38,9,5,5,11.4,0.05,0.13,0.04,18.1,241,136,142,311.0,0,0,1,100
18:20:38,7,5,7,11.1,0.06,0.13,0.04,18.4,218,137,207,330.0,0,0,0,100
18:20:38,7,5,7,11.1,0.06,0.13,0.04,18.3,218,137,207,330.0,0,0,0,100
18:20:38,7,5,7,11.1,0.06,0.13,0.04,18.3,218,137,207,330.0,0,0,0,100
18:20:38,7,5,7,11.1,0.06,0.13,0.04,18.2,218,137,207,330.0,0,0,0,100
18:20:38,7,5,7,11.1,0.06,0.13,0.04,18.2,218,137,207,330.0,0,0,0,100
18:20:38,7,5,7,11.1,0.06,0.13,0.04,18.3,218,137,207,330.0,0,0,0,100
18:20:38,7,5,7,11.1,0.06,0.13,0.04,18.2,218,137,207,330.0,0,0,0,100
18:20:38,7,5,7,11.1,0.06,0.13,0.04,18.2,218,137,207,330.0,0,0,0,100
18:20:39,7,5,7,11.1,0.06,0.13,0.04,18.2,218,137,207,330.0,0,0,0,100
18:20:39,7,5,7,11.1,0.06,0.13,0.04,18.3,218,137,207,330.0,0,0,0,100
18:20:39,7,5,7,11.1,0.06,0.13,0.04,18.2,218,137,207,330.0,1,0,0,100
18:20:39,5,5,9,11.4,0.03,0.12,0.07,18.2,138,148,258,328.0,1,0,0,100
18:20:39,5,5,9,11.4,0.03,0.12,0.07,18.4,138,148,258,328.0,1,0,0,100
18:20:39,5,5,9,11.4,0.03,0.12,0.07,18.2,138,148,258,328.0,1,0,0,100
18:20:39,5,5,9,11.4,0.03,0.12,0.07,18.4,138,148,258,328.0,1,0,0,100
18:20:39,5,5,9,11.4,0.03,0.12,0.07,18.0,138,148,258,328.0,1,0,0,100
18:20:39,5,5,9,11.4,0.03,0.12,0.07,18.2,138,148,258,328.0,1,0,0,100
18:20:39,5,5,9,11.4,0.03,0.12,0.07,18.4,138,148,258,328.0,1,0,0,100
18:20:40,5,5,9,11.4,0.03,0.12,0.07,18.2,138,148,258,328.0,1,0,0,100
18:20:40,5,5,9,11.4,0.03,0.12,0.07,18.4,138,148,258,328.0,1,0,0,100
18:20:40,5,5,9,11.4,0.03,0.12,0.07,18.3,138,148,258,328.0,0,0,1,100
18:20:40,7,4,5,9.5,0.04,0.13,0.05,18.2,213,117,167,295.0,0,0,1,100
18:20:40,7,4,5,9.5,0.04,0.13,0.05,18.1,213,117,167,295.0,0,0,1,100
18:20:40,7,4,5,9.5,0.04,0.13,0.05,18.2,213,117,167,295.0,0,0,1,100
18:20:40,7,4,5,9.5,0.04,0.13,0.05,18.4,213,117,167,295.0,0,0,1,100
18:20:40,7,4,5,9.5,0.04,0.13,0.05,18.2,213,117,167,295.0,0,0,1,100
18:20:40,7,4,5,9.5,0.04,0.13,0.05,18.2,213,117,167,295.0,0,0,1,100
18:20:40,7,4,5,9.5,0.04,0.13,0.05,18.5,213,117,167,295.0,0,0,1,100
18:20:41,7,4,5,9.5,0.04,0.13,0.05,18.4,213,117,167,295.0,0,0,1,100
18:20:41,7,4,5,9.5,0.04,0.13,0.05,18.2,213,117,167,295.0,0,0,1,100
18:20:41,7,4,5,9.5,0.04,0.13,0.05,18.3,213,117,167,295.0,0,0,0,100
18:20:41,6,3,5,8.4,0.05,0.15,0.04,18.2,182,85,150,251.0,0,0,0,100
18:20:41,6,3,5,8.4,0.05,0.15,0.04,18.2,182,85,150,251.0,0,0,0,100
18:20:41,6,3,5,8.4,0.05,0.15,0.04,18.2,182,85,150,251.0,0,0,0,100
18:20:41,6,3,5,8.4,0.05,0.15,0.04,18.4,182,85,150,251.0,0,0,0,100
18:20:41,6,3,5,8.4,0.05,0.15,0.04,18.3,182,85,150,251.0,0,0,0,100
18:20:41,6,3,5,8.4,0.05,0.15,0.04,18.2,182,85,150,251.0,0,0,0,100
18:20:41,6,3,5,8.4,0.05,0.15,0.04,18.2,182,85,150,251.0,0,0,0,100
18:20:42,6,3,5,8.4,0.05,0.15,0.04,18.2,182,85,150,251.0,0,0,0,100
18:20:42,6,3,5,8.4,0.05,0.15,0.04,18.3,182,85,150,251.0,0,0,0,100
18:20:42,6,3,5,8.4,0.05,0.15,0.04,18.2,182,85,150,251.0,1,1,0,100
18:20:42,6,1,6,8.5,0.07,0.13,0.08,18.2,160,44,158,229.0,1,1,0,100
18:20:42,6,1,6,8.5,0.07,0.13,0.08,18.3,160,44,158,229.0,1,1,0,100
18:20:42,6,1,6,8.5,0.07,0.13,0.08,18.2,160,44,158,229.0,1,1,0,100
18:20:42,6,1,6,8.5,0.07,0.13,0.08,18.3,160,44,158,229.0,1,1,0,100
18:20:42,6,1,6,8.5,0.07,0.13,0.08,18.2,160,44,158,229.0,1,1,0,100
18:20:42,6,1,6,8.5,0.07,0.13,0.08,18.2,160,44,158,229.0,1,1,0,100
18:20:42,6,1,6,8.5,0.07,0.13,0.08,18.2,160,44,158,229.0,1,1,0,100
18:20:43,6,1,6,8.5,0.07,0.13,0.08,18.2,160,44,158,229.0,1,1,0,100
18:20:43,6,1,6,8.5,0.07,0.13,0.08,18.4,160,44,158,229.0,1,1,0,100
18:20:43,6,1,6,8.5,0.07,0.13,0.08,18.2,160,44,158,229.0,0,0,1,100
18:20:43,5,2,6,8.1,0.04,0.27,0.06,18.2,149,68,150,222.0,0,0,1,100
18:20:43,5,2,6,8.1,0.04,0.27,0.06,18.6,149,68,150,222.0,0,0,1,100
18:20:43,5,2,6,8.1,0.04,0.27,0.06,18.2,149,68,150,222.0,0,0,1,100
18:20:43,5,2,6,8.1,0.04,0.27,0.06,18.2,149,68,150,222.0,0,0,1,100
18:20:43,5,2,6,8.1,0.04,0.27,0.06,18.1,149,68,150,222.0,0,0,1,100
18:20:43,5,2,6,8.1,0.04,0.27,0.06,18.2,149,68,150,222.0,0,0,1,100
18:20:43,5,2,6,8.1,0.04,0.27,0.06,18.2,149,68,150,222.0,0,0,1,100
18:20:44,5,2,6,8.1,0.04,0.27,0.06,18.2,149,68,150,222.0,0,0,1,100
18:20:44,5,2,6,8.1,0.04,0.27,0.06,18.3,149,68,150,222.0,0,0,1,100
18:20:44,5,2,6,8.1,0.04,0.27,0.06,18.2,149,68,150,222.0,3,0,0,100
18:20:44,7,4,7,10.7,0.06,0.27,0.06,18.3,175,137,209,305.0,3,0,0,100
18:20:44,7,4,7,10.7,0.06,0.27,0.06,18.2,175,137,209,305.0,3,0,0,100
18:20:44,7,4,7,10.7,0.06,0.27,0.06,18.4,175,137,209,305.0,3,0,0,100
18:20:44,7,4,7,10.7,0.06,0.27,0.06,18.1,175,137,209,305.0,3,0,0,100
18:20:44,7,4,7,10.7,0.06,0.27,0.06,18.3,175,137,209,305.0,3,0,0,100
18:20:44,7,4,7,10.7,0.06,0.27,0.06,18.2,175,137,209,305.0,3,0,0,100
18:20:44,7,4,7,10.7,0.06,0.27,0.06,18.2,175,137,209,305.0,3,0,0,100
18:20:45,7,4,7,10.7,0.06,0.27,0.06,18.2,175,137,209,305.0,3,0,0,100
18:20:45,7,4,7,10.7,0.06,0.27,0.06,17.9,175,137,209,305.0,3,0,0,100
18:20:45,7,4,7,10.7,0.06,0.27,0.06,18.2,175,137,209,305.0,0,0,2,100
18:20:45,11,6,7,14.4,0.05,0.21,0.04,18.4,258,145,175,344.0,0,0,2,100
18:20:45,11,6,7,14.4,0.05,0.21,0.04,18.3,258,145,175,344.0,0,0,2,100
18:20:45,11,6,7,14.4,0.05,0.21,0.04,18.1,258,145,175,344.0,0,0,2,100
18:20:45,11,6,7,14.4,0.05,0.21,0.04,18.4,258,145,175,344.0,0,0,2,100
18:20:45,11,6,7,14.4,0.05,0.21,0.04,18.2,258,145,175,344.0,0,0,2,100
18:20:45,11,6,7,14.4,0.05,0.21,0.04,18.3,258,145,175,344.0,0,0,2,100
18:20:45,11,6,7,14.4,0.05,0.21,0.04,18.4,258,145,175,344.0,0,0,2,100
18:20:46,11,6,7,14.4,0.05,0.21,0.04,18.2,258,145,175,344.0,0,0,2,100
18:20:46,11,6,7,14.4,0.05,0.21,0.04,18.1,258,145,175,344.0,0,0,2,100
18:20:46,11,6,7,14.4,0.05,0.21,0.04,18.4,258,145,175,344.0,0,0,0,100
18:20:46,8,6,7,12.2,0.04,0.12,0.05,18.2,242,148,218,358.0,0,0,0,100
18:20:46,8,6,7,12.2,0.04,0.12,0.05,18.2,242,148,218,358.0,0,0,0,100
18:20:46,8,6,7,12.2,0.04,0.12,0.05,18.4,242,148,218,358.0,0,0,0,100
18:20:46,8,6,7,12.2,0.04,0.12,0.05,18.2,242,148,218,358.0,0,0,0,100
18:20:46,8,6,7,12.2,0.04,0.12,0.05,18.2,242,148,218,358.0,0,0,0,100
18:20:46,8,6,7,12.2,0.04,0.12,0.05,18.2,242,148,218,358.0,0,0,0,100
18:20:46,8,6,7,12.2,0.04,0.12,0.05,18.2,242,148,218,358.0,0,0,0,100
18:20:47,8,6,7,12.2,0.04,0.12,0.05,18.2,242,148,218,358.0,0,0,0,100
18:20:47,8,6,7,12.2,0.04,0.12,0.05,18.2,242,148,218,358.0,0,0,0,100
18:20:47,8,6,7,12.2,0.04,0.12,0.05,18.0,242,148,218,358.0,1,0,0,100
18:20:47,4,4,8,9.8,0.03,0.12,0.06,18.2,130,120,222,284.0,1,0,0,100
18:20:47,4,4,8,9.8,0.03,0.12,0.06,18.4,130,120,222,284.0,1,0,0,100
18:20:47,4,4,8,9.8,0.03,0.12,0.06,18.2,130,120,222,284.0,1,0,0,100
18:20:47,4,4,8,9.8,0.03,0.12,0.06,18.2,130,120,222,284.0,1,0,0,100
18:20:47,4,4,8,9.8,0.03,0.12,0.06,18.4,130,120,222,284.0,1,0,0,100
18:20:47,4,4,8,9.8,0.03,0.12,0.06,18.4,130,120,222,284.0,1,0,0,100
18:20:47,4,4,8,9.8,0.03,0.12,0.06,18.2,130,120,222,284.0,1,0,0,100
18:20:48,4,4,8,9.8,0.03,0.12,0.06,18.3,130,120,222,284.0,1,0,0,100
18:20:48,4,4,8,9.8,0.03,0.12,0.06,18.0,130,120,222,284.0,1,0,0,100
18:20:48,4,4,8,9.8,0.03,0.12,0.06,18.2,130,120,222,284.0,0,0,1,100
18:20:48,7,3,4,8.6,0.12,0.19,0.1,18.0,189,88,148,256.0,0,0,1,100
18:20:48,7,3,4,8.6,0.12,0.19,0.1,18.4,189,88,148,256.0,0,0,1,100
18:20:48,7,3,4,8.6,0.12,0.19,0.1,18.2,189,88,148,256.0,0,0,1,100
18:20:48,7,3,4,8.6,0.12,0.19,0.1,18.4,189,88,148,256.0,0,0,1,100
18:20:48,7,3,4,8.6,0.12,0.19,0.1,18.1,189,88,148,256.0,0,0,1,100
18:20:48,7,3,4,8.6,0.12,0.19,0.1,18.2,189,88,148,256.0,0,0,1,100
18:20:48,7,3,4,8.6,0.12,0.19,0.1,18.2,189,88,148,256.0,0,0,1,100
18:20:49,7,3,4,8.6,0.12,0.19,0.1,18.2,189,88,148,256.0,0,0,1,100
18:20:49,7,3,4,8.6,0.12,0.19,0.1,18.2,189,88,148,256.0,0,0,1,100
18:20:49,7,3,4,8.6,0.12,0.19,0.1,18.4,189,88,148,256.0,3,0,0,100
18:20:49,5,1,5,7.1,0.12,0.16,0.04,18.4,138,50,141,204.0,3,0,0,100
18:20:49,5,1,5,7.1,0.12,0.16,0.04,18.2,138,50,141,204.0,3,0,0,100
18:20:49,5,1,5,7.1,0.12,0.16,0.04,18.2,138,50,141,204.0,3,0,0,100
18:20:49,5,1,5,7.1,0.12,0.16,0.04,18.2,138,50,141,204.0,3,0,0,100
18:20:49,5,1,5,7.1,0.12,0.16,0.04,18.2,138,50,141,204.0,3,0,0,100
18:20:49,5,1,5,7.1,0.12,0.16,0.04,18.2,138,50,141,204.0,3,0,0,100
18:20:49,5,1,5,7.1,0.12,0.16,0.04,18.2,138,50,141,204.0,3,0,0,100
18:20:50,5,1,5,7.1,0.12,0.16,0.04,18.4,138,50,141,204.0,3,0,0,100
18:20:50,5,1,5,7.1,0.12,0.16,0.04,18.2,138,50,141,204.0,3,0,0,100
18:20:50,5,1,5,7.1,0.12,0.16,0.04,18.2,138,50,141,204.0,0,3,1,100
18:20:50,6,2,6,8.7,0.07,0.19,0.06,17.9,172,53,135,225.0,0,3,1,100
18:20:50,6,2,6,8.7,0.07,0.19,0.06,18.2,172,53,135,225.0,0,3,1,100
18:20:50,6,2,6,8.7,0.07,0.19,0.06,18.2,172,53,135,225.0,0,3,1,100
18:20:50,6,2,6,8.7,0.07,0.19,0.06,18.2,172,53,135,225.0,0,3,1,100
18:20:50,6,2,6,8.7,0.07,0.19,0.06,18.3,172,53,135,225.0,0,3,1,100
18:20:50,6,2,6,8.7,0.07,0.19,0.06,18.2,172,53,135,225.0,0,3,1,100
18:20:51,6,2,6,8.7,0.07,0.19,0.06,18.3,172,53,135,225.0,0,3,1,100
18:20:51,6,2,6,8.7,0.07,0.19,0.06,18.2,172,53,135,225.0,0,3,1,100
18:20:51,6,2,6,8.7,0.07,0.19,0.06,18.4,172,53,135,225.0,0,3,1,100
18:20:51,6,2,6,8.7,0.07,0.19,0.06,18.2,172,53,135,225.0,0,0,0,100
18:20:51,6,3,6,9.0,0.04,0.16,0.12,18.2,172,91,176,262.0,0,0,0,100
18:20:51,6,3,6,9.0,0.04,0.16,0.12,18.2,172,91,176,262.0,0,0,0,100
18:20:51,6,3,6,9.0,0.04,0.16,0.12,18.3,172,91,176,262.0,0,0,0,100
18:20:51,6,3,6,9.0,0.04,0.16,0.12,18.3,172,91,176,262.0,0,0,0,100
18:20:51,6,3,6,9.0,0.04,0.16,0.12,18.1,172,91,176,262.0,0,0,0,100
18:20:51,6,3,6,9.0,0.04,0.16,0.12,18.2,172,91,176,262.0,0,0,0,100
18:20:51,6,3,6,9.0,0.04,0.16,0.12,18.2,172,91,176,262.0,0,0,0,100
18:20:52,6,3,6,9.0,0.04,0.16,0.12,18.2,172,91,176,262.0,0,0,0,100
18:20:52,6,3,6,9.0,0.04,0.16,0.12,18.2,172,91,176,262.0,0,0,0,100
18:20:52,6,3,6,9.0,0.04,0.16,0.12,18.3,172,91,176,262.0,0,0,0,100
18:20:52,6,4,7,10.0,0.08,0.13,0.07,18.2,174,136,201,299.0,0,0,0,100
18:20:52,6,4,7,10.0,0.08,0.13,0.07,18.2,174,136,201,299.0,0,0,0,100
18:20:52,6,4,7,10.0,0.08,0.13,0.07,18.2,174,136,201,299.0,0,0,0,100
18:20:52,6,4,7,10.0,0.08,0.13,0.07,18.4,174,136,201,299.0,0,0,0,100
18:20:52,6,4,7,10.0,0.08,0.13,0.07,18.3,174,136,201,299.0,0,0,0,100
18:20:52,6,4,7,10.0,0.08,0.13,0.07,18.2,174,136,201,299.0,0,0,0,100
18:20:53,6,4,7,10.0,0.08,0.13,0.07,18.2,174,136,201,299.0,0,0,0,100
18:20:53,6,4,7,10.0,0.08,0.13,0.07,18.4,174,136,201,299.0,0,0,0,100
18:20:53,6,4,7,10.0,0.08,0.13,0.07,18.3,174,136,201,299.0,0,0,0,100
18:20:53,6,4,7,10.0,0.08,0.13,0.07,18.1,174,136,201,299.0,0,0,2,100
18:20:53,9,7,6,12.9,0.09,0.15,0.04,18.1,246,157,121,316.0,0,0,2,100
18:20:53,9,7,6,12.9,0.09,0.15,0.04,18.2,246,157,121,316.0,0,0,2,100
18:20:53,9,7,6,12.9,0.09,0.15,0.04,18.2,246,157,121,316.0,0,0,2,100
18:20:53,9,7,6,12.9,0.09,0.15,0.04,18.1,246,157,121,316.0,0,0,2,100
18:20:53,9,7,6,12.9,0.09,0.15,0.04,18.2,246,157,121,316.0,0,0,2,100
18:20:53,9,7,6,12.9,0.09,0.15,0.04,18.4,246,157,121,316.0,0,0,2,100
18:20:54,9,7,6,12.9,0.09,0.15,0.04,18.2,246,157,121,316.0,0,0,2,100
18:20:54,9,7,6,12.9,0.09,0.15,0.04,18.3,246,157,121,316.0,0,0,2,100
18:20:54,9,7,6,12.9,0.09,0.15,0.04,18.2,246,157,121,316.0,0,0,2,100
18:20:54,9,7,6,12.9,0.09,0.15,0.04,18.1,246,157,121,316.0,0,0,0,100
18:20:54,10,7,8,14.6,0.08,0.26,0.08,18.2,247,148,234,371.0,0,0,0,100
18:20:54,10,7,8,14.6,0.08,0.26,0.08,18.1,247,148,234,371.0,0,0,0,100
18:20:54,10,7,8,14.6,0.08,0.26,0.08,18.2,247,148,234,371.0,0,0,0,100
18:20:54,10,7,8,14.6,0.08,0.26,0.08,18.4,247,148,234,371.0,0,0,0,100
18:20:54,10,7,8,14.6,0.08,0.26,0.08,18.2,247,148,234,371.0,0,0,0,100
18:20:54,10,7,8,14.6,0.08,0.26,0.08,18.3,247,148,234,371.0,0,0,0,100
18:20:55,10,7,8,14.6,0.08,0.26,0.08,18.3,247,148,234,371.0,0,0,0,100
18:20:55,10,7,8,14.6,0.08,0.26,0.08,18.2,247,148,234,371.0,0,0,0,100
18:20:55,10,7,8,14.6,0.08,0.26,0.08,18.2,247,148,234,371.0,0,0,0,100
18:20:55,10,7,8,14.6,0.08,0.26,0.08,18.2,247,148,234,371.0,2,0,0,100
18:20:55,7,6,11,14.4,0.05,0.18,0.12,18.2,177,122,255,334.0,2,0,0,100
18:20:55,7,6,11,14.4,0.05,0.18,0.12,18.1,177,122,255,334.0,2,0,0,100
18:20:55,7,6,11,14.4,0.05,0.18,0.12,18.3,177,122,255,334.0,2,0,0,100
18:20:55,7,6,11,14.4,0.05,0.18,0.12,18.2,177,122,255,334.0,2,0,0,100
18:20:55,7,6,11,14.4,0.05,0.18,0.12,18.3,177,122,255,334.0,2,0,0,100
18:20:55,7,6,11,14.4,0.05,0.18,0.12,18.1,177,122,255,334.0,2,0,0,100
18:20:56,7,6,11,14.4,0.05,0.18,0.12,18.4,177,122,255,334.0,2,0,0,100
18:20:56,7,6,11,14.4,0.05,0.18,0.12,18.2,177,122,255,334.0,2,0,0,100
18:20:56,7,6,11,14.4,0.05,0.18,0.12,18.0,177,122,255,334.0,2,0,0,100
18:20:56,7,6,11,14.4,0.05,0.18,0.12,18.2,177,122,255,334.0,0,0,1,100
18:20:56,8,4,5,10.2,0.1,0.16,0.11,18.1,231,105,130,285.0,0,0,1,100
18:20:56,8,4,5,10.2,0.1,0.16,0.11,18.2,231,105,130,285.0,0,0,1,100
18:20:56,8,4,5,10.2,0.1,0.16,0.11,18.0,231,105,130,285.0,0,0,1,100
18:20:56,8,4,5,10.2,0.1,0.16,0.11,18.4,231,105,130,285.0,0,0,1,100
18:20:56,8,4,5,10.2,0.1,0.16,0.11,18.4,231,105,130,285.0,0,0,1,100
18:20:56,8,4,5,10.2,0.1,0.16,0.11,18.1,231,105,130,285.0,0,0,1,100
18:20:57,8,4,5,10.2,0.1,0.16,0.11,18.3,231,105,130,285.0,0,0,1,100
18:20:57,8,4,5,10.2,0.1,0.16,0.11,17.9,231,105,130,285.0,0,0,1,100
18:20:57,8,4,5,10.2,0.1,0.16,0.11,18.4,231,105,130,285.0,0,0,1,100
18:20:57,8,4,5,10.2,0.1,0.16,0.11,18.2,231,105,130,285.0,1,3,0,100
18:20:57,4,1,6,7.3,0.09,0.15,0.05,18.2,113,32,167,204.0,1,3,0,100
18:20:57,4,1,6,7.3,0.09,0.15,0.05,18.2,113,32,167,204.0,1,3,0,100
18:20:57,4,1,6,7.3,0.09,0.15,0.05,18.3,113,32,167,204.0,1,3,0,100
18:20:57,4,1,6,7.3,0.09,0.15,0.05,18.4,113,32,167,204.0,1,3,0,100
18:20:57,4,1,6,7.3,0.09,0.15,0.05,18.4,113,32,167,204.0,1,3,0,100
18:20:57,4,1,6,7.3,0.09,0.15,0.05,18.2,113,32,167,204.0,1,3,0,100
18:20:58,4,1,6,7.3,0.09,0.15,0.05,18.3,113,32,167,204.0,1,3,0,100
18:20:58,4,1,6,7.3,0.09,0.15,0.05,18.2,113,32,167,204.0,1,3,0,100
18:20:58,4,1,6,7.3,0.09,0.15,0.05,18.2,113,32,167,204.0,1,3,0,100
18:20:58,4,1,6,7.3,0.09,0.15,0.05,18.2,113,32,167,204.0,0,0,2,100
18:20:58,8,4,4,9.8,0.08,0.2,0.08,18.0,208,101,91,248.0,0,0,2,100
18:20:58,8,4,4,9.8,0.08,0.2,0.08,18.1,208,101,91,248.0,0,0,2,100
18:20:58,8,4,4,9.8,0.08,0.2,0.08,18.2,208,101,91,248.0,0,0,2,100
18:20:58,8,4,4,9.8,0.08,0.2,0.08,18.1,208,101,91,248.0,0,0,2,100
18:20:58,8,4,4,9.8,0.08,0.2,0.08,18.2,208,101,91,248.0,0,0,2,100
18:20:58,8,4,4,9.8,0.08,0.2,0.08,18.3,208,101,91,248.0,0,0,2,100
18:20:59,8,4,4,9.8,0.08,0.2,0.08,18.1,208,101,91,248.0,0,0,2,100
18:20:59,8,4,4,9.8,0.08,0.2,0.08,18.4,208,101,91,248.0,0,0,2,100
18:20:59,8,4,4,9.8,0.08,0.2,0.08,18.3,208,101,91,248.0,0,0,2,100
18:20:59,8,4,4,9.8,0.08,0.2,0.08,18.2,208,101,91,248.0,1,0,0,100
18:20:59,6,5,8,11.2,0.03,0.22,0.11,18.2,158,130,211,294.0,1,0,0,100
18:20:59,6,5,8,11.2,0.03,0.22,0.11,18.3,158,130,211,294.0,1,0,0,100
18:20:59,6,5,8,11.2,0.03,0.22,0.11,18.3,158,130,211,294.0,1,0,0,100
18:20:59,6,5,8,11.2,0.03,0.22,0.11,18.2,158,130,211,294.0,1,0,0,100
18:20:59,6,5,8,11.2,0.03,0.22,0.11,18.2,158,130,211,294.0,1,0,0,100
18:20:59,6,5,8,11.2,0.03,0.22,0.11,18.2,158,130,211,294.0,1,0,0,100
18:21:00,6,5,8,11.2,0.03,0.22,0.11,18.3,158,130,211,294.0,1,0,0,100
18:21:00,6,5,8,11.2,0.03,0.22,0.11,18.4,158,130,211,294.0,1,0,0,100
18:21:00,6,5,8,11.2,0.03,0.22,0.11,18.3,158,130,211,294.0,1,0,0,100
18:21:00,6,5,8,11.2,0.03,0.22,0.11,18.4,158,130,211,294.0,2,0,0,100
18:21:00,9,5,9,13.7,0.07,0.21,0.05,18.4,225,158,229,358.0,2,0,0,100
18:21:00,9,5,9,13.7,0.07,0.21,0.05,18.2,225,158,229,358.0,2,0,0,100
18:21:00,9,5,9,13.7,0.07,0.21,0.05,18.4,225,158,229,358.0,2,0,0,100
18:21:00,9,5,9,13.7,0.07,0.21,0.05,17.9,225,158,229,358.0,2,0,0,100
18:21:00,9,5,9,13.7,0.07,0.21,0.05,17.9,225,158,229,358.0,2,0,0,100
18:21:00,9,5,9,13.7,0.07,0.21,0.05,18.2,225,158,229,358.0,2,0,0,100
18:21:01,9,5,9,13.7,0.07,0.21,0.05,18.2,225,158,229,358.0,2,0,0,100
18:21:01,9,5,9,13.7,0.07,0.21,0.05,18.2,225,158,229,358.0,2,0,0,100
18:21:01,9,5,9,13.7,0.07,0.21,0.05,18.4,225,158,229,358.0,2,0,0,100
18:21:01,9,5,9,13.7,0.07,0.21,0.05,18.2,225,158,229,358.0,0,0,0,100
18:21:01,9,6,5,11.9,0.09,0.2,0.04,18.4,279,163,124,346.0,0,0,0,100
18:21:01,9,6,5,11.9,0.09,0.2,0.04,18.1,279,163,124,346.0,0,0,0,100
18:21:01,9,6,5,11.9,0.09,0.2,0.04,18.1,279,163,124,346.0,0,0,0,100
18:21:01,9,6,5,11.9,0.09,0.2,0.04,18.2,279,163,124,346.0,0,0,0,100
18:21:01,9,6,5,11.9,0.09,0.2,0.04,18.2,279,163,124,346.0,0,0,0,100
18:21:01,9,6,5,11.9,0.09,0.2,0.04,18.4,279,163,124,346.0,0,0,0,100
18:21:02,9,6,5,11.9,0.09,0.2,0.04,18.4,279,163,124,346.0,0,0,0,100
18:21:02,9,6,5,11.9,0.09,0.2,0.04,18.2,279,163,124,346.0,0,0,0,100
18:21:02,9,6,5,11.9,0.09,0.2,0.04,18.2,279,163,124,346.0,0,0,0,100
18:21:02,9,6,5,11.9,0.09,0.2,0.04,18.2,279,163,124,346.0,0,0,0,100
18:21:02,8,4,7,11.4,0.09,0.2,0.09,18.3,213,137,200,323.0,0,0,0,100
18:21:02,8,4,7,11.4,0.09,0.2,0.09,18.2,213,137,200,323.0,0,0,0,100
18:21:02,8,4,7,11.4,0.09,0.2,0.09,18.4,213,137,200,323.0,0,0,0,100
18:21:02,8,4,7,11.4,0.09,0.2,0.09,18.3,213,137,200,323.0,0,0,0,100
18:21:02,8,4,7,11.4,0.09,0.2,0.09,18.2,213,137,200,323.0,0,0,0,100
18:21:03,8,4,7,11.4,0.09,0.2,0.09,18.3,213,137,200,323.0,0,0,0,100
18:21:03,8,4,7,11.4,0.09,0.2,0.09,18.2,213,137,200,323.0,0,0,0,100
18:21:03,8,4,7,11.4,0.09,0.2,0.09,18.2,213,137,200,323.0,0,0,0,100
18:21:03,8,4,7,11.4,0.09,0.2,0.09,18.2,213,137,200,323.0,0,0,0,100
18:21:03,8,4,7,11.4,0.09,0.2,0.09,18.2,213,137,200,323.0,0,0,0,100
18:21:03,5,3,8,9.9,0.04,0.13,0.08,18.2,146,77,172,238.0,0,0,0,100
18:21:03,5,3,8,9.9,0.04,0.13,0.08,18.2,146,77,172,238.0,0,0,0,100
18:21:03,5,3,8,9.9,0.04,0.13,0.08,18.2,146,77,172,238.0,0,0,0,100
18:21:03,5,3,8,9.9,0.04,0.13,0.08,17.9,146,77,172,238.0,0,0,0,100
18:21:03,5,3,8,9.9,0.04,0.13,0.08,18.4,146,77,172,238.0,0,0,0,100
18:21:04,5,3,8,9.9,0.04,0.13,0.08,18.2,146,77,172,238.0,0,0,0,100
18:21:04,5,3,8,9.9,0.04,0.13,0.08,18.2,146,77,172,238.0,0,0,0,100
18:21:04,5,3,8,9.9,0.04,0.13,0.08,18.2,146,77,172,238.0,0,0,0,100
18:21:04,5,3,8,9.9,0.04,0.13,0.08,18.4,146,77,172,238.0,0,0,0,100
18:21:04,5,3,8,9.9,0.04,0.13,0.08,18.2,146,77,172,238.0,0,1,3,100
18:21:04,6,2,4,7.5,0.07,0.13,0.06,18.2,145,32,125,194.0,0,1,3,100
18:21:04,6,2,4,7.5,0.07,0.13,0.06,18.3,145,32,125,194.0,0,1,3,100
18:21:04,6,2,4,7.5,0.07,0.13,0.06,18.2,145,32,125,194.0,0,1,3,100
18:21:04,6,2,4,7.5,0.07,0.13,0.06,18.2,145,32,125,194.0,0,1,3,100
18:21:04,6,2,4,7.5,0.07,0.13,0.06,18.4,145,32,125,194.0,0,1,3,100
18:21:05,6,2,4,7.5,0.07,0.13,0.06,18.1,145,32,125,194.0,0,1,3,100
18:21:05,6,2,4,7.5,0.07,0.13,0.06,18.2,145,32,125,194.0,0,1,3,100
18:21:05,6,2,4,7.5,0.07,0.13,0.06,18.0,145,32,125,194.0,0,1,3,100
18:21:05,6,2,4,7.5,0.07,0.13,0.06,18.2,145,32,125,194.0,0,1,3,100
18:21:05,6,2,4,7.5,0.07,0.13,0.06,18.2,145,32,125,194.0,2,0,0,100
18:21:05,4,2,6,7.5,0.09,0.17,0.03,18.2,138,72,159,223.0,2,0,0,100
18:21:05,4,2,6,7.5,0.09,0.17,0.03,18.2,138,72,159,223.0,2,0,0,100
18:21:05,4,2,6,7.5,0.09,0.17,0.03,17.9,138,72,159,223.0,2,0,0,100
18:21:05,4,2,6,7.5,0.09,0.17,0.03,18.4,138,72,159,223.0,2,0,0,100
18:21:05,4,2,6,7.5,0.09,0.17,0.03,18.2,138,72,159,223.0,2,0,0,100
18:21:06,4,2,6,7.5,0.09,0.17,0.03,18.2,138,72,159,223.0,2,0,0,100
18:21:06,4,2,6,7.5,0.09,0.17,0.03,18.1,138,72,159,223.0,2,0,0,100
18:21:06,4,2,6,7.5,0.09,0.17,0.03,18.2,138,72,159,223.0,2,0,0,100
18:21:06,4,2,6,7.5,0.09,0.17,0.03,18.2,138,72,159,223.0,2,0,0,100
18:21:06,4,2,6,7.5,0.09,0.17,0.03,18.2,138,72,159,223.0,0,0,0,100
18:21:06,8,4,4,9.8,0.05,0.2,0.05,18.1,209,116,113,264.0,0,0,0,100
18:21:06,8,4,4,9.8,0.05,0.2,0.05,18.2,209,116,113,264.0,0,0,0,100
18:21:06,8,4,4,9.8,0.05,0.2,0.05,18.2,209,116,113,264.0,0,0,0,100
18:21:06,8,4,4,9.8,0.05,0.2,0.05,18.3,209,116,113,264.0,0,0,0,100
18:21:06,8,4,4,9.8,0.05,0.2,0.05,18.2,209,116,113,264.0,0,0,0,100
18:21:07,8,4,4,9.8,0.05,0.2,0.05,18.4,209,116,113,264.0,0,0,0,100
18:21:07,8,4,4,9.8,0.05,0.2,0.05,18.3,209,116,113,264.0,0,0,0,100
18:21:07,8,4,4,9.8,0.05,0.2,0.05,18.2,209,116,113,264.0,0,0,0,100
18:21:07,8,4,4,9.8,0.05,0.2,0.05,18.2,209,116,113,264.0,0,0,0,100
18:21:07,8,4,4,9.8,0.05,0.2,0.05,18.2,209,116,113,264.0,0,0,0,100
18:21:07,6,6,11,13.9,0.03,0.12,0.07,18.2,153,134,230,307.0,0,0,0,100
18:21:07,6,6,11,13.9,0.03,0.12,0.07,17.9,153,134,230,307.0,0,0,0,100
18:21:07,6,6,11,13.9,0.03,0.12,0.07,18.2,153,134,230,307.0,0,0,0,100
18:21:07,6,6,11,13.9,0.03,0.12,0.07,18.1,153,134,230,307.0,0,0,0,100
18:21:07,6,6,11,13.9,0.03,0.12,0.07,18.2,153,134,230,307.0,0,0,0,100
18:21:08,6,6,11,13.9,0.03,0.12,0.07,18.2,153,134,230,307.0,0,0,0,100
18:21:08,6,6,11,13.9,0.03,0.12,0.07,18.2,153,134,230,307.0,0,0,0,100
18:21:08,6,6,11,13.9,0.03,0.12,0.07,18.3,153,134,230,307.0,0,0,0,100
18:21:08,6,6,11,13.9,0.03,0.12,0.07,18.1,153,134,230,307.0,0,0,0,100
18:21:08,6,6,11,13.9,0.03,0.12,0.07,18.1,153,134,230,307.0,0,0,0,100
18:21:08,10,6,9,14.7,0.08,0.19,0.09,18.2,224,152,221,349.0,0,0,0,100
18:21:08,10,6,9,14.7,0.08,0.19,0.09,18.2,224,152,221,349.0,0,0,0,100
18:21:08,10,6,9,14.7,0.08,0.19,0.09,18.2,224,152,221,349.0,0,0,0,100
18:21:08,10,6,9,14.7,0.08,0.19,0.09,18.2,224,152,221,349.0,0,0,0,100
18:21:08,10,6,9,14.7,0.08,0.19,0.09,18.2,224,152,221,349.0,0,0,0,100
18:21:09,10,6,9,14.7,0.08,0.19,0.09,18.2,224,152,221,349.0,0,0,0,100
18:21:09,10,6,9,14.7,0.08,0.19,0.09,18.1,224,152,221,349.0,0,0,0,100
18:21:09,10,6,9,14.7,0.08,0.19,0.09,18.2,224,152,221,349.0,0,0,0,100
18:21:09,10,6,9,14.7,0.08,0.19,0.09,18.1,224,152,221,349.0,0,0,0,100
18:21:09,10,6,9,14.7,0.08,0.19,0.09,18.2,224,152,221,349.0,0,0,1,100
18:21:09,8,4,4,9.8,0.07,0.1,0.04,18.0,236,132,117,295.0,0,0,1,100
18:21:09,8,4,4,9.8,0.07,0.1,0.04,18.2,236,132,117,295.0,0,0,1,100
18:21:09,8,4,4,9.8,0.07,0.1,0.04,18.2,236,132,117,295.0,0,0,1,100
18:21:09,8,4,4,9.8,0.07,0.1,0.04,18.3,236,132,117,295.0,0,0,1,100
18:21:09,8,4,4,9.8,0.07,0.1,0.04,18.2,236,132,117,295.0,0,0,1,100
18:21:10,8,4,4,9.8,0.07,0.1,0.04,18.2,236,132,117,295.0,0,0,1,100
18:21:10,8,4,4,9.8,0.07,0.1,0.04,18.2,236,132,117,295.0,0,0,1,100
18:21:10,8,4,4,9.8,0.07,0.1,0.04,18.2,236,132,117,295.0,0,0,1,100
18:21:10,8,4,4,9.8,0.07,0.1,0.04,18.2,236,132,117,295.0,0,0,1,100
18:21:10,8,4,4,9.8,0.07,0.1,0.04,18.2,236,132,117,295.0,1,0,0,100
18:21:10,5,3,7,9.1,0.06,0.12,0.04,18.1,154,101,193,267.0,1,0,0,100
18:21:10,5,3,7,9.1,0.06,0.12,0.04,18.3,154,101,193,267.0,1,0,0,100
18:21:10,5,3,7,9.1,0.06,0.12,0.04,18.3,154,101,193,267.0,1,0,0,100
18:21:10,5,3,7,9.1,0.06,0.12,0.04,18.2,154,101,193,267.0,1,0,0,100
18:21:10,5,3,7,9.1,0.06,0.12,0.04,18.3,154,101,193,267.0,1,0,0,100
18:21:11,5,3,7,9.1,0.06,0.12,0.04,18.2,154,101,193,267.0,1,0,0,100
18:21:11,5,3,7,9.1,0.06,0.12,0.04,18.0,154,101,193,267.0,1,0,0,100
18:21:11,5,3,7,9.1,0.06,0.12,0.04,18.3,154,101,193,267.0,1,0,0,100
18:21:11,5,3,7,9.1,0.06,0.12,0.04,18.3,154,101,193,267.0,1,0,0,100
18:21:11,5,3,7,9.1,0.06,0.12,0.04,18.2,154,101,193,267.0,0,0,0,100
18:21:11,7,2,5,8.8,0.03,0.13,0.07,18.4,186,57,162,253.0,0,0,0,100
18:21:11,7,2,5,8.8,0.03,0.13,0.07,18.2,186,57,162,253.0,0,0,0,100
18:21:11,7,2,5,8.8,0.03,0.13,0.07,18.1,186,57,162,253.0,0,0,0,100
18:21:11,7,2,5,8.8,0.03,0.13,0.07,18.0,186,57,162,253.0,0,0,0,100
18:21:11,7,2,5,8.8,0.03,0.13,0.07,18.1,186,57,162,253.0,0,0,0,100
18:21:12,7,2,5,8.8,0.03,0.13,0.07,18.2,186,57,162,253.0,0,0,0,100
18:21:12,7,2,5,8.8,0.03,0.13,0.07,18.3,186,57,162,253.0,0,0,0,100
18:21:12,7,2,5,8.8,0.03,0.13,0.07,18.2,186,57,162,253.0,0,0,0,100
18:21:12,7,2,5,8.8,0.03,0.13,0.07,18.1,186,57,162,253.0,0,0,0,100
18:21:12,7,2,5,8.8,0.03,0.13,0.07,18.1,186,57,162,253.0,0,1,1,100
18:21:12,5,1,5,7.1,0.04,0.19,0.11,18.2,180,51,149,239.0,0,1,1,100
18:21:12,5,1,5,7.1,0.04,0.19,0.11,18.4,180,51,149,239.0,0,1,1,100
18:21:12,5,1,5,7.1,0.04,0.19,0.11,18.1,180,51,149,239.0,0,1,1,100
18:21:12,5,1,5,7.1,0.04,0.19,0.11,18.4,180,51,149,239.0,0,1,1,100
18:21:12,5,1,5,7.1,0.04,0.19,0.11,18.2,180,51,149,239.0,0,1,1,100
18:21:13,5,1,5,7.1,0.04,0.19,0.11,18.1,180,51,149,239.0,0,1,1,100
18:21:13,5,1,5,7.1,0.04,0.19,0.11,18.2,180,51,149,239.0,0,1,1,100
18:21:13,5,1,5,7.1,0.04,0.19,0.11,18.1,180,51,149,239.0,0,1,1,100
18:21:13,5,1,5,7.1,0.04,0.19,0.11,18.3,180,51,149,239.0,0,1,1,100
18:21:13,5,1,5,7.1,0.04,0.19,0.11,18.2,180,51,149,239.0,0,0,0,100
18:21:13,6,3,5,8.4,0.05,0.12,0.03,18.2,178,95,159,257.0,0,0,0,100
18:21:13,6,3,5,8.4,0.05,0.12,0.03,18.4,178,95,159,257.0,0,0,0,100
18:21:13,6,3,5,8.4,0.05,0.12,0.03,18.0,178,95,159,257.0,0,0,0,100
18:21:13,6,3,5,8.4,0.05,0.12,0.03,18.2,178,95,159,257.0,0,0,0,100
18:21:13,6,3,5,8.4,0.05,0.12,0.03,18.0,178,95,159,257.0,0,0,0,100
18:21:14,6,3,5,8.4,0.05,0.12,0.03,18.2,178,95,159,257.0,0,0,0,100
18:21:14,6,3,5,8.4,0.05,0.12,0.03,18.0,178,95,159,257.0,0,0,0,100
18:21:14,6,3,5,8.4,0.05,0.12,0.03,18.1,178,95,159,257.0,0,0,0,100
18:21:14,6,3,5,8.4,0.05,0.12,0.03,18.2,178,95,159,257.0,0,0,0,100
18:21:14,6,3,5,8.4,0.05,0.12,0.03,18.3,178,95,159,257.0,0,0,3,100
18:21:14,9,4,5,11.0,0.03,0.25,0.04,18.2,223,126,134,289.0,0,0,3,100
18:21:14,9,4,5,11.0,0.03,0.25,0.04,18.1,223,126,134,289.0,0,0,3,100
18:21:14,9,4,5,11.0,0.03,0.25,0.04,18.2,223,126,134,289.0,0,0,3,100
18:21:14,9,4,5,11.0,0.03,0.25,0.04,18.3,223,126,134,289.0,0,0,3,100
18:21:14,9,4,5,11.0,0.03,0.25,0.04,18.2,223,126,134,289.0,0,0,3,100
18:21:15,9,4,5,11.0,0.03,0.25,0.04,18.2,223,126,134,289.0,0,0,3,100
18:21:15,9,4,5,11.0,0.03,0.25,0.04,18.1,223,126,134,289.0,0,0,3,100
18:21:15,9,4,5,11.0,0.03,0.25,0.04,18.2,223,126,134,289.0,0,0,3,100
18:21:15,9,4,5,11.0,0.03,0.25,0.04,17.9,223,126,134,289.0,0,0,3,100
18:21:15,9,4,5,11.0,0.03,0.25,0.04,18.2,223,126,134,289.0,1,0,0,100
18:21:15,6,4,8,10.8,0.02,0.14,0.07,18.1,165,138,224,311.0,1,0,0,100
18:21:15,6,4,8,10.8,0.02,0.14,0.07,18.2,165,138,224,311.0,1,0,0,100
18:21:15,6,4,8,10.8,0.02,0.14,0.07,18.2,165,138,224,311.0,1,0,0,100
18:21:15,6,4,8,10.8,0.02,0.14,0.07,18.3,165,138,224,311.0,1,0,0,100
18:21:15,6,4,8,10.8,0.02,0.14,0.07,18.3,165,138,224,311.0,1,0,0,100
18:21:16,6,4,8,10.8,0.02,0.14,0.07,18.2,165,138,224,311.0,1,0,0,100
18:21:16,6,4,8,10.8,0.02,0.14,0.07,18.3,165,138,224,311.0,1,0,0,100
18:21:16,6,4,8,10.8,0.02,0.14,0.07,17.9,165,138,224,311.0,1,0,0,100
18:21:16,6,4,8,10.8,0.02,0.14,0.07,18.4,165,138,224,311.0,1,0,0,100
18:21:16,6,4,8,10.8,0.02,0.14,0.07,18.2,165,138,224,311.0,1,0,0,100
18:21:16,8,5,8,12.4,0.07,0.19,0.06,18.2,212,144,240,351.0,1,0,0,100
18:21:16,8,5,8,12.4,0.07,0.19,0.06,18.1,212,144,240,351.0,1,0,0,100
18:21:16,8,5,8,12.4,0.07,0.19,0.06,18.4,212,144,240,351.0,1,0,0,100
18:21:16,8,5,8,12.4,0.07,0.19,0.06,18.2,212,144,240,351.0,1,0,0,100
18:21:16,8,5,8,12.4,0.07,0.19,0.06,18.2,212,144,240,351.0,1,0,0,100
18:21:17,8,5,8,12.4,0.07,0.19,0.06,18.0,212,144,240,351.0,1,0,0,100
18:21:17,8,5,8,12.4,0.07,0.19,0.06,18.2,212,144,240,351.0,1,0,0,100
18:21:17,8,5,8,12.4,0.07,0.19,0.06,18.2,212,144,240,351.0,1,0,0,100
18:21:17,8,5,8,12.4,0.07,0.19,0.06,18.2,212,144,240,351.0,1,0,0,100
18:21:17,8,5,8,12.4,0.07,0.19,0.06,18.2,212,144,240,351.0,0,0,1,100
18:21:17,8,4,4,9.8,0.08,0.12,0.05,18.0,226,137,107,285.0,0,0,1,100
18:21:17,8,4,4,9.8,0.08,0.12,0.05,18.2,226,137,107,285.0,0,0,1,100
18:21:17,8,4,4,9.8,0.08,0.12,0.05,18.0,226,137,107,285.0,0,0,1,100
18:21:17,8,4,4,9.8,0.08,0.12,0.05,18.0,226,137,107,285.0,0,0,1,100
18:21:17,8,4,4,9.8,0.08,0.12,0.05,18.2,226,137,107,285.0,0,0,1,100
18:21:18,8,4,4,9.8,0.08,0.12,0.05,18.2,226,137,107,285.0,0,0,1,100
18:21:18,8,4,4,9.8,0.08,0.12,0.05,18.2,226,137,107,285.0,0,0,1,100
18:21:18,8,4,4,9.8,0.08,0.12,0.05,18.2,226,137,107,285.0,0,0,1,100
18:21:18,8,4,4,9.8,0.08,0.12,0.05,18.1,226,137,107,285.0,0,0,1,100
18:21:18,8,4,4,9.8,0.08,0.12,0.05,18.2,226,137,107,285.0,1,0,0,100
18:21:18,4,2,8,9.2,0.07,0.22,0.07,18.4,126,76,171,226.0,1,0,0,100
18:21:18,4,2,8,9.2,0.07,0.22,0.07,18.2,126,76,171,226.0,1,0,0,100
18:21:18,4,2,8,9.2,0.07,0.22,0.07,18.3,126,76,171,226.0,1,0,0,100
18:21:18,4,2,8,9.2,0.07,0.22,0.07,18.2,126,76,171,226.0,1,0,0,100
18:21:18,4,2,8,9.2,0.07,0.22,0.07,18.1,126,76,171,226.0,1,0,0,100
18:21:19,4,2,8,9.2,0.07,0.22,0.07,18.3,126,76,171,226.0,1,0,0,100
18:21:19,4,2,8,9.2,0.07,0.22,0.07,18.2,126,76,171,226.0,1,0,0,100
18:21:19,4,2,8,9.2,0.07,0.22,0.07,18.2,126,76,171,226.0,1,0,0,100
18:21:19,4,2,8,9.2,0.07,0.22,0.07,18.2,126,76,171,226.0,1,0,0,100
18:21:19,4,2,8,9.2,0.07,0.22,0.07,18.2,126,76,171,226.0,0,1,1,100
18:21:19,6,6,9,12.4,0.04,0.21,0.06,18.2,166,32,118,206.0,0,1,1,100
18:21:19,6,6,9,12.4,0.04,0.21,0.06,18.2,166,32,118,206.0,0,1,1,100
18:21:19,6,6,9,12.4,0.04,0.21,0.06,18.1,166,32,118,206.0,0,1,1,100
18:21:19,6,6,9,12.4,0.04,0.21,0.06,18.0,166,32,118,206.0,0,1,1,100
18:21:19,6,6,9,12.4,0.04,0.21,0.06,18.2,166,32,118,206.0,0,1,1,100
18:21:20,6,6,9,12.4,0.04,0.21,0.06,18.2,166,32,118,206.0,0,1,1,100
18:21:20,6,6,9,12.4,0.04,0.21,0.06,18.1,166,32,118,206.0,0,1,1,100
18:21:20,6,6,9,12.4,0.04,0.21,0.06,18.5,166,32,118,206.0,0,1,1,100
18:21:20,6,6,9,12.4,0.04,0.21,0.06,18.2,166,32,118,206.0,0,1,1,100
18:21:20,6,6,9,12.4,0.04,0.21,0.06,18.4,166,32,118,206.0,1,0,0,100
18:21:20,4,3,6,7.8,0.05,0.1,0.09,18.1,130,90,185,243.0,1,0,0,100
18:21:20,4,3,6,7.8,0.05,0.1,0.09,18.4,130,90,185,243.0,1,0,0,100
18:21:20,4,3,6,7.8,0.05,0.1,0.09,18.3,130,90,185,243.0,1,0,0,100
18:21:20,4,3,6,7.8,0.05,0.1,0.09,18.2,130,90,185,243.0,1,0,0,100
18:21:21,4,3,6,7.8,0.05,0.1,0.09,18.1,130,90,185,243.0,1,0,0,100
18:21:21,4,3,6,7.8,0.05,0.1,0.09,17.9,130,90,185,243.0,1,0,0,100
18:21:21,4,3,6,7.8,0.05,0.1,0.09,18.2,130,90,185,243.0,1,0,0,100
18:21:21,4,3,6,7.8,0.05,0.1,0.09,18.1,130,90,185,243.0,1,0,0,100
18:21:21,4,3,6,7.8,0.05,0.1,0.09,18.2,130,90,185,243.0,1,0,0,100
18:21:21,4,3,6,7.8,0.05,0.1,0.09,18.3,130,90,185,243.0,0,0,0,100
18:21:21,7,4,6,10.0,0.07,0.13,0.03,18.2,198,121,186,297.0,0,0,0,100
18:21:21,7,4,6,10.0,0.07,0.13,0.03,18.2,198,121,186,297.0,0,0,0,100
18:21:21,7,4,6,10.0,0.07,0.13,0.03,18.2,198,121,186,297.0,0,0,0,100
18:21:21,7,4,6,10.0,0.07,0.13,0.03,18.3,198,121,186,297.0,0,0,0,100
18:21:22,7,4,6,10.0,0.07,0.13,0.03,18.1,198,121,186,297.0,0,0,0,100
18:21:22,7,4,6,10.0,0.07,0.13,0.03,18.4,198,121,186,297.0,0,0,0,100
18:21:22,7,4,6,10.0,0.07,0.13,0.03,17.9,198,121,186,297.0,0,0,0,100
18:21:22,7,4,6,10.0,0.07,0.13,0.03,18.2,198,121,186,297.0,0,0,0,100
18:21:22,7,4,6,10.0,0.07,0.13,0.03,18.2,198,121,186,297.0,0,0,0,100
18:21:22,7,4,6,10.0,0.07,0.13,0.03,18.2,198,121,186,297.0,0,0,1,100
18:21:22,9,6,5,11.9,0.09,0.16,0.05,18.2,257,150,147,332.0,0,0,1,100
18:21:22,9,6,5,11.9,0.09,0.16,0.05,18.2,257,150,147,332.0,0,0,1,100
18:21:22,9,6,5,11.9,0.09,0.16,0.05,18.2,257,150,147,332.0,0,0,1,100
18:21:22,9,6,5,11.9,0.09,0.16,0.05,18.1,257,150,147,332.0,0,0,1,100
18:21:23,9,6,5,11.9,0.09,0.16,0.05,18.1,257,150,147,332.0,0,0,1,100
18:21:23,9,6,5,11.9,0.09,0.16,0.05,18.0,257,150,147,332.0,0,0,1,100
18:21:23,9,6,5,11.9,0.09,0.16,0.05,18.2,257,150,147,332.0,0,0,1,100
18:21:23,9,6,5,11.9,0.09,0.16,0.05,18.1,257,150,147,332.0,0,0,1,100
18:21:23,9,6,5,11.9,0.09,0.16,0.05,18.4,257,150,147,332.0,0,0,1,100
18:21:23,9,6,5,11.9,0.09,0.16,0.05,18.2,257,150,147,332.0,0,0,0,100
18:21:23,5,5,8,10.7,0.04,0.15,0.06,18.2,167,146,237,325.0,0,0,0,100
18:21:23,5,5,8,10.7,0.04,0.15,0.06,18.1,167,146,237,325.0,0,0,0,100
18:21:23,5,5,8,10.7,0.04,0.15,0.06,18.1,167,146,237,325.0,0,0,0,100
18:21:23,5,5,8,10.7,0.04,0.15,0.06,18.2,167,146,237,325.0,0,0,0,100
18:21:24,5,5,8,10.7,0.04,0.15,0.06,18.3,167,146,237,325.0,0,0,0,100
18:21:24,5,5,8,10.7,0.04,0.15,0.06,18.0,167,146,237,325.0,0,0,0,100
18:21:24,5,5,8,10.7,0.04,0.15,0.06,18.0,167,146,237,325.0,0,0,0,100
18:21:24,5,5,8,10.7,0.04,0.15,0.06,18.2,167,146,237,325.0,0,0,0,100
18:21:24,5,5,8,10.7,0.04,0.15,0.06,18.1,167,146,237,325.0,0,0,0,100
18:21:24,5,5,8,10.7,0.04,0.15,0.06,18.3,167,146,237,325.0,0,0,0,100
18:21:24,7,4,7,10.7,0.06,0.28,0.09,18.2,172,129,197,292.0,0,0,0,100
18:21:24,7,4,7,10.7,0.06,0.28,0.09,18.2,172,129,197,292.0,0,0,0,100
18:21:24,7,4,7,10.7,0.06,0.28,0.09,18.2,172,129,197,292.0,0,0,0,100
18:21:24,7,4,7,10.7,0.06,0.28,0.09,18.4,172,129,197,292.0,0,0,0,100
18:21:25,7,4,7,10.7,0.06,0.28,0.09,18.3,172,129,197,292.0,0,0,0,100
18:21:25,7,4,7,10.7,0.06,0.28,0.09,18.0,172,129,197,292.0,0,0,0,100
18:21:25,7,4,7,10.7,0.06,0.28,0.09,18.3,172,129,197,292.0,0,0,0,100
18:21:25,7,4,7,10.7,0.06,0.28,0.09,18.1,172,129,197,292.0,0,0,0,100
18:21:25,7,4,7,10.7,0.06,0.28,0.09,17.9,172,129,197,292.0,0,0,0,100
18:21:25,7,4,7,10.7,0.06,0.28,0.09,18.2,172,129,197,292.0,0,0,2,100
18:21:25,8,3,5,9.9,0.08,0.23,0.04,18.4,202,103,138,265.0,0,0,2,100
18:21:25,8,3,5,9.9,0.08,0.23,0.04,18.2,202,103,138,265.0,0,0,2,100
18:21:25,8,3,5,9.9,0.08,0.23,0.04,18.0,202,103,138,265.0,0,0,2,100
18:21:25,8,3,5,9.9,0.08,0.23,0.04,18.3,202,103,138,265.0,0,0,2,100
18:21:26,8,3,5,9.9,0.08,0.23,0.04,18.2,202,103,138,265.0,0,0,2,100
18:21:26,8,3,5,9.9,0.08,0.23,0.04,18.1,202,103,138,265.0,0,0,2,100
18:21:26,8,3,5,9.9,0.08,0.23,0.04,18.1,202,103,138,265.0,0,0,2,100
18:21:26,8,3,5,9.9,0.08,0.23,0.04,18.2,202,103,138,265.0,0,0,2,100
18:21:26,8,3,5,9.9,0.08,0.23,0.04,17.9,202,103,138,265.0,0,0,2,100
18:21:26,8,3,5,9.9,0.08,0.23,0.04,18.0,202,103,138,265.0,2,2,0,100
18:21:26,4,1,7,8.1,0.11,0.26,0.06,18.1,114,40,169,208.0,2,2,0,100
18:21:26,4,1,7,8.1,0.11,0.26,0.06,18.2,114,40,169,208.0,2,2,0,100
18:21:26,4,1,7,8.1,0.11,0.26,0.06,18.3,114,40,169,208.0,2,2,0,100
18:21:26,4,1,7,8.1,0.11,0.26,0.06,18.2,114,40,169,208.0,2,2,0,100
18:21:27,4,1,7,8.1,0.11,0.26,0.06,18.1,114,40,169,208.0,2,2,0,100
18:21:27,4,1,7,8.1,0.11,0.26,0.06,18.2,114,40,169,208.0,2,2,0,100
18:21:27,4,1,7,8.1,0.11,0.26,0.06,18.2,114,40,169,208.0,2,2,0,100
18:21:27,4,1,7,8.1,0.11,0.26,0.06,18.1,114,40,169,208.0,2,2,0,100
18:21:27,4,1,7,8.1,0.11,0.26,0.06,18.1,114,40,169,208.0,2,2,0,100
18:21:27,4,1,7,8.1,0.11,0.26,0.06,18.1,114,40,169,208.0,0,1,0,100
18:21:27,6,2,3,7.0,0.06,0.14,0.06,18.2,162,65,105,204.0,0,1,0,100
18:21:27,6,2,3,7.0,0.06,0.14,0.06,18.4,162,65,105,204.0,0,1,0,100
18:21:27,6,2,3,7.0,0.06,0.14,0.06,18.2,162,65,105,204.0,0,1,0,100
18:21:27,6,2,3,7.0,0.06,0.14,0.06,18.2,162,65,105,204.0,0,1,0,100
18:21:28,6,2,3,7.0,0.06,0.14,0.06,17.9,162,65,105,204.0,0,1,0,100
18:21:28,6,2,3,7.0,0.06,0.14,0.06,18.1,162,65,105,204.0,0,1,0,100
18:21:28,6,2,3,7.0,0.06,0.14,0.06,18.1,162,65,105,204.0,0,1,0,100
18:21:28,6,2,3,7.0,0.06,0.14,0.06,18.2,162,65,105,204.0,0,1,0,100
18:21:28,6,2,3,7.0,0.06,0.14,0.06,18.2,162,65,105,204.0,0,1,0,100
18:21:28,6,2,3,7.0,0.06,0.14,0.06,18.2,162,65,105,204.0,0,0,0,100
18:21:28,4,5,8,10.2,0.04,0.09,0.07,18.2,122,106,211,266.0,0,0,0,100
18:21:28,4,5,8,10.2,0.04,0.09,0.07,18.2,122,106,211,266.0,0,0,0,100
18:21:28,4,5,8,10.2,0.04,0.09,0.07,18.2,122,106,211,266.0,0,0,0,100
18:21:28,4,5,8,10.2,0.04,0.09,0.07,18.2,122,106,211,266.0,0,0,0,100
18:21:29,4,5,8,10.2,0.04,0.09,0.07,18.3,122,106,211,266.0,0,0,0,100
18:21:29,4,5,8,10.2,0.04,0.09,0.07,18.2,122,106,211,266.0,0,0,0,100
18:21:29,4,5,8,10.2,0.04,0.09,0.07,18.2,122,106,211,266.0,0,0,0,100
18:21:29,4,5,8,10.2,0.04,0.09,0.07,18.2,122,106,211,266.0,0,0,0,100
18:21:29,4,5,8,10.2,0.04,0.09,0.07,18.3,122,106,211,266.0,0,0,0,100
18:21:29,4,5,8,10.2,0.04,0.09,0.07,18.2,122,106,211,266.0,0,0,0,100
18:21:29,8,5,6,11.2,0.1,0.2,0.06,18.1,247,146,210,356.0,0,0,0,100
18:21:29,8,5,6,11.2,0.1,0.2,0.06,18.2,247,146,210,356.0,0,0,0,100
18:21:29,8,5,6,11.2,0.1,0.2,0.06,18.2,247,146,210,356.0,0,0,0,100
18:21:29,8,5,6,11.2,0.1,0.2,0.06,18.2,247,146,210,356.0,0,0,0,100
18:21:30,8,5,6,11.2,0.1,0.2,0.06,18.2,247,146,210,356.0,0,0,0,100
18:21:30,8,5,6,11.2,0.1,0.2,0.06,18.2,247,146,210,356.0,0,0,0,100
18:21:30,8,5,6,11.2,0.1,0.2,0.06,18.2,247,146,210,356.0,0,0,0,100
18:21:30,8,5,6,11.2,0.1,0.2,0.06,18.0,247,146,210,356.0,0,0,0,100
18:21:30,8,5,6,11.2,0.1,0.2,0.06,18.2,247,146,210,356.0,0,0,0,100
18:21:30,8,5,6,11.2,0.1,0.2,0.06,18.2,247,146,210,356.0,0,0,2,100
18:21:30,9,5,5,11.4,0.09,0.16,0.06,18.4,227,140,133,298.0,0,0,2,100
18:21:30,9,5,5,11.4,0.09,0.16,0.06,18.2,227,140,133,298.0,0,0,2,100
18:21:30,9,5,5,11.4,0.09,0.16,0.06,18.2,227,140,133,298.0,0,0,2,100
18:21:31,9,5,5,11.4,0.09,0.16,0.06,18.4,227,140,133,298.0,0,0,2,100
18:21:31,9,5,5,11.4,0.09,0.16,0.06,18.2,227,140,133,298.0,0,0,2,100
18:21:31,9,5,5,11.4,0.09,0.16,0.06,18.3,227,140,133,298.0,0,0,2,100
18:21:31,9,5,5,11.4,0.09,0.16,0.06,18.2,227,140,133,298.0,0,0,2,100
18:21:31,9,5,5,11.4,0.09,0.16,0.06,18.2,227,140,133,298.0,0,0,2,100
18:21:31,9,5,5,11.4,0.09,0.16,0.06,18.1,227,140,133,298.0,0,0,2,100
18:21:31,9,5,5,11.4,0.09,0.16,0.06,18.1,227,140,133,298.0,0,0,0,100
18:21:31,5,4,8,10.2,0.09,0.19,0.08,18.3,164,134,233,315.0,0,0,0,100
18:21:31,5,4,8,10.2,0.09,0.19,0.08,18.2,164,134,233,315.0,0,0,0,100
18:21:31,5,4,8,10.2,0.09,0.19,0.08,18.2,164,134,233,315.0,0,0,0,100
18:21:32,5,4,8,10.2,0.09,0.19,0.08,18.2,164,134,233,315.0,0,0,0,100
18:21:32,5,4,8,10.2,0.09,0.19,0.08,18.0,164,134,233,315.0,0,0,0,100
18:21:32,5,4,8,10.2,0.09,0.19,0.08,18.3,164,134,233,315.0,0,0,0,100
18:21:32,5,4,8,10.2,0.09,0.19,0.08,18.2,164,134,233,315.0,0,0,0,100
18:21:32,5,4,8,10.2,0.09,0.19,0.08,18.0,164,134,233,315.0,0,0,0,100
18:21:32,5,4,8,10.2,0.09,0.19,0.08,18.1,164,134,233,315.0,0,0,0,100
18:21:32,5,4,8,10.2,0.09,0.19,0.08,18.2,164,134,233,315.0,1,0,0,100
18:21:32,6,5,6,9.8,0.07,0.15,0.11,18.2,187,113,197,294.0,1,0,0,100
18:21:32,6,5,6,9.8,0.07,0.15,0.11,18.2,187,113,197,294.0,1,0,0,100
18:21:32,6,5,6,9.8,0.07,0.15,0.11,18.2,187,113,197,294.0,1,0,0,100
18:21:33,6,5,6,9.8,0.07,0.15,0.11,18.0,187,113,197,294.0,1,0,0,100
18:21:33,6,5,6,9.8,0.07,0.15,0.11,18.0,187,113,197,294.0,1,0,0,100
18:21:33,6,5,6,9.8,0.07,0.15,0.11,18.1,187,113,197,294.0,1,0,0,100
18:21:33,6,5,6,9.8,0.07,0.15,0.11,18.0,187,113,197,294.0,1,0,0,100
18:21:33,6,5,6,9.8,0.07,0.15,0.11,18.2,187,113,197,294.0,1,0,0,100
18:21:33,6,5,6,9.8,0.07,0.15,0.11,18.3,187,113,197,294.0,1,0,0,100
18:21:33,6,5,6,9.8,0.07,0.15,0.11,18.1,187,113,197,294.0,0,0,0,100
18:21:33,5,2,5,7.3,0.05,0.1,0.07,18.0,157,53,139,216.0,0,0,0,100
18:21:33,5,2,5,7.3,0.05,0.1,0.07,18.2,157,53,139,216.0,0,0,0,100
18:21:33,5,2,5,7.3,0.05,0.1,0.07,18.2,157,53,139,216.0,0,0,0,100
18:21:34,5,2,5,7.3,0.05,0.1,0.07,18.1,157,53,139,216.0,0,0,0,100
18:21:34,5,2,5,7.3,0.05,0.1,0.07,18.2,157,53,139,216.0,0,0,0,100
18:21:34,5,2,5,7.3,0.05,0.1,0.07,18.2,157,53,139,216.0,0,0,0,100
18:21:34,5,2,5,7.3,0.05,0.1,0.07,18.2,157,53,139,216.0,0,0,0,100
18:21:34,5,2,5,7.3,0.05,0.1,0.07,18.2,157,53,139,216.0,0,0,0,100
18:21:34,5,2,5,7.3,0.05,0.1,0.07,18.0,157,53,139,216.0,0,0,0,100
18:21:34,5,2,5,7.3,0.05,0.1,0.07,18.1,157,53,139,216.0,0,0,0,100
18:21:34,5,2,5,7.3,0.07,0.18,0.04,18.2,146,52,133,204.0,0,0,0,100
18:21:34,5,2,5,7.3,0.07,0.18,0.04,18.4,146,52,133,204.0,0,0,0,100
18:21:34,5,2,5,7.3,0.07,0.18,0.04,18.3,146,52,133,204.0,0,0,0,100
18:21:35,5,2,5,7.3,0.07,0.18,0.04,18.4,146,52,133,204.0,0,0,0,100
18:21:35,5,2,5,7.3,0.07,0.18,0.04,18.2,146,52,133,204.0,0,0,0,100
18:21:35,5,2,5,7.3,0.07,0.18,0.04,18.2,146,52,133,204.0,0,0,0,100
18:21:35,5,2,5,7.3,0.07,0.18,0.04,18.2,146,52,133,204.0,0,0,0,100
18:21:35,5,2,5,7.3,0.07,0.18,0.04,18.2,146,52,133,204.0,0,0,0,100
18:21:35,5,2,5,7.3,0.07,0.18,0.04,18.2,146,52,133,204.0,0,0,0,100
18:21:35,5,2,5,7.3,0.07,0.18,0.04,18.2,146,52,133,204.0,0,0,1,100
18:21:35,5,3,5,7.7,0.03,0.09,0.07,18.1,164,99,161,250.0,0,0,1,100
18:21:35,5,3,5,7.7,0.03,0.09,0.07,18.1,164,99,161,250.0,0,0,1,100
18:21:35,5,3,5,7.7,0.03,0.09,0.07,18.2,164,99,161,250.0,0,0,1,100
18:21:36,5,3,5,7.7,0.03,0.09,0.07,18.2,164,99,161,250.0,0,0,1,100
18:21:36,5,3,5,7.7,0.03,0.09,0.07,18.4,164,99,161,250.0,0,0,1,100
18:21:36,5,3,5,7.7,0.03,0.09,0.07,18.2,164,99,161,250.0,0,0,1,100
18:21:36,5,3,5,7.7,0.03,0.09,0.07,18.2,164,99,161,250.0,0,0,1,100
18:21:36,5,3,5,7.7,0.03,0.09,0.07,18.3,164,99,161,250.0,0,0,1,100
18:21:36,5,3,5,7.7,0.03,0.09,0.07,18.2,164,99,161,250.0,0,0,1,100
18:21:36,5,3,5,7.7,0.03,0.09,0.07,18.2,164,99,161,250.0,1,0,0,100
18:21:36,3,4,8,9.4,0.03,0.1,0.04,18.2,104,130,229,283.0,1,0,0,100
18:21:36,3,4,8,9.4,0.03,0.1,0.04,18.2,104,130,229,283.0,1,0,0,100
18:21:36,3,4,8,9.4,0.03,0.1,0.04,18.1,104,130,229,283.0,1,0,0,100
18:21:37,3,4,8,9.4,0.03,0.1,0.04,18.2,104,130,229,283.0,1,0,0,100
18:21:37,3,4,8,9.4,0.03,0.1,0.04,18.2,104,130,229,283.0,1,0,0,100
18:21:37,3,4,8,9.4,0.03,0.1,0.04,17.9,104,130,229,283.0,1,0,0,100
18:21:37,3,4,8,9.4,0.03,0.1,0.04,18.0,104,130,229,283.0,1,0,0,100
18:21:37,3,4,8,9.4,0.03,0.1,0.04,18.2,104,130,229,283.0,1,0,0,100
18:21:37,3,4,8,9.4,0.03,0.1,0.04,18.0,104,130,229,283.0,1,0,0,100
18:21:37,3,4,8,9.4,0.03,0.1,0.04,18.0,104,130,229,283.0,0,0,0,100
18:21:37,12,5,6,14.3,0.08,0.12,0.04,18.2,270,165,191,370.0,0,0,0,100
18:21:37,12,5,6,14.3,0.08,0.12,0.04,18.2,270,165,191,370.0,0,0,0,100
18:21:37,12,5,6,14.3,0.08,0.12,0.04,18.2,270,165,191,370.0,0,0,0,100
18:21:38,12,5,6,14.3,0.08,0.12,0.04,18.2,270,165,191,370.0,0,0,0,100
18:21:38,12,5,6,14.3,0.08,0.12,0.04,18.2,270,165,191,370.0,0,0,0,100
18:21:38,12,5,6,14.3,0.08,0.12,0.04,18.1,270,165,191,370.0,0,0,0,100
18:21:38,12,5,6,14.3,0.08,0.12,0.04,18.2,270,165,191,370.0,0,0,0,100
18:21:38,12,5,6,14.3,0.08,0.12,0.04,18.1,270,165,191,370.0,0,0,0,100
18:21:38,12,5,6,14.3,0.08,0.12,0.04,18.1,270,165,191,370.0,0,0,0,100
18:21:38,12,5,6,14.3,0.08,0.12,0.04,18.2,270,165,191,370.0,0,0,2,100
18:21:38,11,5,8,14.5,0.07,0.18,0.05,18.1,285,145,190,372.0,0,0,2,100
18:21:38,11,5,8,14.5,0.07,0.18,0.05,18.0,285,145,190,372.0,0,0,2,100
18:21:38,11,5,8,14.5,0.07,0.18,0.05,18.1,285,145,190,372.0,0,0,2,100
18:21:39,11,5,8,14.5,0.07,0.18,0.05,18.2,285,145,190,372.0,0,0,2,100
18:21:39,11,5,8,14.5,0.07,0.18,0.05,18.2,285,145,190,372.0,0,0,2,100
18:21:39,11,5,8,14.5,0.07,0.18,0.05,17.9,285,145,190,372.0,0,0,2,100
18:21:39,11,5,8,14.5,0.07,0.18,0.05,17.9,285,145,190,372.0,0,0,2,100
18:21:39,11,5,8,14.5,0.07,0.18,0.05,18.2,285,145,190,372.0,0,0,2,100
18:21:39,11,5,8,14.5,0.07,0.18,0.05,17.9,285,145,190,372.0,0,0,2,100
18:21:39,11,5,8,14.5,0.07,0.18,0.05,18.3,285,145,190,372.0,0,0,0,100
18:21:39,6,4,6,9.4,0.04,0.1,0.05,18.1,131,125,191,263.0,0,0,0,100
18:21:39,6,4,6,9.4,0.04,0.1,0.05,18.1,131,125,191,263.0,0,0,0,100
18:21:39,6,4,6,9.4,0.04,0.1,0.05,18.0,131,125,191,263.0,0,0,0,100
18:21:40,6,4,6,9.4,0.04,0.1,0.05,18.2,131,125,191,263.0,0,0,0,100
18:21:40,6,4,6,9.4,0.04,0.1,0.05,18.1,131,125,191,263.0,0,0,0,100
18:21:40,6,4,6,9.4,0.04,0.1,0.05,18.2,131,125,191,263.0,0,0,0,100
18:21:40,6,4,6,9.4,0.04,0.1,0.05,18.0,131,125,191,263.0,0,0,0,100
18:21:40,6,4,6,9.4,0.04,0.1,0.05,18.1,131,125,191,263.0,0,0,0,100
18:21:40,6,4,6,9.4,0.04,0.1,0.05,18.3,131,125,191,263.0,0,0,0,100
18:21:40,6,4,6,9.4,0.04,0.1,0.05,18.0,131,125,191,263.0,0,0,0,100
18:21:40,6,4,6,9.4,0.08,0.16,0.1,18.1,170,94,156,249.0,0,0,0,100
18:21:40,6,4,6,9.4,0.08,0.16,0.1,18.2,170,94,156,249.0,0,0,0,100
18:21:40,6,4,6,9.4,0.08,0.16,0.1,18.5,170,94,156,249.0,0,0,0,100
18:21:41,6,4,6,9.4,0.08,0.16,0.1,18.2,170,94,156,249.0,0,0,0,100
18:21:41,6,4,6,9.4,0.08,0.16,0.1,18.2,170,94,156,249.0,0,0,0,100
18:21:41,6,4,6,9.4,0.08,0.16,0.1,18.2,170,94,156,249.0,0,0,0,100
18:21:41,6,4,6,9.4,0.08,0.16,0.1,18.2,170,94,156,249.0,0,0,0,100
18:21:41,6,4,6,9.4,0.08,0.16,0.1,18.1,170,94,156,249.0,0,0,0,100
18:21:41,6,4,6,9.4,0.08,0.16,0.1,18.1,170,94,156,249.0,0,0,0,100
18:21:41,6,4,6,9.4,0.08,0.16,0.1,18.4,170,94,156,249.0,1,4,1,100
18:21:41,5,2,7,8.8,0.12,0.2,0.08,18.2,145,44,187,241.0,1,4,1,100
18:21:41,5,2,7,8.8,0.12,0.2,0.08,18.2,145,44,187,241.0,1,4,1,100
18:21:41,5,2,7,8.8,0.12,0.2,0.08,17.9,145,44,187,241.0,1,4,1,100
18:21:42,5,2,7,8.8,0.12,0.2,0.08,17.9,145,44,187,241.0,1,4,1,100
18:21:42,5,2,7,8.8,0.12,0.2,0.08,18.2,145,44,187,241.0,1,4,1,100
18:21:42,5,2,7,8.8,0.12,0.2,0.08,17.9,145,44,187,241.0,1,4,1,100
18:21:42,5,2,7,8.8,0.12,0.2,0.08,18.1,145,44,187,241.0,1,4,1,100
18:21:42,5,2,7,8.8,0.12,0.2,0.08,17.9,145,44,187,241.0,1,4,1,100
18:21:42,5,2,7,8.8,0.12,0.2,0.08,18.2,145,44,187,241.0,1,4,1,100
18:21:42,5,2,7,8.8,0.12,0.2,0.08,18.2,145,44,187,241.0,0,0,0,100
18:21:42,7,4,6,10.0,0.14,0.25,0.09,18.2,204,94,186,292.0,0,0,0,100
18:21:42,7,4,6,10.0,0.14,0.25,0.09,18.0,204,94,186,292.0,0,0,0,100
18:21:42,7,4,6,10.0,0.14,0.25,0.09,18.2,204,94,186,292.0,0,0,0,100
18:21:43,7,4,6,10.0,0.14,0.25,0.09,17.9,204,94,186,292.0,0,0,0,100
18:21:43,7,4,6,10.0,0.14,0.25,0.09,18.0,204,94,186,292.0,0,0,0,100
18:21:43,7,4,6,10.0,0.14,0.25,0.09,18.2,204,94,186,292.0,0,0,0,100
18:21:43,7,4,6,10.0,0.14,0.25,0.09,18.0,204,94,186,292.0,0,0,0,100
18:21:43,7,4,6,10.0,0.14,0.25,0.09,18.0,204,94,186,292.0,0,0,0,100
18:21:43,7,4,6,10.0,0.14,0.25,0.09,17.9,204,94,186,292.0,0,0,0,100
18:21:43,7,4,6,10.0,0.14,0.25,0.09,18.2,204,94,186,292.0,0,0,0,100
18:21:43,9,7,10,15.2,0.1,0.22,0.09,18.1,239,126,196,334.0,0,0,0,100
18:21:43,9,7,10,15.2,0.1,0.22,0.09,17.9,239,126,196,334.0,0,0,0,100
18:21:43,9,7,10,15.2,0.1,0.22,0.09,18.1,239,126,196,334.0,0,0,0,100
18:21:44,9,7,10,15.2,0.1,0.22,0.09,17.9,239,126,196,334.0,0,0,0,100
18:21:44,9,7,10,15.2,0.1,0.22,0.09,18.1,239,126,196,334.0,0,0,0,100
18:21:44,9,7,10,15.2,0.1,0.22,0.09,18.1,239,126,196,334.0,0,0,0,100
18:21:44,9,7,10,15.2,0.1,0.22,0.09,18.3,239,126,196,334.0,0,0,0,100
18:21:44,9,7,10,15.2,0.1,0.22,0.09,18.1,239,126,196,334.0,0,0,0,100
18:21:44,9,7,10,15.2,0.1,0.22,0.09,18.2,239,126,196,334.0,0,0,0,100
18:21:44,9,7,10,15.2,0.1,0.22,0.09,17.9,239,126,196,334.0,1,0,0,100
18:21:44,5,5,8,10.7,0.03,0.15,0.06,18.2,133,137,254,318.0,1,0,0,100
18:21:44,5,5,8,10.7,0.03,0.15,0.06,18.0,133,137,254,318.0,1,0,0,100
18:21:44,5,5,8,10.7,0.03,0.15,0.06,17.9,133,137,254,318.0,1,0,0,100
18:21:45,5,5,8,10.7,0.03,0.15,0.06,18.3,133,137,254,318.0,1,0,0,100
18:21:45,5,5,8,10.7,0.03,0.15,0.06,18.1,133,137,254,318.0,1,0,0,100
18:21:45,5,5,8,10.7,0.03,0.15,0.06,18.0,133,137,254,318.0,1,0,0,100
18:21:45,5,5,8,10.7,0.03,0.15,0.06,18.2,133,137,254,318.0,1,0,0,100
18:21:45,5,5,8,10.7,0.03,0.15,0.06,18.2,133,137,254,318.0,1,0,0,100
18:21:45,5,5,8,10.7,0.03,0.15,0.06,18.2,133,137,254,318.0,1,0,0,100
18:21:45,5,5,8,10.7,0.03,0.15,0.06,17.9,133,137,254,318.0,0,0,0,100
18:21:45,8,5,6,11.2,0.06,0.15,0.03,18.1,228,126,166,309.0,0,0,0,100
18:21:45,8,5,6,11.2,0.06,0.15,0.03,18.2,228,126,166,309.0,0,0,0,100
18:21:45,8,5,6,11.2,0.06,0.15,0.03,17.9,228,126,166,309.0,0,0,0,100
18:21:46,8,5,6,11.2,0.06,0.15,0.03,18.2,228,126,166,309.0,0,0,0,100
18:21:46,8,5,6,11.2,0.06,0.15,0.03,18.1,228,126,166,309.0,0,0,0,100
18:21:46,8,5,6,11.2,0.06,0.15,0.03,18.2,228,126,166,309.0,0,0,0,100
18:21:46,8,5,6,11.2,0.06,0.15,0.03,18.4,228,126,166,309.0,0,0,0,100
18:21:46,8,5,6,11.2,0.06,0.15,0.03,18.4,228,126,166,309.0,0,0,0,100
18:21:46,8,5,6,11.2,0.06,0.15,0.03,18.2,228,126,166,309.0,0,0,0,100
18:21:46,8,5,6,11.2,0.06,0.15,0.03,17.9,228,126,166,309.0,0,0,1,100
18:21:46,6,4,6,9.4,0.12,0.29,0.04,18.0,203,131,174,298.0,0,0,1,100
18:21:46,6,4,6,9.4,0.12,0.29,0.04,17.9,203,131,174,298.0,0,0,1,100
18:21:46,6,4,6,9.4,0.12,0.29,0.04,18.2,203,131,174,298.0,0,0,1,100
18:21:47,6,4,6,9.4,0.12,0.29,0.04,18.2,203,131,174,298.0,0,0,1,100
18:21:47,6,4,6,9.4,0.12,0.29,0.04,18.2,203,131,174,298.0,0,0,1,100
18:21:47,6,4,6,9.4,0.12,0.29,0.04,18.2,203,131,174,298.0,0,0,1,100
18:21:47,6,4,6,9.4,0.12,0.29,0.04,18.2,203,131,174,298.0,0,0,1,100
18:21:47,6,4,6,9.4,0.12,0.29,0.04,18.3,203,131,174,298.0,0,0,1,100
18:21:47,6,4,6,9.4,0.12,0.29,0.04,18.1,203,131,174,298.0,0,0,1,100
18:21:47,6,4,6,9.4,0.12,0.29,0.04,18.1,203,131,174,298.0,2,0,0,100
18:21:47,5,4,7,9.5,0.09,0.18,0.13,18.2,120,101,198,253.0,2,0,0,100
18:21:47,5,4,7,9.5,0.09,0.18,0.13,18.2,120,101,198,253.0,2,0,0,100
18:21:48,5,4,7,9.5,0.09,0.18,0.13,18.1,120,101,198,253.0,2,0,0,100
18:21:48,5,4,7,9.5,0.09,0.18,0.13,18.1,120,101,198,253.0,2,0,0,100
18:21:48,5,4,7,9.5,0.09,0.18,0.13,18.1,120,101,198,253.0,2,0,0,100
18:21:48,5,4,7,9.5,0.09,0.18,0.13,18.3,120,101,198,253.0,2,0,0,100
18:21:48,5,4,7,9.5,0.09,0.18,0.13,17.9,120,101,198,253.0,2,0,0,100
18:21:48,5,4,7,9.5,0.09,0.18,0.13,18.3,120,101,198,253.0,2,0,0,100
18:21:48,5,4,7,9.5,0.09,0.18,0.13,17.9,120,101,198,253.0,2,0,0,100
18:21:48,5,4,7,9.5,0.09,0.18,0.13,18.2,120,101,198,253.0,0,0,1,100
18:21:48,5,2,4,6.7,0.04,0.1,0.07,18.2,142,52,110,187.0,0,0,1,100
18:21:48,5,2,4,6.7,0.04,0.1,0.07,17.9,142,52,110,187.0,0,0,1,100
18:21:48,5,2,4,6.7,0.04,0.1,0.07,18.2,142,52,110,187.0,0,0,1,100
18:21:49,5,2,4,6.7,0.04,0.1,0.07,18.2,142,52,110,187.0,0,0,1,100
18:21:49,5,2,4,6.7,0.04,0.1,0.07,18.0,142,52,110,187.0,0,0,1,100
18:21:49,5,2,4,6.7,0.04,0.1,0.07,18.3,142,52,110,187.0,0,0,1,100
18:21:49,5,2,4,6.7,0.04,0.1,0.07,18.0,142,52,110,187.0,0,0,1,100
18:21:49,5,2,4,6.7,0.04,0.1,0.07,18.2,142,52,110,187.0,0,0,1,100
18:21:49,5,2,4,6.7,0.04,0.1,0.07,17.9,142,52,110,187.0,0,0,1,100
18:21:49,5,2,4,6.7,0.04,0.1,0.07,18.3,142,52,110,187.0,0,1,0,100
18:21:49,3,2,6,7.0,0.08,0.12,0.07,18.2,104,67,163,205.0,0,1,0,100
18:21:49,3,2,6,7.0,0.08,0.12,0.07,18.2,104,67,163,205.0,0,1,0,100
18:21:50,3,2,6,7.0,0.08,0.12,0.07,18.2,104,67,163,205.0,0,1,0,100
18:21:50,3,2,6,7.0,0.08,0.12,0.07,18.2,104,67,163,205.0,0,1,0,100
18:21:50,3,2,6,7.0,0.08,0.12,0.07,18.2,104,67,163,205.0,0,1,0,100
18:21:50,3,2,6,7.0,0.08,0.12,0.07,18.0,104,67,163,205.0,0,1,0,100
18:21:50,3,2,6,7.0,0.08,0.12,0.07,17.9,104,67,163,205.0,0,1,0,100
18:21:50,3,2,6,7.0,0.08,0.12,0.07,18.2,104,67,163,205.0,0,1,0,100
18:21:50,3,2,6,7.0,0.08,0.12,0.07,18.2,104,67,163,205.0,0,1,0,100
18:21:50,3,2,6,7.0,0.08,0.12,0.07,18.3,104,67,163,205.0,0,0,2,100
18:21:50,7,4,5,9.5,0.08,0.18,0.05,18.1,218,116,148,288.0,0,0,2,100
18:21:50,7,4,5,9.5,0.08,0.18,0.05,18.2,218,116,148,288.0,0,0,2,100
18:21:51,7,4,5,9.5,0.08,0.18,0.05,18.1,218,116,148,288.0,0,0,2,100
18:21:51,7,4,5,9.5,0.08,0.18,0.05,18.1,218,116,148,288.0,0,0,2,100
18:21:51,7,4,5,9.5,0.08,0.18,0.05,17.9,218,116,148,288.0,0,0,2,100
18:21:51,7,4,5,9.5,0.08,0.18,0.05,18.2,218,116,148,288.0,0,0,2,100
18:21:51,7,4,5,9.5,0.08,0.18,0.05,18.2,218,116,148,288.0,0,0,2,100
18:21:51,7,4,5,9.5,0.08,0.18,0.05,17.9,218,116,148,288.0,0,0,2,100
18:21:51,7,4,5,9.5,0.08,0.18,0.05,18.2,218,116,148,288.0,0,0,2,100
18:21:51,7,4,5,9.5,0.08,0.18,0.05,18.1,218,116,148,288.0,0,0,0,100
18:21:51,6,5,9,11.9,0.07,0.18,0.05,18.2,199,137,256,352.0,0,0,0,100
18:21:51,6,5,9,11.9,0.07,0.18,0.05,18.1,199,137,256,352.0,0,0,0,100
18:21:52,6,5,9,11.9,0.07,0.18,0.05,17.9,199,137,256,352.0,0,0,0,100
18:21:52,6,5,9,11.9,0.07,0.18,0.05,18.2,199,137,256,352.0,0,0,0,100
18:21:52,6,5,9,11.9,0.07,0.18,0.05,18.2,199,137,256,352.0,0,0,0,100
18:21:52,6,5,9,11.9,0.07,0.18,0.05,17.9,199,137,256,352.0,0,0,0,100
18:21:52,6,5,9,11.9,0.07,0.18,0.05,18.0,199,137,256,352.0,0,0,0,100
18:21:52,6,5,9,11.9,0.07,0.18,0.05,18.2,199,137,256,352.0,0,0,0,100
18:21:52,6,5,9,11.9,0.07,0.18,0.05,18.1,199,137,256,352.0,0,0,0,100
18:21:52,6,5,9,11.9,0.07,0.18,0.05,17.9,199,137,256,352.0,2,0,0,100
18:21:52,6,5,8,11.2,0.05,0.13,0.09,18.0,176,154,241,336.0,2,0,0,100
18:21:52,6,5,8,11.2,0.05,0.13,0.09,17.9,176,154,241,336.0,2,0,0,100
18:21:53,6,5,8,11.2,0.05,0.13,0.09,18.3,176,154,241,336.0,2,0,0,100
18:21:53,6,5,8,11.2,0.05,0.13,0.09,18.1,176,154,241,336.0,2,0,0,100
18:21:53,6,5,8,11.2,0.05,0.13,0.09,18.3,176,154,241,336.0,2,0,0,100
18:21:53,6,5,8,11.2,0.05,0.13,0.09,18.2,176,154,241,336.0,2,0,0,100
18:21:53,6,5,8,11.2,0.05,0.13,0.09,18.0,176,154,241,336.0,2,0,0,100
18:21:53,6,5,8,11.2,0.05,0.13,0.09,18.1,176,154,241,336.0,2,0,0,100
18:21:53,6,5,8,11.2,0.05,0.13,0.09,18.1,176,154,241,336.0,2,0,0,100
18:21:53,6,5,8,11.2,0.05,0.13,0.09,18.2,176,154,241,336.0,0,0,0,100
18:21:53,8,4,4,9.8,0.05,0.13,0.04,18.1,226,127,176,313.0,0,0,0,100
18:21:53,8,4,4,9.8,0.05,0.13,0.04,18.2,226,127,176,313.0,0,0,0,100
18:21:54,8,4,4,9.8,0.05,0.13,0.04,17.9,226,127,176,313.0,0,0,0,100
18:21:54,8,4,4,9.8,0.05,0.13,0.04,18.2,226,127,176,313.0,0,0,0,100
18:21:54,8,4,4,9.8,0.05,0.13,0.04,17.9,226,127,176,313.0,0,0,0,100
18:21:54,8,4,4,9.8,0.05,0.13,0.04,18.1,226,127,176,313.0,0,0,0,100
18:21:54,8,4,4,9.8,0.05,0.13,0.04,18.2,226,127,176,313.0,0,0,0,100
18:21:54,8,4,4,9.8,0.05,0.13,0.04,18.3,226,127,176,313.0,0,0,0,100
18:21:54,8,4,4,9.8,0.05,0.13,0.04,18.0,226,127,176,313.0,0,0,0,100
18:21:54,8,4,4,9.8,0.05,0.13,0.04,18.2,226,127,176,313.0,0,0,1,100
18:21:54,7,4,6,10.0,0.09,0.16,0.03,17.9,215,118,149,287.0,0,0,1,100
18:21:54,7,4,6,10.0,0.09,0.16,0.03,18.2,215,118,149,287.0,0,0,1,100
18:21:55,7,4,6,10.0,0.09,0.16,0.03,18.2,215,118,149,287.0,0,0,1,100
18:21:55,7,4,6,10.0,0.09,0.16,0.03,18.1,215,118,149,287.0,0,0,1,100
18:21:55,7,4,6,10.0,0.09,0.16,0.03,18.2,215,118,149,287.0,0,0,1,100
18:21:55,7,4,6,10.0,0.09,0.16,0.03,18.2,215,118,149,287.0,0,0,1,100
18:21:55,7,4,6,10.0,0.09,0.16,0.03,18.2,215,118,149,287.0,0,0,1,100
18:21:55,7,4,6,10.0,0.09,0.16,0.03,18.2,215,118,149,287.0,0,0,1,100
18:21:55,7,4,6,10.0,0.09,0.16,0.03,18.0,215,118,149,287.0,0,0,1,100
18:21:55,7,4,6,10.0,0.09,0.16,0.03,18.2,215,118,149,287.0,1,0,0,100
18:21:55,4,2,7,8.3,0.05,0.14,0.08,17.9,121,71,170,220.0,1,0,0,100
18:21:55,4,2,7,8.3,0.05,0.14,0.08,18.1,121,71,170,220.0,1,0,0,100
18:21:56,4,2,7,8.3,0.05,0.14,0.08,18.4,121,71,170,220.0,1,0,0,100
18:21:56,4,2,7,8.3,0.05,0.14,0.08,18.2,121,71,170,220.0,1,0,0,100
18:21:56,4,2,7,8.3,0.05,0.14,0.08,18.0,121,71,170,220.0,1,0,0,100
18:21:56,4,2,7,8.3,0.05,0.14,0.08,18.2,121,71,170,220.0,1,0,0,100
18:21:56,4,2,7,8.3,0.05,0.14,0.08,18.2,121,71,170,220.0,1,0,0,100
18:21:56,4,2,7,8.3,0.05,0.14,0.08,18.2,121,71,170,220.0,1,0,0,100
18:21:56,4,2,7,8.3,0.05,0.14,0.08,18.2,121,71,170,220.0,1,0,0,100
18:21:56,4,2,7,8.3,0.05,0.14,0.08,18.2,121,71,170,220.0,0,3,2,100
18:21:56,7,3,6,9.7,0.03,0.21,0.09,18.1,183,65,126,231.0,0,3,2,100
18:21:56,7,3,6,9.7,0.03,0.21,0.09,18.1,183,65,126,231.0,0,3,2,100
18:21:57,7,3,6,9.7,0.03,0.21,0.09,18.0,183,65,126,231.0,0,3,2,100
18:21:57,7,3,6,9.7,0.03,0.21,0.09,18.1,183,65,126,231.0,0,3,2,100
18:21:57,7,3,6,9.7,0.03,0.21,0.09,17.9,183,65,126,231.0,0,3,2,100
18:21:57,7,3,6,9.7,0.03,0.21,0.09,18.3,183,65,126,231.0,0,3,2,100
18:21:57,7,3,6,9.7,0.03,0.21,0.09,18.0,183,65,126,231.0,0,3,2,100
18:21:57,7,3,6,9.7,0.03,0.21,0.09,18.4,183,65,126,231.0,0,3,2,100
18:21:57,7,3,6,9.7,0.03,0.21,0.09,18.1,183,65,126,231.0,0,3,2,100
18:21:57,7,3,6,9.7,0.03,0.21,0.09,18.2,183,65,126,231.0,3,0,0,100
18:21:57,4,3,7,8.6,0.06,0.24,0.08,18.1,118,97,181,237.0,3,0,0,100
18:21:57,4,3,7,8.6,0.06,0.24,0.08,18.2,118,97,181,237.0,3,0,0,100
18:21:58,4,3,7,8.6,0.06,0.24,0.08,18.2,118,97,181,237.0,3,0,0,100
18:21:58,4,3,7,8.6,0.06,0.24,0.08,18.2,118,97,181,237.0,3,0,0,100
18:21:58,4,3,7,8.6,0.06,0.24,0.08,18.1,118,97,181,237.0,3,0,0,100
18:21:58,4,3,7,8.6,0.06,0.24,0.08,17.9,118,97,181,237.0,3,0,0,100
18:21:58,4,3,7,8.6,0.06,0.24,0.08,18.2,118,97,181,237.0,3,0,0,100
18:21:58,4,3,7,8.6,0.06,0.24,0.08,18.2,118,97,181,237.0,3,0,0,100
18:21:58,4,3,7,8.6,0.06,0.24,0.08,18.2,118,97,181,237.0,3,0,0,100
18:21:58,4,3,7,8.6,0.06,0.24,0.08,18.2,118,97,181,237.0,0,0,0,100
18:21:58,9,5,7,12.4,0.08,0.21,0.04,17.9,251,141,169,334.0,0,0,0,100
18:21:59,9,5,7,12.4,0.08,0.21,0.04,18.1,251,141,169,334.0,0,0,0,100
18:21:59,9,5,7,12.4,0.08,0.21,0.04,18.2,251,141,169,334.0,0,0,0,100
18:21:59,9,5,7,12.4,0.08,0.21,0.04,17.9,251,141,169,334.0,0,0,0,100
18:21:59,9,5,7,12.4,0.08,0.21,0.04,18.2,251,141,169,334.0,0,0,0,100
18:21:59,9,5,7,12.4,0.08,0.21,0.04,18.1,251,141,169,334.0,0,0,0,100
18:21:59,9,5,7,12.4,0.08,0.21,0.04,18.2,251,141,169,334.0,0,0,0,100
18:21:59,9,5,7,12.4,0.08,0.21,0.04,18.2,251,141,169,334.0,0,0,0,100
18:21:59,9,5,7,12.4,0.08,0.21,0.04,17.9,251,141,169,334.0,0,0,0,100
18:21:59,9,5,7,12.4,0.08,0.21,0.04,17.9,251,141,169,334.0,0,0,0,100
18:21:59,8,5,7,11.7,0.04,0.13,0.06,18.2,252,137,200,350.0,0,0,0,100
18:22:00,8,5,7,11.7,0.04,0.13,0.06,18.2,252,137,200,350.0,0,0,0,100
18:22:00,8,5,7,11.7,0.04,0.13,0.06,18.2,252,137,200,350.0,0,0,0,100
18:22:00,8,5,7,11.7,0.04,0.13,0.06,17.9,252,137,200,350.0,0,0,0,100
18:22:00,8,5,7,11.7,0.04,0.13,0.06,18.0,252,137,200,350.0,0,0,0,100
18:22:00,8,5,7,11.7,0.04,0.13,0.06,17.9,252,137,200,350.0,0,0,0,100
18:22:00,8,5,7,11.7,0.04,0.13,0.06,17.9,252,137,200,350.0,0,0,0,100
18:22:00,8,5,7,11.7,0.04,0.13,0.06,18.2,252,137,200,350.0,0,0,0,100
18:22:00,8,5,7,11.7,0.04,0.13,0.06,18.0,252,137,200,350.0,0,0,0,100
18:22:00,8,5,7,11.7,0.04,0.13,0.06,18.0,252,137,200,350.0,0,0,0,100
18:22:00,9,5,7,12.4,0.04,0.14,0.08,18.2,163,129,226,307.0,0,0,0,100
18:22:00,9,5,7,12.4,0.04,0.14,0.08,18.1,163,129,226,307.0,0,0,0,100
18:22:01,9,5,7,12.4,0.04,0.14,0.08,18.2,163,129,226,307.0,0,0,0,100
18:22:01,9,5,7,12.4,0.04,0.14,0.08,18.1,163,129,226,307.0,0,0,0,100
18:22:01,9,5,7,12.4,0.04,0.14,0.08,18.0,163,129,226,307.0,0,0,0,100
18:22:01,9,5,7,12.4,0.04,0.14,0.08,18.0,163,129,226,307.0,0,0,0,100
18:22:01,9,5,7,12.4,0.04,0.14,0.08,18.0,163,129,226,307.0,0,0,0,100
18:22:01,9,5,7,12.4,0.04,0.14,0.08,18.1,163,129,226,307.0,0,0,0,100
18:22:01,9,5,7,12.4,0.04,0.14,0.08,18.2,163,129,226,307.0,0,0,0,100
18:22:01,9,5,7,12.4,0.04,0.14,0.08,18.2,163,129,226,307.0,0,0,2,100
18:22:01,8,4,6,10.8,0.09,0.22,0.12,18.2,198,114,158,278.0,0,0,2,100
18:22:02,8,4,6,10.8,0.09,0.22,0.12,17.9,198,114,158,278.0,0,0,2,100
18:22:02,8,4,6,10.8,0.09,0.22,0.12,18.0,198,114,158,278.0,0,0,2,100
18:22:02,8,4,6,10.8,0.09,0.22,0.12,17.9,198,114,158,278.0,0,0,2,100
18:22:02,8,4,6,10.8,0.09,0.22,0.12,18.2,198,114,158,278.0,0,0,2,100
18:22:02,8,4,6,10.8,0.09,0.22,0.12,17.9,198,114,158,278.0,0,0,2,100
18:22:02,8,4,6,10.8,0.09,0.22,0.12,17.9,198,114,158,278.0,0,0,2,100
18:22:02,8,4,6,10.8,0.09,0.22,0.12,18.0,198,114,158,278.0,0,0,2,100
18:22:02,8,4,6,10.8,0.09,0.22,0.12,18.0,198,114,158,278.0,0,0,2,100
18:22:02,8,4,6,10.8,0.09,0.22,0.12,18.1,198,114,158,278.0,0,0,1,100
18:22:02,6,2,6,8.7,0.1,0.14,0.04,18.2,165,72,150,234.0,0,0,1,100
18:22:03,6,2,6,8.7,0.1,0.14,0.04,18.2,165,72,150,234.0,0,0,1,100
18:22:03,6,2,6,8.7,0.1,0.14,0.04,18.0,165,72,150,234.0,0,0,1,100
18:22:03,6,2,6,8.7,0.1,0.14,0.04,18.1,165,72,150,234.0,0,0,1,100
18:22:03,6,2,6,8.7,0.1,0.14,0.04,17.9,165,72,150,234.0,0,0,1,100
18:22:03,6,2,6,8.7,0.1,0.14,0.04,18.0,165,72,150,234.0,0,0,1,100
18:22:03,6,2,6,8.7,0.1,0.14,0.04,18.0,165,72,150,234.0,0,0,1,100
18:22:03,6,2,6,8.7,0.1,0.14,0.04,18.1,165,72,150,234.0,0,0,1,100
18:22:03,6,2,6,8.7,0.1,0.14,0.04,18.2,165,72,150,234.0,0,0,1,100
18:22:03,6,2,6,8.7,0.1,0.14,0.04,18.2,165,72,150,234.0,1,2,0,100
18:22:03,5,1,6,7.9,0.08,0.13,0.08,18.2,156,27,172,234.0,1,2,0,100
18:22:04,5,1,6,7.9,0.08,0.13,0.08,18.1,156,27,172,234.0,1,2,0,100
18:22:04,5,1,6,7.9,0.08,0.13,0.08,18.2,156,27,172,234.0,1,2,0,100
18:22:04,5,1,6,7.9,0.08,0.13,0.08,18.1,156,27,172,234.0,1,2,0,100
18:22:04,5,1,6,7.9,0.08,0.13,0.08,18.2,156,27,172,234.0,1,2,0,100
18:22:04,5,1,6,7.9,0.08,0.13,0.08,17.9,156,27,172,234.0,1,2,0,100
18:22:04,5,1,6,7.9,0.08,0.13,0.08,17.9,156,27,172,234.0,1,2,0,100
18:22:04,5,1,6,7.9,0.08,0.13,0.08,17.9,156,27,172,234.0,1,2,0,100
18:22:04,5,1,6,7.9,0.08,0.13,0.08,18.0,156,27,172,234.0,1,2,0,100
18:22:04,5,1,6,7.9,0.08,0.13,0.08,18.1,156,27,172,234.0,0,0,1,100
18:22:04,6,5,10,12.7,0.04,0.11,0.06,18.2,150,81,159,233.0,0,0,1,100
18:22:05,6,5,10,12.7,0.04,0.11,0.06,18.2,150,81,159,233.0,0,0,1,100
18:22:05,6,5,10,12.7,0.04,0.11,0.06,18.2,150,81,159,233.0,0,0,1,100
18:22:05,6,5,10,12.7,0.04,0.11,0.06,18.1,150,81,159,233.0,0,0,1,100
18:22:05,6,5,10,12.7,0.04,0.11,0.06,18.2,150,81,159,233.0,0,0,1,100
18:22:05,6,5,10,12.7,0.04,0.11,0.06,17.9,150,81,159,233.0,0,0,1,100
18:22:05,6,5,10,12.7,0.04,0.11,0.06,18.0,150,81,159,233.0,0,0,1,100
18:22:05,6,5,10,12.7,0.04,0.11,0.06,18.2,150,81,159,233.0,0,0,1,100
18:22:05,6,5,10,12.7,0.04,0.11,0.06,18.2,150,81,159,233.0,0,0,1,100
18:22:05,6,5,10,12.7,0.04,0.11,0.06,18.1,150,81,159,233.0,0,0,0,100
18:22:05,6,4,6,9.4,0.04,0.12,0.06,18.3,166,115,187,275.0,0,0,0,100
18:22:06,6,4,6,9.4,0.04,0.12,0.06,17.9,166,115,187,275.0,0,0,0,100
18:22:06,6,4,6,9.4,0.04,0.12,0.06,18.2,166,115,187,275.0,0,0,0,100
18:22:06,6,4,6,9.4,0.04,0.12,0.06,18.1,166,115,187,275.0,0,0,0,100
18:22:06,6,4,6,9.4,0.04,0.12,0.06,17.9,166,115,187,275.0,0,0,0,100
18:22:06,6,4,6,9.4,0.04,0.12,0.06,17.9,166,115,187,275.0,0,0,0,100
18:22:06,6,4,6,9.4,0.04,0.12,0.06,18.2,166,115,187,275.0,0,0,0,100
18:22:06,6,4,6,9.4,0.04,0.12,0.06,18.0,166,115,187,275.0,0,0,0,100
18:22:06,6,4,6,9.4,0.04,0.12,0.06,18.0,166,115,187,275.0,0,0,0,100
18:22:06,6,4,6,9.4,0.04,0.12,0.06,18.1,166,115,187,275.0,0,0,1,100
18:22:06,7,4,4,9.0,0.07,0.11,0.03,17.9,230,132,150,305.0,0,0,1,100
18:22:07,7,4,4,9.0,0.07,0.11,0.03,18.0,230,132,150,305.0,0,0,1,100
18:22:07,7,4,4,9.0,0.07,0.11,0.03,18.1,230,132,150,305.0,0,0,1,100
18:22:07,7,4,4,9.0,0.07,0.11,0.03,18.2,230,132,150,305.0,0,0,1,100
18:22:07,7,4,4,9.0,0.07,0.11,0.03,17.9,230,132,150,305.0,0,0,1,100
18:22:07,7,4,4,9.0,0.07,0.11,0.03,18.2,230,132,150,305.0,0,0,1,100
18:22:07,7,4,4,9.0,0.07,0.11,0.03,18.3,230,132,150,305.0,0,0,1,100
18:22:07,7,4,4,9.0,0.07,0.11,0.03,17.9,230,132,150,305.0,0,0,1,100
18:22:07,7,4,4,9.0,0.07,0.11,0.03,18.0,230,132,150,305.0,0,0,1,100
18:22:07,7,4,4,9.0,0.07,0.11,0.03,18.2,230,132,150,305.0,0,0,0,100
18:22:07,9,6,8,13.5,0.08,0.3,0.07,18.2,213,146,221,340.0,0,0,0,100
18:22:08,9,6,8,13.5,0.08,0.3,0.07,18.1,213,146,221,340.0,0,0,0,100
18:22:08,9,6,8,13.5,0.08,0.3,0.07,18.2,213,146,221,340.0,0,0,0,100
18:22:08,9,6,8,13.5,0.08,0.3,0.07,18.1,213,146,221,340.0,0,0,0,100
18:22:08,9,6,8,13.5,0.08,0.3,0.07,17.9,213,146,221,340.0,0,0,0,100
18:22:08,9,6,8,13.5,0.08,0.3,0.07,18.0,213,146,221,340.0,0,0,0,100
18:22:08,9,6,8,13.5,0.08,0.3,0.07,18.2,213,146,221,340.0,0,0,0,100
18:22:08,9,6,8,13.5,0.08,0.3,0.07,18.2,213,146,221,340.0,0,0,0,100
18:22:08,9,6,8,13.5,0.08,0.3,0.07,18.3,213,146,221,340.0,0,0,0,100
18:22:08,9,6,8,13.5,0.08,0.3,0.07,18.0,213,146,221,340.0,3,0,0,100
18:22:08,7,6,9,12.9,0.03,0.16,0.09,18.2,183,128,243,330.0,3,0,0,100
18:22:09,7,6,9,12.9,0.03,0.16,0.09,18.0,183,128,243,330.0,3,0,0,100
18:22:09,7,6,9,12.9,0.03,0.16,0.09,17.9,183,128,243,330.0,3,0,0,100
18:22:09,7,6,9,12.9,0.03,0.16,0.09,18.2,183,128,243,330.0,3,0,0,100
18:22:09,7,6,9,12.9,0.03,0.16,0.09,18.2,183,128,243,330.0,3,0,0,100
18:22:09,7,6,9,12.9,0.03,0.16,0.09,17.9,183,128,243,330.0,3,0,0,100
18:22:09,7,6,9,12.9,0.03,0.16,0.09,17.9,183,128,243,330.0,3,0,0,100
18:22:09,7,6,9,12.9,0.03,0.16,0.09,18.0,183,128,243,330.0,3,0,0,100
18:22:09,7,6,9,12.9,0.03,0.16,0.09,18.1,183,128,243,330.0,3,0,0,100
18:22:09,7,6,9,12.9,0.03,0.16,0.09,18.2,183,128,243,330.0,0,0,0,100
18:22:09,6,3,4,7.8,0.05,0.13,0.07,18.1,195,97,150,264.0,0,0,0,100
18:22:10,6,3,4,7.8,0.05,0.13,0.07,18.2,195,97,150,264.0,0,0,0,100
18:22:10,6,3,4,7.8,0.05,0.13,0.07,18.2,195,97,150,264.0,0,0,0,100
18:22:10,6,3,4,7.8,0.05,0.13,0.07,17.9,195,97,150,264.0,0,0,0,100
18:22:10,6,3,4,7.8,0.05,0.13,0.07,18.4,195,97,150,264.0,0,0,0,100
18:22:10,6,3,4,7.8,0.05,0.13,0.07,18.2,195,97,150,264.0,0,0,0,100
18:22:10,6,3,4,7.8,0.05,0.13,0.07,18.0,195,97,150,264.0,0,0,0,100
18:22:10,6,3,4,7.8,0.05,0.13,0.07,18.2,195,97,150,264.0,0,0,0,100
18:22:10,6,3,4,7.8,0.05,0.13,0.07,17.9,195,97,150,264.0,0,0,0,100
18:22:10,6,3,4,7.8,0.05,0.13,0.07,18.1,195,97,150,264.0,1,1,0,100
18:22:10,3,1,8,8.6,0.12,0.18,0.04,18.4,114,46,201,236.0,1,1,0,100
18:22:11,3,1,8,8.6,0.12,0.18,0.04,17.9,114,46,201,236.0,1,1,0,100
18:22:11,3,1,8,8.6,0.12,0.18,0.04,18.1,114,46,201,236.0,1,1,0,100
18:22:11,3,1,8,8.6,0.12,0.18,0.04,18.0,114,46,201,236.0,1,1,0,100
18:22:11,3,1,8,8.6,0.12,0.18,0.04,18.1,114,46,201,236.0,1,1,0,100
18:22:11,3,1,8,8.6,0.12,0.18,0.04,18.2,114,46,201,236.0,1,1,0,100
18:22:11,3,1,8,8.6,0.12,0.18,0.04,18.0,114,46,201,236.0,1,1,0,100
18:22:11,3,1,8,8.6,0.12,0.18,0.04,17.9,114,46,201,236.0,1,1,0,100
18:22:11,3,1,8,8.6,0.12,0.18,0.04,18.2,114,46,201,236.0,1,1,0,100
18:22:11,3,1,8,8.6,0.12,0.18,0.04,18.0,114,46,201,236.0,0,1,2,100
18:22:11,6,2,5,8.1,0.09,0.2,0.07,18.1,177,67,126,227.0,0,1,2,100
18:22:12,6,2,5,8.1,0.09,0.2,0.07,18.0,177,67,126,227.0,0,1,2,100
18:22:12,6,2,5,8.1,0.09,0.2,0.07,18.1,177,67,126,227.0,0,1,2,100
18:22:12,6,2,5,8.1,0.09,0.2,0.07,18.2,177,67,126,227.0,0,1,2,100
18:22:12,6,2,5,8.1,0.09,0.2,0.07,18.3,177,67,126,227.0,0,1,2,100
18:22:12,6,2,5,8.1,0.09,0.2,0.07,17.9,177,67,126,227.0,0,1,2,100
18:22:12,6,2,5,8.1,0.09,0.2,0.07,18.2,177,67,126,227.0,0,1,2,100
18:22:12,6,2,5,8.1,0.09,0.2,0.07,17.9,177,67,126,227.0,0,1,2,100
18:22:12,6,2,5,8.1,0.09,0.2,0.07,17.9,177,67,126,227.0,0,1,2,100
18:22:12,6,2,5,8.1,0.09,0.2,0.07,18.1,177,67,126,227.0,0,0,1,100
18:22:12,6,4,8,10.8,0.04,0.16,0.05,17.9,169,107,202,284.0,0,0,1,100
18:22:13,6,4,8,10.8,0.04,0.16,0.05,18.2,169,107,202,284.0,0,0,1,100
18:22:13,6,4,8,10.8,0.04,0.16,0.05,18.1,169,107,202,284.0,0,0,1,100
18:22:13,6,4,8,10.8,0.04,0.16,0.05,18.2,169,107,202,284.0,0,0,1,100
18:22:13,6,4,8,10.8,0.04,0.16,0.05,17.9,169,107,202,284.0,0,0,1,100
18:22:13,6,4,8,10.8,0.04,0.16,0.05,17.9,169,107,202,284.0,0,0,1,100
18:22:13,6,4,8,10.8,0.04,0.16,0.05,18.1,169,107,202,284.0,0,0,1,100
18:22:13,6,4,8,10.8,0.04,0.16,0.05,17.7,169,107,202,284.0,0,0,1,100
18:22:13,6,4,8,10.8,0.04,0.16,0.05,17.9,169,107,202,284.0,0,0,1,100
18:22:13,6,4,8,10.8,0.04,0.16,0.05,17.9,169,107,202,284.0,2,0,0,100
18:22:13,8,5,10,13.7,0.04,0.19,0.05,18.0,207,149,238,349.0,2,0,0,100
18:22:14,8,5,10,13.7,0.04,0.19,0.05,18.2,207,149,238,349.0,2,0,0,100
18:22:14,8,5,10,13.7,0.04,0.19,0.05,18.0,207,149,238,349.0,2,0,0,100
18:22:14,8,5,10,13.7,0.04,0.19,0.05,18.0,207,149,238,349.0,2,0,0,100
18:22:14,8,5,10,13.7,0.04,0.19,0.05,18.2,207,149,238,349.0,2,0,0,100
18:22:14,8,5,10,13.7,0.04,0.19,0.05,18.2,207,149,238,349.0,2,0,0,100
18:22:14,8,5,10,13.7,0.04,0.19,0.05,18.2,207,149,238,349.0,2,0,0,100
18:22:14,8,5,10,13.7,0.04,0.19,0.05,18.0,207,149,238,349.0,2,0,0,100
18:22:14,8,5,10,13.7,0.04,0.19,0.05,18.1,207,149,238,349.0,2,0,0,100
18:22:14,8,5,10,13.7,0.04,0.19,0.05,18.3,207,149,238,349.0,0,0,0,100
18:22:14,10,5,4,11.9,0.05,0.22,0.03,18.0,267,148,123,329.0,0,0,0,100
18:22:15,10,5,4,11.9,0.05,0.22,0.03,18.0,267,148,123,329.0,0,0,0,100
18:22:15,10,5,4,11.9,0.05,0.22,0.03,18.0,267,148,123,329.0,0,0,0,100
18:22:15,10,5,4,11.9,0.05,0.22,0.03,17.9,267,148,123,329.0,0,0,0,100
18:22:15,10,5,4,11.9,0.05,0.22,0.03,18.1,267,148,123,329.0,0,0,0,100
18:22:15,10,5,4,11.9,0.05,0.22,0.03,18.0,267,148,123,329.0,0,0,0,100
18:22:15,10,5,4,11.9,0.05,0.22,0.03,18.1,267,148,123,329.0,0,0,0,100
18:22:15,10,5,4,11.9,0.05,0.22,0.03,18.2,267,148,123,329.0,0,0,0,100
18:22:15,10,5,4,11.9,0.05,0.22,0.03,17.9,267,148,123,329.0,0,0,0,100
18:22:15,10,5,4,11.9,0.05,0.22,0.03,17.9,267,148,123,329.0,0,0,0,100
18:22:15,10,5,7,13.2,0.12,0.3,0.12,18.0,256,157,224,375.0,0,0,0,100
18:22:16,10,5,7,13.2,0.12,0.3,0.12,18.0,256,157,224,375.0,0,0,0,100
18:22:16,10,5,7,13.2,0.12,0.3,0.12,18.1,256,157,224,375.0,0,0,0,100
18:22:16,10,5,7,13.2,0.12,0.3,0.12,18.1,256,157,224,375.0,0,0,0,100
18:22:16,10,5,7,13.2,0.12,0.3,0.12,17.9,256,157,224,375.0,0,0,0,100
18:22:16,10,5,7,13.2,0.12,0.3,0.12,18.0,256,157,224,375.0,0,0,0,100
18:22:16,10,5,7,13.2,0.12,0.3,0.12,18.3,256,157,224,375.0,0,0,0,100
18:22:16,10,5,7,13.2,0.12,0.3,0.12,17.9,256,157,224,375.0,0,0,0,100
18:22:16,10,5,7,13.2,0.12,0.3,0.12,18.0,256,157,224,375.0,0,0,0,100
18:22:16,10,5,7,13.2,0.12,0.3,0.12,18.2,256,157,224,375.0,1,0,0,100
18:22:16,5,4,11,12.7,0.07,0.19,0.13,17.9,147,121,223,293.0,1,0,0,100
18:22:17,5,4,11,12.7,0.07,0.19,0.13,18.2,147,121,223,293.0,1,0,0,100
18:22:17,5,4,11,12.7,0.07,0.19,0.13,18.1,147,121,223,293.0,1,0,0,100
18:22:17,5,4,11,12.7,0.07,0.19,0.13,17.9,147,121,223,293.0,1,0,0,100
18:22:17,5,4,11,12.7,0.07,0.19,0.13,18.2,147,121,223,293.0,1,0,0,100
18:22:17,5,4,11,12.7,0.07,0.19,0.13,17.9,147,121,223,293.0,1,0,0,100
18:22:17,5,4,11,12.7,0.07,0.19,0.13,17.9,147,121,223,293.0,1,0,0,100
18:22:17,5,4,11,12.7,0.07,0.19,0.13,17.9,147,121,223,293.0,1,0,0,100
18:22:17,5,4,11,12.7,0.07,0.19,0.13,18.2,147,121,223,293.0,1,0,0,100
18:22:17,5,4,11,12.7,0.07,0.19,0.13,18.2,147,121,223,293.0,0,0,1,100
18:22:18,5,2,4,6.7,0.04,0.15,0.09,18.2,154,62,113,201.0,0,0,1,100
18:22:18,5,2,4,6.7,0.04,0.15,0.09,18.0,154,62,113,201.0,0,0,1,100
18:22:18,5,2,4,6.7,0.04,0.15,0.09,17.9,154,62,113,201.0,0,0,1,100
18:22:18,5,2,4,6.7,0.04,0.15,0.09,18.1,154,62,113,201.0,0,0,1,100
18:22:18,5,2,4,6.7,0.04,0.15,0.09,18.1,154,62,113,201.0,0,0,1,100
18:22:18,5,2,4,6.7,0.04,0.15,0.09,18.0,154,62,113,201.0,0,0,1,100
18:22:18,5,2,4,6.7,0.04,0.15,0.09,18.0,154,62,113,201.0,0,0,1,100
18:22:18,5,2,4,6.7,0.04,0.15,0.09,18.1,154,62,113,201.0,0,0,1,100
18:22:18,5,2,4,6.7,0.04,0.15,0.09,18.1,154,62,113,201.0,0,0,1,100
18:22:18,5,2,4,6.7,0.04,0.15,0.09,18.0,154,62,113,201.0,1,4,0,100
18:22:18,5,2,5,7.3,0.1,0.14,0.03,17.9,111,49,149,192.0,1,4,0,100
18:22:19,5,2,5,7.3,0.1,0.14,0.03,18.2,111,49,149,192.0,1,4,0,100
18:22:19,5,2,5,7.3,0.1,0.14,0.03,18.2,111,49,149,192.0,1,4,0,100
18:22:19,5,2,5,7.3,0.1,0.14,0.03,18.1,111,49,149,192.0,1,4,0,100
18:22:19,5,2,5,7.3,0.1,0.14,0.03,17.9,111,49,149,192.0,1,4,0,100
18:22:19,5,2,5,7.3,0.1,0.14,0.03,17.9,111,49,149,192.0,1,4,0,100
18:22:19,5,2,5,7.3,0.1,0.14,0.03,18.2,111,49,149,192.0,1,4,0,100
18:22:19,5,2,5,7.3,0.1,0.14,0.03,18.2,111,49,149,192.0,1,4,0,100
18:22:19,5,2,5,7.3,0.1,0.14,0.03,18.2,111,49,149,192.0,1,4,0,100
18:22:19,5,2,5,7.3,0.1,0.14,0.03,18.1,111,49,149,192.0,0,0,1,100
18:22:20,5,2,5,7.3,0.1,0.14,0.03,18.2,111,49,149,192.0,0,0,1,100
18:22:20,9,6,4,11.5,0.08,0.15,0.11,18.2,236,124,110,288.0,0,0,1,100
18:22:20,9,6,4,11.5,0.08,0.15,0.11,18.4,236,124,110,288.0,0,0,1,100
18:22:20,9,6,4,11.5,0.08,0.15,0.11,18.0,236,124,110,288.0,0,0,1,100
18:22:20,9,6,4,11.5,0.08,0.15,0.11,17.9,236,124,110,288.0,0,0,1,100
18:22:20,9,6,4,11.5,0.08,0.15,0.11,18.2,236,124,110,288.0,0,0,1,100
18:22:20,9,6,4,11.5,0.08,0.15,0.11,18.1,236,124,110,288.0,0,0,1,100
18:22:20,9,6,4,11.5,0.08,0.15,0.11,17.9,236,124,110,288.0,0,0,1,100
18:22:20,9,6,4,11.5,0.08,0.15,0.11,18.0,236,124,110,288.0,0,0,1,100
18:22:20,9,6,4,11.5,0.08,0.15,0.11,17.9,236,124,110,288.0,0,0,0,100
18:22:21,9,6,4,11.5,0.08,0.15,0.11,17.9,236,124,110,288.0,0,0,0,100
18:22:21,6,6,11,13.9,0.04,0.13,0.09,18.1,184,136,232,326.0,0,0,0,100
18:22:21,6,6,11,13.9,0.04,0.13,0.09,17.9,184,136,232,326.0,0,0,0,100
18:22:21,6,6,11,13.9,0.04,0.13,0.09,18.2,184,136,232,326.0,0,0,0,100
18:22:21,6,6,11,13.9,0.04,0.13,0.09,18.2,184,136,232,326.0,0,0,0,100
18:22:21,6,6,11,13.9,0.04,0.13,0.09,17.9,184,136,232,326.0,0,0,0,100
18:22:21,6,6,11,13.9,0.04,0.13,0.09,18.0,184,136,232,326.0,0,0,0,100
18:22:21,6,6,11,13.9,0.04,0.13,0.09,17.9,184,136,232,326.0,0,0,0,100
18:22:21,6,6,11,13.9,0.04,0.13,0.09,18.2,184,136,232,326.0,0,0,0,100
18:22:21,6,6,11,13.9,0.04,0.13,0.09,18.1,184,136,232,326.0,0,0,0,100
18:22:22,6,6,11,13.9,0.04,0.13,0.09,18.0,184,136,232,326.0,0,0,0,100
18:22:22,7,5,7,11.1,0.07,0.14,0.08,18.2,209,150,224,341.0,0,0,0,100
18:22:22,7,5,7,11.1,0.07,0.14,0.08,17.9,209,150,224,341.0,0,0,0,100
18:22:22,7,5,7,11.1,0.07,0.14,0.08,17.9,209,150,224,341.0,0,0,0,100
18:22:22,7,5,7,11.1,0.07,0.14,0.08,18.2,209,150,224,341.0,0,0,0,100
18:22:22,7,5,7,11.1,0.07,0.14,0.08,18.2,209,150,224,341.0,0,0,0,100
18:22:22,7,5,7,11.1,0.07,0.14,0.08,18.1,209,150,224,341.0,0,0,0,100
18:22:22,7,5,7,11.1,0.07,0.14,0.08,18.2,209,150,224,341.0,0,0,0,100
18:22:22,7,5,7,11.1,0.07,0.14,0.08,18.0,209,150,224,341.0,0,0,0,100
18:22:22,7,5,7,11.1,0.07,0.14,0.08,18.0,209,150,224,341.0,0,0,1,100
18:22:23,7,5,7,11.1,0.07,0.14,0.08,18.2,209,150,224,341.0,0,0,1,100
18:22:23,9,5,4,11.0,0.1,0.22,0.04,18.2,265,152,123,329.0,0,0,1,100
18:22:23,9,5,4,11.0,0.1,0.22,0.04,17.9,265,152,123,329.0,0,0,1,100
18:22:23,9,5,4,11.0,0.1,0.22,0.04,18.1,265,152,123,329.0,0,0,1,100
18:22:23,9,5,4,11.0,0.1,0.22,0.04,17.9,265,152,123,329.0,0,0,1,100
18:22:23,9,5,4,11.0,0.1,0.22,0.04,18.1,265,152,123,329.0,0,0,1,100
18:22:23,9,5,4,11.0,0.1,0.22,0.04,18.0,265,152,123,329.0,0,0,1,100
18:22:23,9,5,4,11.0,0.1,0.22,0.04,17.9,265,152,123,329.0,0,0,1,100
18:22:23,9,5,4,11.0,0.1,0.22,0.04,18.2,265,152,123,329.0,0,0,1,100
18:22:23,9,5,4,11.0,0.1,0.22,0.04,18.2,265,152,123,329.0,0,0,0,100
18:22:24,9,5,4,11.0,0.1,0.22,0.04,18.0,265,152,123,329.0,0,0,0,100
18:22:24,6,4,7,10.0,0.05,0.13,0.06,18.2,171,120,209,296.0,0,0,0,100
18:22:24,6,4,7,10.0,0.05,0.13,0.06,18.0,171,120,209,296.0,0,0,0,100
18:22:24,6,4,7,10.0,0.05,0.13,0.06,18.1,171,120,209,296.0,0,0,0,100
18:22:24,6,4,7,10.0,0.05,0.13,0.06,17.9,171,120,209,296.0,0,0,0,100
18:22:24,6,4,7,10.0,0.05,0.13,0.06,18.0,171,120,209,296.0,0,0,0,100
18:22:24,6,4,7,10.0,0.05,0.13,0.06,17.9,171,120,209,296.0,0,0,0,100
18:22:24,6,4,7,10.0,0.05,0.13,0.06,18.1,171,120,209,296.0,0,0,0,100
18:22:24,6,4,7,10.0,0.05,0.13,0.06,18.1,171,120,209,296.0,0,0,0,100
18:22:24,6,4,7,10.0,0.05,0.13,0.06,17.9,171,120,209,296.0,1,0,0,100
18:22:25,6,4,7,10.0,0.05,0.13,0.06,18.0,171,120,209,296.0,1,0,0,100
18:22:25,6,2,6,8.7,0.05,0.14,0.08,18.2,170,75,177,257.0,1,0,0,100
18:22:25,6,2,6,8.7,0.05,0.14,0.08,18.2,170,75,177,257.0,1,0,0,100
18:22:25,6,2,6,8.7,0.05,0.14,0.08,18.0,170,75,177,257.0,1,0,0,100
18:22:25,6,2,6,8.7,0.05,0.14,0.08,18.2,170,75,177,257.0,1,0,0,100
18:22:25,6,2,6,8.7,0.05,0.14,0.08,18.2,170,75,177,257.0,1,0,0,100
18:22:25,6,2,6,8.7,0.05,0.14,0.08,18.0,170,75,177,257.0,1,0,0,100
18:22:25,6,2,6,8.7,0.05,0.14,0.08,18.2,170,75,177,257.0,1,0,0,100
18:22:25,6,2,6,8.7,0.05,0.14,0.08,18.0,170,75,177,257.0,1,0,0,100
18:22:25,6,2,6,8.7,0.05,0.14,0.08,18.2,170,75,177,257.0,0,3,0,100
18:22:26,6,2,6,8.7,0.05,0.14,0.08,17.9,170,75,177,257.0,0,3,0,100
18:22:26,6,1,5,7.9,0.07,0.14,0.1,18.0,174,35,155,236.0,0,3,0,100
18:22:26,6,1,5,7.9,0.07,0.14,0.1,18.3,174,35,155,236.0,0,3,0,100
18:22:26,6,1,5,7.9,0.07,0.14,0.1,18.1,174,35,155,236.0,0,3,0,100
18:22:26,6,1,5,7.9,0.07,0.14,0.1,18.2,174,35,155,236.0,0,3,0,100
18:22:26,6,1,5,7.9,0.07,0.14,0.1,18.2,174,35,155,236.0,0,3,0,100
18:22:26,6,1,5,7.9,0.07,0.14,0.1,17.8,174,35,155,236.0,0,3,0,100
18:22:26,6,1,5,7.9,0.07,0.14,0.1,18.2,174,35,155,236.0,0,3,0,100
18:22:26,6,1,5,7.9,0.07,0.14,0.1,18.2,174,35,155,236.0,0,3,0,100
18:22:26,6,1,5,7.9,0.07,0.14,0.1,17.9,174,35,155,236.0,0,0,0,100
18:22:27,6,1,5,7.9,0.07,0.14,0.1,17.9,174,35,155,236.0,0,0,0,100
18:22:27,6,4,5,8.8,0.04,0.12,0.03,18.2,166,83,161,246.0,0,0,0,100
18:22:27,6,4,5,8.8,0.04,0.12,0.03,18.2,166,83,161,246.0,0,0,0,100
18:22:27,6,4,5,8.8,0.04,0.12,0.03,18.3,166,83,161,246.0,0,0,0,100
18:22:27,6,4,5,8.8,0.04,0.12,0.03,18.3,166,83,161,246.0,0,0,0,100
18:22:27,6,4,5,8.8,0.04,0.12,0.03,18.1,166,83,161,246.0,0,0,0,100
18:22:27,6,4,5,8.8,0.04,0.12,0.03,18.2,166,83,161,246.0,0,0,0,100
18:22:27,6,4,5,8.8,0.04,0.12,0.03,18.1,166,83,161,246.0,0,0,0,100
18:22:27,6,4,5,8.8,0.04,0.12,0.03,18.1,166,83,161,246.0,0,0,0,100
18:22:27,6,4,5,8.8,0.04,0.12,0.03,17.9,166,83,161,246.0,0,0,3,100
18:22:28,6,4,5,8.8,0.04,0.12,0.03,17.9,166,83,161,246.0,0,0,3,100
18:22:28,7,4,7,10.7,0.04,0.21,0.04,17.9,194,110,168,279.0,0,0,3,100
18:22:28,7,4,7,10.7,0.04,0.21,0.04,18.2,194,110,168,279.0,0,0,3,100
18:22:28,7,4,7,10.7,0.04,0.21,0.04,18.2,194,110,168,279.0,0,0,3,100
18:22:28,7,4,7,10.7,0.04,0.21,0.04,17.9,194,110,168,279.0,0,0,3,100
18:22:28,7,4,7,10.7,0.04,0.21,0.04,18.2,194,110,168,279.0,0,0,3,100
18:22:28,7,4,7,10.7,0.04,0.21,0.04,17.9,194,110,168,279.0,0,0,3,100
18:22:28,7,4,7,10.7,0.04,0.21,0.04,18.2,194,110,168,279.0,0,0,3,100
18:22:28,7,4,7,10.7,0.04,0.21,0.04,18.1,194,110,168,279.0,0,0,3,100
18:22:28,7,4,7,10.7,0.04,0.21,0.04,17.9,194,110,168,279.0,2,0,0,100
18:22:29,7,4,7,10.7,0.04,0.21,0.04,17.9,194,110,168,279.0,2,0,0,100
18:22:29,5,5,11,13.1,0.02,0.23,0.04,18.1,153,134,235,311.0,2,0,0,100
18:22:29,5,5,11,13.1,0.02,0.23,0.04,18.2,153,134,235,311.0,2,0,0,100
18:22:29,5,5,11,13.1,0.02,0.23,0.04,17.9,153,134,235,311.0,2,0,0,100
18:22:29,5,5,11,13.1,0.02,0.23,0.04,18.1,153,134,235,311.0,2,0,0,100
18:22:29,5,5,11,13.1,0.02,0.23,0.04,17.9,153,134,235,311.0,2,0,0,100
18:22:29,5,5,11,13.1,0.02,0.23,0.04,17.9,153,134,235,311.0,2,0,0,100
18:22:29,5,5,11,13.1,0.02,0.23,0.04,18.0,153,134,235,311.0,2,0,0,100
18:22:29,5,5,11,13.1,0.02,0.23,0.04,18.0,153,134,235,311.0,2,0,0,100
18:22:30,5,5,11,13.1,0.02,0.23,0.04,18.0,153,134,235,311.0,1,0,0,100
18:22:30,5,5,11,13.1,0.02,0.23,0.04,17.9,153,134,235,311.0,1,0,0,100
18:22:30,8,6,7,12.2,0.07,0.2,0.04,18.2,246,152,208,356.0,1,0,0,100
18:22:30,8,6,7,12.2,0.07,0.2,0.04,18.1,246,152,208,356.0,1,0,0,100
18:22:30,8,6,7,12.2,0.07,0.2,0.04,18.0,246,152,208,356.0,1,0,0,100
18:22:30,8,6,7,12.2,0.07,0.2,0.04,18.0,246,152,208,356.0,1,0,0,100
18:22:30,8,6,7,12.2,0.07,0.2,0.04,18.1,246,152,208,356.0,1,0,0,100
18:22:30,8,6,7,12.2,0.07,0.2,0.04,17.9,246,152,208,356.0,1,0,0,100
18:22:30,8,6,7,12.2,0.07,0.2,0.04,18.2,246,152,208,356.0,1,0,0,100
18:22:30,8,6,7,12.2,0.07,0.2,0.04,17.9,246,152,208,356.0,1,0,0,100
18:22:31,8,6,7,12.2,0.07,0.2,0.04,18.0,246,152,208,356.0,0,0,0,100
18:22:31,8,6,7,12.2,0.07,0.2,0.04,18.1,246,152,208,356.0,0,0,0,100
18:22:31,10,5,6,12.7,0.1,0.2,0.05,17.9,262,153,151,339.0,0,0,0,100
18:22:31,10,5,6,12.7,0.1,0.2,0.05,18.1,262,153,151,339.0,0,0,0,100
18:22:31,10,5,6,12.7,0.1,0.2,0.05,18.1,262,153,151,339.0,0,0,0,100
18:22:31,10,5,6,12.7,0.1,0.2,0.05,18.2,262,153,151,339.0,0,0,0,100
18:22:31,10,5,6,12.7,0.1,0.2,0.05,18.2,262,153,151,339.0,0,0,0,100
18:22:31,10,5,6,12.7,0.1,0.2,0.05,18.1,262,153,151,339.0,0,0,0,100
18:22:31,10,5,6,12.7,0.1,0.2,0.05,17.9,262,153,151,339.0,0,0,0,100
18:22:31,10,5,6,12.7,0.1,0.2,0.05,17.9,262,153,151,339.0,0,0,0,100
18:22:32,10,5,6,12.7,0.1,0.2,0.05,17.9,262,153,151,339.0,0,0,0,100
18:22:32,10,5,6,12.7,0.1,0.2,0.05,18.0,262,153,151,339.0,0,0,0,100
18:22:32,8,6,8,12.8,0.1,0.22,0.08,18.1,173,114,197,286.0,0,0,0,100
18:22:32,8,6,8,12.8,0.1,0.22,0.08,18.1,173,114,197,286.0,0,0,0,100
18:22:32,8,6,8,12.8,0.1,0.22,0.08,18.0,173,114,197,286.0,0,0,0,100
18:22:32,8,6,8,12.8,0.1,0.22,0.08,18.0,173,114,197,286.0,0,0,0,100
18:22:32,8,6,8,12.8,0.1,0.22,0.08,17.9,173,114,197,286.0,0,0,0,100
18:22:32,8,6,8,12.8,0.1,0.22,0.08,18.3,173,114,197,286.0,0,0,0,100
18:22:32,8,6,8,12.8,0.1,0.22,0.08,17.9,173,114,197,286.0,0,0,0,100
18:22:32,8,6,8,12.8,0.1,0.22,0.08,17.9,173,114,197,286.0,0,0,0,100
18:22:33,8,6,8,12.8,0.1,0.22,0.08,18.1,173,114,197,286.0,0,0,1,100
18:22:33,8,6,8,12.8,0.1,0.22,0.08,18.1,173,114,197,286.0,0,0,1,100
18:22:33,6,2,7,9.4,0.03,0.09,0.04,18.1,142,46,139,204.0,0,0,1,100
18:22:33,6,2,7,9.4,0.03,0.09,0.04,18.2,142,46,139,204.0,0,0,1,100
18:22:33,6,2,7,9.4,0.03,0.09,0.04,17.9,142,46,139,204.0,0,0,1,100
18:22:33,6,2,7,9.4,0.03,0.09,0.04,18.1,142,46,139,204.0,0,0,1,100
18:22:33,6,2,7,9.4,0.03,0.09,0.04,18.1,142,46,139,204.0,0,0,1,100
18:22:33,6,2,7,9.4,0.03,0.09,0.04,17.9,142,46,139,204.0,0,0,1,100
18:22:33,6,2,7,9.4,0.03,0.09,0.04,18.1,142,46,139,204.0,0,0,1,100
18:22:33,6,2,7,9.4,0.03,0.09,0.04,17.9,142,46,139,204.0,0,0,1,100
18:22:34,6,2,7,9.4,0.03,0.09,0.04,18.2,142,46,139,204.0,0,2,1,100
18:22:34,6,2,7,9.4,0.03,0.09,0.04,17.9,142,46,139,204.0,0,2,1,100
18:22:34,4,2,6,7.5,0.07,0.28,0.08,17.9,123,58,168,216.0,0,2,1,100
18:22:34,4,2,6,7.5,0.07,0.28,0.08,18.0,123,58,168,216.0,0,2,1,100
18:22:34,4,2,6,7.5,0.07,0.28,0.08,18.0,123,58,168,216.0,0,2,1,100
18:22:34,4,2,6,7.5,0.07,0.28,0.08,18.1,123,58,168,216.0,0,2,1,100
18:22:34,4,2,6,7.5,0.07,0.28,0.08,18.0,123,58,168,216.0,0,2,1,100
18:22:34,4,2,6,7.5,0.07,0.28,0.08,18.1,123,58,168,216.0,0,2,1,100
18:22:34,4,2,6,7.5,0.07,0.28,0.08,18.0,123,58,168,216.0,0,2,1,100
18:22:34,4,2,6,7.5,0.07,0.28,0.08,18.1,123,58,168,216.0,0,2,1,100
18:22:35,4,2,6,7.5,0.07,0.28,0.08,18.1,123,58,168,216.0,2,0,0,100
18:22:35,4,2,6,7.5,0.07,0.28,0.08,17.9,123,58,168,216.0,2,0,0,100
18:22:35,8,4,6,10.8,0.07,0.19,0.04,18.2,216,112,182,304.0,2,0,0,100
18:22:35,8,4,6,10.8,0.07,0.19,0.04,17.9,216,112,182,304.0,2,0,0,100
18:22:35,8,4,6,10.8,0.07,0.19,0.04,18.1,216,112,182,304.0,2,0,0,100
18:22:35,8,4,6,10.8,0.07,0.19,0.04,17.9,216,112,182,304.0,2,0,0,100
18:22:35,8,4,6,10.8,0.07,0.19,0.04,17.9,216,112,182,304.0,2,0,0,100
18:22:35,8,4,6,10.8,0.07,0.19,0.04,18.2,216,112,182,304.0,2,0,0,100
18:22:35,8,4,6,10.8,0.07,0.19,0.04,18.0,216,112,182,304.0,2,0,0,100
18:22:35,8,4,6,10.8,0.07,0.19,0.04,17.9,216,112,182,304.0,2,0,0,100
18:22:36,8,4,6,10.8,0.07,0.19,0.04,18.1,216,112,182,304.0,0,0,0,100
18:22:36,8,4,6,10.8,0.07,0.19,0.04,18.1,216,112,182,304.0,0,0,0,100
18:22:36,8,5,8,12.4,0.03,0.1,0.05,18.2,221,148,195,330.0,0,0,0,100
18:22:36,8,5,8,12.4,0.03,0.1,0.05,18.2,221,148,195,330.0,0,0,0,100
18:22:36,8,5,8,12.4,0.03,0.1,0.05,17.9,221,148,195,330.0,0,0,0,100
18:22:36,8,5,8,12.4,0.03,0.1,0.05,18.2,221,148,195,330.0,0,0,0,100
18:22:36,8,5,8,12.4,0.03,0.1,0.05,18.1,221,148,195,330.0,0,0,0,100
18:22:36,8,5,8,12.4,0.03,0.1,0.05,18.1,221,148,195,330.0,0,0,0,100
18:22:36,8,5,8,12.4,0.03,0.1,0.05,18.1,221,148,195,330.0,0,0,0,100
18:22:36,8,5,8,12.4,0.03,0.1,0.05,18.0,221,148,195,330.0,0,0,0,100
18:22:37,8,5,8,12.4,0.03,0.1,0.05,18.2,221,148,195,330.0,1,0,0,100
18:22:37,8,5,8,12.4,0.03,0.1,0.05,17.9,221,148,195,330.0,1,0,0,100
18:22:37,8,5,8,12.4,0.04,0.15,0.09,18.2,212,151,234,350.0,1,0,0,100
18:22:37,8,5,8,12.4,0.04,0.15,0.09,18.1,212,151,234,350.0,1,0,0,100
18:22:37,8,5,8,12.4,0.04,0.15,0.09,17.9,212,151,234,350.0,1,0,0,100
18:22:37,8,5,8,12.4,0.04,0.15,0.09,18.0,212,151,234,350.0,1,0,0,100
18:22:37,8,5,8,12.4,0.04,0.15,0.09,18.0,212,151,234,350.0,1,0,0,100
18:22:37,8,5,8,12.4,0.04,0.15,0.09,18.1,212,151,234,350.0,1,0,0,100
18:22:37,8,5,8,12.4,0.04,0.15,0.09,17.9,212,151,234,350.0,1,0,0,100
18:22:37,8,5,8,12.4,0.04,0.15,0.09,17.9,212,151,234,350.0,1,0,0,100
18:22:38,8,5,8,12.4,0.04,0.15,0.09,18.2,212,151,234,350.0,0,0,0,100
18:22:38,8,5,8,12.4,0.04,0.15,0.09,18.1,212,151,234,350.0,0,0,0,100
18:22:38,8,5,8,12.4,0.07,0.22,0.13,18.2,212,154,211,336.0,0,0,0,100
18:22:38,8,5,8,12.4,0.07,0.22,0.13,17.9,212,154,211,336.0,0,0,0,100
18:22:38,8,5,8,12.4,0.07,0.22,0.13,17.9,212,154,211,336.0,0,0,0,100
18:22:38,8,5,8,12.4,0.07,0.22,0.13,18.1,212,154,211,336.0,0,0,0,100
18:22:38,8,5,8,12.4,0.07,0.22,0.13,18.0,212,154,211,336.0,0,0,0,100
18:22:38,8,5,8,12.4,0.07,0.22,0.13,18.3,212,154,211,336.0,0,0,0,100
18:22:38,8,5,8,12.4,0.07,0.22,0.13,17.9,212,154,211,336.0,0,0,0,100
18:22:38,8,5,8,12.4,0.07,0.22,0.13,18.2,212,154,211,336.0,0,0,0,100
18:22:39,8,5,8,12.4,0.07,0.22,0.13,18.1,212,154,211,336.0,0,0,2,100
18:22:39,8,5,8,12.4,0.07,0.22,0.13,18.0,212,154,211,336.0,0,0,2,100
18:22:39,8,4,5,10.2,0.08,0.14,0.03,18.2,202,110,134,266.0,0,0,2,100
18:22:39,8,4,5,10.2,0.08,0.14,0.03,18.2,202,110,134,266.0,0,0,2,100
18:22:39,8,4,5,10.2,0.08,0.14,0.03,18.1,202,110,134,266.0,0,0,2,100
18:22:39,8,4,5,10.2,0.08,0.14,0.03,17.9,202,110,134,266.0,0,0,2,100
18:22:39,8,4,5,10.2,0.08,0.14,0.03,17.9,202,110,134,266.0,0,0,2,100
18:22:39,8,4,5,10.2,0.08,0.14,0.03,18.0,202,110,134,266.0,0,0,2,100
18:22:39,8,4,5,10.2,0.08,0.14,0.03,18.1,202,110,134,266.0,0,0,2,100
18:22:39,8,4,5,10.2,0.08,0.14,0.03,18.0,202,110,134,266.0,0,0,2,100
18:22:40,8,4,5,10.2,0.08,0.14,0.03,18.2,202,110,134,266.0,4,0,0,100
18:22:40,8,4,5,10.2,0.08,0.14,0.03,18.0,202,110,134,266.0,4,0,0,100
18:22:40,3,2,6,7.0,0.07,0.14,0.07,17.9,105,63,171,210.0,4,0,0,100
18:22:40,3,2,6,7.0,0.07,0.14,0.07,17.9,105,63,171,210.0,4,0,0,100
18:22:40,3,2,6,7.0,0.07,0.14,0.07,17.9,105,63,171,210.0,4,0,0,100
18:22:40,3,2,6,7.0,0.07,0.14,0.07,18.2,105,63,171,210.0,4,0,0,100
18:22:40,3,2,6,7.0,0.07,0.14,0.07,18.0,105,63,171,210.0,4,0,0,100
18:22:40,3,2,6,7.0,0.07,0.14,0.07,17.9,105,63,171,210.0,4,0,0,100
18:22:40,3,2,6,7.0,0.07,0.14,0.07,18.0,105,63,171,210.0,4,0,0,100
18:22:40,3,2,6,7.0,0.07,0.14,0.07,18.1,105,63,171,210.0,4,0,0,100
18:22:41,3,2,6,7.0,0.07,0.14,0.07,18.2,105,63,171,210.0,0,1,2,100
18:22:41,3,2,6,7.0,0.07,0.14,0.07,17.9,105,63,171,210.0,0,1,2,100
18:22:41,8,1,3,8.6,0.05,0.15,0.09,18.0,179,45,88,204.0,0,1,2,100
18:22:41,8,1,3,8.6,0.05,0.15,0.09,17.9,179,45,88,204.0,0,1,2,100
18:22:41,8,1,3,8.6,0.05,0.15,0.09,17.9,179,45,88,204.0,0,1,2,100
18:22:41,8,1,3,8.6,0.05,0.15,0.09,18.2,179,45,88,204.0,0,1,2,100
18:22:41,8,1,3,8.6,0.05,0.15,0.09,18.1,179,45,88,204.0,0,1,2,100
18:22:41,8,1,3,8.6,0.05,0.15,0.09,17.9,179,45,88,204.0,0,1,2,100
18:22:41,8,1,3,8.6,0.05,0.15,0.09,18.0,179,45,88,204.0,0,1,2,100
18:22:41,8,1,3,8.6,0.05,0.15,0.09,18.0,179,45,88,204.0,0,1,2,100
18:22:42,8,1,3,8.6,0.05,0.15,0.09,18.0,179,45,88,204.0,1,0,0,100
18:22:42,8,1,3,8.6,0.05,0.15,0.09,18.0,179,45,88,204.0,1,0,0,100
18:22:42,4,3,6,7.8,0.04,0.27,0.07,18.1,137,84,182,243.0,1,0,0,100
18:22:42,4,3,6,7.8,0.04,0.27,0.07,18.1,137,84,182,243.0,1,0,0,100
18:22:42,4,3,6,7.8,0.04,0.27,0.07,18.2,137,84,182,243.0,1,0,0,100
18:22:42,4,3,6,7.8,0.04,0.27,0.07,18.1,137,84,182,243.0,1,0,0,100
18:22:42,4,3,6,7.8,0.04,0.27,0.07,18.2,137,84,182,243.0,1,0,0,100
18:22:42,4,3,6,7.8,0.04,0.27,0.07,17.9,137,84,182,243.0,1,0,0,100
18:22:42,4,3,6,7.8,0.04,0.27,0.07,18.0,137,84,182,243.0,1,0,0,100
18:22:42,4,3,6,7.8,0.04,0.27,0.07,17.9,137,84,182,243.0,1,0,0,100
18:22:43,4,3,6,7.8,0.04,0.27,0.07,18.1,137,84,182,243.0,0,0,0,100
18:22:43,4,3,6,7.8,0.04,0.27,0.07,18.2,137,84,182,243.0,0,0,0,100
18:22:43,9,6,7,12.9,0.04,0.13,0.03,17.9,224,115,191,316.0,0,0,0,100
18:22:43,9,6,7,12.9,0.04,0.13,0.03,18.1,224,115,191,316.0,0,0,0,100
18:22:43,9,6,7,12.9,0.04,0.13,0.03,18.1,224,115,191,316.0,0,0,0,100
18:22:43,9,6,7,12.9,0.04,0.13,0.03,18.1,224,115,191,316.0,0,0,0,100
18:22:43,9,6,7,12.9,0.04,0.13,0.03,18.2,224,115,191,316.0,0,0,0,100
18:22:43,9,6,7,12.9,0.04,0.13,0.03,17.9,224,115,191,316.0,0,0,0,100
18:22:43,9,6,7,12.9,0.04,0.13,0.03,17.9,224,115,191,316.0,0,0,0,100
18:22:43,9,6,7,12.9,0.04,0.13,0.03,17.9,224,115,191,316.0,0,0,0,100
18:22:44,9,6,7,12.9,0.04,0.13,0.03,18.1,224,115,191,316.0,0,0,1,100
18:22:44,9,6,7,12.9,0.04,0.13,0.03,18.0,224,115,191,316.0,0,0,1,100
18:22:44,10,5,5,12.2,0.07,0.21,0.04,17.9,235,143,159,318.0,0,0,1,100
18:22:44,10,5,5,12.2,0.07,0.21,0.04,18.1,235,143,159,318.0,0,0,1,100
18:22:44,10,5,5,12.2,0.07,0.21,0.04,17.9,235,143,159,318.0,0,0,1,100
18:22:44,10,5,5,12.2,0.07,0.21,0.04,18.0,235,143,159,318.0,0,0,1,100
18:22:44,10,5,5,12.2,0.07,0.21,0.04,17.9,235,143,159,318.0,0,0,1,100
18:22:44,10,5,5,12.2,0.07,0.21,0.04,18.0,235,143,159,318.0,0,0,1,100
18:22:44,10,5,5,12.2,0.07,0.21,0.04,17.9,235,143,159,318.0,0,0,1,100
18:22:44,10,5,5,12.2,0.07,0.21,0.04,18.0,235,143,159,318.0,0,0,1,100
18:22:45,10,5,5,12.2,0.07,0.21,0.04,17.9,235,143,159,318.0,1,0,0,100
18:22:45,10,5,5,12.2,0.07,0.21,0.04,18.1,235,143,159,318.0,1,0,0,100
18:22:45,7,5,9,12.4,0.05,0.27,0.11,18.1,157,151,263,341.0,1,0,0,100
18:22:45,7,5,9,12.4,0.05,0.27,0.11,18.4,157,151,263,341.0,1,0,0,100
18:22:45,7,5,9,12.4,0.05,0.27,0.11,18.1,157,151,263,341.0,1,0,0,100
18:22:45,7,5,9,12.4,0.05,0.27,0.11,18.2,157,151,263,341.0,1,0,0,100
18:22:45,7,5,9,12.4,0.05,0.27,0.11,18.0,157,151,263,341.0,1,0,0,100
18:22:45,7,5,9,12.4,0.05,0.27,0.11,17.9,157,151,263,341.0,1,0,0,100
18:22:45,7,5,9,12.4,0.05,0.27,0.11,17.9,157,151,263,341.0,1,0,0,100
18:22:45,7,5,9,12.4,0.05,0.27,0.11,18.2,157,151,263,341.0,1,0,0,100
18:22:46,7,5,9,12.4,0.05,0.27,0.11,18.1,157,151,263,341.0,0,0,0,100
18:22:46,7,5,9,12.4,0.05,0.27,0.11,18.0,157,151,263,341.0,0,0,0,100
18:22:46,7,5,7,11.1,0.07,0.17,0.11,18.0,215,147,222,342.0,0,0,0,100
18:22:46,7,5,7,11.1,0.07,0.17,0.11,18.2,215,147,222,342.0,0,0,0,100
18:22:46,7,5,7,11.1,0.07,0.17,0.11,17.9,215,147,222,342.0,0,0,0,100
18:22:46,7,5,7,11.1,0.07,0.17,0.11,18.1,215,147,222,342.0,0,0,0,100
18:22:46,7,5,7,11.1,0.07,0.17,0.11,18.1,215,147,222,342.0,0,0,0,100
18:22:46,7,5,7,11.1,0.07,0.17,0.11,18.0,215,147,222,342.0,0,0,0,100
18:22:46,7,5,7,11.1,0.07,0.17,0.11,17.9,215,147,222,342.0,0,0,0,100
18:22:47,7,5,7,11.1,0.07,0.17,0.11,17.9,215,147,222,342.0,0,0,0,100
18:22:47,7,5,7,11.1,0.07,0.17,0.11,18.0,215,147,222,342.0,0,0,0,100
18:22:47,7,5,7,11.1,0.07,0.17,0.11,17.9,215,147,222,342.0,0,0,0,100
18:22:47,6,3,5,8.4,0.09,0.16,0.07,18.2,198,100,127,256.0,0,0,0,100
18:22:47,6,3,5,8.4,0.09,0.16,0.07,18.2,198,100,127,256.0,0,0,0,100
18:22:47,6,3,5,8.4,0.09,0.16,0.07,17.9,198,100,127,256.0,0,0,0,100
18:22:47,6,3,5,8.4,0.09,0.16,0.07,18.0,198,100,127,256.0,0,0,0,100
18:22:47,6,3,5,8.4,0.09,0.16,0.07,18.0,198,100,127,256.0,0,0,0,100
18:22:47,6,3,5,8.4,0.09,0.16,0.07,17.9,198,100,127,256.0,0,0,0,100
18:22:47,6,3,5,8.4,0.09,0.16,0.07,17.9,198,100,127,256.0,0,0,0,100
18:22:48,6,3,5,8.4,0.09,0.16,0.07,17.9,198,100,127,256.0,0,0,0,100
18:22:48,6,3,5,8.4,0.09,0.16,0.07,18.2,198,100,127,256.0,0,6,0,100
18:22:48,6,3,5,8.4,0.09,0.16,0.07,18.2,198,100,127,256.0,0,6,0,100
18:22:48,4,2,6,7.5,0.05,0.14,0.03,18.1,113,29,145,186.0,0,6,0,100
18:22:48,4,2,6,7.5,0.05,0.14,0.03,18.2,113,29,145,186.0,0,6,0,100
18:22:48,4,2,6,7.5,0.05,0.14,0.03,18.1,113,29,145,186.0,0,6,0,100
18:22:48,4,2,6,7.5,0.05,0.14,0.03,17.9,113,29,145,186.0,0,6,0,100
18:22:48,4,2,6,7.5,0.05,0.14,0.03,17.9,113,29,145,186.0,0,6,0,100
18:22:48,4,2,6,7.5,0.05,0.14,0.03,17.9,113,29,145,186.0,0,6,0,100
18:22:48,4,2,6,7.5,0.05,0.14,0.03,17.9,113,29,145,186.0,0,6,0,100
18:22:49,4,2,6,7.5,0.05,0.14,0.03,18.1,113,29,145,186.0,0,6,0,100
18:22:49,4,2,6,7.5,0.05,0.14,0.03,17.9,113,29,145,186.0,0,0,1,100
18:22:49,4,2,6,7.5,0.05,0.14,0.03,17.9,113,29,145,186.0,0,0,1,100
18:22:49,6,2,4,7.5,0.03,0.25,0.05,18.2,177,72,122,227.0,0,0,1,100
18:22:49,6,2,4,7.5,0.03,0.25,0.05,18.0,177,72,122,227.0,0,0,1,100
18:22:49,6,2,4,7.5,0.03,0.25,0.05,17.9,177,72,122,227.0,0,0,1,100
18:22:49,6,2,4,7.5,0.03,0.25,0.05,18.2,177,72,122,227.0,0,0,1,100
18:22:49,6,2,4,7.5,0.03,0.25,0.05,18.2,177,72,122,227.0,0,0,1,100
18:22:49,6,2,4,7.5,0.03,0.25,0.05,18.1,177,72,122,227.0,0,0,1,100
18:22:49,6,2,4,7.5,0.03,0.25,0.05,18.1,177,72,122,227.0,0,0,1,100
18:22:50,6,2,4,7.5,0.03,0.25,0.05,18.2,177,72,122,227.0,0,0,1,100
18:22:50,6,2,4,7.5,0.03,0.25,0.05,17.9,177,72,122,227.0,1,0,0,100
18:22:50,6,2,4,7.5,0.03,0.25,0.05,17.9,177,72,122,227.0,1,0,0,100
18:22:50,4,7,8,11.4,0.05,0.11,0.07,17.9,105,138,218,279.0,1,0,0,100
18:22:50,4,7,8,11.4,0.05,0.11,0.07,18.0,105,138,218,279.0,1,0,0,100
18:22:50,4,7,8,11.4,0.05,0.11,0.07,18.0,105,138,218,279.0,1,0,0,100
18:22:50,4,7,8,11.4,0.05,0.11,0.07,18.1,105,138,218,279.0,1,0,0,100
18:22:50,4,7,8,11.4,0.05,0.11,0.07,17.9,105,138,218,279.0,1,0,0,100
18:22:50,4,7,8,11.4,0.05,0.11,0.07,17.9,105,138,218,279.0,1,0,0,100
18:22:50,4,7,8,11.4,0.05,0.11,0.07,18.2,105,138,218,279.0,1,0,0,100
18:22:51,4,7,8,11.4,0.05,0.11,0.07,18.0,105,138,218,279.0,1,0,0,100
18:22:51,4,7,8,11.4,0.05,0.11,0.07,18.1,105,138,218,279.0,0,0,0,100
18:22:51,4,7,8,11.4,0.05,0.11,0.07,18.1,105,138,218,279.0,0,0,0,100
18:22:51,9,5,6,11.9,0.09,0.14,0.04,17.9,260,163,185,358.0,0,0,0,100
18:22:51,9,5,6,11.9,0.09,0.14,0.04,18.0,260,163,185,358.0,0,0,0,100
18:22:51,9,5,6,11.9,0.09,0.14,0.04,17.9,260,163,185,358.0,0,0,0,100
18:22:51,9,5,6,11.9,0.09,0.14,0.04,18.0,260,163,185,358.0,0,0,0,100
18:22:51,9,5,6,11.9,0.09,0.14,0.04,18.2,260,163,185,358.0,0,0,0,100
18:22:51,9,5,6,11.9,0.09,0.14,0.04,17.8,260,163,185,358.0,0,0,0,100
18:22:51,9,5,6,11.9,0.09,0.14,0.04,17.9,260,163,185,358.0,0,0,0,100
18:22:52,9,5,6,11.9,0.09,0.14,0.04,18.0,260,163,185,358.0,0,0,0,100
18:22:52,9,5,6,11.9,0.09,0.14,0.04,18.2,260,163,185,358.0,0,0,0,100
18:22:52,9,5,6,11.9,0.09,0.14,0.04,18.2,260,163,185,358.0,0,0,0,100
18:22:52,11,6,6,13.9,0.09,0.18,0.05,17.9,286,164,174,373.0,0,0,0,100
18:22:52,11,6,6,13.9,0.09,0.18,0.05,18.0,286,164,174,373.0,0,0,0,100
18:22:52,11,6,6,13.9,0.09,0.18,0.05,18.0,286,164,174,373.0,0,0,0,100
18:22:52,11,6,6,13.9,0.09,0.18,0.05,18.1,286,164,174,373.0,0,0,0,100
18:22:52,11,6,6,13.9,0.09,0.18,0.05,18.2,286,164,174,373.0,0,0,0,100
18:22:52,11,6,6,13.9,0.09,0.18,0.05,17.9,286,164,174,373.0,0,0,0,100
18:22:52,11,6,6,13.9,0.09,0.18,0.05,17.9,286,164,174,373.0,0,0,0,100
18:22:53,11,6,6,13.9,0.09,0.18,0.05,17.9,286,164,174,373.0,0,0,0,100
18:22:53,11,6,6,13.9,0.09,0.18,0.05,18.2,286,164,174,373.0,0,0,0,100
18:22:53,11,6,6,13.9,0.09,0.18,0.05,18.1,286,164,174,373.0,0,0,0,100
18:22:53,5,7,8,11.7,0.05,0.3,0.05,17.9,148,140,218,298.0,0,0,0,100
18:22:53,5,7,8,11.7,0.05,0.3,0.05,17.9,148,140,218,298.0,0,0,0,100
18:22:53,5,7,8,11.7,0.05,0.3,0.05,18.2,148,140,218,298.0,0,0,0,100
18:22:53,5,7,8,11.7,0.05,0.3,0.05,17.9,148,140,218,298.0,0,0,0,100
18:22:53,5,7,8,11.7,0.05,0.3,0.05,18.0,148,140,218,298.0,0,0,0,100
18:22:53,5,7,8,11.7,0.05,0.3,0.05,18.0,148,140,218,298.0,0,0,0,100
18:22:53,5,7,8,11.7,0.05,0.3,0.05,18.0,148,140,218,298.0,0,0,0,100
18:22:54,5,7,8,11.7,0.05,0.3,0.05,17.9,148,140,218,298.0,0,0,0,100
18:22:54,5,7,8,11.7,0.05,0.3,0.05,18.0,148,140,218,298.0,0,0,0,100
18:22:54,5,7,8,11.7,0.05,0.3,0.05,17.9,148,140,218,298.0,0,0,0,100
18:22:54,8,4,5,10.2,0.05,0.18,0.08,18.0,198,97,175,281.0,0,0,0,100
18:22:54,8,4,5,10.2,0.05,0.18,0.08,17.9,198,97,175,281.0,0,0,0,100
18:22:54,8,4,5,10.2,0.05,0.18,0.08,18.1,198,97,175,281.0,0,0,0,100
18:22:54,8,4,5,10.2,0.05,0.18,0.08,18.2,198,97,175,281.0,0,0,0,100
18:22:54,8,4,5,10.2,0.05,0.18,0.08,18.2,198,97,175,281.0,0,0,0,100
18:22:54,8,4,5,10.2,0.05,0.18,0.08,18.1,198,97,175,281.0,0,0,0,100
18:22:54,8,4,5,10.2,0.05,0.18,0.08,18.1,198,97,175,281.0,0,0,0,100
18:22:55,8,4,5,10.2,0.05,0.18,0.08,18.2,198,97,175,281.0,0,0,0,100
18:22:55,8,4,5,10.2,0.05,0.18,0.08,18.0,198,97,175,281.0,0,0,4,100
18:22:55,8,4,5,10.2,0.05,0.18,0.08,17.9,198,97,175,281.0,0,0,4,100
18:22:55,6,2,5,8.1,0.08,0.14,0.07,17.9,162,49,139,219.0,0,0,4,100
18:22:55,6,2,5,8.1,0.08,0.14,0.07,17.9,162,49,139,219.0,0,0,4,100
18:22:55,6,2,5,8.1,0.08,0.14,0.07,18.0,162,49,139,219.0,0,0,4,100
18:22:55,6,2,5,8.1,0.08,0.14,0.07,18.0,162,49,139,219.0,0,0,4,100
18:22:55,6,2,5,8.1,0.08,0.14,0.07,18.1,162,49,139,219.0,0,0,4,100
18:22:55,6,2,5,8.1,0.08,0.14,0.07,18.0,162,49,139,219.0,0,0,4,100
18:22:55,6,2,5,8.1,0.08,0.14,0.07,18.1,162,49,139,219.0,0,0,4,100
18:22:56,6,2,5,8.1,0.08,0.14,0.07,18.2,162,49,139,219.0,0,0,4,100
18:22:56,6,2,5,8.1,0.08,0.14,0.07,18.2,162,49,139,219.0,2,1,0,100
18:22:56,6,2,5,8.1,0.08,0.14,0.07,18.0,162,49,139,219.0,2,1,0,100
18:22:56,6,2,5,8.1,0.05,0.12,0.03,18.0,162,63,137,221.0,2,1,0,100
18:22:56,6,2,5,8.1,0.05,0.12,0.03,18.2,162,63,137,221.0,2,1,0,100
18:22:56,6,2,5,8.1,0.05,0.12,0.03,18.2,162,63,137,221.0,2,1,0,100
18:22:56,6,2,5,8.1,0.05,0.12,0.03,18.2,162,63,137,221.0,2,1,0,100
18:22:56,6,2,5,8.1,0.05,0.12,0.03,18.2,162,63,137,221.0,2,1,0,100
18:22:56,6,2,5,8.1,0.05,0.12,0.03,18.0,162,63,137,221.0,2,1,0,100
18:22:57,6,2,5,8.1,0.05,0.12,0.03,18.0,162,63,137,221.0,2,1,0,100
18:22:57,6,2,5,8.1,0.05,0.12,0.03,18.2,162,63,137,221.0,2,1,0,100
18:22:57,6,2,5,8.1,0.05,0.12,0.03,18.3,162,63,137,221.0,0,0,0,100
18:22:57,6,2,5,8.1,0.05,0.12,0.03,18.2,162,63,137,221.0,0,0,0,100
18:22:57,9,8,10,15.7,0.05,0.16,0.07,18.1,201,127,178,297.0,0,0,0,100
18:22:57,9,8,10,15.7,0.05,0.16,0.07,18.2,201,127,178,297.0,0,0,0,100
18:22:57,9,8,10,15.7,0.05,0.16,0.07,18.0,201,127,178,297.0,0,0,0,100
18:22:57,9,8,10,15.7,0.05,0.16,0.07,18.0,201,127,178,297.0,0,0,0,100
18:22:57,9,8,10,15.7,0.05,0.16,0.07,18.2,201,127,178,297.0,0,0,0,100
18:22:57,9,8,10,15.7,0.05,0.16,0.07,17.9,201,127,178,297.0,0,0,0,100
18:22:58,9,8,10,15.7,0.05,0.16,0.07,18.2,201,127,178,297.0,0,0,0,100
18:22:58,9,8,10,15.7,0.05,0.16,0.07,18.1,201,127,178,297.0,0,0,0,100
18:22:58,9,8,10,15.7,0.05,0.16,0.07,18.2,201,127,178,297.0,0,0,0,100
18:22:58,9,8,10,15.7,0.05,0.16,0.07,17.9,201,127,178,297.0,0,0,0,100
18:22:58,4,4,8,9.8,0.05,0.16,0.08,18.0,101,132,245,296.0,0,0,0,100
18:22:58,4,4,8,9.8,0.05,0.16,0.08,17.9,101,132,245,296.0,0,0,0,100
18:22:58,4,4,8,9.8,0.05,0.16,0.08,18.2,101,132,245,296.0,0,0,0,100
18:22:58,4,4,8,9.8,0.05,0.16,0.08,17.9,101,132,245,296.0,0,0,0,100
18:22:58,4,4,8,9.8,0.05,0.16,0.08,18.2,101,132,245,296.0,0,0,0,100
18:22:58,4,4,8,9.8,0.05,0.16,0.08,18.0,101,132,245,296.0,0,0,0,100
18:22:59,4,4,8,9.8,0.05,0.16,0.08,18.2,101,132,245,296.0,0,0,0,100
18:22:59,4,4,8,9.8,0.05,0.16,0.08,18.2,101,132,245,296.0,0,0,0,100
18:22:59,4,4,8,9.8,0.05,0.16,0.08,18.1,101,132,245,296.0,0,0,0,100
18:22:59,4,4,8,9.8,0.05,0.16,0.08,18.1,101,132,245,296.0,0,0,0,100
18:22:59,7,5,8,11.7,0.05,0.14,0.05,18.1,223,135,207,333.0,0,0,0,100
18:22:59,7,5,8,11.7,0.05,0.14,0.05,17.9,223,135,207,333.0,0,0,0,100
18:22:59,7,5,8,11.7,0.05,0.14,0.05,17.7,223,135,207,333.0,0,0,0,100
18:22:59,7,5,8,11.7,0.05,0.14,0.05,18.2,223,135,207,333.0,0,0,0,100
18:22:59,7,5,8,11.7,0.05,0.14,0.05,17.8,223,135,207,333.0,0,0,0,100
18:22:59,7,5,8,11.7,0.05,0.14,0.05,17.9,223,135,207,333.0,0,0,0,100
18:23:00,7,5,8,11.7,0.05,0.14,0.05,17.9,223,135,207,333.0,0,0,0,100
18:23:00,7,5,8,11.7,0.05,0.14,0.05,18.2,223,135,207,333.0,0,0,0,100
18:23:00,7,5,8,11.7,0.05,0.14,0.05,18.1,223,135,207,333.0,0,0,1,100
18:23:00,7,5,8,11.7,0.05,0.14,0.05,18.0,223,135,207,333.0,0,0,1,100
18:23:00,7,5,7,11.1,0.11,0.16,0.03,17.9,226,129,166,309.0,0,0,1,100
18:23:00,7,5,7,11.1,0.11,0.16,0.03,17.9,226,129,166,309.0,0,0,1,100
18:23:00,7,5,7,11.1,0.11,0.16,0.03,18.0,226,129,166,309.0,0,0,1,100
18:23:00,7,5,7,11.1,0.11,0.16,0.03,17.9,226,129,166,309.0,0,0,1,100
18:23:00,7,5,7,11.1,0.11,0.16,0.03,18.0,226,129,166,309.0,0,0,1,100
18:23:00,7,5,7,11.1,0.11,0.16,0.03,18.0,226,129,166,309.0,0,0,1,100
18:23:01,7,5,7,11.1,0.11,0.16,0.03,18.2,226,129,166,309.0,0,0,1,100
18:23:01,7,5,7,11.1,0.11,0.16,0.03,18.2,226,129,166,309.0,0,0,1,100
18:23:01,7,5,7,11.1,0.11,0.16,0.03,17.9,226,129,166,309.0,2,0,0,100
18:23:01,7,5,7,11.1,0.11,0.16,0.03,18.0,226,129,166,309.0,2,0,0,100
18:23:01,4,3,7,8.6,0.05,0.2,0.09,17.9,103,108,205,254.0,2,0,0,100
18:23:01,4,3,7,8.6,0.05,0.2,0.09,18.2,103,108,205,254.0,2,0,0,100
18:23:01,4,3,7,8.6,0.05,0.2,0.09,18.0,103,108,205,254.0,2,0,0,100
18:23:01,4,3,7,8.6,0.05,0.2,0.09,17.9,103,108,205,254.0,2,0,0,100
18:23:01,4,3,7,8.6,0.05,0.2,0.09,18.0,103,108,205,254.0,2,0,0,100
18:23:01,4,3,7,8.6,0.05,0.2,0.09,18.1,103,108,205,254.0,2,0,0,100
18:23:02,4,3,7,8.6,0.05,0.2,0.09,18.0,103,108,205,254.0,2,0,0,100
18:23:02,4,3,7,8.6,0.05,0.2,0.09,18.1,103,108,205,254.0,2,0,0,100
18:23:02,4,3,7,8.6,0.05,0.2,0.09,18.0,103,108,205,254.0,0,0,1,100
18:23:02,4,3,7,8.6,0.05,0.2,0.09,18.2,103,108,205,254.0,0,0,1,100
18:23:02,5,2,4,6.7,0.03,0.13,0.1,18.0,141,76,146,217.0,0,0,1,100
18:23:02,5,2,4,6.7,0.03,0.13,0.1,18.0,141,76,146,217.0,0,0,1,100
18:23:02,5,2,4,6.7,0.03,0.13,0.1,18.2,141,76,146,217.0,0,0,1,100
18:23:02,5,2,4,6.7,0.03,0.13,0.1,17.9,141,76,146,217.0,0,0,1,100
18:23:02,5,2,4,6.7,0.03,0.13,0.1,17.9,141,76,146,217.0,0,0,1,100
18:23:02,5,2,4,6.7,0.03,0.13,0.1,18.2,141,76,146,217.0,0,0,1,100
18:23:03,5,2,4,6.7,0.03,0.13,0.1,18.2,141,76,146,217.0,0,0,1,100
18:23:03,5,2,4,6.7,0.03,0.13,0.1,18.1,141,76,146,217.0,0,0,1,100
18:23:03,5,2,4,6.7,0.03,0.13,0.1,17.9,141,76,146,217.0,0,1,0,100
18:23:03,5,2,4,6.7,0.03,0.13,0.1,18.1,141,76,146,217.0,0,1,0,100
18:23:03,5,3,7,9.1,0.08,0.15,0.05,17.9,122,43,155,202.0,0,1,0,100
18:23:03,5,3,7,9.1,0.08,0.15,0.05,17.9,122,43,155,202.0,0,1,0,100
18:23:03,5,3,7,9.1,0.08,0.15,0.05,17.9,122,43,155,202.0,0,1,0,100
18:23:03,5,3,7,9.1,0.08,0.15,0.05,18.3,122,43,155,202.0,0,1,0,100
18:23:03,5,3,7,9.1,0.08,0.15,0.05,18.0,122,43,155,202.0,0,1,0,100
18:23:03,5,3,7,9.1,0.08,0.15,0.05,17.9,122,43,155,202.0,0,1,0,100
18:23:04,5,3,7,9.1,0.08,0.15,0.05,18.2,122,43,155,202.0,0,1,0,100
18:23:04,5,3,7,9.1,0.08,0.15,0.05,18.2,122,43,155,202.0,0,1,0,100
18:23:04,5,3,7,9.1,0.08,0.15,0.05,18.2,122,43,155,202.0,0,0,0,100
18:23:04,5,3,7,9.1,0.08,0.15,0.05,18.2,122,43,155,202.0,0,0,0,100
18:23:04,6,3,4,7.8,0.1,0.13,0.06,18.1,189,94,134,250.0,0,0,0,100
18:23:04,6,3,4,7.8,0.1,0.13,0.06,18.1,189,94,134,250.0,0,0,0,100
18:23:04,6,3,4,7.8,0.1,0.13,0.06,18.1,189,94,134,250.0,0,0,0,100
18:23:04,6,3,4,7.8,0.1,0.13,0.06,18.0,189,94,134,250.0,0,0,0,100
18:23:04,6,3,4,7.8,0.1,0.13,0.06,17.9,189,94,134,250.0,0,0,0,100
18:23:04,6,3,4,7.8,0.1,0.13,0.06,18.3,189,94,134,250.0,0,0,0,100
18:23:05,6,3,4,7.8,0.1,0.13,0.06,18.1,189,94,134,250.0,0,0,0,100
18:23:05,6,3,4,7.8,0.1,0.13,0.06,18.0,189,94,134,250.0,0,0,0,100
18:23:05,6,3,4,7.8,0.1,0.13,0.06,18.1,189,94,134,250.0,0,0,1,100
18:23:05,6,3,4,7.8,0.1,0.13,0.06,17.9,189,94,134,250.0,0,0,1,100
18:23:05,6,4,7,10.0,0.02,0.12,0.05,18.1,179,130,232,321.0,0,0,1,100
18:23:05,6,4,7,10.0,0.02,0.12,0.05,18.1,179,130,232,321.0,0,0,1,100
18:23:05,6,4,7,10.0,0.02,0.12,0.05,17.9,179,130,232,321.0,0,0,1,100
18:23:05,6,4,7,10.0,0.02,0.12,0.05,18.2,179,130,232,321.0,0,0,1,100
18:23:05,6,4,7,10.0,0.02,0.12,0.05,17.9,179,130,232,321.0,0,0,1,100
18:23:05,6,4,7,10.0,0.02,0.12,0.05,18.0,179,130,232,321.0,0,0,1,100
18:23:06,6,4,7,10.0,0.02,0.12,0.05,17.9,179,130,232,321.0,0,0,1,100
18:23:06,6,4,7,10.0,0.02,0.12,0.05,18.2,179,130,232,321.0,0,0,1,100
18:23:06,6,4,7,10.0,0.02,0.12,0.05,18.2,179,130,232,321.0,1,0,0,100
18:23:06,6,4,7,10.0,0.02,0.12,0.05,17.9,179,130,232,321.0,1,0,0,100
18:23:06,5,5,8,10.7,0.05,0.12,0.09,18.2,167,153,248,336.0,1,0,0,100
18:23:06,5,5,8,10.7,0.05,0.12,0.09,18.0,167,153,248,336.0,1,0,0,100
18:23:06,5,5,8,10.7,0.05,0.12,0.09,18.2,167,153,248,336.0,1,0,0,100
18:23:06,5,5,8,10.7,0.05,0.12,0.09,17.9,167,153,248,336.0,1,0,0,100
18:23:06,5,5,8,10.7,0.05,0.12,0.09,18.1,167,153,248,336.0,1,0,0,100
18:23:06,5,5,8,10.7,0.05,0.12,0.09,18.2,167,153,248,336.0,1,0,0,100
18:23:07,5,5,8,10.7,0.05,0.12,0.09,18.2,167,153,248,336.0,1,0,0,100
18:23:07,5,5,8,10.7,0.05,0.12,0.09,18.0,167,153,248,336.0,1,0,0,100
18:23:07,5,5,8,10.7,0.05,0.12,0.09,17.7,167,153,248,336.0,0,0,0,100
18:23:07,5,5,8,10.7,0.05,0.12,0.09,17.9,167,153,248,336.0,0,0,0,100
18:23:07,9,6,6,12.4,0.09,0.14,0.07,17.9,252,160,179,348.0,0,0,0,100
18:23:07,9,6,6,12.4,0.09,0.14,0.07,18.1,252,160,179,348.0,0,0,0,100
18:23:07,9,6,6,12.4,0.09,0.14,0.07,18.0,252,160,179,348.0,0,0,0,100
18:23:07,9,6,6,12.4,0.09,0.14,0.07,18.1,252,160,179,348.0,0,0,0,100
18:23:07,9,6,6,12.4,0.09,0.14,0.07,18.2,252,160,179,348.0,0,0,0,100
18:23:07,9,6,6,12.4,0.09,0.14,0.07,18.1,252,160,179,348.0,0,0,0,100
18:23:08,9,6,6,12.4,0.09,0.14,0.07,18.2,252,160,179,348.0,0,0,0,100
18:23:08,9,6,6,12.4,0.09,0.14,0.07,18.1,252,160,179,348.0,0,0,0,100
18:23:08,9,6,6,12.4,0.09,0.14,0.07,18.1,252,160,179,348.0,0,0,1,100
18:23:08,9,6,6,12.4,0.09,0.14,0.07,18.0,252,160,179,348.0,0,0,1,100
18:23:08,9,5,7,12.4,0.1,0.19,0.04,17.9,239,138,185,332.0,0,0,1,100
18:23:08,9,5,7,12.4,0.1,0.19,0.04,18.2,239,138,185,332.0,0,0,1,100
18:23:08,9,5,7,12.4,0.1,0.19,0.04,18.1,239,138,185,332.0,0,0,1,100
18:23:08,9,5,7,12.4,0.1,0.19,0.04,17.9,239,138,185,332.0,0,0,1,100
18:23:08,9,5,7,12.4,0.1,0.19,0.04,18.0,239,138,185,332.0,0,0,1,100
18:23:08,9,5,7,12.4,0.1,0.19,0.04,17.9,239,138,185,332.0,0,0,1,100
18:23:09,9,5,7,12.4,0.1,0.19,0.04,18.1,239,138,185,332.0,0,0,1,100
18:23:09,9,5,7,12.4,0.1,0.19,0.04,18.2,239,138,185,332.0,0,0,1,100
18:23:09,9,5,7,12.4,0.1,0.19,0.04,17.9,239,138,185,332.0,0,0,0,100
18:23:09,9,5,7,12.4,0.1,0.19,0.04,17.9,239,138,185,332.0,0,0,0,100
18:23:09,5,3,6,8.4,0.04,0.13,0.08,18.1,135,82,174,235.0,0,0,0,100
18:23:09,5,3,6,8.4,0.04,0.13,0.08,17.9,135,82,174,235.0,0,0,0,100
18:23:09,5,3,6,8.4,0.04,0.13,0.08,18.1,135,82,174,235.0,0,0,0,100
18:23:09,5,3,6,8.4,0.04,0.13,0.08,17.9,135,82,174,235.0,0,0,0,100
18:23:09,5,3,6,8.4,0.04,0.13,0.08,18.0,135,82,174,235.0,0,0,0,100
18:23:09,5,3,6,8.4,0.04,0.13,0.08,18.2,135,82,174,235.0,0,0,0,100
18:23:10,5,3,6,8.4,0.04,0.13,0.08,18.1,135,82,174,235.0,0,0,0,100
18:23:10,5,3,6,8.4,0.04,0.13,0.08,18.0,135,82,174,235.0,0,0,0,100
18:23:10,5,3,6,8.4,0.04,0.13,0.08,18.1,135,82,174,235.0,0,1,1,100
18:23:10,5,3,6,8.4,0.04,0.13,0.08,18.1,135,82,174,235.0,0,1,1,100
18:23:10,6,1,4,7.3,0.04,0.22,0.08,18.1,149,34,123,196.0,0,1,1,100
18:23:10,6,1,4,7.3,0.04,0.22,0.08,18.0,149,34,123,196.0,0,1,1,100
18:23:10,6,1,4,7.3,0.04,0.22,0.08,18.2,149,34,123,196.0,0,1,1,100
18:23:10,6,1,4,7.3,0.04,0.22,0.08,18.0,149,34,123,196.0,0,1,1,100
18:23:10,6,1,4,7.3,0.04,0.22,0.08,18.0,149,34,123,196.0,0,1,1,100
18:23:10,6,1,4,7.3,0.04,0.22,0.08,18.2,149,34,123,196.0,0,1,1,100
18:23:11,6,1,4,7.3,0.04,0.22,0.08,18.1,149,34,123,196.0,0,1,1,100
18:23:11,6,1,4,7.3,0.04,0.22,0.08,18.1,149,34,123,196.0,0,1,1,100
18:23:11,6,1,4,7.3,0.04,0.22,0.08,17.9,149,34,123,196.0,3,0,0,100
18:23:11,6,1,4,7.3,0.04,0.22,0.08,18.0,149,34,123,196.0,3,0,0,100
18:23:11,6,3,6,9.0,0.04,0.23,0.04,18.1,142,77,168,233.0,3,0,0,100
18:23:11,6,3,6,9.0,0.04,0.23,0.04,18.2,142,77,168,233.0,3,0,0,100
18:23:11,6,3,6,9.0,0.04,0.23,0.04,18.0,142,77,168,233.0,3,0,0,100
18:23:11,6,3,6,9.0,0.04,0.23,0.04,18.0,142,77,168,233.0,3,0,0,100
18:23:11,6,3,6,9.0,0.04,0.23,0.04,18.1,142,77,168,233.0,3,0,0,100
18:23:11,6,3,6,9.0,0.04,0.23,0.04,18.0,142,77,168,233.0,3,0,0,100
18:23:12,6,3,6,9.0,0.04,0.23,0.04,18.2,142,77,168,233.0,3,0,0,100
18:23:12,6,3,6,9.0,0.04,0.23,0.04,18.1,142,77,168,233.0,3,0,0,100
18:23:12,6,3,6,9.0,0.04,0.23,0.04,17.9,142,77,168,233.0,0,0,0,100
18:23:12,6,3,6,9.0,0.04,0.23,0.04,18.2,142,77,168,233.0,0,0,0,100
18:23:12,8,4,5,10.2,0.08,0.18,0.03,17.9,232,118,133,292.0,0,0,0,100
18:23:12,8,4,5,10.2,0.08,0.18,0.03,18.2,232,118,133,292.0,0,0,0,100
18:23:12,8,4,5,10.2,0.08,0.18,0.03,17.9,232,118,133,292.0,0,0,0,100
18:23:12,8,4,5,10.2,0.08,0.18,0.03,18.1,232,118,133,292.0,0,0,0,100
18:23:12,8,4,5,10.2,0.08,0.18,0.03,18.3,232,118,133,292.0,0,0,0,100
18:23:12,8,4,5,10.2,0.08,0.18,0.03,18.0,232,118,133,292.0,0,0,0,100
18:23:13,8,4,5,10.2,0.08,0.18,0.03,18.2,232,118,133,292.0,0,0,0,100
18:23:13,8,4,5,10.2,0.08,0.18,0.03,18.2,232,118,133,292.0,0,0,0,100
18:23:13,8,4,5,10.2,0.08,0.18,0.03,18.1,232,118,133,292.0,0,0,0,100
18:23:13,8,4,5,10.2,0.08,0.18,0.03,18.2,232,118,133,292.0,0,0,0,100
18:23:13,8,6,7,12.2,0.03,0.09,0.03,18.0,225,134,201,330.0,0,0,0,100
18:23:13,8,6,7,12.2,0.03,0.09,0.03,18.2,225,134,201,330.0,0,0,0,100
18:23:13,8,6,7,12.2,0.03,0.09,0.03,18.0,225,134,201,330.0,0,0,0,100
18:23:13,8,6,7,12.2,0.03,0.09,0.03,17.9,225,134,201,330.0,0,0,0,100
18:23:13,8,6,7,12.2,0.03,0.09,0.03,18.1,225,134,201,330.0,0,0,0,100
18:23:13,8,6,7,12.2,0.03,0.09,0.03,18.1,225,134,201,330.0,0,0,0,100
18:23:14,8,6,7,12.2,0.03,0.09,0.03,17.9,225,134,201,330.0,0,0,0,100
18:23:14,8,6,7,12.2,0.03,0.09,0.03,17.9,225,134,201,330.0,0,0,0,100
18:23:14,8,6,7,12.2,0.03,0.09,0.03,17.9,225,134,201,330.0,2,0,0,100
18:23:14,8,6,7,12.2,0.03,0.09,0.03,18.1,225,134,201,330.0,2,0,0,100
18:23:14,5,5,9,11.4,0.04,0.13,0.06,18.0,152,128,227,302.0,2,0,0,100
18:23:14,5,5,9,11.4,0.04,0.13,0.06,18.1,152,128,227,302.0,2,0,0,100
18:23:14,5,5,9,11.4,0.04,0.13,0.06,17.9,152,128,227,302.0,2,0,0,100
18:23:14,5,5,9,11.4,0.04,0.13,0.06,18.1,152,128,227,302.0,2,0,0,100
18:23:14,5,5,9,11.4,0.04,0.13,0.06,17.9,152,128,227,302.0,2,0,0,100
18:23:15,5,5,9,11.4,0.04,0.13,0.06,18.2,152,128,227,302.0,2,0,0,100
18:23:15,5,5,9,11.4,0.04,0.13,0.06,18.0,152,128,227,302.0,2,0,0,100
18:23:15,5,5,9,11.4,0.04,0.13,0.06,18.1,152,128,227,302.0,2,0,0,100
18:23:15,5,5,9,11.4,0.04,0.13,0.06,17.9,152,128,227,302.0,0,0,1,100
18:23:15,5,5,9,11.4,0.04,0.13,0.06,18.1,152,128,227,302.0,0,0,1,100
18:23:15,7,4,5,9.5,0.1,0.15,0.06,18.0,219,120,148,290.0,0,0,1,100
18:23:15,7,4,5,9.5,0.1,0.15,0.06,18.2,219,120,148,290.0,0,0,1,100
18:23:15,7,4,5,9.5,0.1,0.15,0.06,18.1,219,120,148,290.0,0,0,1,100
18:23:15,7,4,5,9.5,0.1,0.15,0.06,17.9,219,120,148,290.0,0,0,1,100
18:23:15,7,4,5,9.5,0.1,0.15,0.06,18.1,219,120,148,290.0,0,0,1,100
18:23:15,7,4,5,9.5,0.1,0.15,0.06,17.9,219,120,148,290.0,0,0,1,100
18:23:16,7,4,5,9.5,0.1,0.15,0.06,18.2,219,120,148,290.0,0,0,1,100
18:23:16,7,4,5,9.5,0.1,0.15,0.06,18.2,219,120,148,290.0,0,0,1,100
18:23:16,7,4,5,9.5,0.1,0.15,0.06,18.1,219,120,148,290.0,0,0,0,100
18:23:16,7,4,5,9.5,0.1,0.15,0.06,18.2,219,120,148,290.0,0,0,0,100
18:23:16,8,7,7,12.7,0.12,0.24,0.07,18.2,175,116,181,277.0,0,0,0,100
18:23:16,8,7,7,12.7,0.12,0.24,0.07,18.1,175,116,181,277.0,0,0,0,100
18:23:16,8,7,7,12.7,0.12,0.24,0.07,18.1,175,116,181,277.0,0,0,0,100
18:23:16,8,7,7,12.7,0.12,0.24,0.07,18.2,175,116,181,277.0,0,0,0,100
18:23:16,8,7,7,12.7,0.12,0.24,0.07,18.0,175,116,181,277.0,0,0,0,100
18:23:17,8,7,7,12.7,0.12,0.24,0.07,18.0,175,116,181,277.0,0,0,0,100
18:23:17,8,7,7,12.7,0.12,0.24,0.07,18.0,175,116,181,277.0,0,0,0,100
18:23:17,8,7,7,12.7,0.12,0.24,0.07,17.9,175,116,181,277.0,0,0,0,100
18:23:17,8,7,7,12.7,0.12,0.24,0.07,17.9,175,116,181,277.0,2,0,0,100
18:23:17,8,7,7,12.7,0.12,0.24,0.07,17.9,175,116,181,277.0,2,0,0,100
18:23:17,5,2,7,8.8,0.08,0.17,0.07,18.0,150,56,194,252.0,2,0,0,100
18:23:17,5,2,7,8.8,0.08,0.17,0.07,17.9,150,56,194,252.0,2,0,0,100
18:23:17,5,2,7,8.8,0.08,0.17,0.07,17.9,150,56,194,252.0,2,0,0,100
18:23:17,5,2,7,8.8,0.08,0.17,0.07,17.9,150,56,194,252.0,2,0,0,100
18:23:17,5,2,7,8.8,0.08,0.17,0.07,17.9,150,56,194,252.0,2,0,0,100
18:23:18,5,2,7,8.8,0.08,0.17,0.07,17.9,150,56,194,252.0,2,0,0,100
18:23:18,5,2,7,8.8,0.08,0.17,0.07,18.2,150,56,194,252.0,2,0,0,100
18:23:18,5,2,7,8.8,0.08,0.17,0.07,18.2,150,56,194,252.0,2,0,0,100
18:23:18,5,2,7,8.8,0.08,0.17,0.07,18.0,150,56,194,252.0,0,0,1,100
18:23:18,5,2,7,8.8,0.08,0.17,0.07,17.8,150,56,194,252.0,0,0,1,100
18:23:18,5,1,4,6.5,0.05,0.16,0.08,18.0,140,55,133,201.0,0,0,1,100
18:23:18,5,1,4,6.5,0.05,0.16,0.08,17.9,140,55,133,201.0,0,0,1,100
18:23:18,5,1,4,6.5,0.05,0.16,0.08,18.0,140,55,133,201.0,0,0,1,100
18:23:18,5,1,4,6.5,0.05,0.16,0.08,17.9,140,55,133,201.0,0,0,1,100
18:23:18,5,1,4,6.5,0.05,0.16,0.08,17.9,140,55,133,201.0,0,0,1,100
18:23:19,5,1,4,6.5,0.05,0.16,0.08,18.2,140,55,133,201.0,0,0,1,100
18:23:19,5,1,4,6.5,0.05,0.16,0.08,18.2,140,55,133,201.0,0,0,1,100
18:23:19,5,1,4,6.5,0.05,0.16,0.08,18.2,140,55,133,201.0,0,0,1,100
18:23:19,5,1,4,6.5,0.05,0.16,0.08,18.1,140,55,133,201.0,0,0,0,100
18:23:19,5,1,4,6.5,0.05,0.16,0.08,17.9,140,55,133,201.0,0,0,0,100
18:23:19,6,3,6,9.0,0.09,0.15,0.09,17.8,168,109,184,272.0,0,0,0,100
18:23:19,6,3,6,9.0,0.09,0.15,0.09,18.1,168,109,184,272.0,0,0,0,100
18:23:19,6,3,6,9.0,0.09,0.15,0.09,18.2,168,109,184,272.0,0,0,0,100
18:23:19,6,3,6,9.0,0.09,0.15,0.09,18.0,168,109,184,272.0,0,0,0,100
18:23:19,6,3,6,9.0,0.09,0.15,0.09,17.9,168,109,184,272.0,0,0,0,100
18:23:20,6,3,6,9.0,0.09,0.15,0.09,18.1,168,109,184,272.0,0,0,0,100
18:23:20,6,3,6,9.0,0.09,0.15,0.09,17.9,168,109,184,272.0,0,0,0,100
18:23:20,6,3,6,9.0,0.09,0.15,0.09,18.1,168,109,184,272.0,0,0,0,100
18:23:20,6,3,6,9.0,0.09,0.15,0.09,17.9,168,109,184,272.0,0,0,1,100
18:23:20,6,3,6,9.0,0.09,0.15,0.09,17.9,168,109,184,272.0,0,0,1,100
18:23:20,10,5,5,12.2,0.08,0.24,0.07,18.1,242,140,129,308.0,0,0,1,100
18:23:20,10,5,5,12.2,0.08,0.24,0.07,17.9,242,140,129,308.0,0,0,1,100
18:23:20,10,5,5,12.2,0.08,0.24,0.07,18.1,242,140,129,308.0,0,0,1,100
18:23:20,10,5,5,12.2,0.08,0.24,0.07,18.0,242,140,129,308.0,0,0,1,100
18:23:20,10,5,5,12.2,0.08,0.24,0.07,18.2,242,140,129,308.0,0,0,1,100
18:23:21,10,5,5,12.2,0.08,0.24,0.07,18.2,242,140,129,308.0,0,0,1,100
18:23:21,10,5,5,12.2,0.08,0.24,0.07,17.9,242,140,129,308.0,0,0,1,100
18:23:21,10,5,5,12.2,0.08,0.24,0.07,18.1,242,140,129,308.0,0,0,1,100
18:23:21,10,5,5,12.2,0.08,0.24,0.07,18.0,242,140,129,308.0,0,0,0,100
18:23:21,10,5,5,12.2,0.08,0.24,0.07,18.2,242,140,129,308.0,0,0,0,100
18:23:21,9,6,11,15.4,0.12,0.2,0.08,17.9,226,144,256,371.0,0,0,0,100
18:23:21,9,6,11,15.4,0.12,0.2,0.08,17.9,226,144,256,371.0,0,0,0,100
18:23:21,9,6,11,15.4,0.12,0.2,0.08,18.2,226,144,256,371.0,0,0,0,100
18:23:21,9,6,11,15.4,0.12,0.2,0.08,17.9,226,144,256,371.0,0,0,0,100
18:23:21,9,6,11,15.4,0.12,0.2,0.08,18.2,226,144,256,371.0,0,0,0,100
18:23:22,9,6,11,15.4,0.12,0.2,0.08,17.9,226,144,256,371.0,0,0,0,100
18:23:22,9,6,11,15.4,0.12,0.2,0.08,18.1,226,144,256,371.0,0,0,0,100
18:23:22,9,6,11,15.4,0.12,0.2,0.08,18.2,226,144,256,371.0,0,0,0,100
18:23:22,9,6,11,15.4,0.12,0.2,0.08,18.2,226,144,256,371.0,3,0,0,100
18:23:22,9,6,11,15.4,0.12,0.2,0.08,18.2,226,144,256,371.0,3,0,0,100
18:23:22,6,5,8,11.2,0.03,0.13,0.07,18.0,167,140,253,334.0,3,0,0,100
18:23:22,6,5,8,11.2,0.03,0.13,0.07,18.2,167,140,253,334.0,3,0,0,100
18:23:22,6,5,8,11.2,0.03,0.13,0.07,17.9,167,140,253,334.0,3,0,0,100
18:23:22,6,5,8,11.2,0.03,0.13,0.07,18.0,167,140,253,334.0,3,0,0,100
18:23:22,6,5,8,11.2,0.03,0.13,0.07,18.0,167,140,253,334.0,3,0,0,100
18:23:23,6,5,8,11.2,0.03,0.13,0.07,18.0,167,140,253,334.0,3,0,0,100
18:23:23,6,5,8,11.2,0.03,0.13,0.07,18.0,167,140,253,334.0,3,0,0,100
18:23:23,6,5,8,11.2,0.03,0.13,0.07,17.9,167,140,253,334.0,3,0,0,100
18:23:23,6,5,8,11.2,0.03,0.13,0.07,18.1,167,140,253,334.0,0,0,0,100
18:23:23,6,5,8,11.2,0.03,0.13,0.07,18.1,167,140,253,334.0,0,0,0,100
18:23:23,7,3,4,8.6,0.07,0.11,0.06,18.1,219,115,131,280.0,0,0,0,100
18:23:23,7,3,4,8.6,0.07,0.11,0.06,17.9,219,115,131,280.0,0,0,0,100
18:23:23,7,3,4,8.6,0.07,0.11,0.06,17.9,219,115,131,280.0,0,0,0,100
18:23:23,7,3,4,8.6,0.07,0.11,0.06,17.9,219,115,131,280.0,0,0,0,100
18:23:23,7,3,4,8.6,0.07,0.11,0.06,18.1,219,115,131,280.0,0,0,0,100
18:23:24,7,3,4,8.6,0.07,0.11,0.06,17.9,219,115,131,280.0,0,0,0,100
18:23:24,7,3,4,8.6,0.07,0.11,0.06,18.1,219,115,131,280.0,0,0,0,100
18:23:24,7,3,4,8.6,0.07,0.11,0.06,18.1,219,115,131,280.0,0,0,0,100
18:23:24,7,3,4,8.6,0.07,0.11,0.06,18.1,219,115,131,280.0,0,0,0,100
18:23:24,7,3,4,8.6,0.07,0.11,0.06,17.9,219,115,131,280.0,0,0,0,100
18:23:24,4,2,6,7.5,0.08,0.12,0.03,18.0,141,68,175,235.0,0,0,0,100
18:23:24,4,2,6,7.5,0.08,0.12,0.03,18.1,141,68,175,235.0,0,0,0,100
18:23:24,4,2,6,7.5,0.08,0.12,0.03,18.1,141,68,175,235.0,0,0,0,100
18:23:24,4,2,6,7.5,0.08,0.12,0.03,18.1,141,68,175,235.0,0,0,0,100
18:23:24,4,2,6,7.5,0.08,0.12,0.03,18.2,141,68,175,235.0,0,0,0,100
18:23:25,4,2,6,7.5,0.08,0.12,0.03,17.9,141,68,175,235.0,0,0,0,100
18:23:25,4,2,6,7.5,0.08,0.12,0.03,17.9,141,68,175,235.0,0,0,0,100
18:23:25,4,2,6,7.5,0.08,0.12,0.03,18.4,141,68,175,235.0,0,0,0,100
18:23:25,4,2,6,7.5,0.08,0.12,0.03,18.2,141,68,175,235.0,2,5,0,100
18:23:25,4,2,6,7.5,0.08,0.12,0.03,17.9,141,68,175,235.0,2,5,0,100
18:23:25,5,3,6,8.4,0.1,0.23,0.12,18.1,160,33,128,208.0,2,5,0,100
18:23:25,5,3,6,8.4,0.1,0.23,0.12,18.4,160,33,128,208.0,2,5,0,100
18:23:25,5,3,6,8.4,0.1,0.23,0.12,17.9,160,33,128,208.0,2,5,0,100
18:23:25,5,3,6,8.4,0.1,0.23,0.12,18.2,160,33,128,208.0,2,5,0,100
18:23:26,5,3,6,8.4,0.1,0.23,0.12,17.8,160,33,128,208.0,2,5,0,100
18:23:26,5,3,6,8.4,0.1,0.23,0.12,17.9,160,33,128,208.0,2,5,0,100
18:23:26,5,3,6,8.4,0.1,0.23,0.12,18.2,160,33,128,208.0,2,5,0,100
18:23:26,5,3,6,8.4,0.1,0.23,0.12,17.9,160,33,128,208.0,2,5,0,100
18:23:26,5,3,6,8.4,0.1,0.23,0.12,18.2,160,33,128,208.0,0,0,1,100
18:23:26,5,3,6,8.4,0.1,0.23,0.12,18.0,160,33,128,208.0,0,0,1,100
18:23:26,7,3,8,11.0,0.03,0.2,0.1,17.8,177,92,172,263.0,0,0,1,100
18:23:26,7,3,8,11.0,0.03,0.2,0.1,18.1,177,92,172,263.0,0,0,1,100
18:23:26,7,3,8,11.0,0.03,0.2,0.1,18.0,177,92,172,263.0,0,0,1,100
18:23:26,7,3,8,11.0,0.03,0.2,0.1,17.9,177,92,172,263.0,0,0,1,100
18:23:27,7,3,8,11.0,0.03,0.2,0.1,18.2,177,92,172,263.0,0,0,1,100
18:23:27,7,3,8,11.0,0.03,0.2,0.1,18.0,177,92,172,263.0,0,0,1,100
18:23:27,7,3,8,11.0,0.03,0.2,0.1,18.2,177,92,172,263.0,0,0,1,100
18:23:27,7,3,8,11.0,0.03,0.2,0.1,18.0,177,92,172,263.0,0,0,1,100
18:23:27,7,3,8,11.0,0.03,0.2,0.1,17.9,177,92,172,263.0,2,0,0,100
18:23:27,7,3,8,11.0,0.03,0.2,0.1,18.0,177,92,172,263.0,2,0,0,100
18:23:27,7,5,8,11.7,0.04,0.2,0.04,18.2,182,131,213,309.0,2,0,0,100
18:23:27,7,5,8,11.7,0.04,0.2,0.04,18.2,182,131,213,309.0,2,0,0,100
18:23:27,7,5,8,11.7,0.04,0.2,0.04,18.2,182,131,213,309.0,2,0,0,100
18:23:27,7,5,8,11.7,0.04,0.2,0.04,18.1,182,131,213,309.0,2,0,0,100
18:23:27,7,5,8,11.7,0.04,0.2,0.04,17.9,182,131,213,309.0,2,0,0,100
18:23:28,7,5,8,11.7,0.04,0.2,0.04,18.2,182,131,213,309.0,2,0,0,100
18:23:28,7,5,8,11.7,0.04,0.2,0.04,18.2,182,131,213,309.0,2,0,0,100
18:23:28,7,5,8,11.7,0.04,0.2,0.04,18.0,182,131,213,309.0,2,0,0,100
18:23:28,7,5,8,11.7,0.04,0.2,0.04,17.9,182,131,213,309.0,0,0,0,100
18:23:28,7,5,8,11.7,0.04,0.2,0.04,18.1,182,131,213,309.0,0,0,0,100
18:23:28,10,7,8,14.6,0.06,0.18,0.03,17.9,257,155,124,325.0,0,0,0,100
18:23:28,10,7,8,14.6,0.06,0.18,0.03,18.4,257,155,124,325.0,0,0,0,100
18:23:28,10,7,8,14.6,0.06,0.18,0.03,18.1,257,155,124,325.0,0,0,0,100
18:23:28,10,7,8,14.6,0.06,0.18,0.03,18.2,257,155,124,325.0,0,0,0,100
18:23:29,10,7,8,14.6,0.06,0.18,0.03,17.9,257,155,124,325.0,0,0,0,100
18:23:29,10,7,8,14.6,0.06,0.18,0.03,17.9,257,155,124,325.0,0,0,0,100
18:23:29,10,7,8,14.6,0.06,0.18,0.03,18.1,257,155,124,325.0,0,0,0,100
18:23:29,10,7,8,14.6,0.06,0.18,0.03,18.2,257,155,124,325.0,0,0,0,100
18:23:29,10,7,8,14.6,0.06,0.18,0.03,17.9,257,155,124,325.0,0,0,0,100
18:23:29,10,7,8,14.6,0.06,0.18,0.03,17.9,257,155,124,325.0,0,0,0,100
18:23:29,8,5,8,12.4,0.05,0.21,0.05,18.0,232,149,226,357.0,0,0,0,100
18:23:29,8,5,8,12.4,0.05,0.21,0.05,17.9,232,149,226,357.0,0,0,0,100
18:23:29,8,5,8,12.4,0.05,0.21,0.05,17.9,232,149,226,357.0,0,0,0,100
18:23:29,8,5,8,12.4,0.05,0.21,0.05,18.2,232,149,226,357.0,0,0,0,100
18:23:30,8,5,8,12.4,0.05,0.21,0.05,18.0,232,149,226,357.0,0,0,0,100
18:23:30,8,5,8,12.4,0.05,0.21,0.05,17.9,232,149,226,357.0,0,0,0,100
18:23:30,8,5,8,12.4,0.05,0.21,0.05,18.1,232,149,226,357.0,0,0,0,100
18:23:30,8,5,8,12.4,0.05,0.21,0.05,18.1,232,149,226,357.0,0,0,0,100
18:23:30,8,5,8,12.4,0.05,0.21,0.05,18.3,232,149,226,357.0,0,0,0,100
18:23:30,8,5,8,12.4,0.05,0.21,0.05,18.0,232,149,226,357.0,0,0,0,100
18:23:30,6,5,7,10.5,0.04,0.15,0.09,18.0,165,118,224,302.0,0,0,0,100
18:23:30,6,5,7,10.5,0.04,0.15,0.09,18.2,165,118,224,302.0,0,0,0,100
18:23:30,6,5,7,10.5,0.04,0.15,0.09,17.9,165,118,224,302.0,0,0,0,100
18:23:30,6,5,7,10.5,0.04,0.15,0.09,18.0,165,118,224,302.0,0,0,0,100
18:23:31,6,5,7,10.5,0.04,0.15,0.09,18.0,165,118,224,302.0,0,0,0,100
18:23:31,6,5,7,10.5,0.04,0.15,0.09,18.0,165,118,224,302.0,0,0,0,100
18:23:31,6,5,7,10.5,0.04,0.15,0.09,18.2,165,118,224,302.0,0,0,0,100
18:23:31,6,5,7,10.5,0.04,0.15,0.09,18.1,165,118,224,302.0,0,0,0,100
18:23:31,6,5,7,10.5,0.04,0.15,0.09,18.1,165,118,224,302.0,0,0,4,100
18:23:31,6,5,7,10.5,0.04,0.15,0.09,18.2,165,118,224,302.0,0,0,4,100
18:23:31,6,3,4,7.8,0.08,0.16,0.08,17.9,176,83,94,216.0,0,0,4,100
18:23:31,6,3,4,7.8,0.08,0.16,0.08,18.2,176,83,94,216.0,0,0,4,100
18:23:31,6,3,4,7.8,0.08,0.16,0.08,17.9,176,83,94,216.0,0,0,4,100
18:23:31,6,3,4,7.8,0.08,0.16,0.08,18.0,176,83,94,216.0,0,0,4,100
18:23:32,6,3,4,7.8,0.08,0.16,0.08,18.2,176,83,94,216.0,0,0,4,100
18:23:32,6,3,4,7.8,0.08,0.16,0.08,18.1,176,83,94,216.0,0,0,4,100
18:23:32,6,3,4,7.8,0.08,0.16,0.08,18.2,176,83,94,216.0,0,0,4,100
18:23:32,6,3,4,7.8,0.08,0.16,0.08,18.2,176,83,94,216.0,0,0,4,100
18:23:32,6,3,4,7.8,0.08,0.16,0.08,18.2,176,83,94,216.0,1,0,0,100
18:23:32,6,3,4,7.8,0.08,0.16,0.08,17.9,176,83,94,216.0,1,0,0,100
18:23:32,4,1,5,6.5,0.05,0.14,0.02,18.2,100,38,129,168.0,1,0,0,100
18:23:32,4,1,5,6.5,0.05,0.14,0.02,18.1,100,38,129,168.0,1,0,0,100
18:23:32,4,1,5,6.5,0.05,0.14,0.02,18.1,100,38,129,168.0,1,0,0,100
18:23:32,4,1,5,6.5,0.05,0.14,0.02,17.9,100,38,129,168.0,1,0,0,100
18:23:33,4,1,5,6.5,0.05,0.14,0.02,18.2,100,38,129,168.0,1,0,0,100
18:23:33,4,1,5,6.5,0.05,0.14,0.02,18.2,100,38,129,168.0,1,0,0,100
18:23:33,4,1,5,6.5,0.05,0.14,0.02,18.3,100,38,129,168.0,1,0,0,100
18:23:33,4,1,5,6.5,0.05,0.14,0.02,18.1,100,38,129,168.0,1,0,0,100
18:23:33,4,1,5,6.5,0.05,0.14,0.02,18.0,100,38,129,168.0,0,1,1,100
18:23:33,4,1,5,6.5,0.05,0.14,0.02,18.2,100,38,129,168.0,0,1,1,100
18:23:33,10,3,3,10.9,0.06,0.23,0.1,17.9,216,71,90,245.0,0,1,1,100
18:23:33,10,3,3,10.9,0.06,0.23,0.1,18.2,216,71,90,245.0,0,1,1,100
18:23:33,10,3,3,10.9,0.06,0.23,0.1,17.9,216,71,90,245.0,0,1,1,100
18:23:33,10,3,3,10.9,0.06,0.23,0.1,18.1,216,71,90,245.0,0,1,1,100
18:23:34,10,3,3,10.9,0.06,0.23,0.1,17.9,216,71,90,245.0,0,1,1,100
18:23:34,10,3,3,10.9,0.06,0.23,0.1,18.2,216,71,90,245.0,0,1,1,100
18:23:34,10,3,3,10.9,0.06,0.23,0.1,18.1,216,71,90,245.0,0,1,1,100
18:23:34,10,3,3,10.9,0.06,0.23,0.1,18.0,216,71,90,245.0,0,1,1,100
18:23:34,10,3,3,10.9,0.06,0.23,0.1,17.8,216,71,90,245.0,0,0,0,100
18:23:34,10,3,3,10.9,0.06,0.23,0.1,18.1,216,71,90,245.0,0,0,0,100
18:23:34,5,3,6,8.4,0.03,0.14,0.09,18.2,159,105,193,271.0,0,0,0,100
18:23:34,5,3,6,8.4,0.03,0.14,0.09,18.1,159,105,193,271.0,0,0,0,100
18:23:34,5,3,6,8.4,0.03,0.14,0.09,18.1,159,105,193,271.0,0,0,0,100
18:23:34,5,3,6,8.4,0.03,0.14,0.09,18.1,159,105,193,271.0,0,0,0,100
18:23:35,5,3,6,8.4,0.03,0.14,0.09,18.2,159,105,193,271.0,0,0,0,100
18:23:35,5,3,6,8.4,0.03,0.14,0.09,18.0,159,105,193,271.0,0,0,0,100
18:23:35,5,3,6,8.4,0.03,0.14,0.09,18.2,159,105,193,271.0,0,0,0,100
18:23:35,5,3,6,8.4,0.03,0.14,0.09,18.3,159,105,193,271.0,0,0,0,100
18:23:35,5,3,6,8.4,0.03,0.14,0.09,18.1,159,105,193,271.0,0,0,0,100
18:23:35,5,3,6,8.4,0.03,0.14,0.09,18.0,159,105,193,271.0,0,0,0,100
18:23:35,10,9,13,18.7,0.06,0.1,0.05,18.0,183,143,208,312.0,0,0,0,100
18:23:35,10,9,13,18.7,0.06,0.1,0.05,18.2,183,143,208,312.0,0,0,0,100
18:23:35,10,9,13,18.7,0.06,0.1,0.05,17.9,183,143,208,312.0,0,0,0,100
18:23:35,10,9,13,18.7,0.06,0.1,0.05,17.9,183,143,208,312.0,0,0,0,100
18:23:36,10,9,13,18.7,0.06,0.1,0.05,18.2,183,143,208,312.0,0,0,0,100
18:23:36,10,9,13,18.7,0.06,0.1,0.05,18.1,183,143,208,312.0,0,0,0,100
18:23:36,10,9,13,18.7,0.06,0.1,0.05,18.0,183,143,208,312.0,0,0,0,100
18:23:36,10,9,13,18.7,0.06,0.1,0.05,18.0,183,143,208,312.0,0,0,0,100
18:23:36,10,9,13,18.7,0.06,0.1,0.05,18.0,183,143,208,312.0,0,0,2,100
18:23:36,10,9,13,18.7,0.06,0.1,0.05,17.9,183,143,208,312.0,0,0,2,100
18:23:36,9,5,4,11.0,0.1,0.19,0.04,17.9,245,145,122,310.0,0,0,2,100
18:23:36,9,5,4,11.0,0.1,0.19,0.04,17.9,245,145,122,310.0,0,0,2,100
18:23:36,9,5,4,11.0,0.1,0.19,0.04,17.9,245,145,122,310.0,0,0,2,100
18:23:36,9,5,4,11.0,0.1,0.19,0.04,18.2,245,145,122,310.0,0,0,2,100
18:23:37,9,5,4,11.0,0.1,0.19,0.04,18.2,245,145,122,310.0,0,0,2,100
18:23:37,9,5,4,11.0,0.1,0.19,0.04,18.0,245,145,122,310.0,0,0,2,100
18:23:37,9,5,4,11.0,0.1,0.19,0.04,17.9,245,145,122,310.0,0,0,2,100
18:23:37,9,5,4,11.0,0.1,0.19,0.04,17.9,245,145,122,310.0,0,0,2,100
18:23:37,9,5,4,11.0,0.1,0.19,0.04,18.0,245,145,122,310.0,0,0,0,100
18:23:37,9,5,4,11.0,0.1,0.19,0.04,18.2,245,145,122,310.0,0,0,0,100
18:23:37,7,5,7,11.1,0.07,0.14,0.08,18.2,205,133,212,324.0,0,0,0,100
18:23:37,7,5,7,11.1,0.07,0.14,0.08,17.9,205,133,212,324.0,0,0,0,100
18:23:37,7,5,7,11.1,0.07,0.14,0.08,18.2,205,133,212,324.0,0,0,0,100
18:23:37,7,5,7,11.1,0.07,0.14,0.08,18.1,205,133,212,324.0,0,0,0,100
18:23:38,7,5,7,11.1,0.07,0.14,0.08,18.2,205,133,212,324.0,0,0,0,100
18:23:38,7,5,7,11.1,0.07,0.14,0.08,18.1,205,133,212,324.0,0,0,0,100
18:23:38,7,5,7,11.1,0.07,0.14,0.08,18.2,205,133,212,324.0,0,0,0,100
18:23:38,7,5,7,11.1,0.07,0.14,0.08,18.0,205,133,212,324.0,0,0,0,100
18:23:38,7,5,7,11.1,0.07,0.14,0.08,17.9,205,133,212,324.0,3,0,0,100
18:23:38,7,5,7,11.1,0.07,0.14,0.08,18.1,205,133,212,324.0,3,0,0,100
18:23:38,6,4,7,10.0,0.05,0.18,0.07,18.1,165,110,207,287.0,3,0,0,100
18:23:38,6,4,7,10.0,0.05,0.18,0.07,17.9,165,110,207,287.0,3,0,0,100
18:23:38,6,4,7,10.0,0.05,0.18,0.07,17.9,165,110,207,287.0,3,0,0,100
18:23:38,6,4,7,10.0,0.05,0.18,0.07,18.0,165,110,207,287.0,3,0,0,100
18:23:39,6,4,7,10.0,0.05,0.18,0.07,18.0,165,110,207,287.0,3,0,0,100
18:23:39,6,4,7,10.0,0.05,0.18,0.07,17.9,165,110,207,287.0,3,0,0,100
18:23:39,6,4,7,10.0,0.05,0.18,0.07,18.0,165,110,207,287.0,3,0,0,100
18:23:39,6,4,7,10.0,0.05,0.18,0.07,17.9,165,110,207,287.0,3,0,0,100
18:23:39,6,4,7,10.0,0.05,0.18,0.07,18.2,165,110,207,287.0,0,0,0,100
18:23:39,6,4,7,10.0,0.05,0.18,0.07,18.1,165,110,207,287.0,0,0,0,100
18:23:39,6,1,4,7.3,0.05,0.12,0.06,18.0,170,48,132,221.0,0,0,0,100
18:23:39,6,1,4,7.3,0.05,0.12,0.06,18.2,170,48,132,221.0,0,0,0,100
18:23:39,6,1,4,7.3,0.05,0.12,0.06,18.2,170,48,132,221.0,0,0,0,100
18:23:39,6,1,4,7.3,0.05,0.12,0.06,18.0,170,48,132,221.0,0,0,0,100
18:23:40,6,1,4,7.3,0.05,0.12,0.06,18.1,170,48,132,221.0,0,0,0,100
18:23:40,6,1,4,7.3,0.05,0.12,0.06,17.9,170,48,132,221.0,0,0,0,100
18:23:40,6,1,4,7.3,0.05,0.12,0.06,18.0,170,48,132,221.0,0,0,0,100
18:23:40,6,1,4,7.3,0.05,0.12,0.06,18.0,170,48,132,221.0,0,0,0,100
18:23:40,6,1,4,7.3,0.05,0.12,0.06,17.9,170,48,132,221.0,1,2,0,100
18:23:40,6,1,4,7.3,0.05,0.12,0.06,17.8,170,48,132,221.0,1,2,0,100
18:23:40,5,2,5,7.3,0.07,0.1,0.04,17.9,133,56,158,214.0,1,2,0,100
18:23:40,5,2,5,7.3,0.07,0.1,0.04,18.2,133,56,158,214.0,1,2,0,100
18:23:40,5,2,5,7.3,0.07,0.1,0.04,18.3,133,56,158,214.0,1,2,0,100
18:23:40,5,2,5,7.3,0.07,0.1,0.04,18.2,133,56,158,214.0,1,2,0,100
18:23:41,5,2,5,7.3,0.07,0.1,0.04,18.2,133,56,158,214.0,1,2,0,100
18:23:41,5,2,5,7.3,0.07,0.1,0.04,17.9,133,56,158,214.0,1,2,0,100
18:23:41,5,2,5,7.3,0.07,0.1,0.04,18.2,133,56,158,214.0,1,2,0,100
18:23:41,5,2,5,7.3,0.07,0.1,0.04,17.8,133,56,158,214.0,1,2,0,100
18:23:41,5,2,5,7.3,0.07,0.1,0.04,18.2,133,56,158,214.0,0,0,1,100
18:23:41,5,2,5,7.3,0.07,0.1,0.04,18.0,133,56,158,214.0,0,0,1,100
18:23:41,7,4,5,9.5,0.05,0.14,0.05,17.9,193,104,132,256.0,0,0,1,100
18:23:41,7,4,5,9.5,0.05,0.14,0.05,18.2,193,104,132,256.0,0,0,1,100
18:23:41,7,4,5,9.5,0.05,0.14,0.05,18.0,193,104,132,256.0,0,0,1,100
18:23:42,7,4,5,9.5,0.05,0.14,0.05,17.9,193,104,132,256.0,0,0,1,100
18:23:42,7,4,5,9.5,0.05,0.14,0.05,18.2,193,104,132,256.0,0,0,1,100
18:23:42,7,4,5,9.5,0.05,0.14,0.05,18.0,193,104,132,256.0,0,0,1,100
18:23:42,7,4,5,9.5,0.05,0.14,0.05,18.2,193,104,132,256.0,0,0,1,100
18:23:42,7,4,5,9.5,0.05,0.14,0.05,17.9,193,104,132,256.0,0,0,1,100
18:23:42,7,4,5,9.5,0.05,0.14,0.05,18.1,193,104,132,256.0,0,0,0,100
18:23:42,7,4,5,9.5,0.05,0.14,0.05,17.9,193,104,132,256.0,0,0,0,100
18:23:42,6,5,8,11.2,0.03,0.15,0.05,18.2,174,134,219,310.0,0,0,0,100
18:23:42,6,5,8,11.2,0.03,0.15,0.05,18.1,174,134,219,310.0,0,0,0,100
18:23:42,6,5,8,11.2,0.03,0.15,0.05,18.0,174,134,219,310.0,0,0,0,100
18:23:42,6,5,8,11.2,0.03,0.15,0.05,18.0,174,134,219,310.0,0,0,0,100
18:23:43,6,5,8,11.2,0.03,0.15,0.05,18.1,174,134,219,310.0,0,0,0,100
18:23:43,6,5,8,11.2,0.03,0.15,0.05,17.9,174,134,219,310.0,0,0,0,100
18:23:43,6,5,8,11.2,0.03,0.15,0.05,18.2,174,134,219,310.0,0,0,0,100
18:23:43,6,5,8,11.2,0.03,0.15,0.05,18.1,174,134,219,310.0,0,0,0,100
18:23:43,6,5,8,11.2,0.03,0.15,0.05,18.2,174,134,219,310.0,2,0,0,100
18:23:43,6,5,8,11.2,0.03,0.15,0.05,17.9,174,134,219,310.0,2,0,0,100
18:23:43,7,7,8,12.7,0.12,0.41,0.08,17.9,213,161,221,347.0,2,0,0,100
18:23:43,7,7,8,12.7,0.12,0.41,0.08,18.1,213,161,221,347.0,2,0,0,100
18:23:43,7,7,8,12.7,0.12,0.41,0.08,18.2,213,161,221,347.0,2,0,0,100
18:23:43,7,7,8,12.7,0.12,0.41,0.08,18.2,213,161,221,347.0,2,0,0,100
18:23:44,7,7,8,12.7,0.12,0.41,0.08,18.2,213,161,221,347.0,2,0,0,100
18:23:44,7,7,8,12.7,0.12,0.41,0.08,17.9,213,161,221,347.0,2,0,0,100
18:23:44,7,7,8,12.7,0.12,0.41,0.08,17.9,213,161,221,347.0,2,0,0,100
18:23:44,7,7,8,12.7,0.12,0.41,0.08,17.8,213,161,221,347.0,2,0,0,100
18:23:44,7,7,8,12.7,0.12,0.41,0.08,18.2,213,161,221,347.0,0,0,1,100
18:23:44,7,7,8,12.7,0.12,0.41,0.08,18.1,213,161,221,347.0,0,0,1,100
18:23:44,10,7,5,13.2,0.11,0.2,0.06,18.1,299,177,128,370.0,0,0,1,100
18:23:44,10,7,5,13.2,0.11,0.2,0.06,17.9,299,177,128,370.0,0,0,1,100
18:23:44,10,7,5,13.2,0.11,0.2,0.06,18.2,299,177,128,370.0,0,0,1,100
18:23:45,10,7,5,13.2,0.11,0.2,0.06,18.2,299,177,128,370.0,0,0,1,100
18:23:45,10,7,5,13.2,0.11,0.2,0.06,17.9,299,177,128,370.0,0,0,1,100
18:23:45,10,7,5,13.2,0.11,0.2,0.06,18.2,299,177,128,370.0,0,0,1,100
18:23:45,10,7,5,13.2,0.11,0.2,0.06,18.1,299,177,128,370.0,0,0,1,100
18:23:45,10,7,5,13.2,0.11,0.2,0.06,17.9,299,177,128,370.0,0,0,1,100
18:23:45,10,7,5,13.2,0.11,0.2,0.06,18.0,299,177,128,370.0,0,0,0,100
18:23:45,10,7,5,13.2,0.11,0.2,0.06,18.2,299,177,128,370.0,0,0,0,100
18:23:45,7,5,8,11.7,0.12,0.27,0.09,18.2,192,135,210,315.0,0,0,0,100
18:23:45,7,5,8,11.7,0.12,0.27,0.09,17.9,192,135,210,315.0,0,0,0,100
18:23:45,7,5,8,11.7,0.12,0.27,0.09,17.9,192,135,210,315.0,0,0,0,100
18:23:46,7,5,8,11.7,0.12,0.27,0.09,18.2,192,135,210,315.0,0,0,0,100
18:23:46,7,5,8,11.7,0.12,0.27,0.09,17.9,192,135,210,315.0,0,0,0,100
18:23:46,7,5,8,11.7,0.12,0.27,0.09,18.2,192,135,210,315.0,0,0,0,100
18:23:46,7,5,8,11.7,0.12,0.27,0.09,18.2,192,135,210,315.0,0,0,0,100
18:23:46,7,5,8,11.7,0.12,0.27,0.09,18.2,192,135,210,315.0,0,0,0,100
18:23:46,7,5,8,11.7,0.12,0.27,0.09,18.2,192,135,210,315.0,0,0,0,100
18:23:46,7,5,8,11.7,0.12,0.27,0.09,18.2,192,135,210,315.0,0,0,0,100
18:23:46,6,2,9,11.0,0.04,0.14,0.09,17.9,136,67,169,227.0,0,0,0,100
18:23:46,6,2,9,11.0,0.04,0.14,0.09,18.0,136,67,169,227.0,0,0,0,100
18:23:46,6,2,9,11.0,0.04,0.14,0.09,18.0,136,67,169,227.0,0,0,0,100
18:23:47,6,2,9,11.0,0.04,0.14,0.09,17.9,136,67,169,227.0,0,0,0,100
18:23:47,6,2,9,11.0,0.04,0.14,0.09,17.9,136,67,169,227.0,0,0,0,100
18:23:47,6,2,9,11.0,0.04,0.14,0.09,17.9,136,67,169,227.0,0,0,0,100
18:23:47,6,2,9,11.0,0.04,0.14,0.09,17.9,136,67,169,227.0,0,0,0,100
18:23:47,6,2,9,11.0,0.04,0.14,0.09,18.0,136,67,169,227.0,0,0,0,100
18:23:47,6,2,9,11.0,0.04,0.14,0.09,18.2,136,67,169,227.0,0,4,1,100
18:23:47,6,2,9,11.0,0.04,0.14,0.09,18.0,136,67,169,227.0,0,4,1,100
18:23:47,5,3,6,8.4,0.03,0.09,0.04,17.9,130,36,129,187.0,0,4,1,100
18:23:47,5,3,6,8.4,0.03,0.09,0.04,18.2,130,36,129,187.0,0,4,1,100
18:23:47,5,3,6,8.4,0.03,0.09,0.04,18.2,130,36,129,187.0,0,4,1,100
18:23:48,5,3,6,8.4,0.03,0.09,0.04,17.9,130,36,129,187.0,0,4,1,100
18:23:48,5,3,6,8.4,0.03,0.09,0.04,18.2,130,36,129,187.0,0,4,1,100
18:23:48,5,3,6,8.4,0.03,0.09,0.04,18.2,130,36,129,187.0,0,4,1,100
18:23:48,5,3,6,8.4,0.03,0.09,0.04,18.2,130,36,129,187.0,0,4,1,100
18:23:48,5,3,6,8.4,0.03,0.09,0.04,17.9,130,36,129,187.0,0,4,1,100
18:23:48,5,3,6,8.4,0.03,0.09,0.04,18.2,130,36,129,187.0,2,0,0,100
18:23:48,5,3,6,8.4,0.03,0.09,0.04,18.2,130,36,129,187.0,2,0,0,100
18:23:48,6,2,5,8.1,0.04,0.11,0.02,17.9,163,75,146,231.0,2,0,0,100
18:23:48,6,2,5,8.1,0.04,0.11,0.02,18.1,163,75,146,231.0,2,0,0,100
18:23:48,6,2,5,8.1,0.04,0.11,0.02,18.1,163,75,146,231.0,2,0,0,100
18:23:49,6,2,5,8.1,0.04,0.11,0.02,18.2,163,75,146,231.0,2,0,0,100
18:23:49,6,2,5,8.1,0.04,0.11,0.02,18.2,163,75,146,231.0,2,0,0,100
18:23:49,6,2,5,8.1,0.04,0.11,0.02,18.2,163,75,146,231.0,2,0,0,100
18:23:49,6,2,5,8.1,0.04,0.11,0.02,18.0,163,75,146,231.0,2,0,0,100
18:23:49,6,2,5,8.1,0.04,0.11,0.02,18.1,163,75,146,231.0,2,0,0,100
18:23:49,6,2,5,8.1,0.04,0.11,0.02,18.0,163,75,146,231.0,0,0,0,100
18:23:49,6,2,5,8.1,0.04,0.11,0.02,17.9,163,75,146,231.0,0,0,0,100
18:23:49,9,5,6,11.9,0.05,0.16,0.07,18.0,243,142,161,324.0,0,0,0,100
18:23:49,9,5,6,11.9,0.05,0.16,0.07,18.1,243,142,161,324.0,0,0,0,100
18:23:50,9,5,6,11.9,0.05,0.16,0.07,17.9,243,142,161,324.0,0,0,0,100
18:23:50,9,5,6,11.9,0.05,0.16,0.07,18.2,243,142,161,324.0,0,0,0,100
18:23:50,9,5,6,11.9,0.05,0.16,0.07,18.0,243,142,161,324.0,0,0,0,100
18:23:50,9,5,6,11.9,0.05,0.16,0.07,17.9,243,142,161,324.0,0,0,0,100
18:23:50,9,5,6,11.9,0.05,0.16,0.07,18.0,243,142,161,324.0,0,0,0,100
18:23:50,9,5,6,11.9,0.05,0.16,0.07,18.1,243,142,161,324.0,0,0,0,100
18:23:50,9,5,6,11.9,0.05,0.16,0.07,18.2,243,142,161,324.0,1,0,0,100
18:23:50,9,5,6,11.9,0.05,0.16,0.07,17.9,243,142,161,324.0,1,0,0,100
18:23:50,5,5,8,10.7,0.04,0.16,0.07,18.2,153,149,246,326.0,1,0,0,100
18:23:50,5,5,8,10.7,0.04,0.16,0.07,18.0,153,149,246,326.0,1,0,0,100
18:23:50,5,5,8,10.7,0.04,0.16,0.07,18.0,153,149,246,326.0,1,0,0,100
18:23:51,5,5,8,10.7,0.04,0.16,0.07,18.1,153,149,246,326.0,1,0,0,100
18:23:51,5,5,8,10.7,0.04,0.16,0.07,18.1,153,149,246,326.0,1,0,0,100
18:23:51,5,5,8,10.7,0.04,0.16,0.07,18.2,153,149,246,326.0,1,0,0,100
18:23:51,5,5,8,10.7,0.04,0.16,0.07,18.0,153,149,246,326.0,1,0,0,100
18:23:51,5,5,8,10.7,0.04,0.16,0.07,18.2,153,149,246,326.0,1,0,0,100
18:23:51,5,5,8,10.7,0.04,0.16,0.07,17.9,153,149,246,326.0,0,0,0,100
18:23:51,5,5,8,10.7,0.04,0.16,0.07,17.9,153,149,246,326.0,0,0,0,100
18:23:51,9,5,8,13.0,0.1,0.21,0.09,18.1,237,145,224,357.0,0,0,0,100
18:23:51,9,5,8,13.0,0.1,0.21,0.09,18.0,237,145,224,357.0,0,0,0,100
18:23:51,9,5,8,13.0,0.1,0.21,0.09,18.1,237,145,224,357.0,0,0,0,100
18:23:52,9,5,8,13.0,0.1,0.21,0.09,17.9,237,145,224,357.0,0,0,0,100
18:23:52,9,5,8,13.0,0.1,0.21,0.09,18.3,237,145,224,357.0,0,0,0,100
18:23:52,9,5,8,13.0,0.1,0.21,0.09,18.2,237,145,224,357.0,0,0,0,100
18:23:52,9,5,8,13.0,0.1,0.21,0.09,18.2,237,145,224,357.0,0,0,0,100
18:23:52,9,5,8,13.0,0.1,0.21,0.09,18.2,237,145,224,357.0,0,0,0,100
18:23:52,9,5,8,13.0,0.1,0.21,0.09,17.9,237,145,224,357.0,0,0,2,100
18:23:52,9,5,8,13.0,0.1,0.21,0.09,18.0,237,145,224,357.0,0,0,2,100
18:23:52,8,4,7,11.4,0.13,0.18,0.04,18.2,242,135,163,321.0,0,0,2,100
18:23:52,8,4,7,11.4,0.13,0.18,0.04,18.2,242,135,163,321.0,0,0,2,100
18:23:52,8,4,7,11.4,0.13,0.18,0.04,18.0,242,135,163,321.0,0,0,2,100
18:23:53,8,4,7,11.4,0.13,0.18,0.04,18.3,242,135,163,321.0,0,0,2,100
18:23:53,8,4,7,11.4,0.13,0.18,0.04,18.0,242,135,163,321.0,0,0,2,100
18:23:53,8,4,7,11.4,0.13,0.18,0.04,17.9,242,135,163,321.0,0,0,2,100
18:23:53,8,4,7,11.4,0.13,0.18,0.04,18.0,242,135,163,321.0,0,0,2,100
18:23:53,8,4,7,11.4,0.13,0.18,0.04,18.2,242,135,163,321.0,0,0,2,100
18:23:53,8,4,7,11.4,0.13,0.18,0.04,18.0,242,135,163,321.0,1,0,0,100
18:23:53,8,4,7,11.4,0.13,0.18,0.04,18.0,242,135,163,321.0,1,0,0,100
18:23:53,6,4,8,10.8,0.09,0.29,0.07,18.1,135,96,219,275.0,1,0,0,100
18:23:53,6,4,8,10.8,0.09,0.29,0.07,18.2,135,96,219,275.0,1,0,0,100
18:23:53,6,4,8,10.8,0.09,0.29,0.07,17.9,135,96,219,275.0,1,0,0,100
18:23:54,6,4,8,10.8,0.09,0.29,0.07,18.0,135,96,219,275.0,1,0,0,100
18:23:54,6,4,8,10.8,0.09,0.29,0.07,18.2,135,96,219,275.0,1,0,0,100
18:23:54,6,4,8,10.8,0.09,0.29,0.07,17.9,135,96,219,275.0,1,0,0,100
18:23:54,6,4,8,10.8,0.09,0.29,0.07,17.9,135,96,219,275.0,1,0,0,100
18:23:54,6,4,8,10.8,0.09,0.29,0.07,18.1,135,96,219,275.0,1,0,0,100
18:23:54,6,4,8,10.8,0.09,0.29,0.07,18.2,135,96,219,275.0,0,3,0,100
18:23:54,6,4,8,10.8,0.09,0.29,0.07,18.2,135,96,219,275.0,0,3,0,100
18:23:54,5,1,3,5.9,0.03,0.14,0.08,17.9,159,33,107,194.0,0,3,0,100
18:23:54,5,1,3,5.9,0.03,0.14,0.08,18.1,159,33,107,194.0,0,3,0,100
18:23:54,5,1,3,5.9,0.03,0.14,0.08,18.2,159,33,107,194.0,0,3,0,100
18:23:55,5,1,3,5.9,0.03,0.14,0.08,18.2,159,33,107,194.0,0,3,0,100
18:23:55,5,1,3,5.9,0.03,0.14,0.08,18.0,159,33,107,194.0,0,3,0,100
18:23:55,5,1,3,5.9,0.03,0.14,0.08,18.3,159,33,107,194.0,0,3,0,100
18:23:55,5,1,3,5.9,0.03,0.14,0.08,18.1,159,33,107,194.0,0,3,0,100
18:23:55,5,1,3,5.9,0.03,0.14,0.08,18.2,159,33,107,194.0,0,3,0,100
18:23:55,5,1,3,5.9,0.03,0.14,0.08,18.0,159,33,107,194.0,0,1,0,100
18:23:55,5,1,3,5.9,0.03,0.14,0.08,18.2,159,33,107,194.0,0,1,0,100
18:23:55,4,2,6,7.5,0.06,0.16,0.08,18.2,111,67,179,221.0,0,1,0,100
18:23:55,4,2,6,7.5,0.06,0.16,0.08,17.9,111,67,179,221.0,0,1,0,100
18:23:56,4,2,6,7.5,0.06,0.16,0.08,18.3,111,67,179,221.0,0,1,0,100
18:23:56,4,2,6,7.5,0.06,0.16,0.08,18.0,111,67,179,221.0,0,1,0,100
18:23:56,4,2,6,7.5,0.06,0.16,0.08,18.0,111,67,179,221.0,0,1,0,100
18:23:56,4,2,6,7.5,0.06,0.16,0.08,17.9,111,67,179,221.0,0,1,0,100
18:23:56,4,2,6,7.5,0.06,0.16,0.08,18.2,111,67,179,221.0,0,1,0,100
18:23:56,4,2,6,7.5,0.06,0.16,0.08,18.1,111,67,179,221.0,0,1,0,100
18:23:56,4,2,6,7.5,0.06,0.16,0.08,17.9,111,67,179,221.0,0,0,0,100
18:23:56,4,2,6,7.5,0.06,0.16,0.08,18.0,111,67,179,221.0,0,0,0,100
18:23:56,8,4,5,10.2,0.08,0.2,0.04,18.0,220,113,162,296.0,0,0,0,100
18:23:56,8,4,5,10.2,0.08,0.2,0.04,17.9,220,113,162,296.0,0,0,0,100
18:23:57,8,4,5,10.2,0.08,0.2,0.04,18.2,220,113,162,296.0,0,0,0,100
18:23:57,8,4,5,10.2,0.08,0.2,0.04,18.0,220,113,162,296.0,0,0,0,100
18:23:57,8,4,5,10.2,0.08,0.2,0.04,17.9,220,113,162,296.0,0,0,0,100
18:23:57,8,4,5,10.2,0.08,0.2,0.04,18.1,220,113,162,296.0,0,0,0,100
18:23:57,8,4,5,10.2,0.08,0.2,0.04,18.0,220,113,162,296.0,0,0,0,100
18:23:57,8,4,5,10.2,0.08,0.2,0.04,18.0,220,113,162,296.0,0,0,0,100
18:23:57,8,4,5,10.2,0.08,0.2,0.04,18.0,220,113,162,296.0,0,0,2,100
18:23:57,8,4,5,10.2,0.08,0.2,0.04,18.2,220,113,162,296.0,0,0,2,100
18:23:57,9,5,8,13.0,0.07,0.19,0.09,17.9,242,150,227,364.0,0,0,2,100
18:23:57,9,5,8,13.0,0.07,0.19,0.09,17.9,242,150,227,364.0,0,0,2,100
18:23:58,9,5,8,13.0,0.07,0.19,0.09,17.9,242,150,227,364.0,0,0,2,100
18:23:58,9,5,8,13.0,0.07,0.19,0.09,18.2,242,150,227,364.0,0,0,2,100
18:23:58,9,5,8,13.0,0.07,0.19,0.09,18.1,242,150,227,364.0,0,0,2,100
18:23:58,9,5,8,13.0,0.07,0.19,0.09,18.2,242,150,227,364.0,0,0,2,100
18:23:58,9,5,8,13.0,0.07,0.19,0.09,18.2,242,150,227,364.0,0,0,2,100
18:23:58,9,5,8,13.0,0.07,0.19,0.09,17.9,242,150,227,364.0,0,0,2,100
18:23:58,9,5,8,13.0,0.07,0.19,0.09,18.0,242,150,227,364.0,3,0,0,100
18:23:58,9,5,8,13.0,0.07,0.19,0.09,18.2,242,150,227,364.0,3,0,0,100
18:23:58,4,5,9,11.0,0.05,0.25,0.1,18.2,123,160,258,328.0,3,0,0,100
18:23:58,4,5,9,11.0,0.05,0.25,0.1,18.2,123,160,258,328.0,3,0,0,100
18:23:59,4,5,9,11.0,0.05,0.25,0.1,17.9,123,160,258,328.0,3,0,0,100
18:23:59,4,5,9,11.0,0.05,0.25,0.1,18.0,123,160,258,328.0,3,0,0,100
18:23:59,4,5,9,11.0,0.05,0.25,0.1,18.0,123,160,258,328.0,3,0,0,100
18:23:59,4,5,9,11.0,0.05,0.25,0.1,18.1,123,160,258,328.0,3,0,0,100
18:23:59,4,5,9,11.0,0.05,0.25,0.1,18.1,123,160,258,328.0,3,0,0,100
18:23:59,4,5,9,11.0,0.05,0.25,0.1,18.2,123,160,258,328.0,3,0,0,100
18:23:59,4,5,9,11.0,0.05,0.25,0.1,18.2,123,160,258,328.0,0,0,0,100
18:23:59,4,5,9,11.0,0.05,0.25,0.1,18.2,123,160,258,328.0,0,0,0,100
18:23:59,10,5,6,12.7,0.07,0.24,0.09,18.0,249,154,198,353.0,0,0,0,100
18:23:59,10,5,6,12.7,0.07,0.24,0.09,18.2,249,154,198,353.0,0,0,0,100
18:24:00,10,5,6,12.7,0.07,0.24,0.09,18.0,249,154,198,353.0,0,0,0,100
18:24:00,10,5,6,12.7,0.07,0.24,0.09,17.9,249,154,198,353.0,0,0,0,100
18:24:00,10,5,6,12.7,0.07,0.24,0.09,18.2,249,154,198,353.0,0,0,0,100
18:24:00,10,5,6,12.7,0.07,0.24,0.09,18.0,249,154,198,353.0,0,0,0,100
18:24:00,10,5,6,12.7,0.07,0.24,0.09,18.2,249,154,198,353.0,0,0,0,100
18:24:00,10,5,6,12.7,0.07,0.24,0.09,18.0,249,154,198,353.0,0,0,0,100
18:24:00,10,5,6,12.7,0.07,0.24,0.09,18.0,249,154,198,353.0,0,0,3,100
18:24:00,10,5,6,12.7,0.07,0.24,0.09,18.1,249,154,198,353.0,0,0,3,100
18:24:00,10,5,6,12.7,0.07,0.24,0.09,18.1,249,154,198,353.0,0,0,3,100
18:24:00,10,7,6,13.6,0.16,0.29,0.06,17.9,242,131,169,323.0,0,0,3,100
18:24:01,10,7,6,13.6,0.16,0.29,0.06,18.0,242,131,169,323.0,0,0,3,100
18:24:01,10,7,6,13.6,0.16,0.29,0.06,17.9,242,131,169,323.0,0,0,3,100
18:24:01,10,7,6,13.6,0.16,0.29,0.06,18.0,242,131,169,323.0,0,0,3,100
18:24:01,10,7,6,13.6,0.16,0.29,0.06,18.3,242,131,169,323.0,0,0,3,100
18:24:01,10,7,6,13.6,0.16,0.29,0.06,18.2,242,131,169,323.0,0,0,3,100
18:24:01,10,7,6,13.6,0.16,0.29,0.06,18.0,242,131,169,323.0,0,0,3,100
18:24:01,10,7,6,13.6,0.16,0.29,0.06,17.9,242,131,169,323.0,0,0,0,100
18:24:01,10,7,6,13.6,0.16,0.29,0.06,18.2,242,131,169,323.0,0,0,0,100
18:24:01,10,7,6,13.6,0.16,0.29,0.06,18.1,242,131,169,323.0,0,0,0,100
18:24:01,4,2,5,6.7,0.1,0.13,0.07,18.0,113,60,167,210.0,0,0,0,100
18:24:02,4,2,5,6.7,0.1,0.13,0.07,18.2,113,60,167,210.0,0,0,0,100
18:24:02,4,2,5,6.7,0.1,0.13,0.07,18.2,113,60,167,210.0,0,0,0,100
18:24:02,4,2,5,6.7,0.1,0.13,0.07,18.2,113,60,167,210.0,0,0,0,100
18:24:02,4,2,5,6.7,0.1,0.13,0.07,17.9,113,60,167,210.0,0,0,0,100
18:24:02,4,2,5,6.7,0.1,0.13,0.07,17.9,113,60,167,210.0,0,0,0,100
18:24:02,4,2,5,6.7,0.1,0.13,0.07,17.9,113,60,167,210.0,0,0,0,100
18:24:02,4,2,5,6.7,0.1,0.13,0.07,18.0,113,60,167,210.0,0,1,1,100
18:24:02,4,2,5,6.7,0.1,0.13,0.07,18.2,113,60,167,210.0,0,1,1,100
18:24:02,4,2,5,6.7,0.1,0.13,0.07,18.1,113,60,167,210.0,0,1,1,100
18:24:02,4,2,4,6.0,0.03,0.13,0.06,18.0,136,57,130,197.0,0,1,1,100
18:24:03,4,2,4,6.0,0.03,0.13,0.06,18.0,136,57,130,197.0,0,1,1,100
18:24:03,4,2,4,6.0,0.03,0.13,0.06,18.3,136,57,130,197.0,0,1,1,100
18:24:03,4,2,4,6.0,0.03,0.13,0.06,18.2,136,57,130,197.0,0,1,1,100
18:24:03,4,2,4,6.0,0.03,0.13,0.06,17.9,136,57,130,197.0,0,1,1,100
18:24:03,4,2,4,6.0,0.03,0.13,0.06,18.0,136,57,130,197.0,0,1,1,100
18:24:03,4,2,4,6.0,0.03,0.13,0.06,18.2,136,57,130,197.0,0,1,1,100
18:24:03,4,2,4,6.0,0.03,0.13,0.06,17.9,136,57,130,197.0,2,0,0,100
18:24:03,4,2,4,6.0,0.03,0.13,0.06,18.2,136,57,130,197.0,2,0,0,100
18:24:03,4,2,4,6.0,0.03,0.13,0.06,18.1,136,57,130,197.0,2,0,0,100
18:24:03,4,3,6,7.8,0.04,0.13,0.07,17.9,106,88,183,229.0,2,0,0,100
18:24:04,4,3,6,7.8,0.04,0.13,0.07,18.1,106,88,183,229.0,2,0,0,100
18:24:04,4,3,6,7.8,0.04,0.13,0.07,18.2,106,88,183,229.0,2,0,0,100
18:24:04,4,3,6,7.8,0.04,0.13,0.07,18.2,106,88,183,229.0,2,0,0,100
18:24:04,4,3,6,7.8,0.04,0.13,0.07,17.9,106,88,183,229.0,2,0,0,100
18:24:04,4,3,6,7.8,0.04,0.13,0.07,18.3,106,88,183,229.0,2,0,0,100
18:24:04,4,3,6,7.8,0.04,0.13,0.07,18.0,106,88,183,229.0,2,0,0,100
18:24:04,4,3,6,7.8,0.04,0.13,0.07,18.2,106,88,183,229.0,0,0,0,100
18:24:04,4,3,6,7.8,0.04,0.13,0.07,18.1,106,88,183,229.0,0,0,0,100
18:24:04,4,3,6,7.8,0.04,0.13,0.07,18.0,106,88,183,229.0,0,0,0,100
18:24:04,10,5,5,12.2,0.07,0.12,0.03,17.9,258,145,150,332.0,0,0,0,100
18:24:05,10,5,5,12.2,0.07,0.12,0.03,18.1,258,145,150,332.0,0,0,0,100
18:24:05,10,5,5,12.2,0.07,0.12,0.03,18.2,258,145,150,332.0,0,0,0,100
18:24:05,10,5,5,12.2,0.07,0.12,0.03,17.9,258,145,150,332.0,0,0,0,100
18:24:05,10,5,5,12.2,0.07,0.12,0.03,18.1,258,145,150,332.0,0,0,0,100
18:24:05,10,5,5,12.2,0.07,0.12,0.03,18.2,258,145,150,332.0,0,0,0,100
18:24:05,10,5,5,12.2,0.07,0.12,0.03,17.9,258,145,150,332.0,0,0,0,100
18:24:05,10,5,5,12.2,0.07,0.12,0.03,17.9,258,145,150,332.0,0,0,0,100
18:24:05,10,5,5,12.2,0.07,0.12,0.03,18.2,258,145,150,332.0,0,0,0,100
18:24:05,10,5,5,12.2,0.07,0.12,0.03,18.0,258,145,150,332.0,0,0,0,100
18:24:05,13,5,8,16.1,0.06,0.13,0.07,17.9,244,148,224,363.0,0,0,0,100
18:24:06,13,5,8,16.1,0.06,0.13,0.07,18.2,244,148,224,363.0,0,0,0,100
18:24:06,13,5,8,16.1,0.06,0.13,0.07,18.2,244,148,224,363.0,0,0,0,100
18:24:06,13,5,8,16.1,0.06,0.13,0.07,18.0,244,148,224,363.0,0,0,0,100
18:24:06,13,5,8,16.1,0.06,0.13,0.07,17.9,244,148,224,363.0,0,0,0,100
18:24:06,13,5,8,16.1,0.06,0.13,0.07,18.0,244,148,224,363.0,0,0,0,100
18:24:06,13,5,8,16.1,0.06,0.13,0.07,17.9,244,148,224,363.0,0,0,0,100
18:24:06,13,5,8,16.1,0.06,0.13,0.07,18.3,244,148,224,363.0,1,0,0,100
18:24:06,13,5,8,16.1,0.06,0.13,0.07,18.2,244,148,224,363.0,1,0,0,100
18:24:06,13,5,8,16.1,0.06,0.13,0.07,17.9,244,148,224,363.0,1,0,0,100
18:24:06,5,5,8,10.7,0.03,0.13,0.08,18.0,132,144,223,296.0,1,0,0,100
18:24:07,5,5,8,10.7,0.03,0.13,0.08,17.9,132,144,223,296.0,1,0,0,100
18:24:07,5,5,8,10.7,0.03,0.13,0.08,18.2,132,144,223,296.0,1,0,0,100
18:24:07,5,5,8,10.7,0.03,0.13,0.08,18.2,132,144,223,296.0,1,0,0,100
18:24:07,5,5,8,10.7,0.03,0.13,0.08,18.1,132,144,223,296.0,1,0,0,100
18:24:07,5,5,8,10.7,0.03,0.13,0.08,18.0,132,144,223,296.0,1,0,0,100
18:24:07,5,5,8,10.7,0.03,0.13,0.08,17.9,132,144,223,296.0,1,0,0,100
18:24:07,5,5,8,10.7,0.03,0.13,0.08,18.1,132,144,223,296.0,0,0,0,100
18:24:07,5,5,8,10.7,0.03,0.13,0.08,18.0,132,144,223,296.0,0,0,0,100
18:24:07,5,5,8,10.7,0.03,0.13,0.08,17.9,132,144,223,296.0,0,0,0,100
18:24:07,7,4,5,9.5,0.07,0.2,0.09,18.0,199,110,164,280.0,0,0,0,100
18:24:08,7,4,5,9.5,0.07,0.2,0.09,17.9,199,110,164,280.0,0,0,0,100
18:24:08,7,4,5,9.5,0.07,0.2,0.09,17.9,199,110,164,280.0,0,0,0,100
18:24:08,7,4,5,9.5,0.07,0.2,0.09,18.2,199,110,164,280.0,0,0,0,100
18:24:08,7,4,5,9.5,0.07,0.2,0.09,18.1,199,110,164,280.0,0,0,0,100
18:24:08,7,4,5,9.5,0.07,0.2,0.09,18.1,199,110,164,280.0,0,0,0,100
18:24:08,7,4,5,9.5,0.07,0.2,0.09,18.1,199,110,164,280.0,0,0,0,100
18:24:08,7,4,5,9.5,0.07,0.2,0.09,17.9,199,110,164,280.0,0,0,2,100
18:24:08,7,4,5,9.5,0.07,0.2,0.09,17.9,199,110,164,280.0,0,0,2,100
18:24:08,7,4,5,9.5,0.07,0.2,0.09,18.2,199,110,164,280.0,0,0,2,100
18:24:08,6,3,7,9.7,0.07,0.17,0.05,18.0,183,84,178,269.0,0,0,2,100
18:24:09,6,3,7,9.7,0.07,0.17,0.05,18.1,183,84,178,269.0,0,0,2,100
18:24:09,6,3,7,9.7,0.07,0.17,0.05,18.0,183,84,178,269.0,0,0,2,100
18:24:09,6,3,7,9.7,0.07,0.17,0.05,18.0,183,84,178,269.0,0,0,2,100
18:24:09,6,3,7,9.7,0.07,0.17,0.05,17.9,183,84,178,269.0,0,0,2,100
18:24:09,6,3,7,9.7,0.07,0.17,0.05,18.1,183,84,178,269.0,0,0,2,100
18:24:09,6,3,7,9.7,0.07,0.17,0.05,17.9,183,84,178,269.0,0,0,2,100
18:24:09,6,3,7,9.7,0.07,0.17,0.05,18.2,183,84,178,269.0,2,4,0,100
18:24:09,6,3,7,9.7,0.07,0.17,0.05,18.1,183,84,178,269.0,2,4,0,100
18:24:09,6,3,7,9.7,0.07,0.17,0.05,17.9,183,84,178,269.0,2,4,0,100
18:24:09,6,1,5,7.9,0.05,0.15,0.04,18.2,166,37,154,229.0,2,4,0,100
18:24:10,6,1,5,7.9,0.05,0.15,0.04,18.2,166,37,154,229.0,2,4,0,100
18:24:10,6,1,5,7.9,0.05,0.15,0.04,18.1,166,37,154,229.0,2,4,0,100
18:24:10,6,1,5,7.9,0.05,0.15,0.04,18.1,166,37,154,229.0,2,4,0,100
18:24:10,6,1,5,7.9,0.05,0.15,0.04,18.0,166,37,154,229.0,2,4,0,100
18:24:10,6,1,5,7.9,0.05,0.15,0.04,17.8,166,37,154,229.0,2,4,0,100
18:24:10,6,1,5,7.9,0.05,0.15,0.04,18.0,166,37,154,229.0,2,4,0,100
18:24:10,6,1,5,7.9,0.05,0.15,0.04,18.0,166,37,154,229.0,0,0,0,100
18:24:10,6,1,5,7.9,0.05,0.15,0.04,18.3,166,37,154,229.0,0,0,0,100
18:24:10,6,1,5,7.9,0.05,0.15,0.04,18.0,166,37,154,229.0,0,0,0,100
18:24:10,9,6,8,13.5,0.03,0.15,0.08,18.2,184,85,166,262.0,0,0,0,100
18:24:11,9,6,8,13.5,0.03,0.15,0.08,17.9,184,85,166,262.0,0,0,0,100
18:24:11,9,6,8,13.5,0.03,0.15,0.08,18.2,184,85,166,262.0,0,0,0,100
18:24:11,9,6,8,13.5,0.03,0.15,0.08,18.1,184,85,166,262.0,0,0,0,100
18:24:11,9,6,8,13.5,0.03,0.15,0.08,17.9,184,85,166,262.0,0,0,0,100
18:24:11,9,6,8,13.5,0.03,0.15,0.08,17.9,184,85,166,262.0,0,0,0,100
18:24:11,9,6,8,13.5,0.03,0.15,0.08,17.9,184,85,166,262.0,0,0,0,100
18:24:11,9,6,8,13.5,0.03,0.15,0.08,18.0,184,85,166,262.0,1,0,0,100
18:24:11,9,6,8,13.5,0.03,0.15,0.08,18.0,184,85,166,262.0,1,0,0,100
18:24:11,9,6,8,13.5,0.03,0.15,0.08,18.2,184,85,166,262.0,1,0,0,100
18:24:12,5,6,10,12.7,0.05,0.16,0.08,18.0,122,139,227,293.0,1,0,0,100
18:24:12,5,6,10,12.7,0.05,0.16,0.08,17.9,122,139,227,293.0,1,0,0,100
18:24:12,5,6,10,12.7,0.05,0.16,0.08,18.2,122,139,227,293.0,1,0,0,100
18:24:12,5,6,10,12.7,0.05,0.16,0.08,18.0,122,139,227,293.0,1,0,0,100
18:24:12,5,6,10,12.7,0.05,0.16,0.08,18.2,122,139,227,293.0,1,0,0,100
18:24:12,5,6,10,12.7,0.05,0.16,0.08,18.1,122,139,227,293.0,1,0,0,100
18:24:12,5,6,10,12.7,0.05,0.16,0.08,18.2,122,139,227,293.0,1,0,0,100
18:24:12,5,6,10,12.7,0.05,0.16,0.08,18.2,122,139,227,293.0,0,0,0,100
18:24:12,5,6,10,12.7,0.05,0.16,0.08,18.1,122,139,227,293.0,0,0,0,100
18:24:12,5,6,10,12.7,0.05,0.16,0.08,18.0,122,139,227,293.0,0,0,0,100
18:24:12,9,5,6,11.9,0.09,0.16,0.05,17.9,244,137,187,337.0,0,0,0,100
18:24:13,9,5,6,11.9,0.09,0.16,0.05,18.2,244,137,187,337.0,0,0,0,100
18:24:13,9,5,6,11.9,0.09,0.16,0.05,17.9,244,137,187,337.0,0,0,0,100
18:24:13,9,5,6,11.9,0.09,0.16,0.05,18.4,244,137,187,337.0,0,0,0,100
18:24:13,9,5,6,11.9,0.09,0.16,0.05,18.0,244,137,187,337.0,0,0,0,100
18:24:13,9,5,6,11.9,0.09,0.16,0.05,18.2,244,137,187,337.0,0,0,0,100
18:24:13,9,5,6,11.9,0.09,0.16,0.05,17.9,244,137,187,337.0,0,0,0,100
18:24:13,9,5,6,11.9,0.09,0.16,0.05,17.9,244,137,187,337.0,0,0,2,100
18:24:13,9,5,6,11.9,0.09,0.16,0.05,18.2,244,137,187,337.0,0,0,2,100
18:24:13,9,5,6,11.9,0.09,0.16,0.05,18.2,244,137,187,337.0,0,0,2,100
18:24:14,8,4,5,10.2,0.07,0.12,0.05,17.9,228,132,171,314.0,0,0,2,100
18:24:14,8,4,5,10.2,0.07,0.12,0.05,18.2,228,132,171,314.0,0,0,2,100
18:24:14,8,4,5,10.2,0.07,0.12,0.05,18.1,228,132,171,314.0,0,0,2,100
18:24:14,8,4,5,10.2,0.07,0.12,0.05,18.1,228,132,171,314.0,0,0,2,100
18:24:14,8,4,5,10.2,0.07,0.12,0.05,18.3,228,132,171,314.0,0,0,2,100
18:24:14,8,4,5,10.2,0.07,0.12,0.05,18.1,228,132,171,314.0,0,0,2,100
18:24:14,8,4,5,10.2,0.07,0.12,0.05,18.2,228,132,171,314.0,0,0,2,100
18:24:14,8,4,5,10.2,0.07,0.12,0.05,18.0,228,132,171,314.0,1,0,0,100
18:24:14,8,4,5,10.2,0.07,0.12,0.05,18.2,228,132,171,314.0,1,0,0,100
18:24:14,8,4,5,10.2,0.07,0.12,0.05,18.3,228,132,171,314.0,1,0,0,100
18:24:15,5,5,9,11.4,0.04,0.16,0.08,18.2,112,132,237,293.0,1,0,0,100
18:24:15,5,5,9,11.4,0.04,0.16,0.08,18.1,112,132,237,293.0,1,0,0,100
18:24:15,5,5,9,11.4,0.04,0.16,0.08,18.2,112,132,237,293.0,1,0,0,100
18:24:15,5,5,9,11.4,0.04,0.16,0.08,18.1,112,132,237,293.0,1,0,0,100
18:24:15,5,5,9,11.4,0.04,0.16,0.08,17.9,112,132,237,293.0,1,0,0,100
18:24:15,5,5,9,11.4,0.04,0.16,0.08,18.2,112,132,237,293.0,1,0,0,100
18:24:15,5,5,9,11.4,0.04,0.16,0.08,18.2,112,132,237,293.0,1,0,0,100
18:24:15,5,5,9,11.4,0.04,0.16,0.08,18.4,112,132,237,293.0,0,0,0,100
18:24:15,5,5,9,11.4,0.04,0.16,0.08,18.1,112,132,237,293.0,0,0,0,100
18:24:15,5,5,9,11.4,0.04,0.16,0.08,18.1,112,132,237,293.0,0,0,0,100
18:24:16,6,4,6,9.4,0.04,0.15,0.1,18.1,183,106,159,265.0,0,0,0,100
18:24:16,6,4,6,9.4,0.04,0.15,0.1,18.1,183,106,159,265.0,0,0,0,100
18:24:16,6,4,6,9.4,0.04,0.15,0.1,18.2,183,106,159,265.0,0,0,0,100
18:24:16,6,4,6,9.4,0.04,0.15,0.1,18.2,183,106,159,265.0,0,0,0,100
18:24:16,6,4,6,9.4,0.04,0.15,0.1,17.9,183,106,159,265.0,0,0,0,100
18:24:16,6,4,6,9.4,0.04,0.15,0.1,18.1,183,106,159,265.0,0,0,0,100
18:24:16,6,4,6,9.4,0.04,0.15,0.1,18.1,183,106,159,265.0,0,0,0,100
18:24:16,6,4,6,9.4,0.04,0.15,0.1,17.9,183,106,159,265.0,0,0,4,100
18:24:16,6,4,6,9.4,0.04,0.15,0.1,18.2,183,106,159,265.0,0,0,4,100
18:24:16,6,4,6,9.4,0.04,0.15,0.1,18.1,183,106,159,265.0,0,0,4,100
18:24:17,4,1,4,5.7,0.05,0.12,0.03,18.2,127,40,133,188.0,0,0,4,100
18:24:17,4,1,4,5.7,0.05,0.12,0.03,17.9,127,40,133,188.0,0,0,4,100
18:24:17,4,1,4,5.7,0.05,0.12,0.03,17.9,127,40,133,188.0,0,0,4,100
18:24:17,4,1,4,5.7,0.05,0.12,0.03,17.9,127,40,133,188.0,0,0,4,100
18:24:17,4,1,4,5.7,0.05,0.12,0.03,18.1,127,40,133,188.0,0,0,4,100
18:24:17,4,1,4,5.7,0.05,0.12,0.03,18.2,127,40,133,188.0,0,0,4,100
18:24:17,4,1,4,5.7,0.05,0.12,0.03,18.1,127,40,133,188.0,0,0,4,100
18:24:17,4,1,4,5.7,0.05,0.12,0.03,18.2,127,40,133,188.0,1,1,0,100
18:24:17,4,1,4,5.7,0.05,0.12,0.03,18.1,127,40,133,188.0,1,1,0,100
18:24:17,4,1,4,5.7,0.05,0.12,0.03,18.0,127,40,133,188.0,1,1,0,100
18:24:18,6,3,4,7.8,0.1,0.15,0.08,18.0,183,76,131,238.0,1,1,0,100
18:24:18,6,3,4,7.8,0.1,0.15,0.08,18.1,183,76,131,238.0,1,1,0,100
18:24:18,6,3,4,7.8,0.1,0.15,0.08,18.0,183,76,131,238.0,1,1,0,100
18:24:18,6,3,4,7.8,0.1,0.15,0.08,17.9,183,76,131,238.0,1,1,0,100
18:24:18,6,3,4,7.8,0.1,0.15,0.08,17.9,183,76,131,238.0,1,1,0,100
18:24:18,6,3,4,7.8,0.1,0.15,0.08,18.0,183,76,131,238.0,1,1,0,100
18:24:18,6,3,4,7.8,0.1,0.15,0.08,18.2,183,76,131,238.0,1,1,0,100
18:24:18,6,3,4,7.8,0.1,0.15,0.08,17.9,183,76,131,238.0,0,0,1,100
18:24:18,6,3,4,7.8,0.1,0.15,0.08,17.9,183,76,131,238.0,0,0,1,100
18:24:18,6,3,4,7.8,0.1,0.15,0.08,18.0,183,76,131,238.0,0,0,1,100
18:24:19,6,6,7,11.0,0.07,0.16,0.08,18.0,186,104,203,294.0,0,0,1,100
18:24:19,6,6,7,11.0,0.07,0.16,0.08,18.1,186,104,203,294.0,0,0,1,100
18:24:19,6,6,7,11.0,0.07,0.16,0.08,18.1,186,104,203,294.0,0,0,1,100
18:24:19,6,6,7,11.0,0.07,0.16,0.08,17.9,186,104,203,294.0,0,0,1,100
18:24:19,6,6,7,11.0,0.07,0.16,0.08,17.9,186,104,203,294.0,0,0,1,100
18:24:19,6,6,7,11.0,0.07,0.16,0.08,18.1,186,104,203,294.0,0,0,1,100
18:24:19,6,6,7,11.0,0.07,0.16,0.08,18.1,186,104,203,294.0,0,0,1,100
18:24:19,6,6,7,11.0,0.07,0.16,0.08,18.0,186,104,203,294.0,1,0,0,100
18:24:19,6,6,7,11.0,0.07,0.16,0.08,18.0,186,104,203,294.0,1,0,0,100
18:24:19,6,6,7,11.0,0.07,0.16,0.08,17.9,186,104,203,294.0,1,0,0,100
18:24:20,6,5,7,10.5,0.05,0.16,0.08,17.9,178,138,230,322.0,1,0,0,100
18:24:20,6,5,7,10.5,0.05,0.16,0.08,18.2,178,138,230,322.0,1,0,0,100
18:24:20,6,5,7,10.5,0.05,0.16,0.08,18.2,178,138,230,322.0,1,0,0,100
18:24:20,6,5,7,10.5,0.05,0.16,0.08,18.2,178,138,230,322.0,1,0,0,100
18:24:20,6,5,7,10.5,0.05,0.16,0.08,18.3,178,138,230,322.0,1,0,0,100
18:24:20,6,5,7,10.5,0.05,0.16,0.08,17.9,178,138,230,322.0,1,0,0,100
18:24:20,6,5,7,10.5,0.05,0.16,0.08,18.2,178,138,230,322.0,1,0,0,100
18:24:20,6,5,7,10.5,0.05,0.16,0.08,18.2,178,138,230,322.0,0,0,0,100
18:24:20,6,5,7,10.5,0.05,0.16,0.08,18.2,178,138,230,322.0,0,0,0,100
18:24:20,6,5,7,10.5,0.05,0.16,0.08,18.2,178,138,230,322.0,0,0,0,100
18:24:21,9,5,6,11.9,0.09,0.12,0.05,18.1,272,153,169,355.0,0,0,0,100
18:24:21,9,5,6,11.9,0.09,0.12,0.05,18.0,272,153,169,355.0,0,0,0,100
18:24:21,9,5,6,11.9,0.09,0.12,0.05,18.1,272,153,169,355.0,0,0,0,100
18:24:21,9,5,6,11.9,0.09,0.12,0.05,18.2,272,153,169,355.0,0,0,0,100
18:24:21,9,5,6,11.9,0.09,0.12,0.05,18.0,272,153,169,355.0,0,0,0,100
18:24:21,9,5,6,11.9,0.09,0.12,0.05,18.2,272,153,169,355.0,0,0,0,100
18:24:21,9,5,6,11.9,0.09,0.12,0.05,18.0,272,153,169,355.0,0,0,0,100
18:24:21,9,5,6,11.9,0.09,0.12,0.05,18.0,272,153,169,355.0,0,0,1,100
18:24:21,9,5,6,11.9,0.09,0.12,0.05,18.0,272,153,169,355.0,0,0,1,100
18:24:21,9,5,6,11.9,0.09,0.12,0.05,17.9,272,153,169,355.0,0,0,1,100
18:24:22,8,5,7,11.7,0.09,0.16,0.07,17.8,231,150,201,341.0,0,0,1,100
18:24:22,8,5,7,11.7,0.09,0.16,0.07,18.2,231,150,201,341.0,0,0,1,100
18:24:22,8,5,7,11.7,0.09,0.16,0.07,18.0,231,150,201,341.0,0,0,1,100
18:24:22,8,5,7,11.7,0.09,0.16,0.07,17.7,231,150,201,341.0,0,0,1,100
18:24:22,8,5,7,11.7,0.09,0.16,0.07,17.9,231,150,201,341.0,0,0,1,100
18:24:22,8,5,7,11.7,0.09,0.16,0.07,18.2,231,150,201,341.0,0,0,1,100
18:24:22,8,5,7,11.7,0.09,0.16,0.07,18.1,231,150,201,341.0,0,0,1,100
18:24:22,8,5,7,11.7,0.09,0.16,0.07,18.0,231,150,201,341.0,2,0,0,100
18:24:22,8,5,7,11.7,0.09,0.16,0.07,18.0,231,150,201,341.0,2,0,0,100
18:24:23,8,5,7,11.7,0.09,0.16,0.07,18.2,231,150,201,341.0,2,0,0,100
18:24:23,5,5,8,10.7,0.04,0.16,0.08,17.9,122,126,213,276.0,2,0,0,100
18:24:23,5,5,8,10.7,0.04,0.16,0.08,18.0,122,126,213,276.0,2,0,0,100
18:24:23,5,5,8,10.7,0.04,0.16,0.08,18.0,122,126,213,276.0,2,0,0,100
18:24:23,5,5,8,10.7,0.04,0.16,0.08,17.9,122,126,213,276.0,2,0,0,100
18:24:23,5,5,8,10.7,0.04,0.16,0.08,17.9,122,126,213,276.0,2,0,0,100
18:24:23,5,5,8,10.7,0.04,0.16,0.08,18.2,122,126,213,276.0,2,0,0,100
18:24:23,5,5,8,10.7,0.04,0.16,0.08,17.9,122,126,213,276.0,2,0,0,100
18:24:23,5,5,8,10.7,0.04,0.16,0.08,17.9,122,126,213,276.0,0,0,1,100
18:24:23,5,5,8,10.7,0.04,0.16,0.08,18.0,122,126,213,276.0,0,0,1,100
18:24:24,5,5,8,10.7,0.04,0.16,0.08,18.2,122,126,213,276.0,0,0,1,100
18:24:24,6,3,4,7.8,0.09,0.13,0.09,18.2,151,61,94,188.0,0,0,1,100
18:24:24,6,3,4,7.8,0.09,0.13,0.09,18.0,151,61,94,188.0,0,0,1,100
18:24:24,6,3,4,7.8,0.09,0.13,0.09,18.1,151,61,94,188.0,0,0,1,100
18:24:24,6,3,4,7.8,0.09,0.13,0.09,18.2,151,61,94,188.0,0,0,1,100
18:24:24,6,3,4,7.8,0.09,0.13,0.09,18.2,151,61,94,188.0,0,0,1,100
18:24:24,6,3,4,7.8,0.09,0.13,0.09,18.2,151,61,94,188.0,0,0,1,100
18:24:24,6,3,4,7.8,0.09,0.13,0.09,18.0,151,61,94,188.0,0,0,1,100
18:24:24,6,3,4,7.8,0.09,0.13,0.09,17.9,151,61,94,188.0,2,3,0,100
18:24:24,6,3,4,7.8,0.09,0.13,0.09,18.0,151,61,94,188.0,2,3,0,100
18:24:24,6,3,4,7.8,0.09,0.13,0.09,18.0,151,61,94,188.0,2,3,0,100
18:24:25,5,2,6,8.1,0.07,0.2,0.07,18.1,130,55,174,224.0,2,3,0,100
18:24:25,5,2,6,8.1,0.07,0.2,0.07,18.2,130,55,174,224.0,2,3,0,100
18:24:25,5,2,6,8.1,0.07,0.2,0.07,17.9,130,55,174,224.0,2,3,0,100
18:24:25,5,2,6,8.1,0.07,0.2,0.07,17.9,130,55,174,224.0,2,3,0,100
18:24:25,5,2,6,8.1,0.07,0.2,0.07,18.4,130,55,174,224.0,2,3,0,100
18:24:25,5,2,6,8.1,0.07,0.2,0.07,18.0,130,55,174,224.0,2,3,0,100
18:24:25,5,2,6,8.1,0.07,0.2,0.07,18.1,130,55,174,224.0,2,3,0,100
18:24:25,5,2,6,8.1,0.07,0.2,0.07,18.0,130,55,174,224.0,0,0,0,100
18:24:25,5,2,6,8.1,0.07,0.2,0.07,17.9,130,55,174,224.0,0,0,0,100
18:24:26,5,2,6,8.1,0.07,0.2,0.07,18.2,130,55,174,224.0,0,0,0,100
18:24:26,8,5,4,10.2,0.05,0.1,0.04,18.1,212,107,129,270.0,0,0,0,100
18:24:26,8,5,4,10.2,0.05,0.1,0.04,18.0,212,107,129,270.0,0,0,0,100
18:24:26,8,5,4,10.2,0.05,0.1,0.04,17.9,212,107,129,270.0,0,0,0,100
18:24:26,8,5,4,10.2,0.05,0.1,0.04,18.3,212,107,129,270.0,0,0,0,100
18:24:26,8,5,4,10.2,0.05,0.1,0.04,18.2,212,107,129,270.0,0,0,0,100
18:24:26,8,5,4,10.2,0.05,0.1,0.04,18.1,212,107,129,270.0,0,0,0,100
18:24:26,8,5,4,10.2,0.05,0.1,0.04,18.1,212,107,129,270.0,0,0,0,100
18:24:26,8,5,4,10.2,0.05,0.1,0.04,18.2,212,107,129,270.0,0,0,1,100
18:24:26,8,5,4,10.2,0.05,0.1,0.04,18.0,212,107,129,270.0,0,0,1,100
18:24:27,8,5,4,10.2,0.05,0.1,0.04,18.3,212,107,129,270.0,0,0,1,100
18:24:27,7,5,10,13.2,0.04,0.15,0.05,18.0,205,122,238,337.0,0,0,1,100
18:24:27,7,5,10,13.2,0.04,0.15,0.05,18.1,205,122,238,337.0,0,0,1,100
18:24:27,7,5,10,13.2,0.04,0.15,0.05,18.1,205,122,238,337.0,0,0,1,100
18:24:27,7,5,10,13.2,0.04,0.15,0.05,17.9,205,122,238,337.0,0,0,1,100
18:24:27,7,5,10,13.2,0.04,0.15,0.05,18.2,205,122,238,337.0,0,0,1,100
18:24:27,7,5,10,13.2,0.04,0.15,0.05,18.1,205,122,238,337.0,0,0,1,100
18:24:27,7,5,10,13.2,0.04,0.15,0.05,18.0,205,122,238,337.0,0,0,1,100
18:24:27,7,5,10,13.2,0.04,0.15,0.05,17.9,205,122,238,337.0,0,0,0,100
18:24:27,7,5,10,13.2,0.04,0.15,0.05,18.2,205,122,238,337.0,0,0,0,100
18:24:28,7,5,10,13.2,0.04,0.15,0.05,18.1,205,122,238,337.0,0,0,0,100
18:24:28,6,4,8,10.8,0.04,0.13,0.05,18.2,189,131,242,334.0,0,0,0,100
18:24:28,6,4,8,10.8,0.04,0.13,0.05,18.0,189,131,242,334.0,0,0,0,100
18:24:28,6,4,8,10.8,0.04,0.13,0.05,18.2,189,131,242,334.0,0,0,0,100
18:24:28,6,4,8,10.8,0.04,0.13,0.05,18.2,189,131,242,334.0,0,0,0,100
18:24:28,6,4,8,10.8,0.04,0.13,0.05,18.1,189,131,242,334.0,0,0,0,100
18:24:28,6,4,8,10.8,0.04,0.13,0.05,18.2,189,131,242,334.0,0,0,0,100
18:24:28,6,4,8,10.8,0.04,0.13,0.05,18.2,189,131,242,334.0,0,0,0,100
18:24:28,6,4,8,10.8,0.04,0.13,0.05,18.2,189,131,242,334.0,0,0,2,100
18:24:28,6,4,8,10.8,0.04,0.13,0.05,17.9,189,131,242,334.0,0,0,2,100
18:24:29,6,4,8,10.8,0.04,0.13,0.05,18.2,189,131,242,334.0,0,0,2,100
18:24:29,9,4,4,10.6,0.08,0.11,0.03,18.1,243,128,144,310.0,0,0,2,100
18:24:29,9,4,4,10.6,0.08,0.11,0.03,18.1,243,128,144,310.0,0,0,2,100
18:24:29,9,4,4,10.6,0.08,0.11,0.03,18.1,243,128,144,310.0,0,0,2,100
18:24:29,9,4,4,10.6,0.08,0.11,0.03,18.2,243,128,144,310.0,0,0,2,100
18:24:29,9,4,4,10.6,0.08,0.11,0.03,18.2,243,128,144,310.0,0,0,2,100
18:24:29,9,4,4,10.6,0.08,0.11,0.03,18.1,243,128,144,310.0,0,0,2,100
18:24:29,9,4,4,10.6,0.08,0.11,0.03,18.1,243,128,144,310.0,0,0,2,100
18:24:29,9,4,4,10.6,0.08,0.11,0.03,18.2,243,128,144,310.0,0,0,0,100
18:24:29,9,4,4,10.6,0.08,0.11,0.03,17.9,243,128,144,310.0,0,0,0,100
18:24:30,9,4,4,10.6,0.08,0.11,0.03,18.0,243,128,144,310.0,0,0,0,100
18:24:30,6,3,7,9.7,0.09,0.18,0.08,18.3,195,121,212,312.0,0,0,0,100
18:24:30,6,3,7,9.7,0.09,0.18,0.08,18.0,195,121,212,312.0,0,0,0,100
18:24:30,6,3,7,9.7,0.09,0.18,0.08,18.0,195,121,212,312.0,0,0,0,100
18:24:30,6,3,7,9.7,0.09,0.18,0.08,18.0,195,121,212,312.0,0,0,0,100
18:24:30,6,3,7,9.7,0.09,0.18,0.08,18.0,195,121,212,312.0,0,0,0,100
18:24:30,6,3,7,9.7,0.09,0.18,0.08,18.2,195,121,212,312.0,0,0,0,100
18:24:30,6,3,7,9.7,0.09,0.18,0.08,17.9,195,121,212,312.0,0,0,0,100
18:24:30,6,3,7,9.7,0.09,0.18,0.08,18.0,195,121,212,312.0,1,0,0,100
18:24:30,6,3,7,9.7,0.09,0.18,0.08,18.0,195,121,212,312.0,1,0,0,100
18:24:31,6,3,7,9.7,0.09,0.18,0.08,18.1,195,121,212,312.0,1,0,0,100
18:24:31,5,2,6,8.1,0.06,0.19,0.14,18.4,151,79,179,247.0,1,0,0,100
18:24:31,5,2,6,8.1,0.06,0.19,0.14,18.2,151,79,179,247.0,1,0,0,100
18:24:31,5,2,6,8.1,0.06,0.19,0.14,18.2,151,79,179,247.0,1,0,0,100
18:24:31,5,2,6,8.1,0.06,0.19,0.14,18.1,151,79,179,247.0,1,0,0,100
18:24:31,5,2,6,8.1,0.06,0.19,0.14,18.1,151,79,179,247.0,1,0,0,100
18:24:31,5,2,6,8.1,0.06,0.19,0.14,18.1,151,79,179,247.0,1,0,0,100
18:24:31,5,2,6,8.1,0.06,0.19,0.14,18.1,151,79,179,247.0,1,0,0,100
18:24:31,5,2,6,8.1,0.06,0.19,0.14,18.2,151,79,179,247.0,0,0,0,100
18:24:31,5,2,6,8.1,0.06,0.19,0.14,17.9,151,79,179,247.0,0,0,0,100
18:24:32,5,2,6,8.1,0.06,0.19,0.14,18.1,151,79,179,247.0,0,0,0,100
18:24:32,7,6,11,14.4,0.04,0.11,0.1,18.2,191,53,153,250.0,0,0,0,100
18:24:32,7,6,11,14.4,0.04,0.11,0.1,17.9,191,53,153,250.0,0,0,0,100
18:24:32,7,6,11,14.4,0.04,0.11,0.1,18.1,191,53,153,250.0,0,0,0,100
18:24:32,7,6,11,14.4,0.04,0.11,0.1,18.2,191,53,153,250.0,0,0,0,100
18:24:32,7,6,11,14.4,0.04,0.11,0.1,18.0,191,53,153,250.0,0,0,0,100
18:24:32,7,6,11,14.4,0.04,0.11,0.1,18.2,191,53,153,250.0,0,0,0,100
18:24:32,7,6,11,14.4,0.04,0.11,0.1,18.1,191,53,153,250.0,0,0,0,100
18:24:32,7,6,11,14.4,0.04,0.11,0.1,18.2,191,53,153,250.0,1,0,0,100
18:24:32,7,6,11,14.4,0.04,0.11,0.1,18.0,191,53,153,250.0,1,0,0,100
18:24:33,7,6,11,14.4,0.04,0.11,0.1,18.2,191,53,153,250.0,1,0,0,100
18:24:33,5,4,6,8.8,0.07,0.13,0.03,18.2,145,82,149,223.0,1,0,0,100
18:24:33,5,4,6,8.8,0.07,0.13,0.03,18.2,145,82,149,223.0,1,0,0,100
18:24:33,5,4,6,8.8,0.07,0.13,0.03,18.1,145,82,149,223.0,1,0,0,100
18:24:33,5,4,6,8.8,0.07,0.13,0.03,17.9,145,82,149,223.0,1,0,0,100
18:24:33,5,4,6,8.8,0.07,0.13,0.03,18.2,145,82,149,223.0,1,0,0,100
18:24:33,5,4,6,8.8,0.07,0.13,0.03,18.0,145,82,149,223.0,1,0,0,100
18:24:33,5,4,6,8.8,0.07,0.13,0.03,18.1,145,82,149,223.0,1,0,0,100
18:24:33,5,4,6,8.8,0.07,0.13,0.03,18.2,145,82,149,223.0,0,0,1,100
18:24:33,5,4,6,8.8,0.07,0.13,0.03,18.0,145,82,149,223.0,0,0,1,100
18:24:34,5,4,6,8.8,0.07,0.13,0.03,18.2,145,82,149,223.0,0,0,1,100
18:24:34,9,4,5,11.0,0.11,0.3,0.08,18.0,234,126,146,303.0,0,0,1,100
18:24:34,9,4,5,11.0,0.11,0.3,0.08,18.2,234,126,146,303.0,0,0,1,100
18:24:34,9,4,5,11.0,0.11,0.3,0.08,17.9,234,126,146,303.0,0,0,1,100
18:24:34,9,4,5,11.0,0.11,0.3,0.08,18.0,234,126,146,303.0,0,0,1,100
18:24:34,9,4,5,11.0,0.11,0.3,0.08,18.3,234,126,146,303.0,0,0,1,100
18:24:34,9,4,5,11.0,0.11,0.3,0.08,18.2,234,126,146,303.0,0,0,1,100
18:24:34,9,4,5,11.0,0.11,0.3,0.08,18.2,234,126,146,303.0,0,0,1,100
18:24:34,9,4,5,11.0,0.11,0.3,0.08,17.9,234,126,146,303.0,0,0,0,100
18:24:34,9,4,5,11.0,0.11,0.3,0.08,17.9,234,126,146,303.0,0,0,0,100
18:24:35,9,4,5,11.0,0.11,0.3,0.08,17.9,234,126,146,303.0,0,0,0,100
18:24:35,7,5,11,14.0,0.03,0.25,0.09,18.1,186,152,270,361.0,0,0,0,100
18:24:35,7,5,11,14.0,0.03,0.25,0.09,18.0,186,152,270,361.0,0,0,0,100
18:24:35,7,5,11,14.0,0.03,0.25,0.09,17.9,186,152,270,361.0,0,0,0,100
18:24:35,7,5,11,14.0,0.03,0.25,0.09,17.9,186,152,270,361.0,0,0,0,100
18:24:35,7,5,11,14.0,0.03,0.25,0.09,18.0,186,152,270,361.0,0,0,0,100
18:24:35,7,5,11,14.0,0.03,0.25,0.09,18.2,186,152,270,361.0,0,0,0,100
18:24:35,7,5,11,14.0,0.03,0.25,0.09,18.2,186,152,270,361.0,0,0,0,100
18:24:35,7,5,11,14.0,0.03,0.25,0.09,18.1,186,152,270,361.0,1,0,0,100
18:24:35,7,5,11,14.0,0.03,0.25,0.09,18.2,186,152,270,361.0,1,0,0,100
18:24:36,7,5,11,14.0,0.03,0.25,0.09,18.2,186,152,270,361.0,1,0,0,100
18:24:36,10,5,8,13.7,0.08,0.19,0.1,18.2,229,154,268,385.0,1,0,0,100
18:24:36,10,5,8,13.7,0.08,0.19,0.1,18.2,229,154,268,385.0,1,0,0,100
18:24:36,10,5,8,13.7,0.08,0.19,0.1,18.2,229,154,268,385.0,1,0,0,100
18:24:36,10,5,8,13.7,0.08,0.19,0.1,18.0,229,154,268,385.0,1,0,0,100
18:24:36,10,5,8,13.7,0.08,0.19,0.1,18.2,229,154,268,385.0,1,0,0,100
18:24:36,10,5,8,13.7,0.08,0.19,0.1,18.2,229,154,268,385.0,1,0,0,100
18:24:36,10,5,8,13.7,0.08,0.19,0.1,18.3,229,154,268,385.0,1,0,0,100
18:24:36,10,5,8,13.7,0.08,0.19,0.1,18.2,229,154,268,385.0,0,0,0,100
18:24:36,10,5,8,13.7,0.08,0.19,0.1,18.2,229,154,268,385.0,0,0,0,100
18:24:37,10,5,8,13.7,0.08,0.19,0.1,18.2,229,154,268,385.0,0,0,0,100
18:24:37,9,5,4,11.0,0.08,0.12,0.03,18.2,253,139,123,314.0,0,0,0,100
18:24:37,9,5,4,11.0,0.08,0.12,0.03,18.0,253,139,123,314.0,0,0,0,100
18:24:37,9,5,4,11.0,0.08,0.12,0.03,18.1,253,139,123,314.0,0,0,0,100
18:24:37,9,5,4,11.0,0.08,0.12,0.03,18.2,253,139,123,314.0,0,0,0,100
18:24:37,9,5,4,11.0,0.08,0.12,0.03,18.0,253,139,123,314.0,0,0,0,100
18:24:37,9,5,4,11.0,0.08,0.12,0.03,18.4,253,139,123,314.0,0,0,0,100
18:24:37,9,5,4,11.0,0.08,0.12,0.03,18.1,253,139,123,314.0,0,0,0,100
