Timestamp,VelX,VelY,VelZ,VelRMS,AngleX,AngleY,AngleZ,Temp,DispX,DispY,DispZ,DispRMS,FreqX,FreqY,FreqZ,Battery
14:56:41,5,3,2,6.2,0.05,0.1,0.03,19.9,163,91,46,192.0,0,0,0,100
14:56:41,5,3,2,6.2,0.05,0.1,0.03,20.0,163,91,46,192.0,0,0,0,100
14:56:42,5,3,2,6.2,0.05,0.1,0.03,19.8,163,91,46,192.0,0,0,0,100
14:56:42,5,3,2,6.2,0.05,0.1,0.03,19.9,163,91,46,192.0,0,0,0,100
14:56:42,5,3,2,6.2,0.05,0.1,0.03,20.0,163,91,46,192.0,0,0,0,100
14:56:42,5,3,2,6.2,0.05,0.1,0.03,19.9,163,91,46,192.0,0,0,0,100
14:56:42,5,3,2,6.2,0.05,0.1,0.03,19.9,163,91,46,192.0,0,0,0,100
14:56:42,7,4,5,9.5,0.05,0.16,0.08,20.0,154,110,122,225.0,0,0,0,100
14:56:42,7,4,5,9.5,0.05,0.16,0.08,19.8,154,110,122,225.0,0,0,0,100
14:56:42,7,4,5,9.5,0.05,0.16,0.08,19.8,154,110,122,225.0,0,0,0,100
14:56:42,7,4,5,9.5,0.05,0.16,0.08,19.8,154,110,122,225.0,0,0,0,100
14:56:42,7,4,5,9.5,0.05,0.16,0.08,19.8,154,110,122,225.0,0,0,0,100
14:56:43,7,4,5,9.5,0.05,0.16,0.08,19.9,154,110,122,225.0,0,0,0,100
14:56:43,7,4,5,9.5,0.05,0.16,0.08,19.8,154,110,122,225.0,0,0,0,100
14:56:43,7,4,5,9.5,0.05,0.16,0.08,20.0,154,110,122,225.0,0,0,0,100
14:56:43,7,4,5,9.5,0.05,0.16,0.08,20.0,154,110,122,225.0,0,0,0,100
14:56:43,7,4,5,9.5,0.05,0.16,0.08,19.8,154,110,122,225.0,0,0,0,100
14:56:43,4,4,5,7.5,0.02,0.12,0.07,19.8,85,103,143,196.0,0,0,0,100
14:56:43,4,4,5,7.5,0.02,0.12,0.07,20.0,85,103,143,196.0,0,0,0,100
14:56:43,4,4,5,7.5,0.02,0.12,0.07,19.9,85,103,143,196.0,0,0,0,100
14:56:43,4,4,5,7.5,0.02,0.12,0.07,19.8,85,103,143,196.0,0,0,0,100
14:56:43,4,4,5,7.5,0.02,0.12,0.07,19.9,85,103,143,196.0,3,0,0,100
14:56:44,4,4,5,7.5,0.02,0.12,0.07,20.0,85,103,143,196.0,3,0,0,100
14:56:44,4,4,5,7.5,0.02,0.12,0.07,20.0,85,103,143,196.0,3,0,0,100
14:56:44,4,4,5,7.5,0.02,0.12,0.07,19.8,85,103,143,196.0,3,0,0,100
14:56:44,4,4,5,7.5,0.02,0.12,0.07,19.9,85,103,143,196.0,3,0,0,100
14:56:44,4,4,5,7.5,0.02,0.12,0.07,20.0,85,103,143,196.0,3,0,0,100
14:56:44,5,5,6,9.3,0.03,0.18,0.1,20.0,112,104,154,217.0,3,0,0,100
14:56:44,5,5,6,9.3,0.03,0.18,0.1,20.1,112,104,154,217.0,3,0,0,100
14:56:44,5,5,6,9.3,0.03,0.18,0.1,19.9,112,104,154,217.0,3,0,0,100
14:56:44,5,5,6,9.3,0.03,0.18,0.1,20.0,112,104,154,217.0,3,0,0,100
14:56:45,5,5,6,9.3,0.03,0.18,0.1,19.8,112,104,154,217.0,0,0,0,100
14:56:45,5,5,6,9.3,0.03,0.18,0.1,19.8,112,104,154,217.0,0,0,0,100
14:56:45,5,5,6,9.3,0.03,0.18,0.1,19.9,112,104,154,217.0,0,0,0,100
14:56:45,5,5,6,9.3,0.03,0.18,0.1,20.0,112,104,154,217.0,0,0,0,100
14:56:45,5,5,6,9.3,0.03,0.18,0.1,19.9,112,104,154,217.0,0,0,0,100
14:56:45,5,5,6,9.3,0.03,0.18,0.1,20.0,112,104,154,217.0,0,0,0,100
14:56:45,4,3,4,6.4,0.03,0.1,0.04,20.0,124,82,112,186.0,0,0,0,100
14:56:45,4,3,4,6.4,0.03,0.1,0.04,19.8,124,82,112,186.0,0,0,0,100
14:56:45,4,3,4,6.4,0.03,0.1,0.04,19.8,124,82,112,186.0,0,0,0,100
14:56:45,4,3,4,6.4,0.03,0.1,0.04,20.1,124,82,112,186.0,0,0,0,100
14:56:45,4,3,4,6.4,0.03,0.1,0.04,19.9,124,82,112,186.0,0,0,1,100
14:56:46,4,3,4,6.4,0.03,0.1,0.04,19.9,124,82,112,186.0,0,0,1,100
14:56:46,4,3,4,6.4,0.03,0.1,0.04,20.0,124,82,112,186.0,0,0,1,100
14:56:46,4,3,4,6.4,0.03,0.1,0.04,19.8,124,82,112,186.0,0,0,1,100
14:56:46,4,3,4,6.4,0.03,0.1,0.04,19.9,124,82,112,186.0,0,0,1,100
14:56:46,4,3,4,6.4,0.03,0.1,0.04,20.0,124,82,112,186.0,0,0,1,100
14:56:46,4,2,2,4.9,0.05,0.08,0.03,20.0,134,74,55,163.0,0,0,1,100
14:56:46,4,2,2,4.9,0.05,0.08,0.03,20.0,134,74,55,163.0,0,0,1,100
14:56:46,4,2,2,4.9,0.05,0.08,0.03,19.8,134,74,55,163.0,0,0,1,100
14:56:46,4,2,2,4.9,0.05,0.08,0.03,20.1,134,74,55,163.0,0,0,1,100
14:56:47,4,2,2,4.9,0.05,0.08,0.03,19.8,134,74,55,163.0,0,0,0,100
14:56:47,4,2,2,4.9,0.05,0.08,0.03,19.9,134,74,55,163.0,0,0,0,100
14:56:47,4,2,2,4.9,0.05,0.08,0.03,19.9,134,74,55,163.0,0,0,0,100
14:56:47,4,2,2,4.9,0.05,0.08,0.03,19.8,134,74,55,163.0,0,0,0,100
14:56:47,4,2,2,4.9,0.05,0.08,0.03,20.0,134,74,55,163.0,0,0,0,100
14:56:47,4,2,2,4.9,0.05,0.08,0.03,19.8,134,74,55,163.0,0,0,0,100
14:56:47,3,1,3,4.4,0.03,0.05,0.02,19.9,96,46,94,142.0,0,0,0,100
14:56:47,3,1,3,4.4,0.03,0.05,0.02,19.9,96,46,94,142.0,0,0,0,100
14:56:47,3,1,3,4.4,0.03,0.05,0.02,19.8,96,46,94,142.0,0,0,0,100
14:56:47,3,1,3,4.4,0.03,0.05,0.02,19.9,96,46,94,142.0,0,0,0,100
14:56:48,3,1,3,4.4,0.03,0.05,0.02,19.9,96,46,94,142.0,1,0,0,100
14:56:48,3,1,3,4.4,0.03,0.05,0.02,19.8,96,46,94,142.0,1,0,0,100
14:56:48,3,1,3,4.4,0.03,0.05,0.02,19.8,96,46,94,142.0,1,0,0,100
14:56:48,3,1,3,4.4,0.03,0.05,0.02,19.8,96,46,94,142.0,1,0,0,100
14:56:48,3,1,3,4.4,0.03,0.05,0.02,19.8,96,46,94,142.0,1,0,0,100
14:56:48,3,1,3,4.4,0.03,0.05,0.02,20.0,96,46,94,142.0,1,0,0,100
14:56:48,2,1,3,3.7,0.04,0.08,0.03,19.8,58,33,98,119.0,1,0,0,100
14:56:48,2,1,3,3.7,0.04,0.08,0.03,20.1,58,33,98,119.0,1,0,0,100
14:56:48,2,1,3,3.7,0.04,0.08,0.03,19.9,58,33,98,119.0,1,0,0,100
14:56:48,2,1,3,3.7,0.04,0.08,0.03,19.9,58,33,98,119.0,1,0,0,100
14:56:49,2,1,3,3.7,0.04,0.08,0.03,20.0,58,33,98,119.0,2,2,0,100
14:56:49,2,1,3,3.7,0.04,0.08,0.03,19.8,58,33,98,119.0,2,2,0,100
14:56:49,2,1,3,3.7,0.04,0.08,0.03,19.8,58,33,98,119.0,2,2,0,100
14:56:49,2,1,3,3.7,0.04,0.08,0.03,20.0,58,33,98,119.0,2,2,0,100
14:56:49,2,1,3,3.7,0.04,0.08,0.03,19.8,58,33,98,119.0,2,2,0,100
14:56:49,2,1,3,3.7,0.04,0.08,0.03,19.8,58,33,98,119.0,2,2,0,100
14:56:49,4,1,2,4.6,0.03,0.1,0.06,19.8,112,24,61,130.0,2,2,0,100
14:56:49,4,1,2,4.6,0.03,0.1,0.06,20.0,112,24,61,130.0,2,2,0,100
14:56:49,4,1,2,4.6,0.03,0.1,0.06,20.0,112,24,61,130.0,2,2,0,100
14:56:49,4,1,2,4.6,0.03,0.1,0.06,19.8,112,24,61,130.0,2,2,0,100
14:56:50,4,1,2,4.6,0.03,0.1,0.06,19.9,112,24,61,130.0,0,1,4,100
14:56:50,4,1,2,4.6,0.03,0.1,0.06,19.8,112,24,61,130.0,0,1,4,100
14:56:50,4,1,2,4.6,0.03,0.1,0.06,19.8,112,24,61,130.0,0,1,4,100
14:56:50,4,1,2,4.6,0.03,0.1,0.06,20.0,112,24,61,130.0,0,1,4,100
14:56:50,4,1,2,4.6,0.03,0.1,0.06,20.0,112,24,61,130.0,0,1,4,100
14:56:50,4,1,2,4.6,0.03,0.1,0.06,20.0,112,24,61,130.0,0,1,4,100
14:56:50,4,1,3,5.1,0.02,0.09,0.06,19.8,111,48,88,150.0,0,1,4,100
14:56:50,4,1,3,5.1,0.02,0.09,0.06,19.9,111,48,88,150.0,0,1,4,100
14:56:50,4,1,3,5.1,0.02,0.09,0.06,20.2,111,48,88,150.0,0,1,4,100
14:56:50,4,1,3,5.1,0.02,0.09,0.06,19.9,111,48,88,150.0,0,1,4,100
14:56:51,4,1,3,5.1,0.02,0.09,0.06,20.1,111,48,88,150.0,0,0,0,100
14:56:51,4,1,3,5.1,0.02,0.09,0.06,19.9,111,48,88,150.0,0,0,0,100
14:56:51,4,1,3,5.1,0.02,0.09,0.06,19.9,111,48,88,150.0,0,0,0,100
14:56:51,4,1,3,5.1,0.02,0.09,0.06,20.0,111,48,88,150.0,0,0,0,100
14:56:51,4,1,3,5.1,0.02,0.09,0.06,20.0,111,48,88,150.0,0,0,0,100
14:56:51,4,1,3,5.1,0.02,0.09,0.06,20.0,111,48,88,150.0,0,0,0,100
14:56:51,1,2,4,4.6,0.04,0.12,0.08,19.9,51,71,124,152.0,0,0,0,100
14:56:51,1,2,4,4.6,0.04,0.12,0.08,20.1,51,71,124,152.0,0,0,0,100
14:56:51,1,2,4,4.6,0.04,0.12,0.08,20.1,51,71,124,152.0,0,0,0,100
14:56:51,1,2,4,4.6,0.04,0.12,0.08,19.8,51,71,124,152.0,0,0,0,100
14:56:52,1,2,4,4.6,0.04,0.12,0.08,20.1,51,71,124,152.0,1,0,0,100
14:56:52,1,2,4,4.6,0.04,0.12,0.08,19.7,51,71,124,152.0,1,0,0,100
14:56:52,1,2,4,4.6,0.04,0.12,0.08,19.9,51,71,124,152.0,1,0,0,100
14:56:52,1,2,4,4.6,0.04,0.12,0.08,20.1,51,71,124,152.0,1,0,0,100
14:56:52,1,2,4,4.6,0.04,0.12,0.08,19.9,51,71,124,152.0,1,0,0,100
14:56:52,1,2,4,4.6,0.04,0.12,0.08,20.0,51,71,124,152.0,1,0,0,100
14:56:52,7,5,9,12.4,0.04,0.08,0.03,19.9,117,92,144,207.0,1,0,0,100
14:56:52,7,5,9,12.4,0.04,0.08,0.03,19.9,117,92,144,207.0,1,0,0,100
14:56:52,7,5,9,12.4,0.04,0.08,0.03,20.1,117,92,144,207.0,1,0,0,100
14:56:52,7,5,9,12.4,0.04,0.08,0.03,19.9,117,92,144,207.0,1,0,0,100
14:56:53,7,5,9,12.4,0.04,0.08,0.03,19.9,117,92,144,207.0,0,0,0,100
14:56:53,7,5,9,12.4,0.04,0.08,0.03,19.8,117,92,144,207.0,0,0,0,100
14:56:53,7,5,9,12.4,0.04,0.08,0.03,20.0,117,92,144,207.0,0,0,0,100
14:56:53,7,5,9,12.4,0.04,0.08,0.03,20.0,117,92,144,207.0,0,0,0,100
14:56:53,7,5,9,12.4,0.04,0.08,0.03,19.9,117,92,144,207.0,0,0,0,100
14:56:53,7,5,9,12.4,0.04,0.08,0.03,19.8,117,92,144,207.0,0,0,0,100
14:56:53,4,3,3,5.8,0.04,0.09,0.02,19.9,141,100,95,197.0,0,0,0,100
14:56:53,4,3,3,5.8,0.04,0.09,0.02,19.8,141,100,95,197.0,0,0,0,100
14:56:53,4,3,3,5.8,0.04,0.09,0.02,19.8,141,100,95,197.0,0,0,0,100
14:56:53,4,3,3,5.8,0.04,0.09,0.02,19.8,141,100,95,197.0,0,0,0,100
14:56:54,4,3,3,5.8,0.04,0.09,0.02,19.9,141,100,95,197.0,0,0,2,100
14:56:54,4,3,3,5.8,0.04,0.09,0.02,19.9,141,100,95,197.0,0,0,2,100
14:56:54,4,3,3,5.8,0.04,0.09,0.02,19.9,141,100,95,197.0,0,0,2,100
14:56:54,4,3,3,5.8,0.04,0.09,0.02,20.0,141,100,95,197.0,0,0,2,100
14:56:54,4,3,3,5.8,0.04,0.09,0.02,19.9,141,100,95,197.0,0,0,2,100
14:56:54,4,3,3,5.8,0.04,0.09,0.02,20.0,141,100,95,197.0,0,0,2,100
14:56:54,7,4,4,9.0,0.05,0.19,0.04,19.9,146,102,102,205.0,0,0,2,100
14:56:54,7,4,4,9.0,0.05,0.19,0.04,19.8,146,102,102,205.0,0,0,2,100
14:56:54,7,4,4,9.0,0.05,0.19,0.04,19.9,146,102,102,205.0,0,0,2,100
14:56:54,7,4,4,9.0,0.05,0.19,0.04,20.0,146,102,102,205.0,0,0,2,100
14:56:55,7,4,4,9.0,0.05,0.19,0.04,19.8,146,102,102,205.0,0,0,0,100
14:56:55,7,4,4,9.0,0.05,0.19,0.04,19.8,146,102,102,205.0,0,0,0,100
14:56:55,7,4,4,9.0,0.05,0.19,0.04,19.8,146,102,102,205.0,0,0,0,100
14:56:55,7,4,4,9.0,0.05,0.19,0.04,19.8,146,102,102,205.0,0,0,0,100
14:56:55,7,4,4,9.0,0.05,0.19,0.04,19.9,146,102,102,205.0,0,0,0,100
14:56:55,7,4,4,9.0,0.05,0.19,0.04,19.9,146,102,102,205.0,0,0,0,100
14:56:55,3,3,5,6.6,0.03,0.08,0.04,19.9,118,88,144,206.0,0,0,0,100
14:56:55,3,3,5,6.6,0.03,0.08,0.04,19.9,118,88,144,206.0,0,0,0,100
14:56:55,3,3,5,6.6,0.03,0.08,0.04,19.9,118,88,144,206.0,0,0,0,100
14:56:55,3,3,5,6.6,0.03,0.08,0.04,19.9,118,88,144,206.0,0,0,0,100
14:56:56,3,3,5,6.6,0.03,0.08,0.04,20.0,118,88,144,206.0,2,0,0,100
14:56:56,3,3,5,6.6,0.03,0.08,0.04,19.9,118,88,144,206.0,2,0,0,100
14:56:56,3,3,5,6.6,0.03,0.08,0.04,19.9,118,88,144,206.0,2,0,0,100
14:56:56,3,3,5,6.6,0.03,0.08,0.04,19.9,118,88,144,206.0,2,0,0,100
14:56:56,3,3,5,6.6,0.03,0.08,0.04,19.9,118,88,144,206.0,2,0,0,100
14:56:56,3,3,5,6.6,0.03,0.08,0.04,20.0,118,88,144,206.0,2,0,0,100
14:56:56,4,4,7,9.0,0.03,0.14,0.09,19.8,60,91,163,196.0,2,0,0,100
14:56:56,4,4,7,9.0,0.03,0.14,0.09,19.8,60,91,163,196.0,2,0,0,100
14:56:56,4,4,7,9.0,0.03,0.14,0.09,20.0,60,91,163,196.0,2,0,0,100
14:56:56,4,4,7,9.0,0.03,0.14,0.09,19.9,60,91,163,196.0,2,0,0,100
14:56:57,4,4,7,9.0,0.03,0.14,0.09,20.0,60,91,163,196.0,2,0,0,100
14:56:57,4,4,7,9.0,0.03,0.14,0.09,19.8,60,91,163,196.0,2,0,0,100
14:56:57,4,4,7,9.0,0.03,0.14,0.09,20.2,60,91,163,196.0,2,0,0,100
14:56:57,4,4,7,9.0,0.03,0.14,0.09,19.9,60,91,163,196.0,2,0,0,100
14:56:57,4,4,7,9.0,0.03,0.14,0.09,20.0,60,91,163,196.0,2,0,0,100
14:56:57,4,4,7,9.0,0.03,0.14,0.09,20.1,60,91,163,196.0,2,0,0,100
14:56:57,4,2,4,6.0,0.02,0.1,0.06,20.1,118,79,126,190.0,2,0,0,100
14:56:57,4,2,4,6.0,0.02,0.1,0.06,19.8,118,79,126,190.0,2,0,0,100
14:56:57,4,2,4,6.0,0.02,0.1,0.06,19.8,118,79,126,190.0,2,0,0,100
14:56:57,4,2,4,6.0,0.02,0.1,0.06,19.9,118,79,126,190.0,2,0,0,100
14:56:58,4,2,4,6.0,0.02,0.1,0.06,19.9,118,79,126,190.0,0,0,0,100
14:56:58,4,2,4,6.0,0.02,0.1,0.06,19.9,118,79,126,190.0,0,0,0,100
14:56:58,4,2,4,6.0,0.02,0.1,0.06,19.9,118,79,126,190.0,0,0,0,100
14:56:58,4,2,4,6.0,0.02,0.1,0.06,20.0,118,79,126,190.0,0,0,0,100
14:56:58,4,2,4,6.0,0.02,0.1,0.06,20.0,118,79,126,190.0,0,0,0,100
14:56:58,4,2,4,6.0,0.02,0.1,0.06,19.8,118,79,126,190.0,0,0,0,100
14:56:58,4,1,2,4.6,0.05,0.08,0.06,19.9,132,48,61,153.0,0,0,0,100
14:56:58,4,1,2,4.6,0.05,0.08,0.06,20.1,132,48,61,153.0,0,0,0,100
14:56:58,4,1,2,4.6,0.05,0.08,0.06,20.0,132,48,61,153.0,0,0,0,100
14:56:58,4,1,2,4.6,0.05,0.08,0.06,20.0,132,48,61,153.0,0,0,0,100
14:56:59,4,1,2,4.6,0.05,0.08,0.06,19.9,132,48,61,153.0,0,0,0,100
14:56:59,4,1,2,4.6,0.05,0.08,0.06,19.9,132,48,61,153.0,0,0,0,100
14:56:59,4,1,2,4.6,0.05,0.08,0.06,19.8,132,48,61,153.0,0,0,0,100
14:56:59,4,1,2,4.6,0.05,0.08,0.06,19.9,132,48,61,153.0,0,0,0,100
14:56:59,4,1,2,4.6,0.05,0.08,0.06,19.9,132,48,61,153.0,0,0,0,100
14:56:59,4,1,2,4.6,0.05,0.08,0.06,19.9,132,48,61,153.0,0,0,0,100
14:56:59,3,1,3,4.4,0.04,0.07,0.03,19.9,105,31,100,148.0,0,0,0,100
14:56:59,3,1,3,4.4,0.04,0.07,0.03,19.9,105,31,100,148.0,0,0,0,100
14:56:59,3,1,3,4.4,0.04,0.07,0.03,20.0,105,31,100,148.0,0,0,0,100
14:56:59,3,1,3,4.4,0.04,0.07,0.03,19.9,105,31,100,148.0,0,0,0,100
14:57:00,3,1,3,4.4,0.04,0.07,0.03,19.8,105,31,100,148.0,0,3,0,100
14:57:00,3,1,3,4.4,0.04,0.07,0.03,20.0,105,31,100,148.0,0,3,0,100
14:57:00,3,1,3,4.4,0.04,0.07,0.03,19.9,105,31,100,148.0,0,3,0,100
14:57:00,3,1,3,4.4,0.04,0.07,0.03,19.9,105,31,100,148.0,0,3,0,100
14:57:00,3,1,3,4.4,0.04,0.07,0.03,19.9,105,31,100,148.0,0,3,0,100
14:57:00,3,1,3,4.4,0.04,0.07,0.03,19.8,105,31,100,148.0,0,3,0,100
14:57:00,2,1,3,3.7,0.07,0.07,0.02,19.9,74,31,96,125.0,0,3,0,100
14:57:00,2,1,3,3.7,0.07,0.07,0.02,19.9,74,31,96,125.0,0,3,0,100
14:57:00,2,1,3,3.7,0.07,0.07,0.02,19.9,74,31,96,125.0,0,3,0,100
14:57:00,2,1,3,3.7,0.07,0.07,0.02,19.8,74,31,96,125.0,0,3,0,100
14:57:01,2,1,3,3.7,0.07,0.07,0.02,20.0,74,31,96,125.0,0,0,0,100
14:57:01,2,1,3,3.7,0.07,0.07,0.02,19.9,74,31,96,125.0,0,0,0,100
14:57:01,2,1,3,3.7,0.07,0.07,0.02,19.9,74,31,96,125.0,0,0,0,100
14:57:01,2,1,3,3.7,0.07,0.07,0.02,19.9,74,31,96,125.0,0,0,0,100
14:57:01,2,1,3,3.7,0.07,0.07,0.02,19.9,74,31,96,125.0,0,0,0,100
14:57:01,2,1,3,3.7,0.07,0.07,0.02,20.0,74,31,96,125.0,0,0,0,100
14:57:01,4,2,2,4.9,0.03,0.06,0.03,20.0,124,59,72,155.0,0,0,0,100
14:57:01,4,2,2,4.9,0.03,0.06,0.03,19.8,124,59,72,155.0,0,0,0,100
14:57:01,4,2,2,4.9,0.03,0.06,0.03,20.0,124,59,72,155.0,0,0,0,100
14:57:01,4,2,2,4.9,0.03,0.06,0.03,19.9,124,59,72,155.0,0,0,0,100
14:57:02,4,2,2,4.9,0.03,0.06,0.03,19.8,124,59,72,155.0,0,0,1,100
14:57:02,4,2,2,4.9,0.03,0.06,0.03,20.0,124,59,72,155.0,0,0,1,100
14:57:02,4,2,2,4.9,0.03,0.06,0.03,19.9,124,59,72,155.0,0,0,1,100
14:57:02,4,2,2,4.9,0.03,0.06,0.03,19.9,124,59,72,155.0,0,0,1,100
14:57:02,4,2,2,4.9,0.03,0.06,0.03,19.8,124,59,72,155.0,0,0,1,100
14:57:02,4,2,2,4.9,0.03,0.06,0.03,19.9,124,59,72,155.0,0,0,1,100
14:57:02,5,5,4,8.1,0.02,0.1,0.03,20.0,128,75,111,185.0,0,0,1,100
14:57:02,5,5,4,8.1,0.02,0.1,0.03,20.1,128,75,111,185.0,0,0,1,100
14:57:02,5,5,4,8.1,0.02,0.1,0.03,19.9,128,75,111,185.0,0,0,1,100
14:57:03,5,5,4,8.1,0.02,0.1,0.03,19.8,128,75,111,185.0,0,0,1,100
14:57:03,5,5,4,8.1,0.02,0.1,0.03,19.9,128,75,111,185.0,0,0,0,100
14:57:03,5,5,4,8.1,0.02,0.1,0.03,20.0,128,75,111,185.0,0,0,0,100
14:57:03,5,5,4,8.1,0.02,0.1,0.03,19.9,128,75,111,185.0,0,0,0,100
14:57:03,5,5,4,8.1,0.02,0.1,0.03,19.9,128,75,111,185.0,0,0,0,100
14:57:03,5,5,4,8.1,0.02,0.1,0.03,19.8,128,75,111,185.0,0,0,0,100
14:57:03,5,5,4,8.1,0.02,0.1,0.03,19.8,128,75,111,185.0,0,0,0,100
14:57:03,3,3,5,6.6,0.01,0.08,0.05,19.9,84,99,145,195.0,0,0,0,100
14:57:03,3,3,5,6.6,0.01,0.08,0.05,19.9,84,99,145,195.0,0,0,0,100
14:57:03,3,3,5,6.6,0.01,0.08,0.05,20.0,84,99,145,195.0,0,0,0,100
14:57:03,3,3,5,6.6,0.01,0.08,0.05,20.0,84,99,145,195.0,0,0,0,100
14:57:04,3,3,5,6.6,0.01,0.08,0.05,19.7,84,99,145,195.0,3,0,0,100
14:57:04,3,3,5,6.6,0.01,0.08,0.05,19.9,84,99,145,195.0,3,0,0,100
14:57:04,3,3,5,6.6,0.01,0.08,0.05,20.1,84,99,145,195.0,3,0,0,100
14:57:04,3,3,5,6.6,0.01,0.08,0.05,19.9,84,99,145,195.0,3,0,0,100
14:57:04,3,3,5,6.6,0.01,0.08,0.05,20.0,84,99,145,195.0,3,0,0,100
14:57:04,3,3,5,6.6,0.01,0.08,0.05,19.9,84,99,145,195.0,3,0,0,100
14:57:04,4,4,6,8.2,0.03,0.19,0.07,20.1,125,112,171,240.0,3,0,0,100
14:57:04,4,4,6,8.2,0.03,0.19,0.07,19.9,125,112,171,240.0,3,0,0,100
14:57:04,4,4,6,8.2,0.03,0.19,0.07,19.9,125,112,171,240.0,3,0,0,100
14:57:05,4,4,6,8.2,0.03,0.19,0.07,20.0,125,112,171,240.0,3,0,0,100
14:57:05,4,4,6,8.2,0.03,0.19,0.07,19.9,125,112,171,240.0,0,0,0,100
14:57:05,4,4,6,8.2,0.03,0.19,0.07,19.8,125,112,171,240.0,0,0,0,100
14:57:05,4,4,6,8.2,0.03,0.19,0.07,20.0,125,112,171,240.0,0,0,0,100
14:57:05,4,4,6,8.2,0.03,0.19,0.07,19.9,125,112,171,240.0,0,0,0,100
14:57:05,4,4,6,8.2,0.03,0.19,0.07,19.9,125,112,171,240.0,0,0,0,100
14:57:05,4,4,6,8.2,0.03,0.19,0.07,19.8,125,112,171,240.0,0,0,0,100
14:57:05,5,4,4,7.5,0.07,0.09,0.04,20.0,156,113,134,235.0,0,0,0,100
14:57:05,5,4,4,7.5,0.07,0.09,0.04,19.9,156,113,134,235.0,0,0,0,100
14:57:05,5,4,4,7.5,0.07,0.09,0.04,19.9,156,113,134,235.0,0,0,0,100
14:57:06,5,4,4,7.5,0.07,0.09,0.04,20.1,156,113,134,235.0,0,0,0,100
14:57:06,5,4,4,7.5,0.07,0.09,0.04,19.9,156,113,134,235.0,0,0,1,100
14:57:06,5,4,4,7.5,0.07,0.09,0.04,19.9,156,113,134,235.0,0,0,1,100
14:57:06,5,4,4,7.5,0.07,0.09,0.04,20.0,156,113,134,235.0,0,0,1,100
14:57:06,5,4,4,7.5,0.07,0.09,0.04,20.0,156,113,134,235.0,0,0,1,100
14:57:06,5,4,4,7.5,0.07,0.09,0.04,19.8,156,113,134,235.0,0,0,1,100
14:57:06,5,4,4,7.5,0.07,0.09,0.04,19.8,156,113,134,235.0,0,0,1,100
14:57:06,7,4,2,8.3,0.06,0.13,0.02,19.8,184,110,63,223.0,0,0,1,100
14:57:06,7,4,2,8.3,0.06,0.13,0.02,19.8,184,110,63,223.0,0,0,1,100
14:57:06,7,4,2,8.3,0.06,0.13,0.02,19.8,184,110,63,223.0,0,0,1,100
14:57:07,7,4,2,8.3,0.06,0.13,0.02,20.0,184,110,63,223.0,0,0,1,100
14:57:07,7,4,2,8.3,0.06,0.13,0.02,19.8,184,110,63,223.0,0,0,0,100
14:57:07,7,4,2,8.3,0.06,0.13,0.02,19.9,184,110,63,223.0,0,0,0,100
14:57:07,7,4,2,8.3,0.06,0.13,0.02,19.9,184,110,63,223.0,0,0,0,100
14:57:07,7,4,2,8.3,0.06,0.13,0.02,19.9,184,110,63,223.0,0,0,0,100
14:57:07,7,4,2,8.3,0.06,0.13,0.02,20.0,184,110,63,223.0,0,0,0,100
14:57:07,7,4,2,8.3,0.06,0.13,0.02,20.0,184,110,63,223.0,0,0,0,100
14:57:07,4,3,4,6.4,0.05,0.09,0.04,19.8,112,85,124,187.0,0,0,0,100
14:57:07,4,3,4,6.4,0.05,0.09,0.04,19.9,112,85,124,187.0,0,0,0,100
14:57:07,4,3,4,6.4,0.05,0.09,0.04,19.9,112,85,124,187.0,0,0,0,100
14:57:08,4,3,4,6.4,0.05,0.09,0.04,20.0,112,85,124,187.0,0,0,0,100
14:57:08,4,3,4,6.4,0.05,0.09,0.04,19.9,112,85,124,187.0,0,0,0,100
14:57:08,4,3,4,6.4,0.05,0.09,0.04,20.1,112,85,124,187.0,0,0,0,100
14:57:08,4,3,4,6.4,0.05,0.09,0.04,19.8,112,85,124,187.0,0,0,0,100
14:57:08,4,3,4,6.4,0.05,0.09,0.04,19.8,112,85,124,187.0,0,0,0,100
14:57:08,4,3,4,6.4,0.05,0.09,0.04,20.0,112,85,124,187.0,0,0,0,100
14:57:08,4,3,4,6.4,0.05,0.09,0.04,19.9,112,85,124,187.0,0,0,0,100
14:57:08,4,3,4,6.4,0.05,0.09,0.04,19.9,112,85,124,187.0,0,0,0,100
14:57:08,1,1,3,3.3,0.02,0.05,0.02,19.8,49,62,124,147.0,0,0,0,100
14:57:08,1,1,3,3.3,0.02,0.05,0.02,19.9,49,62,124,147.0,0,0,0,100
14:57:09,1,1,3,3.3,0.02,0.05,0.02,19.8,49,62,124,147.0,0,0,0,100
14:57:09,1,1,3,3.3,0.02,0.05,0.02,20.0,49,62,124,147.0,1,0,0,100
14:57:09,1,1,3,3.3,0.02,0.05,0.02,19.9,49,62,124,147.0,1,0,0,100
14:57:09,1,1,3,3.3,0.02,0.05,0.02,19.9,49,62,124,147.0,1,0,0,100
14:57:09,1,1,3,3.3,0.02,0.05,0.02,19.8,49,62,124,147.0,1,0,0,100
14:57:09,1,1,3,3.3,0.02,0.05,0.02,19.9,49,62,124,147.0,1,0,0,100
14:57:09,1,1,3,3.3,0.02,0.05,0.02,20.0,49,62,124,147.0,1,0,0,100
14:57:09,1,1,3,3.3,0.02,0.05,0.02,19.9,49,62,124,147.0,1,0,0,100
14:57:09,4,1,4,5.7,0.02,0.1,0.04,19.8,89,29,79,122.0,1,0,0,100
14:57:09,4,1,4,5.7,0.02,0.1,0.04,19.9,89,29,79,122.0,1,0,0,100
14:57:10,4,1,4,5.7,0.02,0.1,0.04,19.8,89,29,79,122.0,1,0,0,100
14:57:10,4,1,4,5.7,0.02,0.1,0.04,19.9,89,29,79,122.0,0,0,2,100
14:57:10,4,1,4,5.7,0.02,0.1,0.04,19.9,89,29,79,122.0,0,0,2,100
14:57:10,4,1,4,5.7,0.02,0.1,0.04,20.1,89,29,79,122.0,0,0,2,100
14:57:10,4,1,4,5.7,0.02,0.1,0.04,20.1,89,29,79,122.0,0,0,2,100
14:57:10,4,1,4,5.7,0.02,0.1,0.04,19.9,89,29,79,122.0,0,0,2,100
14:57:10,4,1,4,5.7,0.02,0.1,0.04,20.2,89,29,79,122.0,0,0,2,100
14:57:10,4,1,4,5.7,0.02,0.1,0.04,20.0,89,29,79,122.0,0,0,2,100
14:57:10,3,0,2,3.6,0.03,0.1,0.03,19.9,96,19,68,119.0,0,0,2,100
14:57:10,3,0,2,3.6,0.03,0.1,0.03,19.8,96,19,68,119.0,0,0,2,100
14:57:11,3,0,2,3.6,0.03,0.1,0.03,19.9,96,19,68,119.0,0,0,2,100
14:57:11,3,0,2,3.6,0.03,0.1,0.03,20.0,96,19,68,119.0,0,1,0,100
14:57:11,3,0,2,3.6,0.03,0.1,0.03,19.9,96,19,68,119.0,0,1,0,100
14:57:11,3,0,2,3.6,0.03,0.1,0.03,19.9,96,19,68,119.0,0,1,0,100
14:57:11,3,0,2,3.6,0.03,0.1,0.03,19.9,96,19,68,119.0,0,1,0,100
14:57:11,3,0,2,3.6,0.03,0.1,0.03,20.0,96,19,68,119.0,0,1,0,100
14:57:11,3,0,2,3.6,0.03,0.1,0.03,20.0,96,19,68,119.0,0,1,0,100
14:57:11,3,0,2,3.6,0.03,0.1,0.03,20.0,96,19,68,119.0,0,1,0,100
14:57:11,2,2,5,5.7,0.09,0.16,0.05,20.0,65,54,125,151.0,0,1,0,100
14:57:11,2,2,5,5.7,0.09,0.16,0.05,20.1,65,54,125,151.0,0,1,0,100
14:57:12,2,2,5,5.7,0.09,0.16,0.05,19.8,65,54,125,151.0,0,1,0,100
14:57:12,2,2,5,5.7,0.09,0.16,0.05,19.9,65,54,125,151.0,3,0,0,100
14:57:12,2,2,5,5.7,0.09,0.16,0.05,19.9,65,54,125,151.0,3,0,0,100
14:57:12,2,2,5,5.7,0.09,0.16,0.05,19.8,65,54,125,151.0,3,0,0,100
14:57:12,2,2,5,5.7,0.09,0.16,0.05,20.0,65,54,125,151.0,3,0,0,100
14:57:12,2,2,5,5.7,0.09,0.16,0.05,20.0,65,54,125,151.0,3,0,0,100
14:57:12,2,2,5,5.7,0.09,0.16,0.05,19.9,65,54,125,151.0,3,0,0,100
14:57:12,2,2,5,5.7,0.09,0.16,0.05,20.1,65,54,125,151.0,3,0,0,100
14:57:12,4,3,5,7.1,0.08,0.16,0.05,19.8,113,78,129,188.0,3,0,0,100
14:57:12,4,3,5,7.1,0.08,0.16,0.05,19.9,113,78,129,188.0,3,0,0,100
14:57:13,4,3,5,7.1,0.08,0.16,0.05,20.1,113,78,129,188.0,3,0,0,100
14:57:13,4,3,5,7.1,0.08,0.16,0.05,19.9,113,78,129,188.0,0,0,0,100
14:57:13,4,3,5,7.1,0.08,0.16,0.05,20.0,113,78,129,188.0,0,0,0,100
14:57:13,4,3,5,7.1,0.08,0.16,0.05,19.8,113,78,129,188.0,0,0,0,100
14:57:13,4,3,5,7.1,0.08,0.16,0.05,19.9,113,78,129,188.0,0,0,0,100
14:57:13,4,3,5,7.1,0.08,0.16,0.05,19.9,113,78,129,188.0,0,0,0,100
14:57:13,4,3,5,7.1,0.08,0.16,0.05,19.9,113,78,129,188.0,0,0,0,100
14:57:13,4,3,5,7.1,0.08,0.16,0.05,19.9,113,78,129,188.0,0,0,0,100
14:57:13,5,3,2,6.2,0.05,0.07,0.01,19.9,147,84,68,182.0,0,0,0,100
14:57:13,5,3,2,6.2,0.05,0.07,0.01,19.8,147,84,68,182.0,0,0,0,100
14:57:14,5,3,2,6.2,0.05,0.07,0.01,19.9,147,84,68,182.0,0,0,0,100
14:57:14,5,3,2,6.2,0.05,0.07,0.01,20.0,147,84,68,182.0,0,0,0,100
14:57:14,5,3,2,6.2,0.05,0.07,0.01,19.9,147,84,68,182.0,0,0,0,100
14:57:14,5,3,2,6.2,0.05,0.07,0.01,19.8,147,84,68,182.0,0,0,0,100
14:57:14,5,3,2,6.2,0.05,0.07,0.01,20.0,147,84,68,182.0,0,0,0,100
14:57:14,5,3,2,6.2,0.05,0.07,0.01,20.0,147,84,68,182.0,0,0,0,100
14:57:14,5,3,2,6.2,0.05,0.07,0.01,19.9,147,84,68,182.0,0,0,0,100
14:57:14,5,3,2,6.2,0.05,0.07,0.01,19.9,147,84,68,182.0,0,0,0,100
14:57:14,6,4,3,7.8,0.03,0.13,0.02,19.9,163,96,95,212.0,0,0,0,100
14:57:15,6,4,3,7.8,0.03,0.13,0.02,19.9,163,96,95,212.0,0,0,0,100
14:57:15,6,4,3,7.8,0.03,0.13,0.02,19.8,163,96,95,212.0,0,0,0,100
14:57:15,6,4,3,7.8,0.03,0.13,0.02,20.0,163,96,95,212.0,0,0,0,100
14:57:15,6,4,3,7.8,0.03,0.13,0.02,19.9,163,96,95,212.0,0,0,0,100
14:57:15,6,4,3,7.8,0.03,0.13,0.02,19.8,163,96,95,212.0,0,0,0,100
14:57:15,6,4,3,7.8,0.03,0.13,0.02,19.9,163,96,95,212.0,0,0,0,100
14:57:15,6,4,3,7.8,0.03,0.13,0.02,20.0,163,96,95,212.0,0,0,0,100
14:57:15,6,4,3,7.8,0.03,0.13,0.02,19.9,163,96,95,212.0,0,0,0,100
14:57:15,6,4,3,7.8,0.03,0.13,0.02,19.9,163,96,95,212.0,0,0,0,100
14:57:15,3,3,5,6.6,0.02,0.08,0.04,20.0,105,102,146,207.0,0,0,0,100
14:57:15,3,3,5,6.6,0.02,0.08,0.04,19.9,105,102,146,207.0,0,0,0,100
14:57:16,3,3,5,6.6,0.02,0.08,0.04,19.8,105,102,146,207.0,0,0,0,100
14:57:16,3,3,5,6.6,0.02,0.08,0.04,19.9,105,102,146,207.0,0,0,0,100
14:57:16,3,3,5,6.6,0.02,0.08,0.04,20.0,105,102,146,207.0,0,0,0,100
14:57:16,3,3,5,6.6,0.02,0.08,0.04,20.0,105,102,146,207.0,0,0,0,100
14:57:16,3,3,5,6.6,0.02,0.08,0.04,19.9,105,102,146,207.0,0,0,0,100
14:57:16,3,3,5,6.6,0.02,0.08,0.04,20.0,105,102,146,207.0,0,0,0,100
14:57:16,3,3,5,6.6,0.02,0.08,0.04,19.9,105,102,146,207.0,0,0,0,100
14:57:16,3,3,5,6.6,0.02,0.08,0.04,19.9,105,102,146,207.0,0,0,0,100
14:57:16,3,3,5,6.6,0.01,0.08,0.03,19.9,79,92,149,192.0,0,0,0,100
14:57:17,3,3,5,6.6,0.01,0.08,0.03,20.0,79,92,149,192.0,0,0,0,100
14:57:17,3,3,5,6.6,0.01,0.08,0.03,20.0,79,92,149,192.0,0,0,0,100
14:57:17,3,3,5,6.6,0.01,0.08,0.03,19.9,79,92,149,192.0,0,0,0,100
14:57:17,3,3,5,6.6,0.01,0.08,0.03,20.1,79,92,149,192.0,0,0,0,100
14:57:17,3,3,5,6.6,0.01,0.08,0.03,20.1,79,92,149,192.0,0,0,0,100
14:57:17,3,3,5,6.6,0.01,0.08,0.03,20.0,79,92,149,192.0,0,0,0,100
14:57:17,3,3,5,6.6,0.01,0.08,0.03,19.9,79,92,149,192.0,0,0,0,100
14:57:17,3,3,5,6.6,0.01,0.08,0.03,20.0,79,92,149,192.0,0,0,0,100
14:57:17,3,3,5,6.6,0.01,0.08,0.03,19.9,79,92,149,192.0,0,0,0,100
14:57:17,7,4,6,10.0,0.08,0.12,0.09,19.8,131,88,119,198.0,0,0,0,100
14:57:18,7,4,6,10.0,0.08,0.12,0.09,19.8,131,88,119,198.0,0,0,0,100
14:57:18,7,4,6,10.0,0.08,0.12,0.09,19.7,131,88,119,198.0,0,0,0,100
14:57:18,7,4,6,10.0,0.08,0.12,0.09,20.0,131,88,119,198.0,0,0,0,100
14:57:18,7,4,6,10.0,0.08,0.12,0.09,19.9,131,88,119,198.0,0,0,0,100
14:57:18,7,4,6,10.0,0.08,0.12,0.09,20.0,131,88,119,198.0,0,0,0,100
14:57:18,7,4,6,10.0,0.08,0.12,0.09,20.0,131,88,119,198.0,0,0,0,100
14:57:18,7,4,6,10.0,0.08,0.12,0.09,19.8,131,88,119,198.0,0,0,0,100
14:57:18,7,4,6,10.0,0.08,0.12,0.09,19.8,131,88,119,198.0,0,0,0,100
14:57:18,7,4,6,10.0,0.08,0.12,0.09,19.9,131,88,119,198.0,0,0,0,100
14:57:18,6,4,2,7.5,0.07,0.1,0.05,19.9,140,77,58,170.0,0,0,0,100
14:57:19,6,4,2,7.5,0.07,0.1,0.05,19.9,140,77,58,170.0,0,0,0,100
14:57:19,6,4,2,7.5,0.07,0.1,0.05,19.9,140,77,58,170.0,0,0,0,100
14:57:19,6,4,2,7.5,0.07,0.1,0.05,19.8,140,77,58,170.0,0,0,2,100
14:57:19,6,4,2,7.5,0.07,0.1,0.05,20.1,140,77,58,170.0,0,0,2,100
14:57:19,6,4,2,7.5,0.07,0.1,0.05,19.8,140,77,58,170.0,0,0,2,100
14:57:19,6,4,2,7.5,0.07,0.1,0.05,20.1,140,77,58,170.0,0,0,2,100
14:57:19,6,4,2,7.5,0.07,0.1,0.05,19.9,140,77,58,170.0,0,0,2,100
14:57:19,6,4,2,7.5,0.07,0.1,0.05,19.8,140,77,58,170.0,0,0,2,100
14:57:19,6,4,2,7.5,0.07,0.1,0.05,19.9,140,77,58,170.0,0,0,2,100
14:57:19,3,2,4,5.4,0.04,0.08,0.02,19.8,115,57,107,167.0,0,0,2,100
14:57:20,3,2,4,5.4,0.04,0.08,0.02,20.1,115,57,107,167.0,0,0,2,100
14:57:20,3,2,4,5.4,0.04,0.08,0.02,19.8,115,57,107,167.0,0,0,2,100
14:57:20,3,2,4,5.4,0.04,0.08,0.02,19.8,115,57,107,167.0,2,0,0,100
14:57:20,3,2,4,5.4,0.04,0.08,0.02,19.8,115,57,107,167.0,2,0,0,100
14:57:20,3,2,4,5.4,0.04,0.08,0.02,20.1,115,57,107,167.0,2,0,0,100
14:57:20,3,2,4,5.4,0.04,0.08,0.02,20.0,115,57,107,167.0,2,0,0,100
14:57:20,3,2,4,5.4,0.04,0.08,0.02,19.8,115,57,107,167.0,2,0,0,100
14:57:20,3,2,4,5.4,0.04,0.08,0.02,20.0,115,57,107,167.0,2,0,0,100
14:57:20,3,2,4,5.4,0.04,0.08,0.02,19.9,115,57,107,167.0,2,0,0,100
14:57:20,2,1,4,4.6,0.06,0.13,0.05,20.0,69,28,113,135.0,2,0,0,100
14:57:21,2,1,4,4.6,0.06,0.13,0.05,19.9,69,28,113,135.0,2,0,0,100
14:57:21,2,1,4,4.6,0.06,0.13,0.05,20.0,69,28,113,135.0,2,0,0,100
14:57:21,2,1,4,4.6,0.06,0.13,0.05,19.9,69,28,113,135.0,1,1,0,100
14:57:21,2,1,4,4.6,0.06,0.13,0.05,20.1,69,28,113,135.0,1,1,0,100
14:57:21,2,1,4,4.6,0.06,0.13,0.05,19.9,69,28,113,135.0,1,1,0,100
14:57:21,2,1,4,4.6,0.06,0.13,0.05,19.9,69,28,113,135.0,1,1,0,100
14:57:21,2,1,4,4.6,0.06,0.13,0.05,19.8,69,28,113,135.0,1,1,0,100
14:57:21,2,1,4,4.6,0.06,0.13,0.05,19.9,69,28,113,135.0,1,1,0,100
14:57:21,2,1,4,4.6,0.06,0.13,0.05,19.9,69,28,113,135.0,1,1,0,100
14:57:21,6,2,3,7.0,0.03,0.09,0.05,19.9,122,37,87,154.0,1,1,0,100
14:57:22,6,2,3,7.0,0.03,0.09,0.05,19.8,122,37,87,154.0,1,1,0,100
14:57:22,6,2,3,7.0,0.03,0.09,0.05,19.9,122,37,87,154.0,1,1,0,100
14:57:22,6,2,3,7.0,0.03,0.09,0.05,20.0,122,37,87,154.0,0,0,1,100
14:57:22,6,2,3,7.0,0.03,0.09,0.05,19.8,122,37,87,154.0,0,0,1,100
14:57:22,6,2,3,7.0,0.03,0.09,0.05,19.9,122,37,87,154.0,0,0,1,100
14:57:22,6,2,3,7.0,0.03,0.09,0.05,20.0,122,37,87,154.0,0,0,1,100
14:57:22,6,2,3,7.0,0.03,0.09,0.05,19.8,122,37,87,154.0,0,0,1,100
14:57:22,6,2,3,7.0,0.03,0.09,0.05,19.8,122,37,87,154.0,0,0,1,100
14:57:22,6,2,3,7.0,0.03,0.09,0.05,19.9,122,37,87,154.0,0,0,1,100
14:57:22,5,2,3,6.2,0.02,0.09,0.04,19.8,108,48,79,142.0,0,0,1,100
14:57:23,5,2,3,6.2,0.02,0.09,0.04,20.0,108,48,79,142.0,0,0,1,100
14:57:23,5,2,3,6.2,0.02,0.09,0.04,19.8,108,48,79,142.0,0,0,1,100
14:57:23,5,2,3,6.2,0.02,0.09,0.04,19.9,108,48,79,142.0,0,0,0,100
14:57:23,5,2,3,6.2,0.02,0.09,0.04,19.9,108,48,79,142.0,0,0,0,100
14:57:23,5,2,3,6.2,0.02,0.09,0.04,19.8,108,48,79,142.0,0,0,0,100
14:57:23,5,2,3,6.2,0.02,0.09,0.04,19.8,108,48,79,142.0,0,0,0,100
14:57:23,5,2,3,6.2,0.02,0.09,0.04,19.8,108,48,79,142.0,0,0,0,100
14:57:23,5,2,3,6.2,0.02,0.09,0.04,19.7,108,48,79,142.0,0,0,0,100
14:57:23,5,2,3,6.2,0.02,0.09,0.04,20.0,108,48,79,142.0,0,0,0,100
14:57:23,2,3,5,6.2,0.04,0.13,0.06,19.8,70,83,158,192.0,0,0,0,100
14:57:24,2,3,5,6.2,0.04,0.13,0.06,19.9,70,83,158,192.0,0,0,0,100
14:57:24,2,3,5,6.2,0.04,0.13,0.06,19.9,70,83,158,192.0,0,0,0,100
14:57:24,2,3,5,6.2,0.04,0.13,0.06,19.9,70,83,158,192.0,2,0,0,100
14:57:24,2,3,5,6.2,0.04,0.13,0.06,19.9,70,83,158,192.0,2,0,0,100
14:57:24,2,3,5,6.2,0.04,0.13,0.06,19.9,70,83,158,192.0,2,0,0,100
14:57:24,2,3,5,6.2,0.04,0.13,0.06,20.1,70,83,158,192.0,2,0,0,100
14:57:24,2,3,5,6.2,0.04,0.13,0.06,19.8,70,83,158,192.0,2,0,0,100
14:57:24,2,3,5,6.2,0.04,0.13,0.06,19.8,70,83,158,192.0,2,0,0,100
14:57:24,2,3,5,6.2,0.04,0.13,0.06,19.9,70,83,158,192.0,2,0,0,100
14:57:24,4,4,5,7.5,0.04,0.1,0.06,19.9,105,80,139,192.0,2,0,0,100
14:57:25,4,4,5,7.5,0.04,0.1,0.06,19.9,105,80,139,192.0,2,0,0,100
14:57:25,4,4,5,7.5,0.04,0.1,0.06,19.9,105,80,139,192.0,2,0,0,100
14:57:25,4,4,5,7.5,0.04,0.1,0.06,19.8,105,80,139,192.0,0,0,0,100
14:57:25,4,4,5,7.5,0.04,0.1,0.06,19.9,105,80,139,192.0,0,0,0,100
14:57:25,4,4,5,7.5,0.04,0.1,0.06,20.0,105,80,139,192.0,0,0,0,100
14:57:25,4,4,5,7.5,0.04,0.1,0.06,19.8,105,80,139,192.0,0,0,0,100
14:57:25,4,4,5,7.5,0.04,0.1,0.06,19.8,105,80,139,192.0,0,0,0,100
14:57:25,4,4,5,7.5,0.04,0.1,0.06,19.9,105,80,139,192.0,0,0,0,100
14:57:25,4,4,5,7.5,0.04,0.1,0.06,19.8,105,80,139,192.0,0,0,0,100
14:57:25,5,3,3,6.6,0.06,0.09,0.02,19.9,140,90,87,188.0,0,0,0,100
14:57:26,5,3,3,6.6,0.06,0.09,0.02,19.8,140,90,87,188.0,0,0,0,100
14:57:26,5,3,3,6.6,0.06,0.09,0.02,19.7,140,90,87,188.0,0,0,0,100
14:57:26,5,3,3,6.6,0.06,0.09,0.02,19.8,140,90,87,188.0,0,0,3,100
14:57:26,5,3,3,6.6,0.06,0.09,0.02,19.8,140,90,87,188.0,0,0,3,100
14:57:26,5,3,3,6.6,0.06,0.09,0.02,19.9,140,90,87,188.0,0,0,3,100
14:57:26,5,3,3,6.6,0.06,0.09,0.02,20.0,140,90,87,188.0,0,0,3,100
14:57:26,5,3,3,6.6,0.06,0.09,0.02,20.0,140,90,87,188.0,0,0,3,100
14:57:26,5,3,3,6.6,0.06,0.09,0.02,19.9,140,90,87,188.0,0,0,3,100
14:57:26,5,3,3,6.6,0.06,0.09,0.02,19.8,140,90,87,188.0,0,0,3,100
14:57:26,5,3,3,6.6,0.03,0.08,0.02,19.9,147,98,69,190.0,0,0,3,100
14:57:27,5,3,3,6.6,0.03,0.08,0.02,20.0,147,98,69,190.0,0,0,3,100
14:57:27,5,3,3,6.6,0.03,0.08,0.02,19.9,147,98,69,190.0,0,0,3,100
14:57:27,5,3,3,6.6,0.03,0.08,0.02,19.9,147,98,69,190.0,0,0,0,100
14:57:27,5,3,3,6.6,0.03,0.08,0.02,19.9,147,98,69,190.0,0,0,0,100
14:57:27,5,3,3,6.6,0.03,0.08,0.02,19.8,147,98,69,190.0,0,0,0,100
14:57:27,5,3,3,6.6,0.03,0.08,0.02,19.9,147,98,69,190.0,0,0,0,100
14:57:27,5,3,3,6.6,0.03,0.08,0.02,19.9,147,98,69,190.0,0,0,0,100
14:57:27,5,3,3,6.6,0.03,0.08,0.02,20.1,147,98,69,190.0,0,0,0,100
14:57:27,5,3,3,6.6,0.03,0.08,0.02,19.8,147,98,69,190.0,0,0,0,100
14:57:27,4,4,6,8.2,0.04,0.09,0.05,19.9,117,103,138,208.0,0,0,0,100
14:57:28,4,4,6,8.2,0.04,0.09,0.05,19.9,117,103,138,208.0,0,0,0,100
14:57:28,4,4,6,8.2,0.04,0.09,0.05,19.9,117,103,138,208.0,0,0,0,100
14:57:28,4,4,6,8.2,0.04,0.09,0.05,19.9,117,103,138,208.0,0,0,0,100
14:57:28,4,4,6,8.2,0.04,0.09,0.05,20.0,117,103,138,208.0,0,0,0,100
14:57:28,4,4,6,8.2,0.04,0.09,0.05,19.9,117,103,138,208.0,0,0,0,100
14:57:28,4,4,6,8.2,0.04,0.09,0.05,19.8,117,103,138,208.0,0,0,0,100
14:57:28,4,4,6,8.2,0.04,0.09,0.05,19.8,117,103,138,208.0,0,0,0,100
14:57:28,4,4,6,8.2,0.04,0.09,0.05,19.9,117,103,138,208.0,0,0,0,100
14:57:28,4,4,6,8.2,0.04,0.09,0.05,20.1,117,103,138,208.0,0,0,0,100
14:57:29,2,2,5,5.7,0.04,0.11,0.06,19.9,49,88,154,184.0,0,0,0,100
14:57:29,2,2,5,5.7,0.04,0.11,0.06,19.6,49,88,154,184.0,0,0,0,100
14:57:29,2,2,5,5.7,0.04,0.11,0.06,19.9,49,88,154,184.0,0,0,0,100
14:57:29,2,2,5,5.7,0.04,0.11,0.06,19.9,49,88,154,184.0,1,0,0,100
14:57:29,2,2,5,5.7,0.04,0.11,0.06,20.1,49,88,154,184.0,1,0,0,100
14:57:29,2,2,5,5.7,0.04,0.11,0.06,19.9,49,88,154,184.0,1,0,0,100
14:57:29,2,2,5,5.7,0.04,0.11,0.06,19.7,49,88,154,184.0,1,0,0,100
14:57:29,2,2,5,5.7,0.04,0.11,0.06,19.8,49,88,154,184.0,1,0,0,100
14:57:29,2,2,5,5.7,0.04,0.11,0.06,19.8,49,88,154,184.0,1,0,0,100
14:57:29,2,2,5,5.7,0.04,0.11,0.06,20.0,49,88,154,184.0,1,0,0,100
14:57:29,3,2,4,5.4,0.02,0.11,0.08,19.8,112,78,118,180.0,1,0,0,100
14:57:30,3,2,4,5.4,0.02,0.11,0.08,19.8,112,78,118,180.0,1,0,0,100
14:57:30,3,2,4,5.4,0.02,0.11,0.08,19.8,112,78,118,180.0,1,0,0,100
14:57:30,3,2,4,5.4,0.02,0.11,0.08,20.1,112,78,118,180.0,0,0,0,100
14:57:30,3,2,4,5.4,0.02,0.11,0.08,19.9,112,78,118,180.0,0,0,0,100
14:57:30,3,2,4,5.4,0.02,0.11,0.08,19.8,112,78,118,180.0,0,0,0,100
14:57:30,3,2,4,5.4,0.02,0.11,0.08,19.9,112,78,118,180.0,0,0,0,100
14:57:30,3,2,4,5.4,0.02,0.11,0.08,19.9,112,78,118,180.0,0,0,0,100
14:57:30,3,2,4,5.4,0.02,0.11,0.08,20.1,112,78,118,180.0,0,0,0,100
14:57:30,3,2,4,5.4,0.02,0.11,0.08,20.0,112,78,118,180.0,0,0,0,100
14:57:30,3,1,1,3.3,0.04,0.06,0.05,19.9,112,50,44,130.0,0,0,0,100
14:57:31,3,1,1,3.3,0.04,0.06,0.05,19.9,112,50,44,130.0,0,0,0,100
14:57:31,3,1,1,3.3,0.04,0.06,0.05,19.9,112,50,44,130.0,0,0,0,100
14:57:31,3,1,1,3.3,0.04,0.06,0.05,19.7,112,50,44,130.0,0,0,0,100
14:57:31,3,1,1,3.3,0.04,0.06,0.05,19.8,112,50,44,130.0,0,0,0,100
14:57:31,3,1,1,3.3,0.04,0.06,0.05,19.9,112,50,44,130.0,0,0,0,100
14:57:31,3,1,1,3.3,0.04,0.06,0.05,19.9,112,50,44,130.0,0,0,0,100
14:57:31,3,1,1,3.3,0.04,0.06,0.05,20.0,112,50,44,130.0,0,0,0,100
14:57:31,3,1,1,3.3,0.04,0.06,0.05,19.9,112,50,44,130.0,0,0,0,100
14:57:31,3,1,1,3.3,0.04,0.06,0.05,20.0,112,50,44,130.0,0,0,0,100
14:57:32,3,2,4,5.4,0.07,0.1,0.04,20.1,97,23,108,147.0,0,0,0,100
14:57:32,3,2,4,5.4,0.07,0.1,0.04,20.0,97,23,108,147.0,0,0,0,100
14:57:32,3,2,4,5.4,0.07,0.1,0.04,20.0,97,23,108,147.0,0,0,0,100
14:57:32,3,2,4,5.4,0.07,0.1,0.04,19.9,97,23,108,147.0,0,3,0,100
14:57:32,3,2,4,5.4,0.07,0.1,0.04,19.9,97,23,108,147.0,0,3,0,100
14:57:32,3,2,4,5.4,0.07,0.1,0.04,19.8,97,23,108,147.0,0,3,0,100
14:57:32,3,2,4,5.4,0.07,0.1,0.04,19.9,97,23,108,147.0,0,3,0,100
14:57:32,3,2,4,5.4,0.07,0.1,0.04,20.0,97,23,108,147.0,0,3,0,100
14:57:32,3,2,4,5.4,0.07,0.1,0.04,19.9,97,23,108,147.0,0,3,0,100
14:57:32,3,2,4,5.4,0.07,0.1,0.04,19.8,97,23,108,147.0,0,3,0,100
14:57:33,3,2,4,5.4,0.07,0.1,0.02,19.9,76,38,109,138.0,0,3,0,100
14:57:33,3,2,4,5.4,0.07,0.1,0.02,19.8,76,38,109,138.0,0,3,0,100
14:57:33,3,2,4,5.4,0.07,0.1,0.02,19.9,76,38,109,138.0,0,3,0,100
14:57:33,3,2,4,5.4,0.07,0.1,0.02,19.9,76,38,109,138.0,0,0,0,100
14:57:33,3,2,4,5.4,0.07,0.1,0.02,19.8,76,38,109,138.0,0,0,0,100
14:57:33,3,2,4,5.4,0.07,0.1,0.02,20.0,76,38,109,138.0,0,0,0,100
14:57:33,3,2,4,5.4,0.07,0.1,0.02,19.9,76,38,109,138.0,0,0,0,100
14:57:33,3,2,4,5.4,0.07,0.1,0.02,19.9,76,38,109,138.0,0,0,0,100
14:57:33,3,2,4,5.4,0.07,0.1,0.02,19.9,76,38,109,138.0,0,0,0,100
14:57:33,3,2,4,5.4,0.07,0.1,0.02,20.0,76,38,109,138.0,0,0,0,100
14:57:34,5,2,3,6.2,0.05,0.12,0.03,20.0,121,54,58,145.0,0,0,0,100
14:57:34,5,2,3,6.2,0.05,0.12,0.03,19.9,121,54,58,145.0,0,0,0,100
14:57:34,5,2,3,6.2,0.05,0.12,0.03,19.9,121,54,58,145.0,0,0,0,100
14:57:34,5,2,3,6.2,0.05,0.12,0.03,20.1,121,54,58,145.0,0,0,1,100
14:57:34,5,2,3,6.2,0.05,0.12,0.03,19.9,121,54,58,145.0,0,0,1,100
14:57:34,5,2,3,6.2,0.05,0.12,0.03,19.8,121,54,58,145.0,0,0,1,100
14:57:34,5,2,3,6.2,0.05,0.12,0.03,19.9,121,54,58,145.0,0,0,1,100
14:57:34,5,2,3,6.2,0.05,0.12,0.03,19.8,121,54,58,145.0,0,0,1,100
14:57:34,5,2,3,6.2,0.05,0.12,0.03,19.9,121,54,58,145.0,0,0,1,100
14:57:34,5,2,3,6.2,0.05,0.12,0.03,19.9,121,54,58,145.0,0,0,1,100
14:57:35,6,4,7,10.0,0.03,0.19,0.04,20.0,114,89,147,206.0,0,0,1,100
14:57:35,6,4,7,10.0,0.03,0.19,0.04,20.0,114,89,147,206.0,0,0,1,100
14:57:35,6,4,7,10.0,0.03,0.19,0.04,19.9,114,89,147,206.0,0,0,1,100
14:57:35,6,4,7,10.0,0.03,0.19,0.04,19.9,114,89,147,206.0,0,0,0,100
14:57:35,6,4,7,10.0,0.03,0.19,0.04,19.9,114,89,147,206.0,0,0,0,100
14:57:35,6,4,7,10.0,0.03,0.19,0.04,19.9,114,89,147,206.0,0,0,0,100
14:57:35,6,4,7,10.0,0.03,0.19,0.04,19.9,114,89,147,206.0,0,0,0,100
14:57:35,6,4,7,10.0,0.03,0.19,0.04,20.1,114,89,147,206.0,0,0,0,100
14:57:35,6,4,7,10.0,0.03,0.19,0.04,20.0,114,89,147,206.0,0,0,0,100
14:57:35,6,4,7,10.0,0.03,0.19,0.04,20.1,114,89,147,206.0,0,0,0,100
14:57:36,3,3,5,6.6,0.02,0.08,0.07,20.0,96,101,160,212.0,0,0,0,100
14:57:36,3,3,5,6.6,0.02,0.08,0.07,19.9,96,101,160,212.0,0,0,0,100
14:57:36,3,3,5,6.6,0.02,0.08,0.07,19.8,96,101,160,212.0,0,0,0,100
14:57:36,3,3,5,6.6,0.02,0.08,0.07,19.9,96,101,160,212.0,1,0,0,100
14:57:36,3,3,5,6.6,0.02,0.08,0.07,19.8,96,101,160,212.0,1,0,0,100
14:57:36,3,3,5,6.6,0.02,0.08,0.07,19.9,96,101,160,212.0,1,0,0,100
14:57:36,3,3,5,6.6,0.02,0.08,0.07,19.8,96,101,160,212.0,1,0,0,100
14:57:36,3,3,5,6.6,0.02,0.08,0.07,19.8,96,101,160,212.0,1,0,0,100
14:57:36,3,3,5,6.6,0.02,0.08,0.07,19.9,96,101,160,212.0,1,0,0,100
14:57:36,3,3,5,6.6,0.02,0.08,0.07,19.9,96,101,160,212.0,1,0,0,100
14:57:37,3,4,5,7.1,0.05,0.09,0.07,20.0,112,112,147,216.0,1,0,0,100
14:57:37,3,4,5,7.1,0.05,0.09,0.07,19.9,112,112,147,216.0,1,0,0,100
14:57:37,3,4,5,7.1,0.05,0.09,0.07,20.1,112,112,147,216.0,1,0,0,100
14:57:37,3,4,5,7.1,0.05,0.09,0.07,19.9,112,112,147,216.0,0,0,0,100
14:57:37,3,4,5,7.1,0.05,0.09,0.07,19.9,112,112,147,216.0,0,0,0,100
14:57:37,3,4,5,7.1,0.05,0.09,0.07,19.9,112,112,147,216.0,0,0,0,100
14:57:37,3,4,5,7.1,0.05,0.09,0.07,19.9,112,112,147,216.0,0,0,0,100
14:57:37,3,4,5,7.1,0.05,0.09,0.07,19.8,112,112,147,216.0,0,0,0,100
14:57:37,3,4,5,7.1,0.05,0.09,0.07,20.0,112,112,147,216.0,0,0,0,100
14:57:37,3,4,5,7.1,0.05,0.09,0.07,19.8,112,112,147,216.0,0,0,0,100
14:57:38,6,3,6,9.0,0.05,0.06,0.04,19.9,167,104,110,225.0,0,0,0,100
14:57:38,6,3,6,9.0,0.05,0.06,0.04,19.9,167,104,110,225.0,0,0,0,100
14:57:38,6,3,6,9.0,0.05,0.06,0.04,19.8,167,104,110,225.0,0,0,0,100
14:57:38,6,3,6,9.0,0.05,0.06,0.04,20.0,167,104,110,225.0,0,0,0,100
14:57:38,6,3,6,9.0,0.05,0.06,0.04,20.0,167,104,110,225.0,0,0,0,100
14:57:38,6,3,6,9.0,0.05,0.06,0.04,20.0,167,104,110,225.0,0,0,0,100
14:57:38,6,3,6,9.0,0.05,0.06,0.04,20.0,167,104,110,225.0,0,0,0,100
14:57:38,6,3,6,9.0,0.05,0.06,0.04,19.9,167,104,110,225.0,0,0,0,100
14:57:38,6,3,6,9.0,0.05,0.06,0.04,19.8,167,104,110,225.0,0,0,0,100
14:57:38,6,3,6,9.0,0.05,0.06,0.04,19.9,167,104,110,225.0,0,0,0,100
14:57:39,5,3,1,5.9,0.05,0.08,0.02,19.8,160,99,53,195.0,0,0,0,100
14:57:39,5,3,1,5.9,0.05,0.08,0.02,19.9,160,99,53,195.0,0,0,0,100
14:57:39,5,3,1,5.9,0.05,0.08,0.02,19.9,160,99,53,195.0,0,0,0,100
14:57:39,5,3,1,5.9,0.05,0.08,0.02,19.9,160,99,53,195.0,0,0,1,100
14:57:39,5,3,1,5.9,0.05,0.08,0.02,19.9,160,99,53,195.0,0,0,1,100
14:57:39,5,3,1,5.9,0.05,0.08,0.02,19.8,160,99,53,195.0,0,0,1,100
14:57:39,5,3,1,5.9,0.05,0.08,0.02,20.0,160,99,53,195.0,0,0,1,100
14:57:39,5,3,1,5.9,0.05,0.08,0.02,20.1,160,99,53,195.0,0,0,1,100
14:57:39,5,3,1,5.9,0.05,0.08,0.02,19.9,160,99,53,195.0,0,0,1,100
14:57:39,5,3,1,5.9,0.05,0.08,0.02,20.0,160,99,53,195.0,0,0,1,100
14:57:40,4,3,5,7.1,0.06,0.12,0.03,19.9,115,85,115,184.0,0,0,1,100
14:57:40,4,3,5,7.1,0.06,0.12,0.03,19.9,115,85,115,184.0,0,0,1,100
14:57:40,4,3,5,7.1,0.06,0.12,0.03,19.8,115,85,115,184.0,0,0,1,100
14:57:40,4,3,5,7.1,0.06,0.12,0.03,19.8,115,85,115,184.0,0,0,0,100
14:57:40,4,3,5,7.1,0.06,0.12,0.03,19.8,115,85,115,184.0,0,0,0,100
14:57:40,4,3,5,7.1,0.06,0.12,0.03,20.1,115,85,115,184.0,0,0,0,100
14:57:40,4,3,5,7.1,0.06,0.12,0.03,19.9,115,85,115,184.0,0,0,0,100
14:57:40,4,3,5,7.1,0.06,0.12,0.03,20.1,115,85,115,184.0,0,0,0,100
14:57:40,4,3,5,7.1,0.06,0.12,0.03,20.0,115,85,115,184.0,0,0,0,100
14:57:40,4,3,5,7.1,0.06,0.12,0.03,20.1,115,85,115,184.0,0,0,0,100
14:57:41,2,2,5,5.7,0.04,0.12,0.05,19.8,67,72,133,165.0,0,0,0,100
14:57:41,2,2,5,5.7,0.04,0.12,0.05,20.0,67,72,133,165.0,0,0,0,100
14:57:41,2,2,5,5.7,0.04,0.12,0.05,19.9,67,72,133,165.0,0,0,0,100
14:57:41,2,2,5,5.7,0.04,0.12,0.05,19.8,67,72,133,165.0,1,0,0,100
14:57:41,2,2,5,5.7,0.04,0.12,0.05,19.8,67,72,133,165.0,1,0,0,100
14:57:41,2,2,5,5.7,0.04,0.12,0.05,20.1,67,72,133,165.0,1,0,0,100
14:57:41,2,2,5,5.7,0.04,0.12,0.05,19.8,67,72,133,165.0,1,0,0,100
14:57:41,2,2,5,5.7,0.04,0.12,0.05,19.8,67,72,133,165.0,1,0,0,100
14:57:41,2,2,5,5.7,0.04,0.12,0.05,20.0,67,72,133,165.0,1,0,0,100
14:57:41,2,2,5,5.7,0.04,0.12,0.05,19.9,67,72,133,165.0,1,0,0,100
14:57:42,4,1,2,4.6,0.03,0.15,0.09,19.9,112,36,82,143.0,1,0,0,100
14:57:42,4,1,2,4.6,0.03,0.15,0.09,20.0,112,36,82,143.0,1,0,0,100
14:57:42,4,1,2,4.6,0.03,0.15,0.09,19.9,112,36,82,143.0,1,0,0,100
14:57:42,4,1,2,4.6,0.03,0.15,0.09,20.0,112,36,82,143.0,0,2,1,100
14:57:42,4,1,2,4.6,0.03,0.15,0.09,19.9,112,36,82,143.0,0,2,1,100
14:57:42,4,1,2,4.6,0.03,0.15,0.09,20.1,112,36,82,143.0,0,2,1,100
14:57:42,4,1,2,4.6,0.03,0.15,0.09,19.8,112,36,82,143.0,0,2,1,100
14:57:42,4,1,2,4.6,0.03,0.15,0.09,19.8,112,36,82,143.0,0,2,1,100
14:57:42,4,1,2,4.6,0.03,0.15,0.09,19.9,112,36,82,143.0,0,2,1,100
14:57:42,4,1,2,4.6,0.03,0.15,0.09,19.9,112,36,82,143.0,0,2,1,100
14:57:43,4,1,4,5.7,0.02,0.12,0.04,20.1,95,24,78,125.0,0,2,1,100
14:57:43,4,1,4,5.7,0.02,0.12,0.04,19.9,95,24,78,125.0,0,2,1,100
14:57:43,4,1,4,5.7,0.02,0.12,0.04,19.9,95,24,78,125.0,0,2,1,100
14:57:43,4,1,4,5.7,0.02,0.12,0.04,19.8,95,24,78,125.0,0,1,0,100
14:57:43,4,1,4,5.7,0.02,0.12,0.04,19.8,95,24,78,125.0,0,1,0,100
14:57:43,4,1,4,5.7,0.02,0.12,0.04,20.1,95,24,78,125.0,0,1,0,100
14:57:43,4,1,4,5.7,0.02,0.12,0.04,19.9,95,24,78,125.0,0,1,0,100
14:57:43,4,1,4,5.7,0.02,0.12,0.04,19.8,95,24,78,125.0,0,1,0,100
14:57:43,4,1,4,5.7,0.02,0.12,0.04,20.2,95,24,78,125.0,0,1,0,100
14:57:44,4,1,4,5.7,0.02,0.12,0.04,20.0,95,24,78,125.0,0,1,0,100
14:57:44,3,2,4,5.4,0.02,0.08,0.02,19.8,79,47,105,140.0,0,1,0,100
14:57:44,3,2,4,5.4,0.02,0.08,0.02,20.0,79,47,105,140.0,0,1,0,100
14:57:44,3,2,4,5.4,0.02,0.08,0.02,20.0,79,47,105,140.0,0,1,0,100
14:57:44,3,2,4,5.4,0.02,0.08,0.02,19.9,79,47,105,140.0,3,0,0,100
14:57:44,3,2,4,5.4,0.02,0.08,0.02,19.9,79,47,105,140.0,3,0,0,100
14:57:44,3,2,4,5.4,0.02,0.08,0.02,19.9,79,47,105,140.0,3,0,0,100
14:57:44,3,2,4,5.4,0.02,0.08,0.02,19.9,79,47,105,140.0,3,0,0,100
14:57:44,3,2,4,5.4,0.02,0.08,0.02,20.0,79,47,105,140.0,3,0,0,100
14:57:44,3,2,4,5.4,0.02,0.08,0.02,19.8,79,47,105,140.0,3,0,0,100
14:57:45,3,2,4,5.4,0.02,0.08,0.02,19.9,79,47,105,140.0,3,0,0,100
14:57:45,5,3,6,8.4,0.04,0.07,0.02,20.0,132,79,118,194.0,3,0,0,100
14:57:45,5,3,6,8.4,0.04,0.07,0.02,19.9,132,79,118,194.0,3,0,0,100
14:57:45,5,3,6,8.4,0.04,0.07,0.02,19.9,132,79,118,194.0,3,0,0,100
14:57:45,5,3,6,8.4,0.04,0.07,0.02,19.8,132,79,118,194.0,0,0,0,100
14:57:45,5,3,6,8.4,0.04,0.07,0.02,20.0,132,79,118,194.0,0,0,0,100
14:57:45,5,3,6,8.4,0.04,0.07,0.02,19.8,132,79,118,194.0,0,0,0,100
14:57:45,5,3,6,8.4,0.04,0.07,0.02,20.0,132,79,118,194.0,0,0,0,100
14:57:45,5,3,6,8.4,0.04,0.07,0.02,19.9,132,79,118,194.0,0,0,0,100
14:57:45,5,3,6,8.4,0.04,0.07,0.02,20.1,132,79,118,194.0,0,0,0,100
14:57:46,5,3,6,8.4,0.04,0.07,0.02,19.9,132,79,118,194.0,0,0,0,100
14:57:46,7,3,2,7.9,0.05,0.08,0.01,19.9,166,88,78,203.0,0,0,0,100
14:57:46,7,3,2,7.9,0.05,0.08,0.01,20.0,166,88,78,203.0,0,0,0,100
14:57:46,7,3,2,7.9,0.05,0.08,0.01,19.9,166,88,78,203.0,0,0,0,100
14:57:46,7,3,2,7.9,0.05,0.08,0.01,20.1,166,88,78,203.0,0,0,1,100
14:57:46,7,3,2,7.9,0.05,0.08,0.01,19.9,166,88,78,203.0,0,0,1,100
14:57:46,7,3,2,7.9,0.05,0.08,0.01,20.1,166,88,78,203.0,0,0,1,100
14:57:46,7,3,2,7.9,0.05,0.08,0.01,19.9,166,88,78,203.0,0,0,1,100
14:57:46,7,3,2,7.9,0.05,0.08,0.01,19.9,166,88,78,203.0,0,0,1,100
14:57:46,7,3,2,7.9,0.05,0.08,0.01,19.9,166,88,78,203.0,0,0,1,100
14:57:47,7,3,2,7.9,0.05,0.08,0.01,20.0,166,88,78,203.0,0,0,1,100
14:57:47,5,5,6,9.3,0.03,0.08,0.03,19.9,154,100,114,216.0,0,0,1,100
14:57:47,5,5,6,9.3,0.03,0.08,0.03,20.0,154,100,114,216.0,0,0,1,100
14:57:47,5,5,6,9.3,0.03,0.08,0.03,19.8,154,100,114,216.0,0,0,1,100
14:57:47,5,5,6,9.3,0.03,0.08,0.03,19.9,154,100,114,216.0,0,0,0,100
14:57:47,5,5,6,9.3,0.03,0.08,0.03,19.9,154,100,114,216.0,0,0,0,100
14:57:47,5,5,6,9.3,0.03,0.08,0.03,20.0,154,100,114,216.0,0,0,0,100
14:57:47,5,5,6,9.3,0.03,0.08,0.03,19.8,154,100,114,216.0,0,0,0,100
14:57:47,5,5,6,9.3,0.03,0.08,0.03,19.8,154,100,114,216.0,0,0,0,100
14:57:47,5,5,6,9.3,0.03,0.08,0.03,20.1,154,100,114,216.0,0,0,0,100
14:57:48,5,5,6,9.3,0.03,0.08,0.03,19.9,154,100,114,216.0,0,0,0,100
14:57:48,4,3,5,7.1,0.03,0.08,0.04,20.0,111,97,158,216.0,0,0,0,100
14:57:48,4,3,5,7.1,0.03,0.08,0.04,19.8,111,97,158,216.0,0,0,0,100
14:57:48,4,3,5,7.1,0.03,0.08,0.04,19.9,111,97,158,216.0,0,0,0,100
14:57:48,4,3,5,7.1,0.03,0.08,0.04,19.9,111,97,158,216.0,1,0,0,100
14:57:48,4,3,5,7.1,0.03,0.08,0.04,20.1,111,97,158,216.0,1,0,0,100
14:57:48,4,3,5,7.1,0.03,0.08,0.04,19.8,111,97,158,216.0,1,0,0,100
14:57:48,4,3,5,7.1,0.03,0.08,0.04,19.9,111,97,158,216.0,1,0,0,100
14:57:48,4,3,5,7.1,0.03,0.08,0.04,19.8,111,97,158,216.0,1,0,0,100
14:57:48,4,3,5,7.1,0.03,0.08,0.04,19.9,111,97,158,216.0,1,0,0,100
14:57:49,4,3,5,7.1,0.03,0.08,0.04,20.0,111,97,158,216.0,1,0,0,100
14:57:49,2,4,6,7.5,0.02,0.07,0.04,19.9,74,85,145,184.0,1,0,0,100
14:57:49,2,4,6,7.5,0.02,0.07,0.04,19.8,74,85,145,184.0,1,0,0,100
14:57:49,2,4,6,7.5,0.02,0.07,0.04,19.9,74,85,145,184.0,1,0,0,100
14:57:49,2,4,6,7.5,0.02,0.07,0.04,20.0,74,85,145,184.0,0,0,0,100
14:57:49,2,4,6,7.5,0.02,0.07,0.04,19.8,74,85,145,184.0,0,0,0,100
14:57:49,2,4,6,7.5,0.02,0.07,0.04,19.9,74,85,145,184.0,0,0,0,100
14:57:49,2,4,6,7.5,0.02,0.07,0.04,19.8,74,85,145,184.0,0,0,0,100
14:57:49,2,4,6,7.5,0.02,0.07,0.04,19.9,74,85,145,184.0,0,0,0,100
14:57:49,2,4,6,7.5,0.02,0.07,0.04,19.9,74,85,145,184.0,0,0,0,100
14:57:50,2,4,6,7.5,0.02,0.07,0.04,19.8,74,85,145,184.0,0,0,0,100
14:57:50,5,3,4,7.1,0.03,0.1,0.05,19.9,127,88,114,192.0,0,0,0,100
14:57:50,5,3,4,7.1,0.03,0.1,0.05,19.9,127,88,114,192.0,0,0,0,100
14:57:50,5,3,4,7.1,0.03,0.1,0.05,19.8,127,88,114,192.0,0,0,0,100
14:57:50,5,3,4,7.1,0.03,0.1,0.05,19.9,127,88,114,192.0,0,0,0,100
14:57:50,5,3,4,7.1,0.03,0.1,0.05,19.9,127,88,114,192.0,0,0,0,100
14:57:50,5,3,4,7.1,0.03,0.1,0.05,20.0,127,88,114,192.0,0,0,0,100
14:57:50,5,3,4,7.1,0.03,0.1,0.05,20.1,127,88,114,192.0,0,0,0,100
14:57:50,5,3,4,7.1,0.03,0.1,0.05,19.6,127,88,114,192.0,0,0,0,100
14:57:50,5,3,4,7.1,0.03,0.1,0.05,19.9,127,88,114,192.0,0,0,0,100
14:57:51,5,3,4,7.1,0.03,0.1,0.05,19.8,127,88,114,192.0,0,0,0,100
14:57:51,6,5,3,8.4,0.06,0.13,0.03,20.0,134,76,64,167.0,0,0,0,100
14:57:51,6,5,3,8.4,0.06,0.13,0.03,19.9,134,76,64,167.0,0,0,0,100
14:57:51,6,5,3,8.4,0.06,0.13,0.03,19.9,134,76,64,167.0,0,0,0,100
14:57:51,6,5,3,8.4,0.06,0.13,0.03,19.8,134,76,64,167.0,0,0,2,100
14:57:51,6,5,3,8.4,0.06,0.13,0.03,20.1,134,76,64,167.0,0,0,2,100
14:57:51,6,5,3,8.4,0.06,0.13,0.03,20.0,134,76,64,167.0,0,0,2,100
14:57:51,6,5,3,8.4,0.06,0.13,0.03,19.8,134,76,64,167.0,0,0,2,100
14:57:51,6,5,3,8.4,0.06,0.13,0.03,20.1,134,76,64,167.0,0,0,2,100
14:57:51,6,5,3,8.4,0.06,0.13,0.03,20.0,134,76,64,167.0,0,0,2,100
14:57:52,6,5,3,8.4,0.06,0.13,0.03,19.9,134,76,64,167.0,0,0,2,100
14:57:52,3,1,4,5.1,0.04,0.1,0.01,19.9,93,48,105,148.0,0,0,2,100
14:57:52,3,1,4,5.1,0.04,0.1,0.01,19.8,93,48,105,148.0,0,0,2,100
14:57:52,3,1,4,5.1,0.04,0.1,0.01,19.9,93,48,105,148.0,0,0,2,100
14:57:52,3,1,4,5.1,0.04,0.1,0.01,20.1,93,48,105,148.0,2,0,0,100
14:57:52,3,1,4,5.1,0.04,0.1,0.01,19.9,93,48,105,148.0,2,0,0,100
14:57:52,3,1,4,5.1,0.04,0.1,0.01,19.8,93,48,105,148.0,2,0,0,100
14:57:52,3,1,4,5.1,0.04,0.1,0.01,19.9,93,48,105,148.0,2,0,0,100
14:57:52,3,1,4,5.1,0.04,0.1,0.01,19.9,93,48,105,148.0,2,0,0,100
14:57:52,3,1,4,5.1,0.04,0.1,0.01,20.0,93,48,105,148.0,2,0,0,100
14:57:53,3,1,4,5.1,0.04,0.1,0.01,19.9,93,48,105,148.0,2,0,0,100
14:57:53,2,0,3,3.6,0.03,0.08,0.02,19.8,66,24,96,119.0,2,0,0,100
14:57:53,2,0,3,3.6,0.03,0.08,0.02,20.0,66,24,96,119.0,2,0,0,100
14:57:53,2,0,3,3.6,0.03,0.08,0.02,19.9,66,24,96,119.0,2,0,0,100
14:57:53,2,0,3,3.6,0.03,0.08,0.02,19.8,66,24,96,119.0,0,3,0,100
14:57:53,2,0,3,3.6,0.03,0.08,0.02,20.0,66,24,96,119.0,0,3,0,100
14:57:53,2,0,3,3.6,0.03,0.08,0.02,19.9,66,24,96,119.0,0,3,0,100
14:57:53,2,0,3,3.6,0.03,0.08,0.02,19.9,66,24,96,119.0,0,3,0,100
14:57:53,2,0,3,3.6,0.03,0.08,0.02,20.0,66,24,96,119.0,0,3,0,100
14:57:53,2,0,3,3.6,0.03,0.08,0.02,19.8,66,24,96,119.0,0,3,0,100
14:57:54,2,0,3,3.6,0.03,0.08,0.02,19.8,66,24,96,119.0,0,3,0,100
14:57:54,4,1,2,4.6,0.02,0.1,0.03,20.0,105,32,52,121.0,0,3,0,100
14:57:54,4,1,2,4.6,0.02,0.1,0.03,19.9,105,32,52,121.0,0,3,0,100
14:57:54,4,1,2,4.6,0.02,0.1,0.03,20.0,105,32,52,121.0,0,3,0,100
14:57:54,4,1,2,4.6,0.02,0.1,0.03,20.3,105,32,52,121.0,0,0,0,100
14:57:54,4,1,2,4.6,0.02,0.1,0.03,19.9,105,32,52,121.0,0,0,0,100
14:57:54,4,1,2,4.6,0.02,0.1,0.03,20.1,105,32,52,121.0,0,0,0,100
14:57:54,4,1,2,4.6,0.02,0.1,0.03,20.0,105,32,52,121.0,0,0,0,100
14:57:54,4,1,2,4.6,0.02,0.1,0.03,20.1,105,32,52,121.0,0,0,0,100
14:57:54,4,1,2,4.6,0.02,0.1,0.03,19.9,105,32,52,121.0,0,0,0,100
14:57:55,4,1,2,4.6,0.02,0.1,0.03,19.8,105,32,52,121.0,0,0,0,100
14:57:55,4,2,3,5.4,0.02,0.1,0.03,19.9,114,54,97,159.0,0,0,0,100
14:57:55,4,2,3,5.4,0.02,0.1,0.03,19.8,114,54,97,159.0,0,0,0,100
14:57:55,4,2,3,5.4,0.02,0.1,0.03,19.8,114,54,97,159.0,0,0,0,100
14:57:55,4,2,3,5.4,0.02,0.1,0.03,19.6,114,54,97,159.0,0,0,0,100
14:57:55,4,2,3,5.4,0.02,0.1,0.03,19.8,114,54,97,159.0,0,0,0,100
14:57:55,4,2,3,5.4,0.02,0.1,0.03,19.8,114,54,97,159.0,0,0,0,100
14:57:55,4,2,3,5.4,0.02,0.1,0.03,19.9,114,54,97,159.0,0,0,0,100
14:57:55,4,2,3,5.4,0.02,0.1,0.03,20.0,114,54,97,159.0,0,0,0,100
14:57:55,4,2,3,5.4,0.02,0.1,0.03,19.8,114,54,97,159.0,0,0,0,100
14:57:56,4,2,3,5.4,0.02,0.1,0.03,19.9,114,54,97,159.0,0,0,0,100
14:57:56,4,3,6,7.8,0.02,0.08,0.03,19.8,54,74,128,157.0,0,0,0,100
14:57:56,4,3,6,7.8,0.02,0.08,0.03,19.9,54,74,128,157.0,0,0,0,100
14:57:56,4,3,6,7.8,0.02,0.08,0.03,19.8,54,74,128,157.0,0,0,0,100
14:57:56,4,3,6,7.8,0.02,0.08,0.03,19.8,54,74,128,157.0,0,0,0,100
14:57:56,4,3,6,7.8,0.02,0.08,0.03,19.9,54,74,128,157.0,0,0,0,100
14:57:56,4,3,6,7.8,0.02,0.08,0.03,19.8,54,74,128,157.0,0,0,0,100
14:57:56,4,3,6,7.8,0.02,0.08,0.03,19.9,54,74,128,157.0,0,0,0,100
14:57:56,4,3,6,7.8,0.02,0.08,0.03,19.9,54,74,128,157.0,0,0,0,100
14:57:56,4,3,6,7.8,0.02,0.08,0.03,19.9,54,74,128,157.0,0,0,0,100
14:57:57,4,3,6,7.8,0.02,0.08,0.03,19.9,54,74,128,157.0,0,0,0,100
14:57:57,3,2,4,5.4,0.02,0.05,0.02,19.8,114,82,123,187.0,0,0,0,100
14:57:57,3,2,4,5.4,0.02,0.05,0.02,20.0,114,82,123,187.0,0,0,0,100
14:57:57,3,2,4,5.4,0.02,0.05,0.02,20.2,114,82,123,187.0,0,0,0,100
14:57:57,3,2,4,5.4,0.02,0.05,0.02,19.9,114,82,123,187.0,0,0,0,100
14:57:57,3,2,4,5.4,0.02,0.05,0.02,20.0,114,82,123,187.0,0,0,0,100
14:57:57,3,2,4,5.4,0.02,0.05,0.02,19.8,114,82,123,187.0,0,0,0,100
14:57:57,3,2,4,5.4,0.02,0.05,0.02,19.8,114,82,123,187.0,0,0,0,100
14:57:57,3,2,4,5.4,0.02,0.05,0.02,19.8,114,82,123,187.0,0,0,0,100
14:57:57,3,2,4,5.4,0.02,0.05,0.02,19.9,114,82,123,187.0,0,0,0,100
14:57:58,3,2,4,5.4,0.02,0.05,0.02,19.9,114,82,123,187.0,0,0,0,100
14:57:58,5,3,2,6.2,0.02,0.07,0.01,19.9,149,89,78,190.0,0,0,0,100
14:57:58,5,3,2,6.2,0.02,0.07,0.01,19.9,149,89,78,190.0,0,0,0,100
14:57:58,5,3,2,6.2,0.02,0.07,0.01,19.8,149,89,78,190.0,0,0,0,100
14:57:58,5,3,2,6.2,0.02,0.07,0.01,19.9,149,89,78,190.0,0,0,2,100
14:57:58,5,3,2,6.2,0.02,0.07,0.01,20.0,149,89,78,190.0,0,0,2,100
14:57:58,5,3,2,6.2,0.02,0.07,0.01,19.9,149,89,78,190.0,0,0,2,100
14:57:58,5,3,2,6.2,0.02,0.07,0.01,19.9,149,89,78,190.0,0,0,2,100
14:57:58,5,3,2,6.2,0.02,0.07,0.01,19.8,149,89,78,190.0,0,0,2,100
14:57:58,5,3,2,6.2,0.02,0.07,0.01,19.9,149,89,78,190.0,0,0,2,100
14:57:59,5,3,2,6.2,0.02,0.07,0.01,19.8,149,89,78,190.0,0,0,2,100
14:57:59,5,3,3,6.6,0.05,0.08,0.02,19.9,150,95,102,205.0,0,0,2,100
14:57:59,5,3,3,6.6,0.05,0.08,0.02,19.9,150,95,102,205.0,0,0,2,100
14:57:59,5,3,3,6.6,0.05,0.08,0.02,19.8,150,95,102,205.0,0,0,2,100
14:57:59,5,3,3,6.6,0.05,0.08,0.02,19.9,150,95,102,205.0,0,0,0,100
14:57:59,5,3,3,6.6,0.05,0.08,0.02,19.9,150,95,102,205.0,0,0,0,100
14:57:59,5,3,3,6.6,0.05,0.08,0.02,20.0,150,95,102,205.0,0,0,0,100
14:57:59,5,3,3,6.6,0.05,0.08,0.02,19.8,150,95,102,205.0,0,0,0,100
14:57:59,5,3,3,6.6,0.05,0.08,0.02,20.0,150,95,102,205.0,0,0,0,100
14:58:00,5,3,3,6.6,0.05,0.08,0.02,19.9,150,95,102,205.0,0,0,0,100
14:58:00,5,3,3,6.6,0.05,0.08,0.02,19.8,150,95,102,205.0,0,0,0,100
14:58:00,3,3,5,6.6,0.05,0.1,0.05,19.8,105,95,154,209.0,0,0,0,100
14:58:00,3,3,5,6.6,0.05,0.1,0.05,19.9,105,95,154,209.0,0,0,0,100
14:58:00,3,3,5,6.6,0.05,0.1,0.05,19.9,105,95,154,209.0,0,0,0,100
14:58:00,3,3,5,6.6,0.05,0.1,0.05,19.8,105,95,154,209.0,1,0,0,100
14:58:00,3,3,5,6.6,0.05,0.1,0.05,19.7,105,95,154,209.0,1,0,0,100
14:58:00,3,3,5,6.6,0.05,0.1,0.05,19.8,105,95,154,209.0,1,0,0,100
14:58:00,3,3,5,6.6,0.05,0.1,0.05,19.6,105,95,154,209.0,1,0,0,100
14:58:00,3,3,5,6.6,0.05,0.1,0.05,19.9,105,95,154,209.0,1,0,0,100
14:58:00,3,3,5,6.6,0.05,0.1,0.05,19.8,105,95,154,209.0,1,0,0,100
14:58:01,3,3,5,6.6,0.05,0.1,0.05,20.0,105,95,154,209.0,1,0,0,100
14:58:01,2,2,4,4.9,0.03,0.08,0.05,20.0,71,78,140,175.0,1,0,0,100
14:58:01,2,2,4,4.9,0.03,0.08,0.05,20.0,71,78,140,175.0,1,0,0,100
14:58:01,2,2,4,4.9,0.03,0.08,0.05,19.9,71,78,140,175.0,1,0,0,100
14:58:01,2,2,4,4.9,0.03,0.08,0.05,19.9,71,78,140,175.0,0,0,0,100
14:58:01,2,2,4,4.9,0.03,0.08,0.05,20.0,71,78,140,175.0,0,0,0,100
14:58:01,2,2,4,4.9,0.03,0.08,0.05,20.0,71,78,140,175.0,0,0,0,100
14:58:01,2,2,4,4.9,0.03,0.08,0.05,19.9,71,78,140,175.0,0,0,0,100
14:58:01,2,2,4,4.9,0.03,0.08,0.05,19.9,71,78,140,175.0,0,0,0,100
14:58:02,2,2,4,4.9,0.03,0.08,0.05,19.8,71,78,140,175.0,0,0,0,100
14:58:02,2,2,4,4.9,0.03,0.08,0.05,19.9,71,78,140,175.0,0,0,0,100
14:58:02,5,3,3,6.6,0.04,0.15,0.07,19.7,131,68,91,173.0,0,0,0,100
14:58:02,5,3,3,6.6,0.04,0.15,0.07,19.9,131,68,91,173.0,0,0,0,100
14:58:02,5,3,3,6.6,0.04,0.15,0.07,19.8,131,68,91,173.0,0,0,0,100
14:58:02,5,3,3,6.6,0.04,0.15,0.07,20.0,131,68,91,173.0,0,0,0,100
14:58:02,5,3,3,6.6,0.04,0.15,0.07,19.9,131,68,91,173.0,0,0,0,100
14:58:02,5,3,3,6.6,0.04,0.15,0.07,19.8,131,68,91,173.0,0,0,0,100
14:58:02,5,3,3,6.6,0.04,0.15,0.07,19.9,131,68,91,173.0,0,0,0,100
14:58:02,5,3,3,6.6,0.04,0.15,0.07,20.0,131,68,91,173.0,0,0,0,100
14:58:03,5,3,3,6.6,0.04,0.15,0.07,19.9,131,68,91,173.0,0,0,0,100
14:58:03,5,3,3,6.6,0.04,0.15,0.07,19.8,131,68,91,173.0,0,0,0,100
14:58:03,5,1,2,5.5,0.03,0.25,0.05,20.0,130,52,59,152.0,0,0,0,100
14:58:03,5,1,2,5.5,0.03,0.25,0.05,20.0,130,52,59,152.0,0,0,0,100
14:58:03,5,1,2,5.5,0.03,0.25,0.05,19.9,130,52,59,152.0,0,0,0,100
14:58:03,5,1,2,5.5,0.03,0.25,0.05,19.9,130,52,59,152.0,0,0,1,100
14:58:03,5,1,2,5.5,0.03,0.25,0.05,19.9,130,52,59,152.0,0,0,1,100
14:58:03,5,1,2,5.5,0.03,0.25,0.05,19.9,130,52,59,152.0,0,0,1,100
14:58:03,5,1,2,5.5,0.03,0.25,0.05,19.9,130,52,59,152.0,0,0,1,100
14:58:03,5,1,2,5.5,0.03,0.25,0.05,19.8,130,52,59,152.0,0,0,1,100
14:58:04,5,1,2,5.5,0.03,0.25,0.05,20.0,130,52,59,152.0,0,0,1,100
14:58:04,5,1,2,5.5,0.03,0.25,0.05,19.9,130,52,59,152.0,0,0,1,100
14:58:04,2,0,4,4.5,0.05,0.08,0.03,20.1,71,16,111,133.0,0,0,1,100
14:58:04,2,0,4,4.5,0.05,0.08,0.03,19.8,71,16,111,133.0,0,0,1,100
14:58:04,2,0,4,4.5,0.05,0.08,0.03,19.9,71,16,111,133.0,0,0,1,100
14:58:04,2,0,4,4.5,0.05,0.08,0.03,19.9,71,16,111,133.0,1,3,0,100
14:58:04,2,0,4,4.5,0.05,0.08,0.03,20.0,71,16,111,133.0,1,3,0,100
14:58:04,2,0,4,4.5,0.05,0.08,0.03,19.8,71,16,111,133.0,1,3,0,100
14:58:04,2,0,4,4.5,0.05,0.08,0.03,19.9,71,16,111,133.0,1,3,0,100
14:58:04,2,0,4,4.5,0.05,0.08,0.03,19.9,71,16,111,133.0,1,3,0,100
14:58:05,2,0,4,4.5,0.05,0.08,0.03,19.9,71,16,111,133.0,1,3,0,100
14:58:05,2,0,4,4.5,0.05,0.08,0.03,20.0,71,16,111,133.0,1,3,0,100
14:58:05,3,2,4,5.4,0.03,0.07,0.01,20.1,84,44,98,136.0,1,3,0,100
14:58:05,3,2,4,5.4,0.03,0.07,0.01,20.1,84,44,98,136.0,1,3,0,100
14:58:05,3,2,4,5.4,0.03,0.07,0.01,20.0,84,44,98,136.0,1,3,0,100
14:58:05,3,2,4,5.4,0.03,0.07,0.01,20.0,84,44,98,136.0,0,0,0,100
14:58:05,3,2,4,5.4,0.03,0.07,0.01,19.8,84,44,98,136.0,0,0,0,100
14:58:05,3,2,4,5.4,0.03,0.07,0.01,19.9,84,44,98,136.0,0,0,0,100
14:58:05,3,2,4,5.4,0.03,0.07,0.01,20.0,84,44,98,136.0,0,0,0,100
14:58:05,3,2,4,5.4,0.03,0.07,0.01,20.1,84,44,98,136.0,0,0,0,100
14:58:06,3,2,4,5.4,0.03,0.07,0.01,19.9,84,44,98,136.0,0,0,0,100
14:58:06,3,2,4,5.4,0.03,0.07,0.01,19.6,84,44,98,136.0,0,0,0,100
14:58:06,5,3,3,6.6,0.04,0.13,0.03,19.9,131,60,72,161.0,0,0,0,100
14:58:06,5,3,3,6.6,0.04,0.13,0.03,19.9,131,60,72,161.0,0,0,0,100
14:58:06,5,3,3,6.6,0.04,0.13,0.03,19.8,131,60,72,161.0,0,0,0,100
14:58:06,5,3,3,6.6,0.04,0.13,0.03,19.9,131,60,72,161.0,0,0,4,100
14:58:06,5,3,3,6.6,0.04,0.13,0.03,19.9,131,60,72,161.0,0,0,4,100
14:58:06,5,3,3,6.6,0.04,0.13,0.03,19.9,131,60,72,161.0,0,0,4,100
14:58:06,5,3,3,6.6,0.04,0.13,0.03,19.8,131,60,72,161.0,0,0,4,100
14:58:06,5,3,3,6.6,0.04,0.13,0.03,19.9,131,60,72,161.0,0,0,4,100
14:58:07,5,3,3,6.6,0.04,0.13,0.03,19.9,131,60,72,161.0,0,0,4,100
14:58:07,5,3,3,6.6,0.04,0.13,0.03,19.9,131,60,72,161.0,0,0,4,100
14:58:07,5,4,5,8.1,0.03,0.13,0.05,20.1,140,101,97,198.0,0,0,4,100
14:58:07,5,4,5,8.1,0.03,0.13,0.05,19.8,140,101,97,198.0,0,0,4,100
14:58:07,5,4,5,8.1,0.03,0.13,0.05,20.2,140,101,97,198.0,0,0,4,100
14:58:07,5,4,5,8.1,0.03,0.13,0.05,20.1,140,101,97,198.0,0,0,0,100
14:58:07,5,4,5,8.1,0.03,0.13,0.05,20.1,140,101,97,198.0,0,0,0,100
14:58:07,5,4,5,8.1,0.03,0.13,0.05,19.9,140,101,97,198.0,0,0,0,100
14:58:07,5,4,5,8.1,0.03,0.13,0.05,20.0,140,101,97,198.0,0,0,0,100
14:58:07,5,4,5,8.1,0.03,0.13,0.05,20.1,140,101,97,198.0,0,0,0,100
14:58:08,5,4,5,8.1,0.03,0.13,0.05,19.7,140,101,97,198.0,0,0,0,100
14:58:08,5,4,5,8.1,0.03,0.13,0.05,19.8,140,101,97,198.0,0,0,0,100
14:58:08,3,4,6,7.8,0.02,0.13,0.07,19.9,89,103,156,207.0,0,0,0,100
14:58:08,3,4,6,7.8,0.02,0.13,0.07,19.8,89,103,156,207.0,0,0,0,100
14:58:08,3,4,6,7.8,0.02,0.13,0.07,19.9,89,103,156,207.0,0,0,0,100
14:58:08,3,4,6,7.8,0.02,0.13,0.07,19.9,89,103,156,207.0,2,0,0,100
14:58:08,3,4,6,7.8,0.02,0.13,0.07,20.0,89,103,156,207.0,2,0,0,100
14:58:08,3,4,6,7.8,0.02,0.13,0.07,19.8,89,103,156,207.0,2,0,0,100
14:58:08,3,4,6,7.8,0.02,0.13,0.07,19.9,89,103,156,207.0,2,0,0,100
14:58:08,3,4,6,7.8,0.02,0.13,0.07,19.8,89,103,156,207.0,2,0,0,100
14:58:09,3,4,6,7.8,0.02,0.13,0.07,19.9,89,103,156,207.0,2,0,0,100
14:58:09,3,4,6,7.8,0.02,0.13,0.07,20.0,89,103,156,207.0,2,0,0,100
14:58:09,3,4,5,7.1,0.03,0.11,0.07,19.8,102,110,148,211.0,2,0,0,100
14:58:09,3,4,5,7.1,0.03,0.11,0.07,19.8,102,110,148,211.0,2,0,0,100
14:58:09,3,4,5,7.1,0.03,0.11,0.07,19.8,102,110,148,211.0,2,0,0,100
14:58:09,3,4,5,7.1,0.03,0.11,0.07,19.5,102,110,148,211.0,1,0,0,100
14:58:09,3,4,5,7.1,0.03,0.11,0.07,19.9,102,110,148,211.0,1,0,0,100
14:58:09,3,4,5,7.1,0.03,0.11,0.07,19.8,102,110,148,211.0,1,0,0,100
14:58:09,3,4,5,7.1,0.03,0.11,0.07,20.0,102,110,148,211.0,1,0,0,100
14:58:09,3,4,5,7.1,0.03,0.11,0.07,20.1,102,110,148,211.0,1,0,0,100
14:58:10,3,4,5,7.1,0.03,0.11,0.07,19.8,102,110,148,211.0,1,0,0,100
14:58:10,3,4,5,7.1,0.03,0.11,0.07,19.9,102,110,148,211.0,1,0,0,100
14:58:10,6,4,5,8.8,0.07,0.13,0.04,20.1,168,125,124,243.0,1,0,0,100
14:58:10,6,4,5,8.8,0.07,0.13,0.04,19.9,168,125,124,243.0,1,0,0,100
14:58:10,6,4,5,8.8,0.07,0.13,0.04,19.8,168,125,124,243.0,1,0,0,100
14:58:10,6,4,5,8.8,0.07,0.13,0.04,19.9,168,125,124,243.0,0,0,0,100
14:58:10,6,4,5,8.8,0.07,0.13,0.04,19.9,168,125,124,243.0,0,0,0,100
14:58:10,6,4,5,8.8,0.07,0.13,0.04,19.8,168,125,124,243.0,0,0,0,100
14:58:10,6,4,5,8.8,0.07,0.13,0.04,19.8,168,125,124,243.0,0,0,0,100
14:58:10,6,4,5,8.8,0.07,0.13,0.04,19.8,168,125,124,243.0,0,0,0,100
14:58:11,6,4,5,8.8,0.07,0.13,0.04,19.9,168,125,124,243.0,0,0,0,100
14:58:11,6,4,5,8.8,0.07,0.13,0.04,19.8,168,125,124,243.0,0,0,0,100
14:58:11,6,3,2,7.0,0.05,0.1,0.02,19.8,163,95,58,197.0,0,0,0,100
14:58:11,6,3,2,7.0,0.05,0.1,0.02,19.8,163,95,58,197.0,0,0,0,100
14:58:11,6,3,2,7.0,0.05,0.1,0.02,19.8,163,95,58,197.0,0,0,0,100
14:58:11,6,3,2,7.0,0.05,0.1,0.02,20.1,163,95,58,197.0,0,0,1,100
14:58:11,6,3,2,7.0,0.05,0.1,0.02,19.8,163,95,58,197.0,0,0,1,100
14:58:11,6,3,2,7.0,0.05,0.1,0.02,19.9,163,95,58,197.0,0,0,1,100
14:58:11,6,3,2,7.0,0.05,0.1,0.02,20.0,163,95,58,197.0,0,0,1,100
14:58:12,6,3,2,7.0,0.05,0.1,0.02,19.8,163,95,58,197.0,0,0,1,100
14:58:12,6,3,2,7.0,0.05,0.1,0.02,20.1,163,95,58,197.0,0,0,1,100
14:58:12,6,3,2,7.0,0.05,0.1,0.02,19.9,163,95,58,197.0,0,0,1,100
14:58:12,4,3,6,7.8,0.06,0.21,0.02,19.8,128,85,134,204.0,0,0,1,100
14:58:12,4,3,6,7.8,0.06,0.21,0.02,20.0,128,85,134,204.0,0,0,1,100
14:58:12,4,3,6,7.8,0.06,0.21,0.02,19.8,128,85,134,204.0,0,0,1,100
14:58:12,4,3,6,7.8,0.06,0.21,0.02,19.8,128,85,134,204.0,0,0,0,100
14:58:12,4,3,6,7.8,0.06,0.21,0.02,19.8,128,85,134,204.0,0,0,0,100
14:58:12,4,3,6,7.8,0.06,0.21,0.02,19.8,128,85,134,204.0,0,0,0,100
14:58:12,4,3,6,7.8,0.06,0.21,0.02,19.8,128,85,134,204.0,0,0,0,100
14:58:12,4,3,6,7.8,0.06,0.21,0.02,19.8,128,85,134,204.0,0,0,0,100
14:58:13,4,3,6,7.8,0.06,0.21,0.02,19.8,128,85,134,204.0,0,0,0,100
14:58:13,4,3,6,7.8,0.06,0.21,0.02,19.8,128,85,134,204.0,0,0,0,100
14:58:13,2,2,5,5.7,0.03,0.07,0.03,19.9,38,49,120,135.0,0,0,0,100
14:58:13,2,2,5,5.7,0.03,0.07,0.03,19.9,38,49,120,135.0,0,0,0,100
14:58:13,2,2,5,5.7,0.03,0.07,0.03,19.8,38,49,120,135.0,0,0,0,100
14:58:13,2,2,5,5.7,0.03,0.07,0.03,19.9,38,49,120,135.0,1,0,0,100
14:58:13,2,2,5,5.7,0.03,0.07,0.03,19.9,38,49,120,135.0,1,0,0,100
14:58:13,2,2,5,5.7,0.03,0.07,0.03,19.9,38,49,120,135.0,1,0,0,100
14:58:13,2,2,5,5.7,0.03,0.07,0.03,19.8,38,49,120,135.0,1,0,0,100
14:58:14,2,2,5,5.7,0.03,0.07,0.03,20.0,38,49,120,135.0,1,0,0,100
14:58:14,2,2,5,5.7,0.03,0.07,0.03,19.9,38,49,120,135.0,1,0,0,100
14:58:14,2,2,5,5.7,0.03,0.07,0.03,19.8,38,49,120,135.0,1,0,0,100
14:58:14,5,2,5,7.3,0.02,0.1,0.05,19.8,93,28,83,128.0,1,0,0,100
14:58:14,5,2,5,7.3,0.02,0.1,0.05,19.9,93,28,83,128.0,1,0,0,100
14:58:14,5,2,5,7.3,0.02,0.1,0.05,19.8,93,28,83,128.0,1,0,0,100
14:58:14,5,2,5,7.3,0.02,0.1,0.05,20.0,93,28,83,128.0,0,1,1,100
14:58:14,5,2,5,7.3,0.02,0.1,0.05,19.8,93,28,83,128.0,0,1,1,100
14:58:14,5,2,5,7.3,0.02,0.1,0.05,19.9,93,28,83,128.0,0,1,1,100
14:58:14,5,2,5,7.3,0.02,0.1,0.05,20.1,93,28,83,128.0,0,1,1,100
14:58:15,5,2,5,7.3,0.02,0.1,0.05,19.8,93,28,83,128.0,0,1,1,100
14:58:15,5,2,5,7.3,0.02,0.1,0.05,20.0,93,28,83,128.0,0,1,1,100
14:58:15,5,2,5,7.3,0.02,0.1,0.05,20.0,93,28,83,128.0,0,1,1,100
14:58:15,3,1,2,3.7,0.03,0.08,0.06,19.8,104,22,69,127.0,0,1,1,100
14:58:15,3,1,2,3.7,0.03,0.08,0.06,19.9,104,22,69,127.0,0,1,1,100
14:58:15,3,1,2,3.7,0.03,0.08,0.06,19.9,104,22,69,127.0,0,1,1,100
14:58:15,3,1,2,3.7,0.03,0.08,0.06,19.9,104,22,69,127.0,0,2,0,100
14:58:15,3,1,2,3.7,0.03,0.08,0.06,19.9,104,22,69,127.0,0,2,0,100
14:58:15,3,1,2,3.7,0.03,0.08,0.06,19.9,104,22,69,127.0,0,2,0,100
14:58:15,3,1,2,3.7,0.03,0.08,0.06,19.9,104,22,69,127.0,0,2,0,100
14:58:16,3,1,2,3.7,0.03,0.08,0.06,19.9,104,22,69,127.0,0,2,0,100
14:58:16,3,1,2,3.7,0.03,0.08,0.06,20.0,104,22,69,127.0,0,2,0,100
14:58:16,3,1,2,3.7,0.03,0.08,0.06,19.6,104,22,69,127.0,0,2,0,100
14:58:16,2,1,4,4.6,0.04,0.08,0.06,20.0,71,54,117,147.0,0,2,0,100
14:58:16,2,1,4,4.6,0.04,0.08,0.06,19.9,71,54,117,147.0,0,2,0,100
14:58:16,2,1,4,4.6,0.04,0.08,0.06,19.8,71,54,117,147.0,0,2,0,100
14:58:16,2,1,4,4.6,0.04,0.08,0.06,20.0,71,54,117,147.0,3,0,0,100
14:58:16,2,1,4,4.6,0.04,0.08,0.06,19.9,71,54,117,147.0,3,0,0,100
14:58:16,2,1,4,4.6,0.04,0.08,0.06,19.8,71,54,117,147.0,3,0,0,100
14:58:16,2,1,4,4.6,0.04,0.08,0.06,19.9,71,54,117,147.0,3,0,0,100
14:58:17,2,1,4,4.6,0.04,0.08,0.06,19.9,71,54,117,147.0,3,0,0,100
14:58:17,2,1,4,4.6,0.04,0.08,0.06,19.9,71,54,117,147.0,3,0,0,100
14:58:17,2,1,4,4.6,0.04,0.08,0.06,19.8,71,54,117,147.0,3,0,0,100
14:58:17,4,3,5,7.1,0.07,0.19,0.04,19.9,116,79,130,191.0,3,0,0,100
14:58:17,4,3,5,7.1,0.07,0.19,0.04,20.0,116,79,130,191.0,3,0,0,100
14:58:17,4,3,5,7.1,0.07,0.19,0.04,19.8,116,79,130,191.0,3,0,0,100
14:58:17,4,3,5,7.1,0.07,0.19,0.04,20.0,116,79,130,191.0,0,0,0,100
14:58:17,4,3,5,7.1,0.07,0.19,0.04,20.0,116,79,130,191.0,0,0,0,100
14:58:17,4,3,5,7.1,0.07,0.19,0.04,19.8,116,79,130,191.0,0,0,0,100
14:58:17,4,3,5,7.1,0.07,0.19,0.04,20.1,116,79,130,191.0,0,0,0,100
14:58:18,4,3,5,7.1,0.07,0.19,0.04,20.0,116,79,130,191.0,0,0,0,100
14:58:18,4,3,5,7.1,0.07,0.19,0.04,19.9,116,79,130,191.0,0,0,0,100
14:58:18,4,3,5,7.1,0.07,0.19,0.04,19.8,116,79,130,191.0,0,0,0,100
14:58:18,6,3,3,7.3,0.05,0.14,0.02,19.8,165,90,73,202.0,0,0,0,100
14:58:18,6,3,3,7.3,0.05,0.14,0.02,20.0,165,90,73,202.0,0,0,0,100
14:58:18,6,3,3,7.3,0.05,0.14,0.02,19.8,165,90,73,202.0,0,0,0,100
14:58:18,6,3,3,7.3,0.05,0.14,0.02,19.8,165,90,73,202.0,0,0,2,100
14:58:18,6,3,3,7.3,0.05,0.14,0.02,20.1,165,90,73,202.0,0,0,2,100
14:58:18,6,3,3,7.3,0.05,0.14,0.02,20.1,165,90,73,202.0,0,0,2,100
14:58:18,6,3,3,7.3,0.05,0.14,0.02,19.9,165,90,73,202.0,0,0,2,100
14:58:19,6,3,3,7.3,0.05,0.14,0.02,19.8,165,90,73,202.0,0,0,2,100
14:58:19,6,3,3,7.3,0.05,0.14,0.02,19.9,165,90,73,202.0,0,0,2,100
14:58:19,6,3,3,7.3,0.05,0.14,0.02,19.9,165,90,73,202.0,0,0,2,100
14:58:19,7,3,4,8.6,0.03,0.14,0.02,19.8,171,98,103,222.0,0,0,2,100
14:58:19,7,3,4,8.6,0.03,0.14,0.02,19.8,171,98,103,222.0,0,0,2,100
14:58:19,7,3,4,8.6,0.03,0.14,0.02,19.9,171,98,103,222.0,0,0,2,100
14:58:19,7,3,4,8.6,0.03,0.14,0.02,19.9,171,98,103,222.0,0,0,0,100
14:58:19,7,3,4,8.6,0.03,0.14,0.02,19.6,171,98,103,222.0,0,0,0,100
14:58:19,7,3,4,8.6,0.03,0.14,0.02,19.9,171,98,103,222.0,0,0,0,100
14:58:19,7,3,4,8.6,0.03,0.14,0.02,19.9,171,98,103,222.0,0,0,0,100
14:58:20,7,3,4,8.6,0.03,0.14,0.02,19.9,171,98,103,222.0,0,0,0,100
14:58:20,7,3,4,8.6,0.03,0.14,0.02,19.9,171,98,103,222.0,0,0,0,100
14:58:20,7,3,4,8.6,0.03,0.14,0.02,19.9,171,98,103,222.0,0,0,0,100
14:58:20,5,5,9,11.4,0.02,0.08,0.04,19.9,126,103,165,232.0,0,0,0,100
14:58:20,5,5,9,11.4,0.02,0.08,0.04,20.0,126,103,165,232.0,0,0,0,100
14:58:20,5,5,9,11.4,0.02,0.08,0.04,19.9,126,103,165,232.0,0,0,0,100
14:58:20,5,5,9,11.4,0.02,0.08,0.04,19.8,126,103,165,232.0,3,0,0,100
14:58:20,5,5,9,11.4,0.02,0.08,0.04,20.0,126,103,165,232.0,3,0,0,100
14:58:20,5,5,9,11.4,0.02,0.08,0.04,19.9,126,103,165,232.0,3,0,0,100
14:58:20,5,5,9,11.4,0.02,0.08,0.04,19.8,126,103,165,232.0,3,0,0,100
14:58:21,5,5,9,11.4,0.02,0.08,0.04,19.9,126,103,165,232.0,3,0,0,100
14:58:21,5,5,9,11.4,0.02,0.08,0.04,19.8,126,103,165,232.0,3,0,0,100
14:58:21,5,5,9,11.4,0.02,0.08,0.04,20.0,126,103,165,232.0,3,0,0,100
14:58:21,2,3,6,7.0,0.02,0.11,0.09,20.1,69,107,166,209.0,3,0,0,100
14:58:21,2,3,6,7.0,0.02,0.11,0.09,19.9,69,107,166,209.0,3,0,0,100
14:58:21,2,3,6,7.0,0.02,0.11,0.09,20.1,69,107,166,209.0,3,0,0,100
14:58:21,2,3,6,7.0,0.02,0.11,0.09,19.8,69,107,166,209.0,2,0,0,100
14:58:21,2,3,6,7.0,0.02,0.11,0.09,20.0,69,107,166,209.0,2,0,0,100
14:58:21,2,3,6,7.0,0.02,0.11,0.09,20.0,69,107,166,209.0,2,0,0,100
14:58:21,2,3,6,7.0,0.02,0.11,0.09,19.9,69,107,166,209.0,2,0,0,100
14:58:22,2,3,6,7.0,0.02,0.11,0.09,19.9,69,107,166,209.0,2,0,0,100
14:58:22,2,3,6,7.0,0.02,0.11,0.09,20.1,69,107,166,209.0,2,0,0,100
14:58:22,2,3,6,7.0,0.02,0.11,0.09,19.8,69,107,166,209.0,2,0,0,100
14:58:22,5,3,4,7.1,0.05,0.15,0.09,19.8,141,97,115,206.0,2,0,0,100
14:58:22,5,3,4,7.1,0.05,0.15,0.09,19.9,141,97,115,206.0,2,0,0,100
14:58:22,5,3,4,7.1,0.05,0.15,0.09,19.8,141,97,115,206.0,2,0,0,100
14:58:22,5,3,4,7.1,0.05,0.15,0.09,19.8,141,97,115,206.0,0,0,0,100
14:58:22,5,3,4,7.1,0.05,0.15,0.09,19.8,141,97,115,206.0,0,0,0,100
14:58:22,5,3,4,7.1,0.05,0.15,0.09,19.8,141,97,115,206.0,0,0,0,100
14:58:22,5,3,4,7.1,0.05,0.15,0.09,19.8,141,97,115,206.0,0,0,0,100
14:58:23,5,3,4,7.1,0.05,0.15,0.09,19.9,141,97,115,206.0,0,0,0,100
14:58:23,5,3,4,7.1,0.05,0.15,0.09,19.8,141,97,115,206.0,0,0,0,100
14:58:23,5,3,4,7.1,0.05,0.15,0.09,19.8,141,97,115,206.0,0,0,0,100
14:58:23,5,2,2,5.7,0.05,0.08,0.03,19.8,127,70,46,152.0,0,0,0,100
14:58:23,5,2,2,5.7,0.05,0.08,0.03,20.1,127,70,46,152.0,0,0,0,100
14:58:23,5,2,2,5.7,0.05,0.08,0.03,19.8,127,70,46,152.0,0,0,0,100
14:58:23,5,2,2,5.7,0.05,0.08,0.03,20.1,127,70,46,152.0,0,0,1,100
14:58:23,5,2,2,5.7,0.05,0.08,0.03,19.9,127,70,46,152.0,0,0,1,100
14:58:23,5,2,2,5.7,0.05,0.08,0.03,20.1,127,70,46,152.0,0,0,1,100
14:58:23,5,2,2,5.7,0.05,0.08,0.03,20.0,127,70,46,152.0,0,0,1,100
14:58:24,5,2,2,5.7,0.05,0.08,0.03,19.9,127,70,46,152.0,0,0,1,100
14:58:24,5,2,2,5.7,0.05,0.08,0.03,20.0,127,70,46,152.0,0,0,1,100
14:58:24,5,2,2,5.7,0.05,0.08,0.03,19.9,127,70,46,152.0,0,0,1,100
14:58:24,3,1,4,5.1,0.07,0.1,0.02,19.8,98,47,112,156.0,0,0,1,100
14:58:24,3,1,4,5.1,0.07,0.1,0.02,19.9,98,47,112,156.0,0,0,1,100
14:58:24,3,1,4,5.1,0.07,0.1,0.02,19.8,98,47,112,156.0,0,0,1,100
14:58:24,3,1,4,5.1,0.07,0.1,0.02,20.1,98,47,112,156.0,0,0,0,100
14:58:24,3,1,4,5.1,0.07,0.1,0.02,19.9,98,47,112,156.0,0,0,0,100
14:58:24,3,1,4,5.1,0.07,0.1,0.02,19.9,98,47,112,156.0,0,0,0,100
14:58:24,3,1,4,5.1,0.07,0.1,0.02,19.8,98,47,112,156.0,0,0,0,100
14:58:25,3,1,4,5.1,0.07,0.1,0.02,20.0,98,47,112,156.0,0,0,0,100
14:58:25,3,1,4,5.1,0.07,0.1,0.02,19.9,98,47,112,156.0,0,0,0,100
14:58:25,3,1,4,5.1,0.07,0.1,0.02,20.1,98,47,112,156.0,0,0,0,100
14:58:25,3,1,6,6.8,0.07,0.15,0.02,19.9,70,20,136,154.0,0,0,0,100
14:58:25,3,1,6,6.8,0.07,0.15,0.02,19.8,70,20,136,154.0,0,0,0,100
14:58:25,3,1,6,6.8,0.07,0.15,0.02,19.8,70,20,136,154.0,0,0,0,100
14:58:25,3,1,6,6.8,0.07,0.15,0.02,19.9,70,20,136,154.0,1,5,0,100
14:58:25,3,1,6,6.8,0.07,0.15,0.02,19.8,70,20,136,154.0,1,5,0,100
14:58:25,3,1,6,6.8,0.07,0.15,0.02,19.8,70,20,136,154.0,1,5,0,100
14:58:25,3,1,6,6.8,0.07,0.15,0.02,20.0,70,20,136,154.0,1,5,0,100
14:58:26,3,1,6,6.8,0.07,0.15,0.02,19.9,70,20,136,154.0,1,5,0,100
14:58:26,3,1,6,6.8,0.07,0.15,0.02,19.8,70,20,136,154.0,1,5,0,100
14:58:26,3,1,6,6.8,0.07,0.15,0.02,19.9,70,20,136,154.0,1,5,0,100
14:58:26,4,2,3,5.4,0.03,0.08,0.02,19.9,116,35,70,140.0,1,5,0,100
14:58:26,4,2,3,5.4,0.03,0.08,0.02,19.8,116,35,70,140.0,1,5,0,100
14:58:26,4,2,3,5.4,0.03,0.08,0.02,19.8,116,35,70,140.0,1,5,0,100
14:58:26,4,2,3,5.4,0.03,0.08,0.02,19.8,116,35,70,140.0,0,0,2,100
14:58:26,4,2,3,5.4,0.03,0.08,0.02,19.9,116,35,70,140.0,0,0,2,100
14:58:26,4,2,3,5.4,0.03,0.08,0.02,20.1,116,35,70,140.0,0,0,2,100
14:58:26,4,2,3,5.4,0.03,0.08,0.02,20.1,116,35,70,140.0,0,0,2,100
14:58:27,4,2,3,5.4,0.03,0.08,0.02,20.0,116,35,70,140.0,0,0,2,100
14:58:27,4,2,3,5.4,0.03,0.08,0.02,19.8,116,35,70,140.0,0,0,2,100
14:58:27,4,2,3,5.4,0.03,0.08,0.02,19.9,116,35,70,140.0,0,0,2,100
14:58:27,3,3,4,5.8,0.02,0.08,0.04,20.1,107,65,109,166.0,0,0,2,100
14:58:27,3,3,4,5.8,0.02,0.08,0.04,19.8,107,65,109,166.0,0,0,2,100
14:58:27,3,3,4,5.8,0.02,0.08,0.04,19.8,107,65,109,166.0,0,0,2,100
14:58:27,3,3,4,5.8,0.02,0.08,0.04,19.8,107,65,109,166.0,0,0,0,100
14:58:27,3,3,4,5.8,0.02,0.08,0.04,19.8,107,65,109,166.0,0,0,0,100
14:58:27,3,3,4,5.8,0.02,0.08,0.04,20.0,107,65,109,166.0,0,0,0,100
14:58:27,3,3,4,5.8,0.02,0.08,0.04,20.0,107,65,109,166.0,0,0,0,100
14:58:28,3,3,4,5.8,0.02,0.08,0.04,19.8,107,65,109,166.0,0,0,0,100
14:58:28,3,3,4,5.8,0.02,0.08,0.04,19.8,107,65,109,166.0,0,0,0,100
14:58:28,3,3,4,5.8,0.02,0.08,0.04,19.9,107,65,109,166.0,0,0,0,100
14:58:28,3,3,5,6.6,0.03,0.13,0.09,19.9,102,79,148,196.0,0,0,0,100
14:58:28,3,3,5,6.6,0.03,0.13,0.09,19.9,102,79,148,196.0,0,0,0,100
14:58:28,3,3,5,6.6,0.03,0.13,0.09,20.0,102,79,148,196.0,0,0,0,100
14:58:28,3,3,5,6.6,0.03,0.13,0.09,19.9,102,79,148,196.0,0,0,0,100
14:58:28,3,3,5,6.6,0.03,0.13,0.09,19.8,102,79,148,196.0,0,0,0,100
14:58:28,3,3,5,6.6,0.03,0.13,0.09,19.9,102,79,148,196.0,0,0,0,100
14:58:28,3,3,5,6.6,0.03,0.13,0.09,20.0,102,79,148,196.0,0,0,0,100
14:58:29,3,3,5,6.6,0.03,0.13,0.09,19.9,102,79,148,196.0,0,0,0,100
14:58:29,3,3,5,6.6,0.03,0.13,0.09,19.9,102,79,148,196.0,0,0,0,100
14:58:29,3,3,5,6.6,0.03,0.13,0.09,19.8,102,79,148,196.0,0,0,0,100
14:58:29,3,4,5,7.1,0.04,0.1,0.04,20.0,96,83,133,184.0,0,0,0,100
14:58:29,3,4,5,7.1,0.04,0.1,0.04,19.9,96,83,133,184.0,0,0,0,100
14:58:29,3,4,5,7.1,0.04,0.1,0.04,19.9,96,83,133,184.0,0,0,0,100
14:58:29,3,4,5,7.1,0.04,0.1,0.04,19.8,96,83,133,184.0,0,0,0,100
14:58:29,3,4,5,7.1,0.04,0.1,0.04,19.9,96,83,133,184.0,0,0,0,100
14:58:29,3,4,5,7.1,0.04,0.1,0.04,19.8,96,83,133,184.0,0,0,0,100
14:58:30,3,4,5,7.1,0.04,0.1,0.04,19.8,96,83,133,184.0,0,0,0,100
14:58:30,3,4,5,7.1,0.04,0.1,0.04,19.8,96,83,133,184.0,0,0,0,100
14:58:30,3,4,5,7.1,0.04,0.1,0.04,19.9,96,83,133,184.0,0,0,0,100
14:58:30,3,4,5,7.1,0.04,0.1,0.04,20.0,96,83,133,184.0,0,0,0,100
14:58:30,4,3,4,6.4,0.03,0.13,0.02,20.0,138,87,105,194.0,0,0,0,100
14:58:30,4,3,4,6.4,0.03,0.13,0.02,19.8,138,87,105,194.0,0,0,0,100
14:58:30,4,3,4,6.4,0.03,0.13,0.02,19.9,138,87,105,194.0,0,0,0,100
14:58:30,4,3,4,6.4,0.03,0.13,0.02,19.8,138,87,105,194.0,0,0,1,100
14:58:30,4,3,4,6.4,0.03,0.13,0.02,19.9,138,87,105,194.0,0,0,1,100
14:58:30,4,3,4,6.4,0.03,0.13,0.02,19.9,138,87,105,194.0,0,0,1,100
14:58:31,4,3,4,6.4,0.03,0.13,0.02,19.8,138,87,105,194.0,0,0,1,100
14:58:31,4,3,4,6.4,0.03,0.13,0.02,20.0,138,87,105,194.0,0,0,1,100
14:58:31,4,3,4,6.4,0.03,0.13,0.02,19.8,138,87,105,194.0,0,0,1,100
14:58:31,4,3,4,6.4,0.03,0.13,0.02,19.8,138,87,105,194.0,0,0,1,100
14:58:31,7,3,3,8.2,0.1,0.14,0.03,20.0,161,102,76,205.0,0,0,1,100
14:58:31,7,3,3,8.2,0.1,0.14,0.03,19.9,161,102,76,205.0,0,0,1,100
14:58:31,7,3,3,8.2,0.1,0.14,0.03,19.7,161,102,76,205.0,0,0,1,100
14:58:31,7,3,3,8.2,0.1,0.14,0.03,19.9,161,102,76,205.0,0,0,0,100
14:58:31,7,3,3,8.2,0.1,0.14,0.03,19.9,161,102,76,205.0,0,0,0,100
14:58:31,7,3,3,8.2,0.1,0.14,0.03,19.8,161,102,76,205.0,0,0,0,100
14:58:32,7,3,3,8.2,0.1,0.14,0.03,19.8,161,102,76,205.0,0,0,0,100
14:58:32,7,3,3,8.2,0.1,0.14,0.03,19.8,161,102,76,205.0,0,0,0,100
14:58:32,7,3,3,8.2,0.1,0.14,0.03,19.7,161,102,76,205.0,0,0,0,100
14:58:32,7,3,3,8.2,0.1,0.14,0.03,19.8,161,102,76,205.0,0,0,0,100
14:58:32,6,4,5,8.8,0.06,0.17,0.05,19.9,129,93,127,204.0,0,0,0,100
14:58:32,6,4,5,8.8,0.06,0.17,0.05,19.8,129,93,127,204.0,0,0,0,100
14:58:32,6,4,5,8.8,0.06,0.17,0.05,20.0,129,93,127,204.0,0,0,0,100
14:58:32,6,4,5,8.8,0.06,0.17,0.05,19.8,129,93,127,204.0,0,0,0,100
14:58:32,6,4,5,8.8,0.06,0.17,0.05,20.0,129,93,127,204.0,0,0,0,100
14:58:32,6,4,5,8.8,0.06,0.17,0.05,19.9,129,93,127,204.0,0,0,0,100
14:58:33,6,4,5,8.8,0.06,0.17,0.05,19.9,129,93,127,204.0,0,0,0,100
14:58:33,6,4,5,8.8,0.06,0.17,0.05,19.9,129,93,127,204.0,0,0,0,100
14:58:33,6,4,5,8.8,0.06,0.17,0.05,19.8,129,93,127,204.0,0,0,0,100
14:58:33,6,4,5,8.8,0.06,0.17,0.05,19.8,129,93,127,204.0,0,0,0,100
14:58:33,1,3,5,5.9,0.03,0.12,0.05,20.0,49,84,145,175.0,0,0,0,100
14:58:33,1,3,5,5.9,0.03,0.12,0.05,19.9,49,84,145,175.0,0,0,0,100
14:58:33,1,3,5,5.9,0.03,0.12,0.05,19.9,49,84,145,175.0,0,0,0,100
14:58:33,1,3,5,5.9,0.03,0.12,0.05,19.8,49,84,145,175.0,2,0,0,100
14:58:33,1,3,5,5.9,0.03,0.12,0.05,19.9,49,84,145,175.0,2,0,0,100
14:58:33,1,3,5,5.9,0.03,0.12,0.05,19.9,49,84,145,175.0,2,0,0,100
14:58:34,1,3,5,5.9,0.03,0.12,0.05,20.0,49,84,145,175.0,2,0,0,100
14:58:34,1,3,5,5.9,0.03,0.12,0.05,20.0,49,84,145,175.0,2,0,0,100
14:58:34,1,3,5,5.9,0.03,0.12,0.05,19.8,49,84,145,175.0,2,0,0,100
14:58:34,1,3,5,5.9,0.03,0.12,0.05,19.8,49,84,145,175.0,2,0,0,100
14:58:34,4,3,4,6.4,0.02,0.1,0.05,19.8,101,70,119,171.0,2,0,0,100
14:58:34,4,3,4,6.4,0.02,0.1,0.05,19.7,101,70,119,171.0,2,0,0,100
14:58:34,4,3,4,6.4,0.02,0.1,0.05,19.9,101,70,119,171.0,2,0,0,100
14:58:34,4,3,4,6.4,0.02,0.1,0.05,19.9,101,70,119,171.0,0,0,0,100
14:58:34,4,3,4,6.4,0.02,0.1,0.05,20.0,101,70,119,171.0,0,0,0,100
14:58:34,4,3,4,6.4,0.02,0.1,0.05,19.9,101,70,119,171.0,0,0,0,100
14:58:35,4,3,4,6.4,0.02,0.1,0.05,19.9,101,70,119,171.0,0,0,0,100
14:58:35,4,3,4,6.4,0.02,0.1,0.05,19.8,101,70,119,171.0,0,0,0,100
14:58:35,4,3,4,6.4,0.02,0.1,0.05,20.1,101,70,119,171.0,0,0,0,100
14:58:35,4,3,4,6.4,0.02,0.1,0.05,19.8,101,70,119,171.0,0,0,0,100
14:58:35,4,4,3,6.4,0.03,0.08,0.06,19.9,111,41,38,124.0,0,0,0,100
14:58:35,4,4,3,6.4,0.03,0.08,0.06,19.8,111,41,38,124.0,0,0,0,100
14:58:35,4,4,3,6.4,0.03,0.08,0.06,19.9,111,41,38,124.0,0,0,0,100
14:58:35,4,4,3,6.4,0.03,0.08,0.06,19.7,111,41,38,124.0,0,0,1,100
14:58:35,4,4,3,6.4,0.03,0.08,0.06,20.0,111,41,38,124.0,0,0,1,100
14:58:35,4,4,3,6.4,0.03,0.08,0.06,19.8,111,41,38,124.0,0,0,1,100
14:58:36,4,4,3,6.4,0.03,0.08,0.06,19.8,111,41,38,124.0,0,0,1,100
14:58:36,4,4,3,6.4,0.03,0.08,0.06,19.9,111,41,38,124.0,0,0,1,100
14:58:36,4,4,3,6.4,0.03,0.08,0.06,20.1,111,41,38,124.0,0,0,1,100
14:58:36,4,4,3,6.4,0.03,0.08,0.06,19.9,111,41,38,124.0,0,0,1,100
14:58:36,2,0,3,3.6,0.07,0.09,0.03,20.0,76,13,102,128.0,0,0,1,100
14:58:36,2,0,3,3.6,0.07,0.09,0.03,19.9,76,13,102,128.0,0,0,1,100
14:58:36,2,0,3,3.6,0.07,0.09,0.03,19.9,76,13,102,128.0,0,0,1,100
14:58:36,2,0,3,3.6,0.07,0.09,0.03,20.0,76,13,102,128.0,1,3,0,100
14:58:36,2,0,3,3.6,0.07,0.09,0.03,19.9,76,13,102,128.0,1,3,0,100
14:58:36,2,0,3,3.6,0.07,0.09,0.03,20.0,76,13,102,128.0,1,3,0,100
14:58:37,2,0,3,3.6,0.07,0.09,0.03,20.0,76,13,102,128.0,1,3,0,100
14:58:37,2,0,3,3.6,0.07,0.09,0.03,19.8,76,13,102,128.0,1,3,0,100
14:58:37,2,0,3,3.6,0.07,0.09,0.03,19.8,76,13,102,128.0,1,3,0,100
14:58:37,2,0,3,3.6,0.07,0.09,0.03,20.1,76,13,102,128.0,1,3,0,100
14:58:37,2,1,4,4.6,0.07,0.12,0.03,19.9,68,37,112,136.0,1,3,0,100
14:58:37,2,1,4,4.6,0.07,0.12,0.03,19.9,68,37,112,136.0,1,3,0,100
14:58:37,2,1,4,4.6,0.07,0.12,0.03,19.8,68,37,112,136.0,1,3,0,100
14:58:37,2,1,4,4.6,0.07,0.12,0.03,19.9,68,37,112,136.0,0,0,0,100
14:58:37,2,1,4,4.6,0.07,0.12,0.03,19.9,68,37,112,136.0,0,0,0,100
14:58:37,2,1,4,4.6,0.07,0.12,0.03,19.8,68,37,112,136.0,0,0,0,100
14:58:38,2,1,4,4.6,0.07,0.12,0.03,20.1,68,37,112,136.0,0,0,0,100
14:58:38,2,1,4,4.6,0.07,0.12,0.03,19.9,68,37,112,136.0,0,0,0,100
14:58:38,2,1,4,4.6,0.07,0.12,0.03,19.9,68,37,112,136.0,0,0,0,100
14:58:38,2,1,4,4.6,0.07,0.12,0.03,19.9,68,37,112,136.0,0,0,0,100
14:58:38,6,4,4,8.2,0.08,0.21,0.03,19.8,144,79,78,182.0,0,0,0,100
14:58:38,6,4,4,8.2,0.08,0.21,0.03,19.9,144,79,78,182.0,0,0,0,100
14:58:38,6,4,4,8.2,0.08,0.21,0.03,19.9,144,79,78,182.0,0,0,0,100
14:58:38,6,4,4,8.2,0.08,0.21,0.03,20.0,144,79,78,182.0,0,0,2,100
14:58:38,6,4,4,8.2,0.08,0.21,0.03,19.8,144,79,78,182.0,0,0,2,100
14:58:38,6,4,4,8.2,0.08,0.21,0.03,19.9,144,79,78,182.0,0,0,2,100
14:58:39,6,4,4,8.2,0.08,0.21,0.03,19.9,144,79,78,182.0,0,0,2,100
14:58:39,6,4,4,8.2,0.08,0.21,0.03,19.8,144,79,78,182.0,0,0,2,100
14:58:39,6,4,4,8.2,0.08,0.21,0.03,19.9,144,79,78,182.0,0,0,2,100
14:58:39,6,4,4,8.2,0.08,0.21,0.03,19.9,144,79,78,182.0,0,0,2,100
14:58:39,7,4,7,10.7,0.04,0.06,0.03,19.9,128,85,113,191.0,0,0,2,100
14:58:39,7,4,7,10.7,0.04,0.06,0.03,19.9,128,85,113,191.0,0,0,2,100
14:58:39,7,4,7,10.7,0.04,0.06,0.03,19.9,128,85,113,191.0,0,0,2,100
14:58:39,7,4,7,10.7,0.04,0.06,0.03,19.9,128,85,113,191.0,0,0,0,100
14:58:39,7,4,7,10.7,0.04,0.06,0.03,20.1,128,85,113,191.0,0,0,0,100
14:58:40,7,4,7,10.7,0.04,0.06,0.03,19.9,128,85,113,191.0,0,0,0,100
14:58:40,7,4,7,10.7,0.04,0.06,0.03,19.8,128,85,113,191.0,0,0,0,100
14:58:40,7,4,7,10.7,0.04,0.06,0.03,19.8,128,85,113,191.0,0,0,0,100
14:58:40,7,4,7,10.7,0.04,0.06,0.03,19.9,128,85,113,191.0,0,0,0,100
14:58:40,7,4,7,10.7,0.04,0.06,0.03,19.9,128,85,113,191.0,0,0,0,100
14:58:40,3,3,4,5.8,0.02,0.09,0.04,19.9,95,92,142,194.0,0,0,0,100
14:58:40,3,3,4,5.8,0.02,0.09,0.04,19.8,95,92,142,194.0,0,0,0,100
14:58:40,3,3,4,5.8,0.02,0.09,0.04,19.9,95,92,142,194.0,0,0,0,100
14:58:40,3,3,4,5.8,0.02,0.09,0.04,19.8,95,92,142,194.0,0,0,0,100
14:58:40,3,3,4,5.8,0.02,0.09,0.04,19.8,95,92,142,194.0,0,0,0,100
14:58:41,3,3,4,5.8,0.02,0.09,0.04,19.8,95,92,142,194.0,0,0,0,100
14:58:41,3,3,4,5.8,0.02,0.09,0.04,19.8,95,92,142,194.0,0,0,0,100
14:58:41,3,3,4,5.8,0.02,0.09,0.04,19.9,95,92,142,194.0,0,0,0,100
14:58:41,3,3,4,5.8,0.02,0.09,0.04,19.8,95,92,142,194.0,0,0,0,100
14:58:41,3,3,4,5.8,0.02,0.09,0.04,19.8,95,92,142,194.0,0,0,0,100
14:58:41,2,3,4,5.4,0.02,0.06,0.06,19.8,66,102,147,191.0,0,0,0,100
14:58:41,2,3,4,5.4,0.02,0.06,0.06,20.0,66,102,147,191.0,0,0,0,100
14:58:41,2,3,4,5.4,0.02,0.06,0.06,19.8,66,102,147,191.0,0,0,0,100
14:58:41,2,3,4,5.4,0.02,0.06,0.06,19.9,66,102,147,191.0,1,0,0,100
14:58:41,2,3,4,5.4,0.02,0.06,0.06,20.1,66,102,147,191.0,1,0,0,100
14:58:42,2,3,4,5.4,0.02,0.06,0.06,20.0,66,102,147,191.0,1,0,0,100
14:58:42,2,3,4,5.4,0.02,0.06,0.06,19.9,66,102,147,191.0,1,0,0,100
14:58:42,2,3,4,5.4,0.02,0.06,0.06,20.1,66,102,147,191.0,1,0,0,100
14:58:42,2,3,4,5.4,0.02,0.06,0.06,19.8,66,102,147,191.0,1,0,0,100
14:58:42,2,3,4,5.4,0.02,0.06,0.06,20.1,66,102,147,191.0,1,0,0,100
14:58:42,4,3,4,6.4,0.05,0.13,0.04,19.9,130,98,131,209.0,1,0,0,100
14:58:42,4,3,4,6.4,0.05,0.13,0.04,19.9,130,98,131,209.0,1,0,0,100
14:58:42,4,3,4,6.4,0.05,0.13,0.04,20.0,130,98,131,209.0,1,0,0,100
14:58:42,4,3,4,6.4,0.05,0.13,0.04,19.9,130,98,131,209.0,0,0,0,100
14:58:42,4,3,4,6.4,0.05,0.13,0.04,19.8,130,98,131,209.0,0,0,0,100
14:58:43,4,3,4,6.4,0.05,0.13,0.04,19.8,130,98,131,209.0,0,0,0,100
14:58:43,4,3,4,6.4,0.05,0.13,0.04,20.0,130,98,131,209.0,0,0,0,100
14:58:43,4,3,4,6.4,0.05,0.13,0.04,19.9,130,98,131,209.0,0,0,0,100
14:58:43,4,3,4,6.4,0.05,0.13,0.04,19.9,130,98,131,209.0,0,0,0,100
14:58:43,4,3,4,6.4,0.05,0.13,0.04,19.9,130,98,131,209.0,0,0,0,100
14:58:43,6,4,3,7.8,0.07,0.12,0.05,20.0,176,113,68,220.0,0,0,0,100
14:58:43,6,4,3,7.8,0.07,0.12,0.05,19.8,176,113,68,220.0,0,0,0,100
14:58:43,6,4,3,7.8,0.07,0.12,0.05,19.8,176,113,68,220.0,0,0,0,100
14:58:43,6,4,3,7.8,0.07,0.12,0.05,19.9,176,113,68,220.0,0,0,1,100
14:58:43,6,4,3,7.8,0.07,0.12,0.05,19.9,176,113,68,220.0,0,0,1,100
14:58:44,6,4,3,7.8,0.07,0.12,0.05,19.9,176,113,68,220.0,0,0,1,100
14:58:44,6,4,3,7.8,0.07,0.12,0.05,20.2,176,113,68,220.0,0,0,1,100
14:58:44,6,4,3,7.8,0.07,0.12,0.05,19.9,176,113,68,220.0,0,0,1,100
14:58:44,6,4,3,7.8,0.07,0.12,0.05,19.9,176,113,68,220.0,0,0,1,100
14:58:44,6,4,3,7.8,0.07,0.12,0.05,19.8,176,113,68,220.0,0,0,1,100
14:58:44,5,3,4,7.1,0.09,0.1,0.02,19.9,124,88,110,188.0,0,0,1,100
14:58:44,5,3,4,7.1,0.09,0.1,0.02,19.8,124,88,110,188.0,0,0,1,100
14:58:44,5,3,4,7.1,0.09,0.1,0.02,19.8,124,88,110,188.0,0,0,1,100
14:58:44,5,3,4,7.1,0.09,0.1,0.02,19.8,124,88,110,188.0,0,0,0,100
14:58:44,5,3,4,7.1,0.09,0.1,0.02,19.8,124,88,110,188.0,0,0,0,100
14:58:45,5,3,4,7.1,0.09,0.1,0.02,19.9,124,88,110,188.0,0,0,0,100
14:58:45,5,3,4,7.1,0.09,0.1,0.02,19.7,124,88,110,188.0,0,0,0,100
14:58:45,5,3,4,7.1,0.09,0.1,0.02,19.9,124,88,110,188.0,0,0,0,100
14:58:45,5,3,4,7.1,0.09,0.1,0.02,19.9,124,88,110,188.0,0,0,0,100
14:58:45,5,3,4,7.1,0.09,0.1,0.02,19.9,124,88,110,188.0,0,0,0,100
14:58:45,2,2,4,4.9,0.05,0.1,0.04,19.9,48,61,127,149.0,0,0,0,100
14:58:45,2,2,4,4.9,0.05,0.1,0.04,19.9,48,61,127,149.0,0,0,0,100
14:58:45,2,2,4,4.9,0.05,0.1,0.04,19.9,48,61,127,149.0,0,0,0,100
14:58:45,2,2,4,4.9,0.05,0.1,0.04,19.9,48,61,127,149.0,1,0,0,100
14:58:45,2,2,4,4.9,0.05,0.1,0.04,19.9,48,61,127,149.0,1,0,0,100
14:58:46,2,2,4,4.9,0.05,0.1,0.04,19.9,48,61,127,149.0,1,0,0,100
14:58:46,2,2,4,4.9,0.05,0.1,0.04,20.0,48,61,127,149.0,1,0,0,100
14:58:46,2,2,4,4.9,0.05,0.1,0.04,19.9,48,61,127,149.0,1,0,0,100
14:58:46,2,2,4,4.9,0.05,0.1,0.04,19.9,48,61,127,149.0,1,0,0,100
14:58:46,2,2,4,4.9,0.05,0.1,0.04,19.9,48,61,127,149.0,1,0,0,100
14:58:46,3,1,3,4.4,0.04,0.15,0.09,19.8,97,28,96,139.0,1,0,0,100
14:58:46,3,1,3,4.4,0.04,0.15,0.09,19.9,97,28,96,139.0,1,0,0,100
14:58:46,3,1,3,4.4,0.04,0.15,0.09,19.7,97,28,96,139.0,1,0,0,100
14:58:46,3,1,3,4.4,0.04,0.15,0.09,19.6,97,28,96,139.0,0,2,0,100
14:58:46,3,1,3,4.4,0.04,0.15,0.09,19.8,97,28,96,139.0,0,2,0,100
14:58:47,3,1,3,4.4,0.04,0.15,0.09,19.8,97,28,96,139.0,0,2,0,100
14:58:47,3,1,3,4.4,0.04,0.15,0.09,19.8,97,28,96,139.0,0,2,0,100
14:58:47,3,1,3,4.4,0.04,0.15,0.09,19.8,97,28,96,139.0,0,2,0,100
14:58:47,3,1,3,4.4,0.04,0.15,0.09,19.9,97,28,96,139.0,0,2,0,100
14:58:47,3,1,3,4.4,0.04,0.15,0.09,20.0,97,28,96,139.0,0,2,0,100
14:58:47,4,1,2,4.6,0.02,0.12,0.08,19.7,115,23,56,130.0,0,2,0,100
14:58:47,4,1,2,4.6,0.02,0.12,0.08,20.0,115,23,56,130.0,0,2,0,100
14:58:47,4,1,2,4.6,0.02,0.12,0.08,20.0,115,23,56,130.0,0,2,0,100
14:58:47,4,1,2,4.6,0.02,0.12,0.08,19.9,115,23,56,130.0,0,0,2,100
14:58:47,4,1,2,4.6,0.02,0.12,0.08,19.8,115,23,56,130.0,0,0,2,100
14:58:48,4,1,2,4.6,0.02,0.12,0.08,19.9,115,23,56,130.0,0,0,2,100
14:58:48,4,1,2,4.6,0.02,0.12,0.08,19.9,115,23,56,130.0,0,0,2,100
14:58:48,4,1,2,4.6,0.02,0.12,0.08,20.0,115,23,56,130.0,0,0,2,100
14:58:48,4,1,2,4.6,0.02,0.12,0.08,20.0,115,23,56,130.0,0,0,2,100
14:58:48,4,1,2,4.6,0.02,0.12,0.08,19.8,115,23,56,130.0,0,0,2,100
14:58:48,3,3,4,5.8,0.02,0.1,0.03,19.9,80,55,117,152.0,0,0,2,100
14:58:48,3,3,4,5.8,0.02,0.1,0.03,19.8,80,55,117,152.0,0,0,2,100
14:58:48,3,3,4,5.8,0.02,0.1,0.03,19.8,80,55,117,152.0,0,0,2,100
14:58:48,3,3,4,5.8,0.02,0.1,0.03,19.8,80,55,117,152.0,2,0,0,100
14:58:48,3,3,4,5.8,0.02,0.1,0.03,20.1,80,55,117,152.0,2,0,0,100
14:58:49,3,3,4,5.8,0.02,0.1,0.03,19.8,80,55,117,152.0,2,0,0,100
14:58:49,3,3,4,5.8,0.02,0.1,0.03,19.8,80,55,117,152.0,2,0,0,100
14:58:49,3,3,4,5.8,0.02,0.1,0.03,19.9,80,55,117,152.0,2,0,0,100
14:58:49,3,3,4,5.8,0.02,0.1,0.03,19.8,80,55,117,152.0,2,0,0,100
14:58:49,3,3,4,5.8,0.02,0.1,0.03,19.8,80,55,117,152.0,2,0,0,100
14:58:49,3,3,4,5.8,0.02,0.1,0.03,19.8,80,55,117,152.0,2,0,0,100
14:58:49,5,4,5,8.1,0.1,0.21,0.04,19.9,130,104,139,217.0,2,0,0,100
14:58:49,5,4,5,8.1,0.1,0.21,0.04,19.9,130,104,139,217.0,2,0,0,100
14:58:49,5,4,5,8.1,0.1,0.21,0.04,19.8,130,104,139,217.0,2,0,0,100
14:58:49,5,4,5,8.1,0.1,0.21,0.04,19.9,130,104,139,217.0,2,0,0,100
14:58:50,5,4,5,8.1,0.1,0.21,0.04,19.8,130,104,139,217.0,2,0,0,100
14:58:50,5,4,5,8.1,0.1,0.21,0.04,20.0,130,104,139,217.0,2,0,0,100
14:58:50,5,4,5,8.1,0.1,0.21,0.04,19.9,130,104,139,217.0,2,0,0,100
14:58:50,5,4,5,8.1,0.1,0.21,0.04,19.9,130,104,139,217.0,2,0,0,100
14:58:50,5,4,5,8.1,0.1,0.21,0.04,20.0,130,104,139,217.0,2,0,0,100
14:58:50,5,4,5,8.1,0.1,0.21,0.04,19.9,130,104,139,217.0,2,0,0,100
14:58:50,6,4,3,7.8,0.08,0.1,0.03,19.9,163,101,104,218.0,2,0,0,100
14:58:50,6,4,3,7.8,0.08,0.1,0.03,19.9,163,101,104,218.0,2,0,0,100
14:58:50,6,4,3,7.8,0.08,0.1,0.03,19.9,163,101,104,218.0,0,0,1,100
14:58:50,6,4,3,7.8,0.08,0.1,0.03,19.9,163,101,104,218.0,0,0,1,100
14:58:51,6,4,3,7.8,0.08,0.1,0.03,20.0,163,101,104,218.0,0,0,1,100
14:58:51,6,4,3,7.8,0.08,0.1,0.03,19.9,163,101,104,218.0,0,0,1,100
14:58:51,6,4,3,7.8,0.08,0.1,0.03,19.8,163,101,104,218.0,0,0,1,100
14:58:51,6,4,3,7.8,0.08,0.1,0.03,19.9,163,101,104,218.0,0,0,1,100
14:58:51,6,4,3,7.8,0.08,0.1,0.03,19.8,163,101,104,218.0,0,0,1,100
14:58:51,6,4,3,7.8,0.08,0.1,0.03,19.8,163,101,104,218.0,0,0,1,100
14:58:51,6,4,2,7.5,0.08,0.12,0.04,19.9,173,116,78,222.0,0,0,1,100
14:58:51,6,4,2,7.5,0.08,0.12,0.04,19.8,173,116,78,222.0,0,0,1,100
14:58:51,6,4,2,7.5,0.08,0.12,0.04,19.8,173,116,78,222.0,0,0,0,100
14:58:51,6,4,2,7.5,0.08,0.12,0.04,19.8,173,116,78,222.0,0,0,0,100
14:58:52,6,4,2,7.5,0.08,0.12,0.04,19.9,173,116,78,222.0,0,0,0,100
14:58:52,6,4,2,7.5,0.08,0.12,0.04,19.8,173,116,78,222.0,0,0,0,100
14:58:52,6,4,2,7.5,0.08,0.12,0.04,19.8,173,116,78,222.0,0,0,0,100
14:58:52,6,4,2,7.5,0.08,0.12,0.04,19.9,173,116,78,222.0,0,0,0,100
14:58:52,6,4,2,7.5,0.08,0.12,0.04,19.9,173,116,78,222.0,0,0,0,100
14:58:52,6,4,2,7.5,0.08,0.12,0.04,19.9,173,116,78,222.0,0,0,0,100
14:58:52,6,4,6,9.4,0.03,0.09,0.04,20.1,126,99,141,213.0,0,0,0,100
14:58:52,6,4,6,9.4,0.03,0.09,0.04,19.7,126,99,141,213.0,0,0,0,100
14:58:52,6,4,6,9.4,0.03,0.09,0.04,19.9,126,99,141,213.0,0,0,0,100
14:58:52,6,4,6,9.4,0.03,0.09,0.04,19.8,126,99,141,213.0,0,0,0,100
14:58:53,6,4,6,9.4,0.03,0.09,0.04,19.8,126,99,141,213.0,0,0,0,100
14:58:53,6,4,6,9.4,0.03,0.09,0.04,19.9,126,99,141,213.0,0,0,0,100
14:58:53,6,4,6,9.4,0.03,0.09,0.04,19.9,126,99,141,213.0,0,0,0,100
14:58:53,6,4,6,9.4,0.03,0.09,0.04,19.8,126,99,141,213.0,0,0,0,100
14:58:53,6,4,6,9.4,0.03,0.09,0.04,19.8,126,99,141,213.0,0,0,0,100
14:58:53,6,4,6,9.4,0.03,0.09,0.04,19.8,126,99,141,213.0,0,0,0,100
14:58:53,4,4,9,10.6,0.02,0.13,0.1,19.8,44,87,153,181.0,0,0,0,100
14:58:53,4,4,9,10.6,0.02,0.13,0.1,19.8,44,87,153,181.0,0,0,0,100
14:58:53,4,4,9,10.6,0.02,0.13,0.1,19.9,44,87,153,181.0,1,0,0,100
14:58:53,4,4,9,10.6,0.02,0.13,0.1,20.1,44,87,153,181.0,1,0,0,100
14:58:54,4,4,9,10.6,0.02,0.13,0.1,19.7,44,87,153,181.0,1,0,0,100
14:58:54,4,4,9,10.6,0.02,0.13,0.1,19.9,44,87,153,181.0,1,0,0,100
14:58:54,4,4,9,10.6,0.02,0.13,0.1,19.9,44,87,153,181.0,1,0,0,100
14:58:54,4,4,9,10.6,0.02,0.13,0.1,19.8,44,87,153,181.0,1,0,0,100
14:58:54,4,4,9,10.6,0.02,0.13,0.1,19.9,44,87,153,181.0,1,0,0,100
14:58:54,4,4,9,10.6,0.02,0.13,0.1,19.9,44,87,153,181.0,1,0,0,100
14:58:54,3,3,4,5.8,0.04,0.1,0.08,19.6,108,90,143,201.0,1,0,0,100
14:58:54,3,3,4,5.8,0.04,0.1,0.08,19.8,108,90,143,201.0,1,0,0,100
14:58:54,3,3,4,5.8,0.04,0.1,0.08,19.9,108,90,143,201.0,0,0,0,100
14:58:54,3,3,4,5.8,0.04,0.1,0.08,19.8,108,90,143,201.0,0,0,0,100
14:58:55,3,3,4,5.8,0.04,0.1,0.08,19.9,108,90,143,201.0,0,0,0,100
14:58:55,3,3,4,5.8,0.04,0.1,0.08,20.0,108,90,143,201.0,0,0,0,100
14:58:55,3,3,4,5.8,0.04,0.1,0.08,19.8,108,90,143,201.0,0,0,0,100
14:58:55,3,3,4,5.8,0.04,0.1,0.08,19.8,108,90,143,201.0,0,0,0,100
14:58:55,3,3,4,5.8,0.04,0.1,0.08,19.9,108,90,143,201.0,0,0,0,100
14:58:55,3,3,4,5.8,0.04,0.1,0.08,19.8,108,90,143,201.0,0,0,0,100
14:58:55,5,4,4,7.5,0.04,0.05,0.04,19.8,136,76,61,167.0,0,0,0,100
14:58:55,5,4,4,7.5,0.04,0.05,0.04,19.8,136,76,61,167.0,0,0,0,100
14:58:55,5,4,4,7.5,0.04,0.05,0.04,19.8,136,76,61,167.0,0,0,1,100
14:58:55,5,4,4,7.5,0.04,0.05,0.04,19.8,136,76,61,167.0,0,0,1,100
14:58:56,5,4,4,7.5,0.04,0.05,0.04,19.8,136,76,61,167.0,0,0,1,100
14:58:56,5,4,4,7.5,0.04,0.05,0.04,19.9,136,76,61,167.0,0,0,1,100
14:58:56,5,4,4,7.5,0.04,0.05,0.04,19.9,136,76,61,167.0,0,0,1,100
14:58:56,5,4,4,7.5,0.04,0.05,0.04,19.9,136,76,61,167.0,0,0,1,100
14:58:56,5,4,4,7.5,0.04,0.05,0.04,20.0,136,76,61,167.0,0,0,1,100
14:58:56,5,4,4,7.5,0.04,0.05,0.04,19.9,136,76,61,167.0,0,0,1,100
14:58:56,3,1,3,4.4,0.05,0.06,0.02,19.9,101,42,81,136.0,0,0,1,100
14:58:56,3,1,3,4.4,0.05,0.06,0.02,20.0,101,42,81,136.0,0,0,1,100
14:58:56,3,1,3,4.4,0.05,0.06,0.02,19.9,101,42,81,136.0,1,0,0,100
14:58:57,3,1,3,4.4,0.05,0.06,0.02,20.0,101,42,81,136.0,1,0,0,100
14:58:57,3,1,3,4.4,0.05,0.06,0.02,20.0,101,42,81,136.0,1,0,0,100
14:58:57,3,1,3,4.4,0.05,0.06,0.02,19.8,101,42,81,136.0,1,0,0,100
14:58:57,3,1,3,4.4,0.05,0.06,0.02,19.8,101,42,81,136.0,1,0,0,100
14:58:57,3,1,3,4.4,0.05,0.06,0.02,20.1,101,42,81,136.0,1,0,0,100
14:58:57,3,1,3,4.4,0.05,0.06,0.02,19.9,101,42,81,136.0,1,0,0,100
14:58:57,3,1,3,4.4,0.05,0.06,0.02,19.8,101,42,81,136.0,1,0,0,100
14:58:57,2,0,3,3.6,0.05,0.11,0.02,19.8,50,17,101,114.0,1,0,0,100
14:58:57,2,0,3,3.6,0.05,0.11,0.02,19.9,50,17,101,114.0,1,0,0,100
14:58:57,2,0,3,3.6,0.05,0.11,0.02,19.8,50,17,101,114.0,1,1,0,100
14:58:57,2,0,3,3.6,0.05,0.11,0.02,19.9,50,17,101,114.0,1,1,0,100
14:58:58,2,0,3,3.6,0.05,0.11,0.02,19.8,50,17,101,114.0,1,1,0,100
14:58:58,2,0,3,3.6,0.05,0.11,0.02,19.9,50,17,101,114.0,1,1,0,100
14:58:58,2,0,3,3.6,0.05,0.11,0.02,19.8,50,17,101,114.0,1,1,0,100
14:58:58,2,0,3,3.6,0.05,0.11,0.02,19.9,50,17,101,114.0,1,1,0,100
14:58:58,2,0,3,3.6,0.05,0.11,0.02,19.9,50,17,101,114.0,1,1,0,100
14:58:58,2,0,3,3.6,0.05,0.11,0.02,19.9,50,17,101,114.0,1,1,0,100
14:58:58,5,1,3,5.9,0.05,0.11,0.07,20.1,132,41,74,157.0,1,1,0,100
14:58:58,5,1,3,5.9,0.05,0.11,0.07,19.9,132,41,74,157.0,1,1,0,100
14:58:58,5,1,3,5.9,0.05,0.11,0.07,19.6,132,41,74,157.0,0,0,0,100
14:58:59,5,1,3,5.9,0.05,0.11,0.07,19.8,132,41,74,157.0,0,0,0,100
14:58:59,5,1,3,5.9,0.05,0.11,0.07,20.0,132,41,74,157.0,0,0,0,100
14:58:59,5,1,3,5.9,0.05,0.11,0.07,19.8,132,41,74,157.0,0,0,0,100
14:58:59,5,1,3,5.9,0.05,0.11,0.07,19.8,132,41,74,157.0,0,0,0,100
14:58:59,5,1,3,5.9,0.05,0.11,0.07,19.8,132,41,74,157.0,0,0,0,100
14:58:59,5,1,3,5.9,0.05,0.11,0.07,19.8,132,41,74,157.0,0,0,0,100
14:58:59,5,1,3,5.9,0.05,0.11,0.07,19.8,132,41,74,157.0,0,0,0,100
14:58:59,5,2,3,6.2,0.04,0.14,0.09,20.2,139,61,81,172.0,0,0,0,100
14:58:59,5,2,3,6.2,0.04,0.14,0.09,19.8,139,61,81,172.0,0,0,0,100
14:58:59,5,2,3,6.2,0.04,0.14,0.09,19.9,139,61,81,172.0,0,0,0,100
14:59:00,5,2,3,6.2,0.04,0.14,0.09,19.9,139,61,81,172.0,0,0,0,100
14:59:00,5,2,3,6.2,0.04,0.14,0.09,19.9,139,61,81,172.0,0,0,0,100
14:59:00,5,2,3,6.2,0.04,0.14,0.09,19.8,139,61,81,172.0,0,0,0,100
14:59:00,5,2,3,6.2,0.04,0.14,0.09,19.9,139,61,81,172.0,0,0,0,100
14:59:00,5,2,3,6.2,0.04,0.14,0.09,19.9,139,61,81,172.0,0,0,0,100
14:59:00,5,2,3,6.2,0.04,0.14,0.09,19.9,139,61,81,172.0,0,0,0,100
14:59:00,5,2,3,6.2,0.04,0.14,0.09,19.9,139,61,81,172.0,0,0,0,100
14:59:00,3,3,5,6.6,0.02,0.11,0.07,19.8,84,82,137,180.0,0,0,0,100
14:59:00,3,3,5,6.6,0.02,0.11,0.07,19.9,84,82,137,180.0,0,0,0,100
14:59:00,3,3,5,6.6,0.02,0.11,0.07,19.9,84,82,137,180.0,2,0,0,100
14:59:01,3,3,5,6.6,0.02,0.11,0.07,19.7,84,82,137,180.0,2,0,0,100
14:59:01,3,3,5,6.6,0.02,0.11,0.07,19.9,84,82,137,180.0,2,0,0,100
14:59:01,3,3,5,6.6,0.02,0.11,0.07,19.6,84,82,137,180.0,2,0,0,100
14:59:01,3,3,5,6.6,0.02,0.11,0.07,19.9,84,82,137,180.0,2,0,0,100
14:59:01,3,3,5,6.6,0.02,0.11,0.07,19.8,84,82,137,180.0,2,0,0,100
14:59:01,3,3,5,6.6,0.02,0.11,0.07,19.8,84,82,137,180.0,2,0,0,100
14:59:01,3,3,5,6.6,0.02,0.11,0.07,20.0,84,82,137,180.0,2,0,0,100
14:59:01,4,4,6,8.2,0.04,0.09,0.04,19.9,106,105,140,205.0,2,0,0,100
14:59:01,4,4,6,8.2,0.04,0.09,0.04,19.8,106,105,140,205.0,2,0,0,100
14:59:01,4,4,6,8.2,0.04,0.09,0.04,19.9,106,105,140,205.0,0,0,0,100
14:59:02,4,4,6,8.2,0.04,0.09,0.04,19.9,106,105,140,205.0,0,0,0,100
14:59:02,4,4,6,8.2,0.04,0.09,0.04,19.9,106,105,140,205.0,0,0,0,100
14:59:02,4,4,6,8.2,0.04,0.09,0.04,20.1,106,105,140,205.0,0,0,0,100
14:59:02,4,4,6,8.2,0.04,0.09,0.04,19.8,106,105,140,205.0,0,0,0,100
14:59:02,4,4,6,8.2,0.04,0.09,0.04,19.9,106,105,140,205.0,0,0,0,100
14:59:02,4,4,6,8.2,0.04,0.09,0.04,20.0,106,105,140,205.0,0,0,0,100
14:59:02,4,4,6,8.2,0.04,0.09,0.04,19.9,106,105,140,205.0,0,0,0,100
14:59:02,5,3,3,6.6,0.03,0.08,0.03,19.8,143,93,105,200.0,0,0,0,100
14:59:02,5,3,3,6.6,0.03,0.08,0.03,19.9,143,93,105,200.0,0,0,0,100
14:59:02,5,3,3,6.6,0.03,0.08,0.03,19.7,143,93,105,200.0,0,0,1,100
14:59:03,5,3,3,6.6,0.03,0.08,0.03,20.1,143,93,105,200.0,0,0,1,100
14:59:03,5,3,3,6.6,0.03,0.08,0.03,20.0,143,93,105,200.0,0,0,1,100
14:59:03,5,3,3,6.6,0.03,0.08,0.03,19.9,143,93,105,200.0,0,0,1,100
14:59:03,5,3,3,6.6,0.03,0.08,0.03,20.0,143,93,105,200.0,0,0,1,100
14:59:03,5,3,3,6.6,0.03,0.08,0.03,19.8,143,93,105,200.0,0,0,1,100
14:59:03,5,3,3,6.6,0.03,0.08,0.03,19.8,143,93,105,200.0,0,0,1,100
14:59:03,5,3,3,6.6,0.03,0.08,0.03,19.8,143,93,105,200.0,0,0,1,100
14:59:03,5,3,2,6.2,0.05,0.1,0.01,20.0,155,96,69,195.0,0,0,1,100
14:59:03,5,3,2,6.2,0.05,0.1,0.01,19.8,155,96,69,195.0,0,0,1,100
14:59:03,5,3,2,6.2,0.05,0.1,0.01,19.9,155,96,69,195.0,0,0,1,100
14:59:04,5,3,2,6.2,0.05,0.1,0.01,19.6,155,96,69,195.0,0,0,1,100
14:59:04,5,3,2,6.2,0.05,0.1,0.01,19.9,155,96,69,195.0,0,0,1,100
14:59:04,5,3,2,6.2,0.05,0.1,0.01,19.9,155,96,69,195.0,0,0,1,100
14:59:04,5,3,2,6.2,0.05,0.1,0.01,19.8,155,96,69,195.0,0,0,1,100
14:59:04,5,3,2,6.2,0.05,0.1,0.01,19.8,155,96,69,195.0,0,0,1,100
14:59:04,5,3,2,6.2,0.05,0.1,0.01,20.0,155,96,69,195.0,0,0,1,100
14:59:04,5,3,2,6.2,0.05,0.1,0.01,19.8,155,96,69,195.0,0,0,1,100
14:59:04,4,3,4,6.4,0.05,0.1,0.04,19.8,143,90,141,220.0,0,0,1,100
14:59:04,4,3,4,6.4,0.05,0.1,0.04,19.8,143,90,141,220.0,0,0,1,100
14:59:04,4,3,4,6.4,0.05,0.1,0.04,19.9,143,90,141,220.0,0,0,0,100
14:59:05,4,3,4,6.4,0.05,0.1,0.04,19.8,143,90,141,220.0,0,0,0,100
14:59:05,4,3,4,6.4,0.05,0.1,0.04,19.8,143,90,141,220.0,0,0,0,100
14:59:05,4,3,4,6.4,0.05,0.1,0.04,19.9,143,90,141,220.0,0,0,0,100
14:59:05,4,3,4,6.4,0.05,0.1,0.04,19.9,143,90,141,220.0,0,0,0,100
14:59:05,4,3,4,6.4,0.05,0.1,0.04,19.8,143,90,141,220.0,0,0,0,100
14:59:05,4,3,4,6.4,0.05,0.1,0.04,19.9,143,90,141,220.0,0,0,0,100
14:59:05,4,3,4,6.4,0.05,0.1,0.04,20.0,143,90,141,220.0,0,0,0,100
14:59:05,2,3,5,6.2,0.03,0.09,0.05,19.8,65,84,153,186.0,0,0,0,100
14:59:05,2,3,5,6.2,0.03,0.09,0.05,19.9,65,84,153,186.0,0,0,0,100
14:59:05,2,3,5,6.2,0.03,0.09,0.05,19.9,65,84,153,186.0,2,0,0,100
14:59:06,2,3,5,6.2,0.03,0.09,0.05,19.8,65,84,153,186.0,2,0,0,100
14:59:06,2,3,5,6.2,0.03,0.09,0.05,19.6,65,84,153,186.0,2,0,0,100
14:59:06,2,3,5,6.2,0.03,0.09,0.05,19.8,65,84,153,186.0,2,0,0,100
14:59:06,2,3,5,6.2,0.03,0.09,0.05,19.7,65,84,153,186.0,2,0,0,100
14:59:06,2,3,5,6.2,0.03,0.09,0.05,19.9,65,84,153,186.0,2,0,0,100
14:59:06,2,3,5,6.2,0.03,0.09,0.05,19.8,65,84,153,186.0,2,0,0,100
14:59:06,2,3,5,6.2,0.03,0.09,0.05,19.9,65,84,153,186.0,2,0,0,100
14:59:06,4,6,9,11.5,0.01,0.05,0.03,19.9,112,69,114,174.0,2,0,0,100
14:59:06,4,6,9,11.5,0.01,0.05,0.03,19.9,112,69,114,174.0,2,0,0,100
14:59:07,4,6,9,11.5,0.01,0.05,0.03,19.7,112,69,114,174.0,0,0,0,100
14:59:07,4,6,9,11.5,0.01,0.05,0.03,19.9,112,69,114,174.0,0,0,0,100
14:59:07,4,6,9,11.5,0.01,0.05,0.03,19.9,112,69,114,174.0,0,0,0,100
14:59:07,4,6,9,11.5,0.01,0.05,0.03,19.9,112,69,114,174.0,0,0,0,100
14:59:07,4,6,9,11.5,0.01,0.05,0.03,19.8,112,69,114,174.0,0,0,0,100
14:59:07,4,6,9,11.5,0.01,0.05,0.03,19.7,112,69,114,174.0,0,0,0,100
14:59:07,4,6,9,11.5,0.01,0.05,0.03,19.8,112,69,114,174.0,0,0,0,100
14:59:07,4,6,9,11.5,0.01,0.05,0.03,19.8,112,69,114,174.0,0,0,0,100
14:59:07,4,1,1,4.2,0.02,0.07,0.04,20.0,119,38,48,134.0,0,0,0,100
14:59:07,4,1,1,4.2,0.02,0.07,0.04,19.9,119,38,48,134.0,0,0,0,100
14:59:08,4,1,1,4.2,0.02,0.07,0.04,19.8,119,38,48,134.0,0,3,0,100
14:59:08,4,1,1,4.2,0.02,0.07,0.04,19.8,119,38,48,134.0,0,3,0,100
14:59:08,4,1,1,4.2,0.02,0.07,0.04,20.0,119,38,48,134.0,0,3,0,100
14:59:08,4,1,1,4.2,0.02,0.07,0.04,20.1,119,38,48,134.0,0,3,0,100
14:59:08,4,1,1,4.2,0.02,0.07,0.04,19.8,119,38,48,134.0,0,3,0,100
14:59:08,4,1,1,4.2,0.02,0.07,0.04,20.0,119,38,48,134.0,0,3,0,100
14:59:08,4,1,1,4.2,0.02,0.07,0.04,19.8,119,38,48,134.0,0,3,0,100
14:59:08,4,1,1,4.2,0.02,0.07,0.04,19.8,119,38,48,134.0,0,3,0,100
14:59:08,3,0,4,5.0,0.06,0.09,0.05,20.0,90,18,109,142.0,0,3,0,100
14:59:08,3,0,4,5.0,0.06,0.09,0.05,20.0,90,18,109,142.0,0,3,0,100
14:59:09,3,0,4,5.0,0.06,0.09,0.05,20.0,90,18,109,142.0,0,1,0,100
14:59:09,3,0,4,5.0,0.06,0.09,0.05,19.9,90,18,109,142.0,0,1,0,100
14:59:09,3,0,4,5.0,0.06,0.09,0.05,19.9,90,18,109,142.0,0,1,0,100
14:59:09,3,0,4,5.0,0.06,0.09,0.05,19.8,90,18,109,142.0,0,1,0,100
14:59:09,3,0,4,5.0,0.06,0.09,0.05,19.8,90,18,109,142.0,0,1,0,100
14:59:09,3,0,4,5.0,0.06,0.09,0.05,19.8,90,18,109,142.0,0,1,0,100
14:59:09,3,0,4,5.0,0.06,0.09,0.05,19.9,90,18,109,142.0,0,1,0,100
14:59:09,3,0,4,5.0,0.06,0.09,0.05,19.9,90,18,109,142.0,0,1,0,100
14:59:09,4,2,3,5.4,0.05,0.08,0.02,19.8,80,42,100,135.0,0,1,0,100
14:59:09,4,2,3,5.4,0.05,0.08,0.02,20.0,80,42,100,135.0,0,1,0,100
14:59:09,4,2,3,5.4,0.05,0.08,0.02,19.8,80,42,100,135.0,0,0,0,100
14:59:10,4,2,3,5.4,0.05,0.08,0.02,19.9,80,42,100,135.0,0,0,0,100
14:59:10,4,2,3,5.4,0.05,0.08,0.02,19.8,80,42,100,135.0,0,0,0,100
14:59:10,4,2,3,5.4,0.05,0.08,0.02,19.9,80,42,100,135.0,0,0,0,100
14:59:10,4,2,3,5.4,0.05,0.08,0.02,19.8,80,42,100,135.0,0,0,0,100
14:59:10,4,2,3,5.4,0.05,0.08,0.02,19.8,80,42,100,135.0,0,0,0,100
14:59:10,4,2,3,5.4,0.05,0.08,0.02,19.7,80,42,100,135.0,0,0,0,100
14:59:10,4,2,3,5.4,0.05,0.08,0.02,19.8,80,42,100,135.0,0,0,0,100
14:59:10,5,3,3,6.6,0.04,0.09,0.02,19.9,130,68,66,161.0,0,0,0,100
14:59:10,5,3,3,6.6,0.04,0.09,0.02,19.7,130,68,66,161.0,0,0,0,100
14:59:11,5,3,3,6.6,0.04,0.09,0.02,19.9,130,68,66,161.0,0,0,2,100
14:59:11,5,3,3,6.6,0.04,0.09,0.02,19.8,130,68,66,161.0,0,0,2,100
14:59:11,5,3,3,6.6,0.04,0.09,0.02,20.0,130,68,66,161.0,0,0,2,100
14:59:11,5,3,3,6.6,0.04,0.09,0.02,19.7,130,68,66,161.0,0,0,2,100
14:59:11,5,3,3,6.6,0.04,0.09,0.02,20.0,130,68,66,161.0,0,0,2,100
14:59:11,5,3,3,6.6,0.04,0.09,0.02,20.1,130,68,66,161.0,0,0,2,100
14:59:11,5,3,3,6.6,0.04,0.09,0.02,19.8,130,68,66,161.0,0,0,2,100
14:59:11,5,3,3,6.6,0.04,0.09,0.02,19.9,130,68,66,161.0,0,0,2,100
14:59:11,5,4,4,7.5,0.03,0.13,0.04,19.8,125,92,90,179.0,0,0,2,100
14:59:11,5,4,4,7.5,0.03,0.13,0.04,19.8,125,92,90,179.0,0,0,2,100
14:59:12,5,4,4,7.5,0.03,0.13,0.04,19.8,125,92,90,179.0,0,0,0,100
14:59:12,5,4,4,7.5,0.03,0.13,0.04,19.8,125,92,90,179.0,0,0,0,100
14:59:12,5,4,4,7.5,0.03,0.13,0.04,19.9,125,92,90,179.0,0,0,0,100
14:59:12,5,4,4,7.5,0.03,0.13,0.04,19.8,125,92,90,179.0,0,0,0,100
14:59:12,5,4,4,7.5,0.03,0.13,0.04,19.8,125,92,90,179.0,0,0,0,100
14:59:12,5,4,4,7.5,0.03,0.13,0.04,19.9,125,92,90,179.0,0,0,0,100
14:59:12,5,4,4,7.5,0.03,0.13,0.04,19.8,125,92,90,179.0,0,0,0,100
14:59:12,5,4,4,7.5,0.03,0.13,0.04,19.9,125,92,90,179.0,0,0,0,100
14:59:12,4,3,5,7.1,0.02,0.08,0.05,19.9,96,105,152,208.0,0,0,0,100
14:59:12,4,3,5,7.1,0.02,0.08,0.05,19.8,96,105,152,208.0,0,0,0,100
14:59:13,4,3,5,7.1,0.02,0.08,0.05,19.9,96,105,152,208.0,2,0,0,100
14:59:13,4,3,5,7.1,0.02,0.08,0.05,19.8,96,105,152,208.0,2,0,0,100
14:59:13,4,3,5,7.1,0.02,0.08,0.05,20.0,96,105,152,208.0,2,0,0,100
14:59:13,4,3,5,7.1,0.02,0.08,0.05,19.8,96,105,152,208.0,2,0,0,100
14:59:13,4,3,5,7.1,0.02,0.08,0.05,20.1,96,105,152,208.0,2,0,0,100
14:59:13,4,3,5,7.1,0.02,0.08,0.05,20.1,96,105,152,208.0,2,0,0,100
14:59:13,4,3,5,7.1,0.02,0.08,0.05,19.8,96,105,152,208.0,2,0,0,100
14:59:13,4,3,5,7.1,0.02,0.08,0.05,19.8,96,105,152,208.0,2,0,0,100
14:59:13,3,3,5,6.6,0.02,0.08,0.05,19.8,84,96,151,198.0,2,0,0,100
14:59:13,3,3,5,6.6,0.02,0.08,0.05,19.9,84,96,151,198.0,2,0,0,100
14:59:14,3,3,5,6.6,0.02,0.08,0.05,19.6,84,96,151,198.0,2,0,0,100
14:59:14,3,3,5,6.6,0.02,0.08,0.05,19.8,84,96,151,198.0,2,0,0,100
14:59:14,3,3,5,6.6,0.02,0.08,0.05,20.0,84,96,151,198.0,2,0,0,100
14:59:14,3,3,5,6.6,0.02,0.08,0.05,20.0,84,96,151,198.0,2,0,0,100
14:59:14,3,3,5,6.6,0.02,0.08,0.05,19.8,84,96,151,198.0,2,0,0,100
14:59:14,3,3,5,6.6,0.02,0.08,0.05,19.8,84,96,151,198.0,2,0,0,100
14:59:14,3,3,5,6.6,0.02,0.08,0.05,19.8,84,96,151,198.0,2,0,0,100
14:59:14,3,3,5,6.6,0.02,0.08,0.05,20.1,84,96,151,198.0,2,0,0,100
14:59:14,6,5,4,8.8,0.09,0.15,0.07,19.9,170,121,124,243.0,2,0,0,100
14:59:14,6,5,4,8.8,0.09,0.15,0.07,19.9,170,121,124,243.0,2,0,0,100
14:59:15,6,5,4,8.8,0.09,0.15,0.07,19.8,170,121,124,243.0,0,0,0,100
14:59:15,6,5,4,8.8,0.09,0.15,0.07,19.9,170,121,124,243.0,0,0,0,100
14:59:15,6,5,4,8.8,0.09,0.15,0.07,19.9,170,121,124,243.0,0,0,0,100
14:59:15,6,5,4,8.8,0.09,0.15,0.07,19.9,170,121,124,243.0,0,0,0,100
14:59:15,6,5,4,8.8,0.09,0.15,0.07,19.9,170,121,124,243.0,0,0,0,100
14:59:15,6,5,4,8.8,0.09,0.15,0.07,19.8,170,121,124,243.0,0,0,0,100
14:59:15,6,5,4,8.8,0.09,0.15,0.07,19.8,170,121,124,243.0,0,0,0,100
14:59:15,6,5,4,8.8,0.09,0.15,0.07,19.8,170,121,124,243.0,0,0,0,100
14:59:15,6,3,1,6.8,0.07,0.2,0.03,19.8,174,106,46,209.0,0,0,0,100
14:59:15,6,3,1,6.8,0.07,0.2,0.03,19.8,174,106,46,209.0,0,0,0,100
14:59:16,6,3,1,6.8,0.07,0.2,0.03,20.0,174,106,46,209.0,0,0,0,100
14:59:16,6,3,1,6.8,0.07,0.2,0.03,20.0,174,106,46,209.0,0,0,0,100
14:59:16,6,3,1,6.8,0.07,0.2,0.03,19.9,174,106,46,209.0,0,0,0,100
14:59:16,6,3,1,6.8,0.07,0.2,0.03,19.9,174,106,46,209.0,0,0,0,100
14:59:16,6,3,1,6.8,0.07,0.2,0.03,19.7,174,106,46,209.0,0,0,0,100
14:59:16,6,3,1,6.8,0.07,0.2,0.03,19.9,174,106,46,209.0,0,0,0,100
14:59:16,6,3,1,6.8,0.07,0.2,0.03,20.0,174,106,46,209.0,0,0,0,100
14:59:16,6,3,1,6.8,0.07,0.2,0.03,19.9,174,106,46,209.0,0,0,0,100
14:59:16,5,2,4,6.7,0.07,0.1,0.03,19.8,137,71,108,188.0,0,0,0,100
14:59:16,5,2,4,6.7,0.07,0.1,0.03,19.8,137,71,108,188.0,0,0,0,100
14:59:17,5,2,4,6.7,0.07,0.1,0.03,19.9,137,71,108,188.0,0,0,0,100
14:59:17,5,2,4,6.7,0.07,0.1,0.03,20.0,137,71,108,188.0,0,0,0,100
14:59:17,5,2,4,6.7,0.07,0.1,0.03,19.9,137,71,108,188.0,0,0,0,100
14:59:17,5,2,4,6.7,0.07,0.1,0.03,19.9,137,71,108,188.0,0,0,0,100
14:59:17,5,2,4,6.7,0.07,0.1,0.03,19.9,137,71,108,188.0,0,0,0,100
14:59:17,5,2,4,6.7,0.07,0.1,0.03,19.9,137,71,108,188.0,0,0,0,100
14:59:17,5,2,4,6.7,0.07,0.1,0.03,19.9,137,71,108,188.0,0,0,0,100
14:59:17,5,2,4,6.7,0.07,0.1,0.03,19.8,137,71,108,188.0,0,0,0,100
14:59:17,2,2,4,4.9,0.03,0.04,0.03,19.9,50,47,110,130.0,0,0,0,100
14:59:17,2,2,4,4.9,0.03,0.04,0.03,19.9,50,47,110,130.0,0,0,0,100
14:59:18,2,2,4,4.9,0.03,0.04,0.03,19.8,50,47,110,130.0,1,0,0,100
14:59:18,2,2,4,4.9,0.03,0.04,0.03,19.9,50,47,110,130.0,1,0,0,100
14:59:18,2,2,4,4.9,0.03,0.04,0.03,19.9,50,47,110,130.0,1,0,0,100
14:59:18,2,2,4,4.9,0.03,0.04,0.03,19.8,50,47,110,130.0,1,0,0,100
14:59:18,2,2,4,4.9,0.03,0.04,0.03,19.8,50,47,110,130.0,1,0,0,100
14:59:18,2,2,4,4.9,0.03,0.04,0.03,20.0,50,47,110,130.0,1,0,0,100
14:59:18,2,2,4,4.9,0.03,0.04,0.03,19.8,50,47,110,130.0,1,0,0,100
14:59:18,2,2,4,4.9,0.03,0.04,0.03,19.9,50,47,110,130.0,1,0,0,100
14:59:18,3,1,2,3.7,0.01,0.04,0.03,19.8,89,17,72,116.0,1,0,0,100
14:59:18,3,1,2,3.7,0.01,0.04,0.03,19.8,89,17,72,116.0,1,0,0,100
14:59:19,3,1,2,3.7,0.01,0.04,0.03,19.8,89,17,72,116.0,0,2,1,100
14:59:19,3,1,2,3.7,0.01,0.04,0.03,19.9,89,17,72,116.0,0,2,1,100
14:59:19,3,1,2,3.7,0.01,0.04,0.03,19.8,89,17,72,116.0,0,2,1,100
14:59:19,3,1,2,3.7,0.01,0.04,0.03,20.0,89,17,72,116.0,0,2,1,100
14:59:19,3,1,2,3.7,0.01,0.04,0.03,19.6,89,17,72,116.0,0,2,1,100
14:59:19,3,1,2,3.7,0.01,0.04,0.03,19.9,89,17,72,116.0,0,2,1,100
14:59:19,3,1,2,3.7,0.01,0.04,0.03,19.8,89,17,72,116.0,0,2,1,100
14:59:19,3,1,2,3.7,0.01,0.04,0.03,19.8,89,17,72,116.0,0,2,1,100
14:59:19,4,2,2,4.9,0.03,0.08,0.08,19.8,99,31,63,121.0,0,2,1,100
14:59:19,4,2,2,4.9,0.03,0.08,0.08,19.8,99,31,63,121.0,0,2,1,100
14:59:20,4,2,2,4.9,0.03,0.08,0.08,19.8,99,31,63,121.0,0,2,0,100
14:59:20,4,2,2,4.9,0.03,0.08,0.08,20.0,99,31,63,121.0,0,2,0,100
14:59:20,4,2,2,4.9,0.03,0.08,0.08,20.0,99,31,63,121.0,0,2,0,100
14:59:20,4,2,2,4.9,0.03,0.08,0.08,19.9,99,31,63,121.0,0,2,0,100
14:59:20,4,2,2,4.9,0.03,0.08,0.08,19.8,99,31,63,121.0,0,2,0,100
14:59:20,4,2,2,4.9,0.03,0.08,0.08,19.8,99,31,63,121.0,0,2,0,100
14:59:20,4,2,2,4.9,0.03,0.08,0.08,19.8,99,31,63,121.0,0,2,0,100
14:59:20,4,2,2,4.9,0.03,0.08,0.08,19.9,99,31,63,121.0,0,2,0,100
14:59:20,3,6,6,9.0,0.08,0.19,0.15,19.9,73,84,125,167.0,0,2,0,100
14:59:20,3,6,6,9.0,0.08,0.19,0.15,19.8,73,84,125,167.0,0,2,0,100
14:59:21,3,6,6,9.0,0.08,0.19,0.15,19.8,73,84,125,167.0,2,2,0,100
14:59:21,3,6,6,9.0,0.08,0.19,0.15,20.1,73,84,125,167.0,2,2,0,100
14:59:21,3,6,6,9.0,0.08,0.19,0.15,19.8,73,84,125,167.0,2,2,0,100
14:59:21,3,6,6,9.0,0.08,0.19,0.15,20.0,73,84,125,167.0,2,2,0,100
14:59:21,3,6,6,9.0,0.08,0.19,0.15,20.0,73,84,125,167.0,2,2,0,100
14:59:21,3,6,6,9.0,0.08,0.19,0.15,19.9,73,84,125,167.0,2,2,0,100
14:59:21,3,6,6,9.0,0.08,0.19,0.15,19.7,73,84,125,167.0,2,2,0,100
14:59:21,3,6,6,9.0,0.08,0.19,0.15,20.0,73,84,125,167.0,2,2,0,100
14:59:21,4,3,4,6.4,0.05,0.1,0.04,19.8,101,82,116,174.0,2,2,0,100
14:59:21,4,3,4,6.4,0.05,0.1,0.04,19.6,101,82,116,174.0,2,2,0,100
14:59:22,4,3,4,6.4,0.05,0.1,0.04,19.6,101,82,116,174.0,0,0,0,100
14:59:22,4,3,4,6.4,0.05,0.1,0.04,19.8,101,82,116,174.0,0,0,0,100
14:59:22,4,3,4,6.4,0.05,0.1,0.04,20.0,101,82,116,174.0,0,0,0,100
14:59:22,4,3,4,6.4,0.05,0.1,0.04,20.3,101,82,116,174.0,0,0,0,100
14:59:22,4,3,4,6.4,0.05,0.1,0.04,19.9,101,82,116,174.0,0,0,0,100
14:59:22,4,3,4,6.4,0.05,0.1,0.04,19.9,101,82,116,174.0,0,0,0,100
14:59:22,4,3,4,6.4,0.05,0.1,0.04,20.0,101,82,116,174.0,0,0,0,100
14:59:22,4,3,4,6.4,0.05,0.1,0.04,19.8,101,82,116,174.0,0,0,0,100
14:59:22,7,4,4,9.0,0.07,0.13,0.01,19.9,185,110,112,243.0,0,0,0,100
14:59:23,7,4,4,9.0,0.07,0.13,0.01,19.8,185,110,112,243.0,0,0,0,100
14:59:23,7,4,4,9.0,0.07,0.13,0.01,20.0,185,110,112,243.0,0,0,0,100
14:59:23,7,4,4,9.0,0.07,0.13,0.01,19.8,185,110,112,243.0,0,0,0,100
14:59:23,7,4,4,9.0,0.07,0.13,0.01,19.8,185,110,112,243.0,0,0,0,100
14:59:23,7,4,4,9.0,0.07,0.13,0.01,19.8,185,110,112,243.0,0,0,0,100
14:59:23,7,4,4,9.0,0.07,0.13,0.01,20.0,185,110,112,243.0,0,0,0,100
14:59:23,7,4,4,9.0,0.07,0.13,0.01,19.8,185,110,112,243.0,0,0,0,100
14:59:23,7,4,4,9.0,0.07,0.13,0.01,19.9,185,110,112,243.0,0,0,0,100
14:59:23,7,4,4,9.0,0.07,0.13,0.01,19.9,185,110,112,243.0,0,0,0,100
14:59:23,6,4,3,7.8,0.07,0.13,0.04,19.9,182,113,88,232.0,0,0,0,100
14:59:23,6,4,3,7.8,0.07,0.13,0.04,19.8,182,113,88,232.0,0,0,0,100
14:59:24,6,4,3,7.8,0.07,0.13,0.04,19.8,182,113,88,232.0,0,0,0,100
14:59:24,6,4,3,7.8,0.07,0.13,0.04,19.9,182,113,88,232.0,0,0,0,100
14:59:24,6,4,3,7.8,0.07,0.13,0.04,19.8,182,113,88,232.0,0,0,0,100
14:59:24,6,4,3,7.8,0.07,0.13,0.04,19.9,182,113,88,232.0,0,0,0,100
14:59:24,6,4,3,7.8,0.07,0.13,0.04,19.8,182,113,88,232.0,0,0,0,100
14:59:24,6,4,3,7.8,0.07,0.13,0.04,20.1,182,113,88,232.0,0,0,0,100
14:59:24,6,4,3,7.8,0.07,0.13,0.04,19.8,182,113,88,232.0,0,0,0,100
14:59:24,6,4,3,7.8,0.07,0.13,0.04,19.8,182,113,88,232.0,0,0,0,100
14:59:24,4,3,5,7.1,0.03,0.1,0.05,19.9,124,110,153,226.0,0,0,0,100
14:59:24,4,3,5,7.1,0.03,0.1,0.05,19.8,124,110,153,226.0,0,0,0,100
14:59:25,4,3,5,7.1,0.03,0.1,0.05,19.8,124,110,153,226.0,0,0,0,100
14:59:25,4,3,5,7.1,0.03,0.1,0.05,19.9,124,110,153,226.0,0,0,0,100
14:59:25,4,3,5,7.1,0.03,0.1,0.05,19.8,124,110,153,226.0,0,0,0,100
14:59:25,4,3,5,7.1,0.03,0.1,0.05,19.6,124,110,153,226.0,0,0,0,100
14:59:25,4,3,5,7.1,0.03,0.1,0.05,19.7,124,110,153,226.0,0,0,0,100
14:59:25,4,3,5,7.1,0.03,0.1,0.05,19.9,124,110,153,226.0,0,0,0,100
14:59:25,4,3,5,7.1,0.03,0.1,0.05,20.0,124,110,153,226.0,0,0,0,100
14:59:25,4,3,5,7.1,0.03,0.1,0.05,19.8,124,110,153,226.0,0,0,0,100
14:59:25,1,3,5,5.9,0.02,0.1,0.08,19.8,41,102,151,187.0,0,0,0,100
14:59:25,1,3,5,5.9,0.02,0.1,0.08,19.9,41,102,151,187.0,0,0,0,100
14:59:26,1,3,5,5.9,0.02,0.1,0.08,19.8,41,102,151,187.0,3,0,0,100
14:59:26,1,3,5,5.9,0.02,0.1,0.08,19.9,41,102,151,187.0,3,0,0,100
14:59:26,1,3,5,5.9,0.02,0.1,0.08,19.8,41,102,151,187.0,3,0,0,100
14:59:26,1,3,5,5.9,0.02,0.1,0.08,19.8,41,102,151,187.0,3,0,0,100
14:59:26,1,3,5,5.9,0.02,0.1,0.08,19.9,41,102,151,187.0,3,0,0,100
14:59:26,1,3,5,5.9,0.02,0.1,0.08,19.9,41,102,151,187.0,3,0,0,100
14:59:26,1,3,5,5.9,0.02,0.1,0.08,19.9,41,102,151,187.0,3,0,0,100
14:59:26,1,3,5,5.9,0.02,0.1,0.08,19.8,41,102,151,187.0,3,0,0,100
14:59:26,4,3,5,7.1,0.03,0.15,0.1,19.7,114,98,140,205.0,3,0,0,100
14:59:27,4,3,5,7.1,0.03,0.15,0.1,19.9,114,98,140,205.0,3,0,0,100
14:59:27,4,3,5,7.1,0.03,0.15,0.1,19.8,114,98,140,205.0,0,0,0,100
14:59:27,4,3,5,7.1,0.03,0.15,0.1,19.8,114,98,140,205.0,0,0,0,100
14:59:27,4,3,5,7.1,0.03,0.15,0.1,19.8,114,98,140,205.0,0,0,0,100
14:59:27,4,3,5,7.1,0.03,0.15,0.1,19.8,114,98,140,205.0,0,0,0,100
14:59:27,4,3,5,7.1,0.03,0.15,0.1,19.8,114,98,140,205.0,0,0,0,100
14:59:27,4,3,5,7.1,0.03,0.15,0.1,19.4,114,98,140,205.0,0,0,0,100
14:59:27,4,3,5,7.1,0.03,0.15,0.1,19.8,114,98,140,205.0,0,0,0,100
14:59:27,4,3,5,7.1,0.03,0.15,0.1,19.8,114,98,140,205.0,0,0,0,100
14:59:27,4,2,2,4.9,0.04,0.06,0.02,19.9,117,71,51,146.0,0,0,0,100
14:59:27,4,2,2,4.9,0.04,0.06,0.02,19.8,117,71,51,146.0,0,0,0,100
14:59:28,4,2,2,4.9,0.04,0.06,0.02,19.8,117,71,51,146.0,0,0,2,100
14:59:28,4,2,2,4.9,0.04,0.06,0.02,19.8,117,71,51,146.0,0,0,2,100
14:59:28,4,2,2,4.9,0.04,0.06,0.02,19.9,117,71,51,146.0,0,0,2,100
14:59:28,4,2,2,4.9,0.04,0.06,0.02,19.8,117,71,51,146.0,0,0,2,100
14:59:28,4,2,2,4.9,0.04,0.06,0.02,19.9,117,71,51,146.0,0,0,2,100
14:59:28,4,2,2,4.9,0.04,0.06,0.02,19.8,117,71,51,146.0,0,0,2,100
14:59:28,4,2,2,4.9,0.04,0.06,0.02,19.8,117,71,51,146.0,0,0,2,100
14:59:28,4,2,2,4.9,0.04,0.06,0.02,19.8,117,71,51,146.0,0,0,2,100
14:59:28,3,1,4,5.1,0.05,0.11,0.04,19.9,110,44,111,162.0,0,0,2,100
14:59:29,3,1,4,5.1,0.05,0.11,0.04,19.9,110,44,111,162.0,0,0,2,100
14:59:29,3,1,4,5.1,0.05,0.11,0.04,19.8,110,44,111,162.0,0,1,0,100
14:59:29,3,1,4,5.1,0.05,0.11,0.04,19.9,110,44,111,162.0,0,1,0,100
14:59:29,3,1,4,5.1,0.05,0.11,0.04,20.0,110,44,111,162.0,0,1,0,100
14:59:29,3,1,4,5.1,0.05,0.11,0.04,19.8,110,44,111,162.0,0,1,0,100
14:59:29,3,1,4,5.1,0.05,0.11,0.04,19.8,110,44,111,162.0,0,1,0,100
14:59:29,3,1,4,5.1,0.05,0.11,0.04,19.9,110,44,111,162.0,0,1,0,100
14:59:29,3,1,4,5.1,0.05,0.11,0.04,19.8,110,44,111,162.0,0,1,0,100
14:59:29,3,1,4,5.1,0.05,0.11,0.04,19.8,110,44,111,162.0,0,1,0,100
14:59:29,2,2,5,5.7,0.07,0.12,0.02,20.0,54,28,131,144.0,0,1,0,100
14:59:30,2,2,5,5.7,0.07,0.12,0.02,19.8,54,28,131,144.0,0,1,0,100
14:59:30,2,2,5,5.7,0.07,0.12,0.02,19.9,54,28,131,144.0,3,4,0,100
14:59:30,2,2,5,5.7,0.07,0.12,0.02,19.8,54,28,131,144.0,3,4,0,100
14:59:30,2,2,5,5.7,0.07,0.12,0.02,19.8,54,28,131,144.0,3,4,0,100
14:59:30,2,2,5,5.7,0.07,0.12,0.02,19.9,54,28,131,144.0,3,4,0,100
14:59:30,2,2,5,5.7,0.07,0.12,0.02,19.8,54,28,131,144.0,3,4,0,100
14:59:30,2,2,5,5.7,0.07,0.12,0.02,19.8,54,28,131,144.0,3,4,0,100
14:59:30,2,2,5,5.7,0.07,0.12,0.02,19.9,54,28,131,144.0,3,4,0,100
14:59:30,2,2,5,5.7,0.07,0.12,0.02,19.8,54,28,131,144.0,3,4,0,100
14:59:30,4,2,2,4.9,0.02,0.11,0.02,20.1,112,41,79,143.0,3,4,0,100
14:59:31,4,2,2,4.9,0.02,0.11,0.02,19.8,112,41,79,143.0,3,4,0,100
14:59:31,4,2,2,4.9,0.02,0.11,0.02,19.8,112,41,79,143.0,0,0,0,100
14:59:31,4,2,2,4.9,0.02,0.11,0.02,19.8,112,41,79,143.0,0,0,0,100
14:59:31,4,2,2,4.9,0.02,0.11,0.02,19.8,112,41,79,143.0,0,0,0,100
14:59:31,4,2,2,4.9,0.02,0.11,0.02,19.8,112,41,79,143.0,0,0,0,100
14:59:31,4,2,2,4.9,0.02,0.11,0.02,19.9,112,41,79,143.0,0,0,0,100
14:59:31,4,2,2,4.9,0.02,0.11,0.02,19.6,112,41,79,143.0,0,0,0,100
14:59:31,4,2,2,4.9,0.02,0.11,0.02,19.8,112,41,79,143.0,0,0,0,100
14:59:31,4,2,2,4.9,0.02,0.11,0.02,19.8,112,41,79,143.0,0,0,0,100
14:59:31,4,2,2,4.9,0.02,0.15,0.04,20.2,118,62,72,151.0,0,0,0,100
14:59:32,4,2,2,4.9,0.02,0.15,0.04,19.9,118,62,72,151.0,0,0,0,100
14:59:32,4,2,2,4.9,0.02,0.15,0.04,19.9,118,62,72,151.0,0,0,0,100
14:59:32,4,2,2,4.9,0.02,0.15,0.04,19.8,118,62,72,151.0,0,0,0,100
14:59:32,4,2,2,4.9,0.02,0.15,0.04,19.9,118,62,72,151.0,0,0,0,100
14:59:32,4,2,2,4.9,0.02,0.15,0.04,20.0,118,62,72,151.0,0,0,0,100
14:59:32,4,2,2,4.9,0.02,0.15,0.04,19.9,118,62,72,151.0,0,0,0,100
14:59:32,4,2,2,4.9,0.02,0.15,0.04,19.9,118,62,72,151.0,0,0,0,100
14:59:32,4,2,2,4.9,0.02,0.15,0.04,20.0,118,62,72,151.0,0,0,0,100
14:59:32,4,2,2,4.9,0.02,0.15,0.04,19.9,118,62,72,151.0,0,0,0,100
14:59:32,3,2,5,6.2,0.01,0.09,0.03,19.9,90,80,146,189.0,0,0,0,100
14:59:33,3,2,5,6.2,0.01,0.09,0.03,19.7,90,80,146,189.0,0,0,0,100
14:59:33,3,2,5,6.2,0.01,0.09,0.03,19.9,90,80,146,189.0,1,0,0,100
14:59:33,3,2,5,6.2,0.01,0.09,0.03,19.9,90,80,146,189.0,1,0,0,100
14:59:33,3,2,5,6.2,0.01,0.09,0.03,19.9,90,80,146,189.0,1,0,0,100
14:59:33,3,2,5,6.2,0.01,0.09,0.03,20.1,90,80,146,189.0,1,0,0,100
14:59:33,3,2,5,6.2,0.01,0.09,0.03,19.9,90,80,146,189.0,1,0,0,100
14:59:33,3,2,5,6.2,0.01,0.09,0.03,19.7,90,80,146,189.0,1,0,0,100
14:59:33,3,2,5,6.2,0.01,0.09,0.03,19.9,90,80,146,189.0,1,0,0,100
14:59:33,3,2,5,6.2,0.01,0.09,0.03,19.9,90,80,146,189.0,1,0,0,100
14:59:33,3,4,6,7.8,0.04,0.11,0.04,19.9,79,95,148,193.0,1,0,0,100
14:59:34,3,4,6,7.8,0.04,0.11,0.04,19.6,79,95,148,193.0,1,0,0,100
14:59:34,3,4,6,7.8,0.04,0.11,0.04,19.8,79,95,148,193.0,0,0,0,100
14:59:34,3,4,6,7.8,0.04,0.11,0.04,19.8,79,95,148,193.0,0,0,0,100
14:59:34,3,4,6,7.8,0.04,0.11,0.04,19.9,79,95,148,193.0,0,0,0,100
14:59:34,3,4,6,7.8,0.04,0.11,0.04,20.0,79,95,148,193.0,0,0,0,100
14:59:34,3,4,6,7.8,0.04,0.11,0.04,19.7,79,95,148,193.0,0,0,0,100
14:59:34,3,4,6,7.8,0.04,0.11,0.04,19.8,79,95,148,193.0,0,0,0,100
14:59:34,3,4,6,7.8,0.04,0.11,0.04,19.8,79,95,148,193.0,0,0,0,100
14:59:34,3,4,6,7.8,0.04,0.11,0.04,19.8,79,95,148,193.0,0,0,0,100
14:59:35,4,4,4,6.9,0.04,0.04,0.02,19.8,142,95,123,211.0,0,0,0,100
14:59:35,4,4,4,6.9,0.04,0.04,0.02,20.1,142,95,123,211.0,0,0,0,100
14:59:35,4,4,4,6.9,0.04,0.04,0.02,19.8,142,95,123,211.0,0,0,0,100
14:59:35,4,4,4,6.9,0.04,0.04,0.02,19.9,142,95,123,211.0,0,0,0,100
14:59:35,4,4,4,6.9,0.04,0.04,0.02,19.8,142,95,123,211.0,0,0,0,100
14:59:35,4,4,4,6.9,0.04,0.04,0.02,20.0,142,95,123,211.0,0,0,0,100
14:59:35,4,4,4,6.9,0.04,0.04,0.02,19.8,142,95,123,211.0,0,0,0,100
14:59:35,4,4,4,6.9,0.04,0.04,0.02,19.9,142,95,123,211.0,0,0,0,100
14:59:35,4,4,4,6.9,0.04,0.04,0.02,19.9,142,95,123,211.0,0,0,0,100
14:59:35,4,4,4,6.9,0.04,0.04,0.02,19.8,142,95,123,211.0,0,0,0,100
14:59:36,4,3,1,5.1,0.05,0.07,0.02,19.8,144,89,40,174.0,0,0,0,100
14:59:36,4,3,1,5.1,0.05,0.07,0.02,19.8,144,89,40,174.0,0,0,0,100
14:59:36,4,3,1,5.1,0.05,0.07,0.02,19.8,144,89,40,174.0,0,0,1,100
14:59:36,4,3,1,5.1,0.05,0.07,0.02,19.9,144,89,40,174.0,0,0,1,100
14:59:36,4,3,1,5.1,0.05,0.07,0.02,19.8,144,89,40,174.0,0,0,1,100
14:59:36,4,3,1,5.1,0.05,0.07,0.02,19.8,144,89,40,174.0,0,0,1,100
14:59:36,4,3,1,5.1,0.05,0.07,0.02,19.8,144,89,40,174.0,0,0,1,100
14:59:36,4,3,1,5.1,0.05,0.07,0.02,19.9,144,89,40,174.0,0,0,1,100
14:59:36,4,3,1,5.1,0.05,0.07,0.02,20.0,144,89,40,174.0,0,0,1,100
14:59:36,4,3,1,5.1,0.05,0.07,0.02,19.6,144,89,40,174.0,0,0,1,100
14:59:36,5,3,4,7.1,0.05,0.08,0.02,19.9,125,88,114,191.0,0,0,1,100
14:59:37,5,3,4,7.1,0.05,0.08,0.02,19.8,125,88,114,191.0,0,0,1,100
14:59:37,5,3,4,7.1,0.05,0.08,0.02,19.9,125,88,114,191.0,0,0,0,100
14:59:37,5,3,4,7.1,0.05,0.08,0.02,19.8,125,88,114,191.0,0,0,0,100
14:59:37,5,3,4,7.1,0.05,0.08,0.02,19.8,125,88,114,191.0,0,0,0,100
14:59:37,5,3,4,7.1,0.05,0.08,0.02,19.9,125,88,114,191.0,0,0,0,100
14:59:37,5,3,4,7.1,0.05,0.08,0.02,19.9,125,88,114,191.0,0,0,0,100
14:59:37,5,3,4,7.1,0.05,0.08,0.02,19.8,125,88,114,191.0,0,0,0,100
14:59:37,5,3,4,7.1,0.05,0.08,0.02,19.9,125,88,114,191.0,0,0,0,100
14:59:37,5,3,4,7.1,0.05,0.08,0.02,19.8,125,88,114,191.0,0,0,0,100
14:59:37,2,3,6,7.0,0.05,0.13,0.08,19.9,60,76,167,193.0,0,0,0,100
14:59:38,2,3,6,7.0,0.05,0.13,0.08,19.9,60,76,167,193.0,0,0,0,100
14:59:38,2,3,6,7.0,0.05,0.13,0.08,19.8,60,76,167,193.0,2,0,0,100
14:59:38,2,3,6,7.0,0.05,0.13,0.08,19.9,60,76,167,193.0,2,0,0,100
14:59:38,2,3,6,7.0,0.05,0.13,0.08,19.8,60,76,167,193.0,2,0,0,100
14:59:38,2,3,6,7.0,0.05,0.13,0.08,20.1,60,76,167,193.0,2,0,0,100
14:59:38,2,3,6,7.0,0.05,0.13,0.08,20.0,60,76,167,193.0,2,0,0,100
14:59:38,2,3,6,7.0,0.05,0.13,0.08,19.9,60,76,167,193.0,2,0,0,100
14:59:38,2,3,6,7.0,0.05,0.13,0.08,19.8,60,76,167,193.0,2,0,0,100
14:59:38,2,3,6,7.0,0.05,0.13,0.08,19.8,60,76,167,193.0,2,0,0,100
14:59:39,3,1,3,4.4,0.02,0.1,0.06,19.8,94,55,107,153.0,2,0,0,100
14:59:39,3,1,3,4.4,0.02,0.1,0.06,19.9,94,55,107,153.0,2,0,0,100
14:59:39,3,1,3,4.4,0.02,0.1,0.06,19.8,94,55,107,153.0,0,0,0,100
14:59:39,3,1,3,4.4,0.02,0.1,0.06,19.9,94,55,107,153.0,0,0,0,100
14:59:39,3,1,3,4.4,0.02,0.1,0.06,19.9,94,55,107,153.0,0,0,0,100
14:59:39,3,1,3,4.4,0.02,0.1,0.06,19.8,94,55,107,153.0,0,0,0,100
14:59:39,3,1,3,4.4,0.02,0.1,0.06,19.9,94,55,107,153.0,0,0,0,100
14:59:39,3,1,3,4.4,0.02,0.1,0.06,19.9,94,55,107,153.0,0,0,0,100
14:59:39,3,1,3,4.4,0.02,0.1,0.06,19.9,94,55,107,153.0,0,0,0,100
14:59:39,3,1,3,4.4,0.02,0.1,0.06,19.8,94,55,107,153.0,0,0,0,100
14:59:40,4,1,2,4.6,0.02,0.11,0.03,19.9,99,35,53,118.0,0,0,0,100
14:59:40,4,1,2,4.6,0.02,0.11,0.03,20.0,99,35,53,118.0,0,0,0,100
14:59:40,4,1,2,4.6,0.02,0.11,0.03,19.9,99,35,53,118.0,0,0,0,100
14:59:40,4,1,2,4.6,0.02,0.11,0.03,19.8,99,35,53,118.0,0,0,0,100
14:59:40,4,1,2,4.6,0.02,0.11,0.03,20.0,99,35,53,118.0,0,0,0,100
14:59:40,4,1,2,4.6,0.02,0.11,0.03,19.9,99,35,53,118.0,0,0,0,100
14:59:40,4,1,2,4.6,0.02,0.11,0.03,19.8,99,35,53,118.0,0,0,0,100
14:59:40,4,1,2,4.6,0.02,0.11,0.03,19.9,99,35,53,118.0,0,0,0,100
14:59:40,4,1,2,4.6,0.02,0.11,0.03,19.8,99,35,53,118.0,0,0,0,100
14:59:40,4,1,2,4.6,0.02,0.11,0.03,19.8,99,35,53,118.0,0,0,0,100
14:59:41,3,0,3,4.2,0.02,0.1,0.04,19.9,88,22,90,128.0,0,0,0,100
14:59:41,3,0,3,4.2,0.02,0.1,0.04,19.8,88,22,90,128.0,0,0,0,100
14:59:41,3,0,3,4.2,0.02,0.1,0.04,19.8,88,22,90,128.0,0,0,0,100
14:59:41,3,0,3,4.2,0.02,0.1,0.04,19.9,88,22,90,128.0,0,0,0,100
14:59:41,3,0,3,4.2,0.02,0.1,0.04,20.1,88,22,90,128.0,0,0,0,100
14:59:41,3,0,3,4.2,0.02,0.1,0.04,19.8,88,22,90,128.0,0,0,0,100
14:59:41,3,0,3,4.2,0.02,0.1,0.04,19.9,88,22,90,128.0,0,0,0,100
14:59:41,3,0,3,4.2,0.02,0.1,0.04,19.8,88,22,90,128.0,0,0,0,100
14:59:41,3,0,3,4.2,0.02,0.1,0.04,19.8,88,22,90,128.0,0,0,0,100
14:59:41,3,0,3,4.2,0.02,0.1,0.04,19.9,88,22,90,128.0,0,0,0,100
14:59:42,2,1,4,4.6,0.05,0.1,0.02,19.8,71,48,110,139.0,0,0,0,100
14:59:42,2,1,4,4.6,0.05,0.1,0.02,19.9,71,48,110,139.0,0,0,0,100
14:59:42,2,1,4,4.6,0.05,0.1,0.02,19.9,71,48,110,139.0,2,0,0,100
14:59:42,2,1,4,4.6,0.05,0.1,0.02,19.6,71,48,110,139.0,2,0,0,100
14:59:42,2,1,4,4.6,0.05,0.1,0.02,19.9,71,48,110,139.0,2,0,0,100
14:59:42,2,1,4,4.6,0.05,0.1,0.02,19.8,71,48,110,139.0,2,0,0,100
14:59:42,2,1,4,4.6,0.05,0.1,0.02,19.8,71,48,110,139.0,2,0,0,100
14:59:42,2,1,4,4.6,0.05,0.1,0.02,20.0,71,48,110,139.0,2,0,0,100
14:59:42,2,1,4,4.6,0.05,0.1,0.02,19.9,71,48,110,139.0,2,0,0,100
14:59:42,2,1,4,4.6,0.05,0.1,0.02,19.9,71,48,110,139.0,2,0,0,100
14:59:43,5,2,2,5.7,0.05,0.13,0.02,19.9,130,63,80,165.0,2,0,0,100
14:59:43,5,2,2,5.7,0.05,0.13,0.02,19.9,130,63,80,165.0,2,0,0,100
14:59:43,5,2,2,5.7,0.05,0.13,0.02,19.8,130,63,80,165.0,0,0,1,100
14:59:43,5,2,2,5.7,0.05,0.13,0.02,19.9,130,63,80,165.0,0,0,1,100
14:59:43,5,2,2,5.7,0.05,0.13,0.02,19.8,130,63,80,165.0,0,0,1,100
14:59:43,5,2,2,5.7,0.05,0.13,0.02,19.9,130,63,80,165.0,0,0,1,100
14:59:43,5,2,2,5.7,0.05,0.13,0.02,19.8,130,63,80,165.0,0,0,1,100
14:59:43,5,2,2,5.7,0.05,0.13,0.02,19.8,130,63,80,165.0,0,0,1,100
14:59:43,5,2,2,5.7,0.05,0.13,0.02,19.8,130,63,80,165.0,0,0,1,100
14:59:43,5,2,2,5.7,0.05,0.13,0.02,19.8,130,63,80,165.0,0,0,1,100
14:59:44,4,3,3,5.8,0.03,0.13,0.04,19.8,136,97,92,191.0,0,0,1,100
14:59:44,4,3,3,5.8,0.03,0.13,0.04,19.9,136,97,92,191.0,0,0,1,100
14:59:44,4,3,3,5.8,0.03,0.13,0.04,19.8,136,97,92,191.0,0,0,0,100
14:59:44,4,3,3,5.8,0.03,0.13,0.04,19.8,136,97,92,191.0,0,0,0,100
14:59:44,4,3,3,5.8,0.03,0.13,0.04,19.8,136,97,92,191.0,0,0,0,100
14:59:44,4,3,3,5.8,0.03,0.13,0.04,19.8,136,97,92,191.0,0,0,0,100
14:59:44,4,3,3,5.8,0.03,0.13,0.04,19.6,136,97,92,191.0,0,0,0,100
14:59:44,4,3,3,5.8,0.03,0.13,0.04,19.9,136,97,92,191.0,0,0,0,100
14:59:44,4,3,3,5.8,0.03,0.13,0.04,19.8,136,97,92,191.0,0,0,0,100
14:59:44,4,3,3,5.8,0.03,0.13,0.04,19.7,136,97,92,191.0,0,0,0,100
14:59:45,4,4,6,8.2,0.04,0.1,0.04,19.8,118,97,151,215.0,0,0,0,100
14:59:45,4,4,6,8.2,0.04,0.1,0.04,19.8,118,97,151,215.0,0,0,0,100
14:59:45,4,4,6,8.2,0.04,0.1,0.04,19.8,118,97,151,215.0,0,0,0,100
14:59:45,4,4,6,8.2,0.04,0.1,0.04,19.9,118,97,151,215.0,0,0,0,100
14:59:45,4,4,6,8.2,0.04,0.1,0.04,19.8,118,97,151,215.0,0,0,0,100
14:59:45,4,4,6,8.2,0.04,0.1,0.04,19.8,118,97,151,215.0,0,0,0,100
14:59:45,4,4,6,8.2,0.04,0.1,0.04,19.8,118,97,151,215.0,0,0,0,100
14:59:45,4,4,6,8.2,0.04,0.1,0.04,19.7,118,97,151,215.0,0,0,0,100
14:59:45,4,4,6,8.2,0.04,0.1,0.04,19.8,118,97,151,215.0,0,0,0,100
14:59:45,4,4,6,8.2,0.04,0.1,0.04,19.9,118,97,151,215.0,0,0,0,100
14:59:46,2,3,5,6.2,0.01,0.08,0.04,19.8,57,99,164,200.0,0,0,0,100
14:59:46,2,3,5,6.2,0.01,0.08,0.04,19.8,57,99,164,200.0,0,0,0,100
14:59:46,2,3,5,6.2,0.01,0.08,0.04,19.8,57,99,164,200.0,1,0,0,100
14:59:46,2,3,5,6.2,0.01,0.08,0.04,19.8,57,99,164,200.0,1,0,0,100
14:59:46,2,3,5,6.2,0.01,0.08,0.04,19.8,57,99,164,200.0,1,0,0,100
14:59:46,2,3,5,6.2,0.01,0.08,0.04,19.9,57,99,164,200.0,1,0,0,100
14:59:46,2,3,5,6.2,0.01,0.08,0.04,19.8,57,99,164,200.0,1,0,0,100
14:59:46,2,3,5,6.2,0.01,0.08,0.04,19.8,57,99,164,200.0,1,0,0,100
14:59:46,2,3,5,6.2,0.01,0.08,0.04,19.8,57,99,164,200.0,1,0,0,100
14:59:46,2,3,5,6.2,0.01,0.08,0.04,20.1,57,99,164,200.0,1,0,0,100
14:59:47,4,3,4,6.4,0.02,0.07,0.03,19.7,118,96,137,205.0,1,0,0,100
14:59:47,4,3,4,6.4,0.02,0.07,0.03,19.8,118,96,137,205.0,1,0,0,100
14:59:47,4,3,4,6.4,0.02,0.07,0.03,19.9,118,96,137,205.0,0,0,0,100
14:59:47,4,3,4,6.4,0.02,0.07,0.03,19.8,118,96,137,205.0,0,0,0,100
14:59:47,4,3,4,6.4,0.02,0.07,0.03,19.9,118,96,137,205.0,0,0,0,100
14:59:47,4,3,4,6.4,0.02,0.07,0.03,19.8,118,96,137,205.0,0,0,0,100
14:59:47,4,3,4,6.4,0.02,0.07,0.03,20.0,118,96,137,205.0,0,0,0,100
14:59:47,4,3,4,6.4,0.02,0.07,0.03,19.8,118,96,137,205.0,0,0,0,100
14:59:47,4,3,4,6.4,0.02,0.07,0.03,19.9,118,96,137,205.0,0,0,0,100
14:59:47,4,3,4,6.4,0.02,0.07,0.03,20.0,118,96,137,205.0,0,0,0,100
14:59:48,5,3,2,6.2,0.06,0.12,0.05,19.7,162,102,72,205.0,0,0,0,100
14:59:48,5,3,2,6.2,0.06,0.12,0.05,19.9,162,102,72,205.0,0,0,0,100
14:59:48,5,3,2,6.2,0.06,0.12,0.05,19.8,162,102,72,205.0,0,0,1,100
14:59:48,5,3,2,6.2,0.06,0.12,0.05,19.7,162,102,72,205.0,0,0,1,100
14:59:48,5,3,2,6.2,0.06,0.12,0.05,19.8,162,102,72,205.0,0,0,1,100
14:59:48,5,3,2,6.2,0.06,0.12,0.05,19.8,162,102,72,205.0,0,0,1,100
14:59:48,5,3,2,6.2,0.06,0.12,0.05,19.9,162,102,72,205.0,0,0,1,100
14:59:48,5,3,2,6.2,0.06,0.12,0.05,19.8,162,102,72,205.0,0,0,1,100
14:59:48,5,3,2,6.2,0.06,0.12,0.05,19.7,162,102,72,205.0,0,0,1,100
14:59:48,5,3,2,6.2,0.06,0.12,0.05,19.8,162,102,72,205.0,0,0,1,100
14:59:49,4,2,4,6.0,0.03,0.13,0.01,20.0,131,69,103,180.0,0,0,1,100
14:59:49,4,2,4,6.0,0.03,0.13,0.01,19.9,131,69,103,180.0,0,0,1,100
14:59:49,4,2,4,6.0,0.03,0.13,0.01,19.8,131,69,103,180.0,0,0,0,100
14:59:49,4,2,4,6.0,0.03,0.13,0.01,20.0,131,69,103,180.0,0,0,0,100
14:59:49,4,2,4,6.0,0.03,0.13,0.01,19.6,131,69,103,180.0,0,0,0,100
14:59:49,4,2,4,6.0,0.03,0.13,0.01,19.9,131,69,103,180.0,0,0,0,100
14:59:49,4,2,4,6.0,0.03,0.13,0.01,19.8,131,69,103,180.0,0,0,0,100
14:59:49,4,2,4,6.0,0.03,0.13,0.01,19.7,131,69,103,180.0,0,0,0,100
14:59:49,4,2,4,6.0,0.03,0.13,0.01,19.9,131,69,103,180.0,0,0,0,100
14:59:49,4,2,4,6.0,0.03,0.13,0.01,19.9,131,69,103,180.0,0,0,0,100
14:59:50,7,5,5,9.9,0.05,0.08,0.02,19.8,78,62,121,157.0,0,0,0,100
14:59:50,7,5,5,9.9,0.05,0.08,0.02,19.8,78,62,121,157.0,0,0,0,100
14:59:50,7,5,5,9.9,0.05,0.08,0.02,19.9,78,62,121,157.0,1,0,0,100
14:59:50,7,5,5,9.9,0.05,0.08,0.02,19.8,78,62,121,157.0,1,0,0,100
14:59:50,7,5,5,9.9,0.05,0.08,0.02,19.8,78,62,121,157.0,1,0,0,100
14:59:50,7,5,5,9.9,0.05,0.08,0.02,19.7,78,62,121,157.0,1,0,0,100
14:59:50,7,5,5,9.9,0.05,0.08,0.02,19.9,78,62,121,157.0,1,0,0,100
14:59:50,7,5,5,9.9,0.05,0.08,0.02,19.8,78,62,121,157.0,1,0,0,100
14:59:50,7,5,5,9.9,0.05,0.08,0.02,19.7,78,62,121,157.0,1,0,0,100
14:59:50,7,5,5,9.9,0.05,0.08,0.02,19.8,78,62,121,157.0,1,0,0,100
14:59:51,3,3,4,5.8,0.03,0.08,0.03,19.9,86,27,94,130.0,1,0,0,100
14:59:51,3,3,4,5.8,0.03,0.08,0.03,19.8,86,27,94,130.0,1,0,0,100
14:59:51,3,3,4,5.8,0.03,0.08,0.03,19.9,86,27,94,130.0,0,10,0,100
14:59:51,3,3,4,5.8,0.03,0.08,0.03,19.8,86,27,94,130.0,0,10,0,100
14:59:51,3,3,4,5.8,0.03,0.08,0.03,19.8,86,27,94,130.0,0,10,0,100
14:59:51,3,3,4,5.8,0.03,0.08,0.03,19.8,86,27,94,130.0,0,10,0,100
14:59:51,3,3,4,5.8,0.03,0.08,0.03,19.9,86,27,94,130.0,0,10,0,100
14:59:51,3,3,4,5.8,0.03,0.08,0.03,19.9,86,27,94,130.0,0,10,0,100
14:59:51,3,3,4,5.8,0.03,0.08,0.03,19.8,86,27,94,130.0,0,10,0,100
14:59:51,3,3,4,5.8,0.03,0.08,0.03,19.8,86,27,94,130.0,0,10,0,100
14:59:52,3,1,1,3.3,0.02,0.06,0.03,19.9,99,28,43,112.0,0,10,0,100
14:59:52,3,1,1,3.3,0.02,0.06,0.03,19.8,99,28,43,112.0,0,10,0,100
14:59:52,3,1,1,3.3,0.02,0.06,0.03,19.9,99,28,43,112.0,0,0,2,100
14:59:52,3,1,1,3.3,0.02,0.06,0.03,19.9,99,28,43,112.0,0,0,2,100
14:59:52,3,1,1,3.3,0.02,0.06,0.03,19.8,99,28,43,112.0,0,0,2,100
14:59:52,3,1,1,3.3,0.02,0.06,0.03,19.9,99,28,43,112.0,0,0,2,100
14:59:52,3,1,1,3.3,0.02,0.06,0.03,19.8,99,28,43,112.0,0,0,2,100
14:59:52,3,1,1,3.3,0.02,0.06,0.03,20.0,99,28,43,112.0,0,0,2,100
14:59:52,3,1,1,3.3,0.02,0.06,0.03,19.8,99,28,43,112.0,0,0,2,100
14:59:52,3,1,1,3.3,0.02,0.06,0.03,19.8,99,28,43,112.0,0,0,2,100
14:59:53,3,2,3,4.7,0.01,0.09,0.03,19.8,89,54,104,147.0,0,0,2,100
14:59:53,3,2,3,4.7,0.01,0.09,0.03,19.8,89,54,104,147.0,0,0,2,100
14:59:53,3,2,3,4.7,0.01,0.09,0.03,19.8,89,54,104,147.0,1,0,0,100
14:59:53,3,2,3,4.7,0.01,0.09,0.03,19.6,89,54,104,147.0,1,0,0,100
14:59:53,3,2,3,4.7,0.01,0.09,0.03,19.9,89,54,104,147.0,1,0,0,100
14:59:53,3,2,3,4.7,0.01,0.09,0.03,19.8,89,54,104,147.0,1,0,0,100
14:59:53,3,2,3,4.7,0.01,0.09,0.03,19.8,89,54,104,147.0,1,0,0,100
14:59:53,3,2,3,4.7,0.01,0.09,0.03,19.9,89,54,104,147.0,1,0,0,100
14:59:53,3,2,3,4.7,0.01,0.09,0.03,19.9,89,54,104,147.0,1,0,0,100
14:59:53,3,2,3,4.7,0.01,0.09,0.03,19.8,89,54,104,147.0,1,0,0,100
14:59:54,3,3,5,6.6,0.05,0.18,0.07,19.8,73,85,141,180.0,1,0,0,100
14:59:54,3,3,5,6.6,0.05,0.18,0.07,19.6,73,85,141,180.0,1,0,0,100
14:59:54,3,3,5,6.6,0.05,0.18,0.07,19.9,73,85,141,180.0,3,0,0,100
14:59:54,3,3,5,6.6,0.05,0.18,0.07,20.1,73,85,141,180.0,3,0,0,100
14:59:54,3,3,5,6.6,0.05,0.18,0.07,19.7,73,85,141,180.0,3,0,0,100
14:59:54,3,3,5,6.6,0.05,0.18,0.07,19.9,73,85,141,180.0,3,0,0,100
14:59:54,3,3,5,6.6,0.05,0.18,0.07,19.9,73,85,141,180.0,3,0,0,100
14:59:54,3,3,5,6.6,0.05,0.18,0.07,19.8,73,85,141,180.0,3,0,0,100
14:59:54,3,3,5,6.6,0.05,0.18,0.07,19.9,73,85,141,180.0,3,0,0,100
14:59:54,3,3,5,6.6,0.05,0.18,0.07,19.7,73,85,141,180.0,3,0,0,100
14:59:55,5,5,4,8.1,0.04,0.11,0.02,19.8,157,105,123,225.0,3,0,0,100
14:59:55,5,5,4,8.1,0.04,0.11,0.02,19.8,157,105,123,225.0,3,0,0,100
14:59:55,5,5,4,8.1,0.04,0.11,0.02,19.8,157,105,123,225.0,0,0,0,100
14:59:55,5,5,4,8.1,0.04,0.11,0.02,19.8,157,105,123,225.0,0,0,0,100
14:59:55,5,5,4,8.1,0.04,0.11,0.02,19.8,157,105,123,225.0,0,0,0,100
14:59:55,5,5,4,8.1,0.04,0.11,0.02,19.8,157,105,123,225.0,0,0,0,100
14:59:55,5,5,4,8.1,0.04,0.11,0.02,19.7,157,105,123,225.0,0,0,0,100
14:59:55,5,5,4,8.1,0.04,0.11,0.02,19.8,157,105,123,225.0,0,0,0,100
14:59:55,5,5,4,8.1,0.04,0.11,0.02,19.9,157,105,123,225.0,0,0,0,100
14:59:56,5,5,4,8.1,0.04,0.11,0.02,19.7,157,105,123,225.0,0,0,0,100
14:59:56,6,5,3,8.4,0.05,0.11,0.01,19.8,174,113,64,217.0,0,0,0,100
14:59:56,6,5,3,8.4,0.05,0.11,0.01,19.9,174,113,64,217.0,0,0,0,100
14:59:56,6,5,3,8.4,0.05,0.11,0.01,19.8,174,113,64,217.0,0,0,1,100
14:59:56,6,5,3,8.4,0.05,0.11,0.01,19.9,174,113,64,217.0,0,0,1,100
14:59:56,6,5,3,8.4,0.05,0.11,0.01,19.6,174,113,64,217.0,0,0,1,100
14:59:56,6,5,3,8.4,0.05,0.11,0.01,19.6,174,113,64,217.0,0,0,1,100
14:59:56,6,5,3,8.4,0.05,0.11,0.01,19.8,174,113,64,217.0,0,0,1,100
14:59:56,6,5,3,8.4,0.05,0.11,0.01,19.8,174,113,64,217.0,0,0,1,100
14:59:56,6,5,3,8.4,0.05,0.11,0.01,19.9,174,113,64,217.0,0,0,1,100
14:59:57,6,5,3,8.4,0.05,0.11,0.01,19.7,174,113,64,217.0,0,0,1,100
14:59:57,5,4,5,8.1,0.04,0.12,0.03,19.8,164,108,124,232.0,0,0,1,100
14:59:57,5,4,5,8.1,0.04,0.12,0.03,19.9,164,108,124,232.0,0,0,1,100
14:59:57,5,4,5,8.1,0.04,0.12,0.03,19.8,164,108,124,232.0,0,0,0,100
14:59:57,5,4,5,8.1,0.04,0.12,0.03,19.9,164,108,124,232.0,0,0,0,100
14:59:57,5,4,5,8.1,0.04,0.12,0.03,19.8,164,108,124,232.0,0,0,0,100
14:59:57,5,4,5,8.1,0.04,0.12,0.03,19.8,164,108,124,232.0,0,0,0,100
14:59:57,5,4,5,8.1,0.04,0.12,0.03,20.0,164,108,124,232.0,0,0,0,100
14:59:57,5,4,5,8.1,0.04,0.12,0.03,19.8,164,108,124,232.0,0,0,0,100
14:59:57,5,4,5,8.1,0.04,0.12,0.03,19.8,164,108,124,232.0,0,0,0,100
14:59:58,5,4,5,8.1,0.04,0.12,0.03,19.6,164,108,124,232.0,0,0,0,100
14:59:58,2,3,5,6.2,0.02,0.08,0.05,19.8,79,89,137,181.0,0,0,0,100
14:59:58,2,3,5,6.2,0.02,0.08,0.05,19.9,79,89,137,181.0,0,0,0,100
14:59:58,2,3,5,6.2,0.02,0.08,0.05,19.9,79,89,137,181.0,1,0,0,100
14:59:58,2,3,5,6.2,0.02,0.08,0.05,19.9,79,89,137,181.0,1,0,0,100
14:59:58,2,3,5,6.2,0.02,0.08,0.05,19.8,79,89,137,181.0,1,0,0,100
14:59:58,2,3,5,6.2,0.02,0.08,0.05,19.8,79,89,137,181.0,1,0,0,100
14:59:58,2,3,5,6.2,0.02,0.08,0.05,19.8,79,89,137,181.0,1,0,0,100
14:59:58,2,3,5,6.2,0.02,0.08,0.05,19.9,79,89,137,181.0,1,0,0,100
14:59:58,2,3,5,6.2,0.02,0.08,0.05,19.9,79,89,137,181.0,1,0,0,100
14:59:59,2,3,5,6.2,0.02,0.08,0.05,19.8,79,89,137,181.0,1,0,0,100
14:59:59,2,3,4,5.4,0.02,0.08,0.06,19.8,79,78,135,175.0,1,0,0,100
14:59:59,2,3,4,5.4,0.02,0.08,0.06,20.0,79,78,135,175.0,1,0,0,100
14:59:59,2,3,4,5.4,0.02,0.08,0.06,19.8,79,78,135,175.0,0,0,0,100
14:59:59,2,3,4,5.4,0.02,0.08,0.06,19.8,79,78,135,175.0,0,0,0,100
14:59:59,2,3,4,5.4,0.02,0.08,0.06,19.9,79,78,135,175.0,0,0,0,100
14:59:59,2,3,4,5.4,0.02,0.08,0.06,19.9,79,78,135,175.0,0,0,0,100
14:59:59,2,3,4,5.4,0.02,0.08,0.06,19.7,79,78,135,175.0,0,0,0,100
14:59:59,2,3,4,5.4,0.02,0.08,0.06,19.8,79,78,135,175.0,0,0,0,100
14:59:59,2,3,4,5.4,0.02,0.08,0.06,19.8,79,78,135,175.0,0,0,0,100
15:00:00,2,3,4,5.4,0.02,0.08,0.06,20.0,79,78,135,175.0,0,0,0,100
15:00:00,3,2,2,4.1,0.02,0.05,0.03,19.8,108,60,80,147.0,0,0,0,100
15:00:00,3,2,2,4.1,0.02,0.05,0.03,19.9,108,60,80,147.0,0,0,0,100
15:00:00,3,2,2,4.1,0.02,0.05,0.03,19.9,108,60,80,147.0,0,0,1,100
15:00:00,3,2,2,4.1,0.02,0.05,0.03,19.9,108,60,80,147.0,0,0,1,100
15:00:00,3,2,2,4.1,0.02,0.05,0.03,19.8,108,60,80,147.0,0,0,1,100
15:00:00,3,2,2,4.1,0.02,0.05,0.03,19.9,108,60,80,147.0,0,0,1,100
15:00:00,3,2,2,4.1,0.02,0.05,0.03,19.8,108,60,80,147.0,0,0,1,100
15:00:00,3,2,2,4.1,0.02,0.05,0.03,20.0,108,60,80,147.0,0,0,1,100
15:00:00,3,2,2,4.1,0.02,0.05,0.03,19.8,108,60,80,147.0,0,0,1,100
15:00:01,3,2,2,4.1,0.02,0.05,0.03,19.8,108,60,80,147.0,0,0,1,100
15:00:01,3,2,4,5.4,0.03,0.04,0.02,19.8,100,35,81,133.0,0,0,1,100
15:00:01,3,2,4,5.4,0.03,0.04,0.02,19.8,100,35,81,133.0,0,0,1,100
15:00:01,3,2,4,5.4,0.03,0.04,0.02,19.8,100,35,81,133.0,0,0,0,100
15:00:01,3,2,4,5.4,0.03,0.04,0.02,20.0,100,35,81,133.0,0,0,0,100
15:00:01,3,2,4,5.4,0.03,0.04,0.02,19.9,100,35,81,133.0,0,0,0,100
15:00:01,3,2,4,5.4,0.03,0.04,0.02,19.9,100,35,81,133.0,0,0,0,100
15:00:01,3,2,4,5.4,0.03,0.04,0.02,19.8,100,35,81,133.0,0,0,0,100
15:00:01,3,2,4,5.4,0.03,0.04,0.02,19.8,100,35,81,133.0,0,0,0,100
15:00:01,3,2,4,5.4,0.03,0.04,0.02,19.9,100,35,81,133.0,0,0,0,100
15:00:02,3,2,4,5.4,0.03,0.04,0.02,19.9,100,35,81,133.0,0,0,0,100
15:00:02,2,1,4,4.6,0.04,0.09,0.01,19.9,51,18,105,118.0,0,0,0,100
15:00:02,2,1,4,4.6,0.04,0.09,0.01,20.0,51,18,105,118.0,0,0,0,100
15:00:02,2,1,4,4.6,0.04,0.09,0.01,19.8,51,18,105,118.0,2,5,0,100
15:00:02,2,1,4,4.6,0.04,0.09,0.01,19.8,51,18,105,118.0,2,5,0,100
15:00:02,2,1,4,4.6,0.04,0.09,0.01,19.8,51,18,105,118.0,2,5,0,100
15:00:02,2,1,4,4.6,0.04,0.09,0.01,19.7,51,18,105,118.0,2,5,0,100
15:00:02,2,1,4,4.6,0.04,0.09,0.01,20.0,51,18,105,118.0,2,5,0,100
15:00:02,2,1,4,4.6,0.04,0.09,0.01,20.0,51,18,105,118.0,2,5,0,100
15:00:03,2,1,4,4.6,0.04,0.09,0.01,19.9,51,18,105,118.0,2,5,0,100
15:00:03,2,1,4,4.6,0.04,0.09,0.01,19.6,51,18,105,118.0,2,5,0,100
15:00:03,3,1,3,4.4,0.04,0.09,0.02,19.9,96,39,83,133.0,2,5,0,100
15:00:03,3,1,3,4.4,0.04,0.09,0.02,19.9,96,39,83,133.0,2,5,0,100
15:00:03,3,1,3,4.4,0.04,0.09,0.02,19.8,96,39,83,133.0,0,0,0,100
15:00:03,3,1,3,4.4,0.04,0.09,0.02,19.9,96,39,83,133.0,0,0,0,100
15:00:03,3,1,3,4.4,0.04,0.09,0.02,19.8,96,39,83,133.0,0,0,0,100
15:00:03,3,1,3,4.4,0.04,0.09,0.02,19.8,96,39,83,133.0,0,0,0,100
15:00:03,3,1,3,4.4,0.04,0.09,0.02,19.8,96,39,83,133.0,0,0,0,100
15:00:03,3,1,3,4.4,0.04,0.09,0.02,19.9,96,39,83,133.0,0,0,0,100
15:00:03,3,1,3,4.4,0.04,0.09,0.02,19.8,96,39,83,133.0,0,0,0,100
15:00:04,3,1,3,4.4,0.04,0.09,0.02,19.7,96,39,83,133.0,0,0,0,100
15:00:04,4,2,2,4.9,0.03,0.06,0.03,20.0,131,58,57,154.0,0,0,0,100
15:00:04,4,2,2,4.9,0.03,0.06,0.03,19.9,131,58,57,154.0,0,0,0,100
15:00:04,4,2,2,4.9,0.03,0.06,0.03,20.0,131,58,57,154.0,0,0,0,100
15:00:04,4,2,2,4.9,0.03,0.06,0.03,19.9,131,58,57,154.0,0,0,0,100
15:00:04,4,2,2,4.9,0.03,0.06,0.03,19.6,131,58,57,154.0,0,0,0,100
15:00:04,4,2,2,4.9,0.03,0.06,0.03,19.8,131,58,57,154.0,0,0,0,100
15:00:04,4,2,2,4.9,0.03,0.06,0.03,19.8,131,58,57,154.0,0,0,0,100
15:00:04,4,2,2,4.9,0.03,0.06,0.03,19.9,131,58,57,154.0,0,0,0,100
15:00:04,4,2,2,4.9,0.03,0.06,0.03,19.9,131,58,57,154.0,0,0,0,100
15:00:05,4,2,2,4.9,0.03,0.06,0.03,19.8,131,58,57,154.0,0,0,0,100
15:00:05,3,3,4,5.8,0.02,0.08,0.06,19.8,103,83,129,185.0,0,0,0,100
15:00:05,3,3,4,5.8,0.02,0.08,0.06,19.8,103,83,129,185.0,0,0,0,100
15:00:05,3,3,4,5.8,0.02,0.08,0.06,19.7,103,83,129,185.0,0,0,0,100
15:00:05,3,3,4,5.8,0.02,0.08,0.06,20.0,103,83,129,185.0,0,0,0,100
15:00:05,3,3,4,5.8,0.02,0.08,0.06,19.8,103,83,129,185.0,0,0,0,100
15:00:05,3,3,4,5.8,0.02,0.08,0.06,19.9,103,83,129,185.0,0,0,0,100
15:00:05,3,3,4,5.8,0.02,0.08,0.06,19.9,103,83,129,185.0,0,0,0,100
15:00:05,3,3,4,5.8,0.02,0.08,0.06,19.8,103,83,129,185.0,0,0,0,100
15:00:06,3,3,4,5.8,0.02,0.08,0.06,19.8,103,83,129,185.0,0,0,0,100
15:00:06,3,3,4,5.8,0.02,0.08,0.06,19.9,103,83,129,185.0,0,0,0,100
15:00:06,1,3,4,5.1,0.01,0.05,0.03,19.9,53,92,144,179.0,0,0,0,100
15:00:06,1,3,4,5.1,0.01,0.05,0.03,19.8,53,92,144,179.0,0,0,0,100
15:00:06,1,3,4,5.1,0.01,0.05,0.03,19.8,53,92,144,179.0,0,0,0,100
15:00:06,1,3,4,5.1,0.01,0.05,0.03,19.8,53,92,144,179.0,0,0,0,100
15:00:06,1,3,4,5.1,0.01,0.05,0.03,19.8,53,92,144,179.0,0,0,0,100
15:00:06,1,3,4,5.1,0.01,0.05,0.03,19.8,53,92,144,179.0,0,0,0,100
15:00:06,1,3,4,5.1,0.01,0.05,0.03,20.0,53,92,144,179.0,0,0,0,100
15:00:06,1,3,4,5.1,0.01,0.05,0.03,19.8,53,92,144,179.0,0,0,0,100
15:00:06,1,3,4,5.1,0.01,0.05,0.03,19.9,53,92,144,179.0,0,0,0,100
15:00:07,1,3,4,5.1,0.01,0.05,0.03,19.8,53,92,144,179.0,0,0,0,100
15:00:07,4,3,4,6.4,0.03,0.06,0.03,19.8,128,100,133,210.0,0,0,0,100
15:00:07,4,3,4,6.4,0.03,0.06,0.03,19.8,128,100,133,210.0,0,0,0,100
15:00:07,4,3,4,6.4,0.03,0.06,0.03,19.8,128,100,133,210.0,0,0,0,100
15:00:07,4,3,4,6.4,0.03,0.06,0.03,19.7,128,100,133,210.0,0,0,0,100
15:00:07,4,3,4,6.4,0.03,0.06,0.03,19.9,128,100,133,210.0,0,0,0,100
15:00:07,4,3,4,6.4,0.03,0.06,0.03,19.9,128,100,133,210.0,0,0,0,100
15:00:07,4,3,4,6.4,0.03,0.06,0.03,19.8,128,100,133,210.0,0,0,0,100
15:00:07,4,3,4,6.4,0.03,0.06,0.03,19.9,128,100,133,210.0,0,0,0,100
15:00:08,4,3,4,6.4,0.03,0.06,0.03,19.9,128,100,133,210.0,0,0,0,100
15:00:08,4,3,4,6.4,0.03,0.06,0.03,19.9,128,100,133,210.0,0,0,0,100
15:00:08,5,3,2,6.2,0.04,0.05,0.02,19.8,148,93,70,188.0,0,0,0,100
15:00:08,5,3,2,6.2,0.04,0.05,0.02,19.8,148,93,70,188.0,0,0,0,100
15:00:08,5,3,2,6.2,0.04,0.05,0.02,19.9,148,93,70,188.0,0,0,1,100
15:00:08,5,3,2,6.2,0.04,0.05,0.02,19.8,148,93,70,188.0,0,0,1,100
15:00:08,5,3,2,6.2,0.04,0.05,0.02,19.8,148,93,70,188.0,0,0,1,100
15:00:08,5,3,2,6.2,0.04,0.05,0.02,19.9,148,93,70,188.0,0,0,1,100
15:00:08,5,3,2,6.2,0.04,0.05,0.02,19.6,148,93,70,188.0,0,0,1,100
15:00:08,5,3,2,6.2,0.04,0.05,0.02,19.8,148,93,70,188.0,0,0,1,100
15:00:09,5,3,2,6.2,0.04,0.05,0.02,19.9,148,93,70,188.0,0,0,1,100
15:00:09,5,3,2,6.2,0.04,0.05,0.02,19.6,148,93,70,188.0,0,0,1,100
15:00:09,5,3,5,7.7,0.08,0.11,0.03,19.8,143,95,121,210.0,0,0,1,100
15:00:09,5,3,5,7.7,0.08,0.11,0.03,19.8,143,95,121,210.0,0,0,1,100
15:00:09,5,3,5,7.7,0.08,0.11,0.03,19.8,143,95,121,210.0,0,0,0,100
15:00:09,5,3,5,7.7,0.08,0.11,0.03,19.8,143,95,121,210.0,0,0,0,100
15:00:09,5,3,5,7.7,0.08,0.11,0.03,19.9,143,95,121,210.0,0,0,0,100
15:00:09,5,3,5,7.7,0.08,0.11,0.03,19.8,143,95,121,210.0,0,0,0,100
15:00:09,5,3,5,7.7,0.08,0.11,0.03,19.8,143,95,121,210.0,0,0,0,100
15:00:09,5,3,5,7.7,0.08,0.11,0.03,19.8,143,95,121,210.0,0,0,0,100
15:00:10,5,3,5,7.7,0.08,0.11,0.03,19.8,143,95,121,210.0,0,0,0,100
15:00:10,5,3,5,7.7,0.08,0.11,0.03,19.8,143,95,121,210.0,0,0,0,100
15:00:10,3,3,5,6.6,0.05,0.09,0.03,19.8,80,74,137,175.0,0,0,0,100
15:00:10,3,3,5,6.6,0.05,0.09,0.03,19.8,80,74,137,175.0,0,0,0,100
15:00:10,3,3,5,6.6,0.05,0.09,0.03,19.8,80,74,137,175.0,1,0,0,100
15:00:10,3,3,5,6.6,0.05,0.09,0.03,19.8,80,74,137,175.0,1,0,0,100
15:00:10,3,3,5,6.6,0.05,0.09,0.03,19.8,80,74,137,175.0,1,0,0,100
15:00:10,3,3,5,6.6,0.05,0.09,0.03,19.9,80,74,137,175.0,1,0,0,100
15:00:10,3,3,5,6.6,0.05,0.09,0.03,19.9,80,74,137,175.0,1,0,0,100
15:00:10,3,3,5,6.6,0.05,0.09,0.03,19.9,80,74,137,175.0,1,0,0,100
15:00:11,3,3,5,6.6,0.05,0.09,0.03,19.8,80,74,137,175.0,1,0,0,100
15:00:11,3,3,5,6.6,0.05,0.09,0.03,19.9,80,74,137,175.0,1,0,0,100
15:00:11,6,2,6,8.7,0.04,0.19,0.16,19.8,145,54,125,199.0,1,0,0,100
15:00:11,6,2,6,8.7,0.04,0.19,0.16,19.9,145,54,125,199.0,1,0,0,100
15:00:11,6,2,6,8.7,0.04,0.19,0.16,20.0,145,54,125,199.0,2,0,0,100
15:00:11,6,2,6,8.7,0.04,0.19,0.16,19.8,145,54,125,199.0,2,0,0,100
15:00:11,6,2,6,8.7,0.04,0.19,0.16,19.8,145,54,125,199.0,2,0,0,100
15:00:11,6,2,6,8.7,0.04,0.19,0.16,19.8,145,54,125,199.0,2,0,0,100
15:00:11,6,2,6,8.7,0.04,0.19,0.16,19.7,145,54,125,199.0,2,0,0,100
15:00:11,6,2,6,8.7,0.04,0.19,0.16,19.9,145,54,125,199.0,2,0,0,100
15:00:12,6,2,6,8.7,0.04,0.19,0.16,19.9,145,54,125,199.0,2,0,0,100
15:00:12,6,2,6,8.7,0.04,0.19,0.16,19.8,145,54,125,199.0,2,0,0,100
15:00:12,6,1,3,6.8,0.02,0.18,0.15,19.8,156,42,76,179.0,2,0,0,100
15:00:12,6,1,3,6.8,0.02,0.18,0.15,19.9,156,42,76,179.0,2,0,0,100
15:00:12,6,1,3,6.8,0.02,0.18,0.15,19.8,156,42,76,179.0,0,2,0,100
15:00:12,6,1,3,6.8,0.02,0.18,0.15,19.8,156,42,76,179.0,0,2,0,100
15:00:12,6,1,3,6.8,0.02,0.18,0.15,19.7,156,42,76,179.0,0,2,0,100
15:00:12,6,1,3,6.8,0.02,0.18,0.15,19.8,156,42,76,179.0,0,2,0,100
15:00:12,6,1,3,6.8,0.02,0.18,0.15,19.8,156,42,76,179.0,0,2,0,100
15:00:12,6,1,3,6.8,0.02,0.18,0.15,19.9,156,42,76,179.0,0,2,0,100
15:00:13,6,1,3,6.8,0.02,0.18,0.15,19.8,156,42,76,179.0,0,2,0,100
15:00:13,6,1,3,6.8,0.02,0.18,0.15,19.9,156,42,76,179.0,0,2,0,100
15:00:13,3,1,3,4.4,0.03,0.08,0.05,20.0,111,24,93,147.0,0,2,0,100
15:00:13,3,1,3,4.4,0.03,0.08,0.05,20.1,111,24,93,147.0,0,2,0,100
15:00:13,3,1,3,4.4,0.03,0.08,0.05,19.8,111,24,93,147.0,0,0,0,100
15:00:13,3,1,3,4.4,0.03,0.08,0.05,19.9,111,24,93,147.0,0,0,0,100
15:00:13,3,1,3,4.4,0.03,0.08,0.05,19.8,111,24,93,147.0,0,0,0,100
15:00:13,3,1,3,4.4,0.03,0.08,0.05,19.9,111,24,93,147.0,0,0,0,100
15:00:13,3,1,3,4.4,0.03,0.08,0.05,19.8,111,24,93,147.0,0,0,0,100
15:00:13,3,1,3,4.4,0.03,0.08,0.05,19.6,111,24,93,147.0,0,0,0,100
15:00:14,3,1,3,4.4,0.03,0.08,0.05,19.9,111,24,93,147.0,0,0,0,100
15:00:14,3,1,3,4.4,0.03,0.08,0.05,19.9,111,24,93,147.0,0,0,0,100
15:00:14,2,1,3,3.7,0.03,0.05,0.02,19.8,62,48,105,131.0,0,0,0,100
15:00:14,2,1,3,3.7,0.03,0.05,0.02,19.8,62,48,105,131.0,0,0,0,100
15:00:14,2,1,3,3.7,0.03,0.05,0.02,19.8,62,48,105,131.0,1,0,0,100
15:00:14,2,1,3,3.7,0.03,0.05,0.02,19.9,62,48,105,131.0,1,0,0,100
15:00:14,2,1,3,3.7,0.03,0.05,0.02,19.6,62,48,105,131.0,1,0,0,100
15:00:14,2,1,3,3.7,0.03,0.05,0.02,19.8,62,48,105,131.0,1,0,0,100
15:00:14,2,1,3,3.7,0.03,0.05,0.02,19.6,62,48,105,131.0,1,0,0,100
15:00:14,2,1,3,3.7,0.03,0.05,0.02,19.8,62,48,105,131.0,1,0,0,100
15:00:15,2,1,3,3.7,0.03,0.05,0.02,19.9,62,48,105,131.0,1,0,0,100
15:00:15,2,1,3,3.7,0.03,0.05,0.02,19.9,62,48,105,131.0,1,0,0,100
15:00:15,4,3,3,5.8,0.03,0.1,0.02,19.8,122,71,98,172.0,1,0,0,100
15:00:15,4,3,3,5.8,0.03,0.1,0.02,19.8,122,71,98,172.0,1,0,0,100
15:00:15,4,3,3,5.8,0.03,0.1,0.02,19.9,122,71,98,172.0,0,0,0,100
15:00:15,4,3,3,5.8,0.03,0.1,0.02,19.8,122,71,98,172.0,0,0,0,100
15:00:15,4,3,3,5.8,0.03,0.1,0.02,19.9,122,71,98,172.0,0,0,0,100
15:00:15,4,3,3,5.8,0.03,0.1,0.02,19.8,122,71,98,172.0,0,0,0,100
15:00:15,4,3,3,5.8,0.03,0.1,0.02,19.6,122,71,98,172.0,0,0,0,100
15:00:15,4,3,3,5.8,0.03,0.1,0.02,19.5,122,71,98,172.0,0,0,0,100
15:00:16,4,3,3,5.8,0.03,0.1,0.02,19.8,122,71,98,172.0,0,0,0,100
15:00:16,4,3,3,5.8,0.03,0.1,0.02,19.9,122,71,98,172.0,0,0,0,100
15:00:16,6,3,4,7.8,0.07,0.25,0.04,19.9,151,91,70,190.0,0,0,0,100
15:00:16,6,3,4,7.8,0.07,0.25,0.04,19.8,151,91,70,190.0,0,0,0,100
15:00:16,6,3,4,7.8,0.07,0.25,0.04,19.8,151,91,70,190.0,0,0,4,100
15:00:16,6,3,4,7.8,0.07,0.25,0.04,19.9,151,91,70,190.0,0,0,4,100
15:00:16,6,3,4,7.8,0.07,0.25,0.04,19.8,151,91,70,190.0,0,0,4,100
15:00:16,6,3,4,7.8,0.07,0.25,0.04,19.9,151,91,70,190.0,0,0,4,100
15:00:16,6,3,4,7.8,0.07,0.25,0.04,19.9,151,91,70,190.0,0,0,4,100
15:00:16,6,3,4,7.8,0.07,0.25,0.04,19.8,151,91,70,190.0,0,0,4,100
15:00:17,6,3,4,7.8,0.07,0.25,0.04,20.0,151,91,70,190.0,0,0,4,100
15:00:17,6,3,4,7.8,0.07,0.25,0.04,19.8,151,91,70,190.0,0,0,4,100
15:00:17,5,4,5,8.1,0.04,0.1,0.04,19.8,146,102,137,225.0,0,0,4,100
15:00:17,5,4,5,8.1,0.04,0.1,0.04,19.9,146,102,137,225.0,0,0,4,100
15:00:17,5,4,5,8.1,0.04,0.1,0.04,19.5,146,102,137,225.0,0,0,0,100
15:00:17,5,4,5,8.1,0.04,0.1,0.04,19.8,146,102,137,225.0,0,0,0,100
15:00:17,5,4,5,8.1,0.04,0.1,0.04,19.6,146,102,137,225.0,0,0,0,100
15:00:17,5,4,5,8.1,0.04,0.1,0.04,19.8,146,102,137,225.0,0,0,0,100
15:00:17,5,4,5,8.1,0.04,0.1,0.04,19.9,146,102,137,225.0,0,0,0,100
15:00:17,5,4,5,8.1,0.04,0.1,0.04,19.6,146,102,137,225.0,0,0,0,100
15:00:18,5,4,5,8.1,0.04,0.1,0.04,19.8,146,102,137,225.0,0,0,0,100
15:00:18,5,4,5,8.1,0.04,0.1,0.04,19.8,146,102,137,225.0,0,0,0,100
15:00:18,2,4,6,7.5,0.01,0.09,0.08,19.8,65,109,163,207.0,0,0,0,100
15:00:18,2,4,6,7.5,0.01,0.09,0.08,19.8,65,109,163,207.0,0,0,0,100
15:00:18,2,4,6,7.5,0.01,0.09,0.08,19.8,65,109,163,207.0,3,0,0,100
15:00:18,2,4,6,7.5,0.01,0.09,0.08,19.9,65,109,163,207.0,3,0,0,100
15:00:18,2,4,6,7.5,0.01,0.09,0.08,19.9,65,109,163,207.0,3,0,0,100
15:00:18,2,4,6,7.5,0.01,0.09,0.08,19.8,65,109,163,207.0,3,0,0,100
15:00:18,2,4,6,7.5,0.01,0.09,0.08,20.0,65,109,163,207.0,3,0,0,100
15:00:18,2,4,6,7.5,0.01,0.09,0.08,19.9,65,109,163,207.0,3,0,0,100
15:00:19,2,4,6,7.5,0.01,0.09,0.08,19.9,65,109,163,207.0,3,0,0,100
15:00:19,2,4,6,7.5,0.01,0.09,0.08,19.6,65,109,163,207.0,3,0,0,100
15:00:19,5,3,6,8.4,0.03,0.13,0.08,19.8,131,112,148,227.0,3,0,0,100
15:00:19,5,3,6,8.4,0.03,0.13,0.08,19.8,131,112,148,227.0,3,0,0,100
15:00:19,5,3,6,8.4,0.03,0.13,0.08,19.9,131,112,148,227.0,0,0,0,100
15:00:19,5,3,6,8.4,0.03,0.13,0.08,19.8,131,112,148,227.0,0,0,0,100
15:00:19,5,3,6,8.4,0.03,0.13,0.08,19.8,131,112,148,227.0,0,0,0,100
15:00:19,5,3,6,8.4,0.03,0.13,0.08,19.8,131,112,148,227.0,0,0,0,100
15:00:19,5,3,6,8.4,0.03,0.13,0.08,19.8,131,112,148,227.0,0,0,0,100
15:00:19,5,3,6,8.4,0.03,0.13,0.08,19.9,131,112,148,227.0,0,0,0,100
15:00:20,5,3,6,8.4,0.03,0.13,0.08,19.9,131,112,148,227.0,0,0,0,100
15:00:20,5,3,6,8.4,0.03,0.13,0.08,19.8,131,112,148,227.0,0,0,0,100
15:00:20,5,3,4,7.1,0.04,0.1,0.03,19.9,144,95,103,201.0,0,0,0,100
15:00:20,5,3,4,7.1,0.04,0.1,0.03,19.9,144,95,103,201.0,0,0,0,100
15:00:20,5,3,4,7.1,0.04,0.1,0.03,19.7,144,95,103,201.0,0,0,1,100
15:00:20,5,3,4,7.1,0.04,0.1,0.03,19.8,144,95,103,201.0,0,0,1,100
15:00:20,5,3,4,7.1,0.04,0.1,0.03,19.8,144,95,103,201.0,0,0,1,100
15:00:20,5,3,4,7.1,0.04,0.1,0.03,19.8,144,95,103,201.0,0,0,1,100
15:00:20,5,3,4,7.1,0.04,0.1,0.03,19.9,144,95,103,201.0,0,0,1,100
15:00:20,5,3,4,7.1,0.04,0.1,0.03,19.9,144,95,103,201.0,0,0,1,100
15:00:21,5,3,4,7.1,0.04,0.1,0.03,19.8,144,95,103,201.0,0,0,1,100
15:00:21,5,3,4,7.1,0.04,0.1,0.03,19.8,144,95,103,201.0,0,0,1,100
15:00:21,5,3,2,6.2,0.07,0.1,0.02,19.8,141,77,77,178.0,0,0,1,100
15:00:21,5,3,2,6.2,0.07,0.1,0.02,19.9,141,77,77,178.0,0,0,1,100
15:00:21,5,3,2,6.2,0.07,0.1,0.02,19.9,141,77,77,178.0,0,0,0,100
15:00:21,5,3,2,6.2,0.07,0.1,0.02,19.8,141,77,77,178.0,0,0,0,100
15:00:21,5,3,2,6.2,0.07,0.1,0.02,19.7,141,77,77,178.0,0,0,0,100
15:00:21,5,3,2,6.2,0.07,0.1,0.02,19.8,141,77,77,178.0,0,0,0,100
15:00:21,5,3,2,6.2,0.07,0.1,0.02,19.9,141,77,77,178.0,0,0,0,100
15:00:21,5,3,2,6.2,0.07,0.1,0.02,19.9,141,77,77,178.0,0,0,0,100
15:00:22,5,3,2,6.2,0.07,0.1,0.02,19.8,141,77,77,178.0,0,0,0,100
15:00:22,5,3,2,6.2,0.07,0.1,0.02,19.8,141,77,77,178.0,0,0,0,100
15:00:22,1,1,4,4.2,0.04,0.09,0.03,19.8,59,37,107,128.0,0,0,0,100
15:00:22,1,1,4,4.2,0.04,0.09,0.03,19.8,59,37,107,128.0,0,0,0,100
15:00:22,1,1,4,4.2,0.04,0.09,0.03,19.6,59,37,107,128.0,2,0,0,100
15:00:22,1,1,4,4.2,0.04,0.09,0.03,20.0,59,37,107,128.0,2,0,0,100
15:00:22,1,1,4,4.2,0.04,0.09,0.03,19.8,59,37,107,128.0,2,0,0,100
15:00:22,1,1,4,4.2,0.04,0.09,0.03,19.9,59,37,107,128.0,2,0,0,100
15:00:22,1,1,4,4.2,0.04,0.09,0.03,19.9,59,37,107,128.0,2,0,0,100
15:00:22,1,1,4,4.2,0.04,0.09,0.03,19.8,59,37,107,128.0,2,0,0,100
15:00:23,1,1,4,4.2,0.04,0.09,0.03,19.9,59,37,107,128.0,2,0,0,100
15:00:23,1,1,4,4.2,0.04,0.09,0.03,19.8,59,37,107,128.0,2,0,0,100
15:00:23,3,1,3,4.4,0.08,0.09,0.05,20.0,94,20,109,145.0,2,0,0,100
15:00:23,3,1,3,4.4,0.08,0.09,0.05,19.9,94,20,109,145.0,2,0,0,100
15:00:23,3,1,3,4.4,0.08,0.09,0.05,19.8,94,20,109,145.0,0,4,0,100
15:00:23,3,1,3,4.4,0.08,0.09,0.05,19.8,94,20,109,145.0,0,4,0,100
15:00:23,3,1,3,4.4,0.08,0.09,0.05,19.9,94,20,109,145.0,0,4,0,100
15:00:23,3,1,3,4.4,0.08,0.09,0.05,19.8,94,20,109,145.0,0,4,0,100
15:00:23,3,1,3,4.4,0.08,0.09,0.05,19.4,94,20,109,145.0,0,4,0,100
15:00:24,3,1,3,4.4,0.08,0.09,0.05,19.9,94,20,109,145.0,0,4,0,100
15:00:24,3,1,3,4.4,0.08,0.09,0.05,19.8,94,20,109,145.0,0,4,0,100
15:00:24,3,1,3,4.4,0.08,0.09,0.05,19.9,94,20,109,145.0,0,4,0,100
15:00:24,5,1,2,5.5,0.02,0.1,0.05,19.8,114,35,49,129.0,0,4,0,100
15:00:24,5,1,2,5.5,0.02,0.1,0.05,19.7,114,35,49,129.0,0,4,0,100
15:00:24,5,1,2,5.5,0.02,0.1,0.05,20.0,114,35,49,129.0,0,0,3,100
15:00:24,5,1,2,5.5,0.02,0.1,0.05,19.9,114,35,49,129.0,0,0,3,100
15:00:24,5,1,2,5.5,0.02,0.1,0.05,19.8,114,35,49,129.0,0,0,3,100
15:00:24,5,1,2,5.5,0.02,0.1,0.05,19.8,114,35,49,129.0,0,0,3,100
15:00:24,5,1,2,5.5,0.02,0.1,0.05,19.9,114,35,49,129.0,0,0,3,100
15:00:24,5,1,2,5.5,0.02,0.1,0.05,19.8,114,35,49,129.0,0,0,3,100
15:00:25,5,1,2,5.5,0.02,0.1,0.05,19.8,114,35,49,129.0,0,0,3,100
15:00:25,5,1,2,5.5,0.02,0.1,0.05,19.9,114,35,49,129.0,0,0,3,100
15:00:25,2,2,4,4.9,0.02,0.08,0.03,19.9,77,56,114,149.0,0,0,3,100
15:00:25,2,2,4,4.9,0.02,0.08,0.03,19.8,77,56,114,149.0,0,0,3,100
15:00:25,2,2,4,4.9,0.02,0.08,0.03,19.7,77,56,114,149.0,0,0,0,100
15:00:25,2,2,4,4.9,0.02,0.08,0.03,19.8,77,56,114,149.0,0,0,0,100
15:00:25,2,2,4,4.9,0.02,0.08,0.03,19.9,77,56,114,149.0,0,0,0,100
15:00:25,2,2,4,4.9,0.02,0.08,0.03,20.1,77,56,114,149.0,0,0,0,100
15:00:25,2,2,4,4.9,0.02,0.08,0.03,19.8,77,56,114,149.0,0,0,0,100
15:00:26,2,2,4,4.9,0.02,0.08,0.03,19.8,77,56,114,149.0,0,0,0,100
15:00:26,2,2,4,4.9,0.02,0.08,0.03,19.8,77,56,114,149.0,0,0,0,100
15:00:26,2,2,4,4.9,0.02,0.08,0.03,19.9,77,56,114,149.0,0,0,0,100
15:00:26,2,3,5,6.2,0.04,0.08,0.05,19.8,75,81,141,179.0,0,0,0,100
15:00:26,2,3,5,6.2,0.04,0.08,0.05,19.8,75,81,141,179.0,0,0,0,100
15:00:26,2,3,5,6.2,0.04,0.08,0.05,19.8,75,81,141,179.0,1,0,0,100
15:00:26,2,3,5,6.2,0.04,0.08,0.05,19.9,75,81,141,179.0,1,0,0,100
15:00:26,2,3,5,6.2,0.04,0.08,0.05,20.0,75,81,141,179.0,1,0,0,100
15:00:26,2,3,5,6.2,0.04,0.08,0.05,19.8,75,81,141,179.0,1,0,0,100
15:00:26,2,3,5,6.2,0.04,0.08,0.05,19.9,75,81,141,179.0,1,0,0,100
15:00:27,2,3,5,6.2,0.04,0.08,0.05,20.2,75,81,141,179.0,1,0,0,100
15:00:27,2,3,5,6.2,0.04,0.08,0.05,19.8,75,81,141,179.0,1,0,0,100
15:00:27,2,3,5,6.2,0.04,0.08,0.05,19.6,75,81,141,179.0,1,0,0,100
15:00:27,8,4,5,10.2,0.05,0.1,0.03,19.8,156,104,119,222.0,1,0,0,100
15:00:27,8,4,5,10.2,0.05,0.1,0.03,19.8,156,104,119,222.0,1,0,0,100
15:00:27,8,4,5,10.2,0.05,0.1,0.03,19.9,156,104,119,222.0,0,0,0,100
15:00:27,8,4,5,10.2,0.05,0.1,0.03,19.9,156,104,119,222.0,0,0,0,100
15:00:27,8,4,5,10.2,0.05,0.1,0.03,20.0,156,104,119,222.0,0,0,0,100
15:00:27,8,4,5,10.2,0.05,0.1,0.03,19.8,156,104,119,222.0,0,0,0,100
15:00:27,8,4,5,10.2,0.05,0.1,0.03,19.9,156,104,119,222.0,0,0,0,100
15:00:28,8,4,5,10.2,0.05,0.1,0.03,19.8,156,104,119,222.0,0,0,0,100
15:00:28,8,4,5,10.2,0.05,0.1,0.03,19.9,156,104,119,222.0,0,0,0,100
15:00:28,8,4,5,10.2,0.05,0.1,0.03,19.9,156,104,119,222.0,0,0,0,100
15:00:28,6,3,2,7.0,0.05,0.09,0.01,19.8,168,108,58,208.0,0,0,0,100
15:00:28,6,3,2,7.0,0.05,0.09,0.01,19.7,168,108,58,208.0,0,0,0,100
15:00:28,6,3,2,7.0,0.05,0.09,0.01,19.8,168,108,58,208.0,0,0,1,100
15:00:28,6,3,2,7.0,0.05,0.09,0.01,19.9,168,108,58,208.0,0,0,1,100
15:00:28,6,3,2,7.0,0.05,0.09,0.01,19.8,168,108,58,208.0,0,0,1,100
15:00:28,6,3,2,7.0,0.05,0.09,0.01,19.8,168,108,58,208.0,0,0,1,100
15:00:28,6,3,2,7.0,0.05,0.09,0.01,19.8,168,108,58,208.0,0,0,1,100
15:00:29,6,3,2,7.0,0.05,0.09,0.01,19.8,168,108,58,208.0,0,0,1,100
15:00:29,6,3,2,7.0,0.05,0.09,0.01,19.9,168,108,58,208.0,0,0,1,100
15:00:29,6,3,2,7.0,0.05,0.09,0.01,19.8,168,108,58,208.0,0,0,1,100
15:00:29,5,3,4,7.1,0.05,0.12,0.03,19.8,146,98,115,210.0,0,0,1,100
15:00:29,5,3,4,7.1,0.05,0.12,0.03,19.9,146,98,115,210.0,0,0,1,100
15:00:29,5,3,4,7.1,0.05,0.12,0.03,19.8,146,98,115,210.0,0,0,0,100
15:00:29,5,3,4,7.1,0.05,0.12,0.03,19.8,146,98,115,210.0,0,0,0,100
15:00:29,5,3,4,7.1,0.05,0.12,0.03,19.9,146,98,115,210.0,0,0,0,100
15:00:29,5,3,4,7.1,0.05,0.12,0.03,19.6,146,98,115,210.0,0,0,0,100
15:00:29,5,3,4,7.1,0.05,0.12,0.03,19.9,146,98,115,210.0,0,0,0,100
15:00:30,5,3,4,7.1,0.05,0.12,0.03,19.8,146,98,115,210.0,0,0,0,100
15:00:30,5,3,4,7.1,0.05,0.12,0.03,20.0,146,98,115,210.0,0,0,0,100
15:00:30,5,3,4,7.1,0.05,0.12,0.03,19.8,146,98,115,210.0,0,0,0,100
15:00:30,5,3,4,7.1,0.05,0.12,0.03,19.9,146,98,115,210.0,0,0,0,100
15:00:30,2,3,5,6.2,0.02,0.12,0.04,19.7,64,90,142,180.0,0,0,0,100
15:00:30,2,3,5,6.2,0.02,0.12,0.04,19.6,64,90,142,180.0,3,0,0,100
15:00:30,2,3,5,6.2,0.02,0.12,0.04,19.6,64,90,142,180.0,3,0,0,100
15:00:30,2,3,5,6.2,0.02,0.12,0.04,19.8,64,90,142,180.0,3,0,0,100
15:00:30,2,3,5,6.2,0.02,0.12,0.04,19.9,64,90,142,180.0,3,0,0,100
15:00:30,2,3,5,6.2,0.02,0.12,0.04,20.0,64,90,142,180.0,3,0,0,100
15:00:31,2,3,5,6.2,0.02,0.12,0.04,20.1,64,90,142,180.0,3,0,0,100
15:00:31,2,3,5,6.2,0.02,0.12,0.04,19.8,64,90,142,180.0,3,0,0,100
15:00:31,2,3,5,6.2,0.02,0.12,0.04,19.7,64,90,142,180.0,3,0,0,100
15:00:31,2,3,5,6.2,0.02,0.12,0.04,19.6,64,90,142,180.0,3,0,0,100
15:00:31,3,2,4,5.4,0.02,0.1,0.07,19.8,93,79,124,174.0,3,0,0,100
15:00:31,3,2,4,5.4,0.02,0.1,0.07,19.8,93,79,124,174.0,0,0,0,100
15:00:31,3,2,4,5.4,0.02,0.1,0.07,19.9,93,79,124,174.0,0,0,0,100
15:00:31,3,2,4,5.4,0.02,0.1,0.07,19.9,93,79,124,174.0,0,0,0,100
15:00:31,3,2,4,5.4,0.02,0.1,0.07,19.8,93,79,124,174.0,0,0,0,100
15:00:31,3,2,4,5.4,0.02,0.1,0.07,19.8,93,79,124,174.0,0,0,0,100
15:00:32,3,2,4,5.4,0.02,0.1,0.07,19.8,93,79,124,174.0,0,0,0,100
15:00:32,3,2,4,5.4,0.02,0.1,0.07,19.6,93,79,124,174.0,0,0,0,100
15:00:32,3,2,4,5.4,0.02,0.1,0.07,19.9,93,79,124,174.0,0,0,0,100
15:00:32,3,2,4,5.4,0.02,0.1,0.07,19.8,93,79,124,174.0,0,0,0,100
15:00:32,5,2,2,5.7,0.02,0.06,0.05,19.8,126,58,67,154.0,0,0,0,100
15:00:32,5,2,2,5.7,0.02,0.06,0.05,20.0,126,58,67,154.0,0,0,2,100
15:00:32,5,2,2,5.7,0.02,0.06,0.05,19.8,126,58,67,154.0,0,0,2,100
15:00:32,5,2,2,5.7,0.02,0.06,0.05,19.8,126,58,67,154.0,0,0,2,100
15:00:32,5,2,2,5.7,0.02,0.06,0.05,19.7,126,58,67,154.0,0,0,2,100
15:00:32,5,2,2,5.7,0.02,0.06,0.05,19.8,126,58,67,154.0,0,0,2,100
15:00:33,5,2,2,5.7,0.02,0.06,0.05,19.8,126,58,67,154.0,0,0,2,100
15:00:33,5,2,2,5.7,0.02,0.06,0.05,19.8,126,58,67,154.0,0,0,2,100
15:00:33,5,2,2,5.7,0.02,0.06,0.05,19.9,126,58,67,154.0,0,0,2,100
15:00:33,5,2,2,5.7,0.02,0.06,0.05,19.7,126,58,67,154.0,0,0,2,100
15:00:33,4,1,4,5.7,0.07,0.1,0.04,19.9,109,37,120,166.0,0,0,2,100
15:00:33,4,1,4,5.7,0.07,0.1,0.04,19.7,109,37,120,166.0,0,1,0,100
15:00:33,4,1,4,5.7,0.07,0.1,0.04,19.8,109,37,120,166.0,0,1,0,100
15:00:33,4,1,4,5.7,0.07,0.1,0.04,19.8,109,37,120,166.0,0,1,0,100
15:00:33,4,1,4,5.7,0.07,0.1,0.04,19.8,109,37,120,166.0,0,1,0,100
15:00:33,4,1,4,5.7,0.07,0.1,0.04,19.8,109,37,120,166.0,0,1,0,100
15:00:34,4,1,4,5.7,0.07,0.1,0.04,20.0,109,37,120,166.0,0,1,0,100
15:00:34,4,1,4,5.7,0.07,0.1,0.04,19.8,109,37,120,166.0,0,1,0,100
15:00:34,4,1,4,5.7,0.07,0.1,0.04,19.8,109,37,120,166.0,0,1,0,100
15:00:34,4,1,4,5.7,0.07,0.1,0.04,19.8,109,37,120,166.0,0,1,0,100
15:00:34,2,1,4,4.6,0.05,0.09,0.02,19.8,51,23,117,130.0,0,1,0,100
15:00:34,2,1,4,4.6,0.05,0.09,0.02,19.8,51,23,117,130.0,2,2,0,100
15:00:34,2,1,4,4.6,0.05,0.09,0.02,19.8,51,23,117,130.0,2,2,0,100
15:00:34,2,1,4,4.6,0.05,0.09,0.02,19.8,51,23,117,130.0,2,2,0,100
15:00:34,2,1,4,4.6,0.05,0.09,0.02,19.7,51,23,117,130.0,2,2,0,100
15:00:34,2,1,4,4.6,0.05,0.09,0.02,19.9,51,23,117,130.0,2,2,0,100
15:00:35,2,1,4,4.6,0.05,0.09,0.02,19.9,51,23,117,130.0,2,2,0,100
15:00:35,2,1,4,4.6,0.05,0.09,0.02,19.8,51,23,117,130.0,2,2,0,100
15:00:35,2,1,4,4.6,0.05,0.09,0.02,19.8,51,23,117,130.0,2,2,0,100
15:00:35,2,1,4,4.6,0.05,0.09,0.02,19.8,51,23,117,130.0,2,2,0,100
15:00:35,6,2,4,7.5,0.04,0.11,0.02,20.0,123,49,90,160.0,2,2,0,100
15:00:35,6,2,4,7.5,0.04,0.11,0.02,19.8,123,49,90,160.0,0,0,0,100
15:00:35,6,2,4,7.5,0.04,0.11,0.02,19.8,123,49,90,160.0,0,0,0,100
15:00:35,6,2,4,7.5,0.04,0.11,0.02,19.8,123,49,90,160.0,0,0,0,100
15:00:35,6,2,4,7.5,0.04,0.11,0.02,19.8,123,49,90,160.0,0,0,0,100
15:00:36,6,2,4,7.5,0.04,0.11,0.02,19.8,123,49,90,160.0,0,0,0,100
15:00:36,6,2,4,7.5,0.04,0.11,0.02,19.9,123,49,90,160.0,0,0,0,100
15:00:36,6,2,4,7.5,0.04,0.11,0.02,20.0,123,49,90,160.0,0,0,0,100
15:00:36,6,2,4,7.5,0.04,0.11,0.02,19.8,123,49,90,160.0,0,0,0,100
15:00:36,6,2,4,7.5,0.04,0.11,0.02,19.8,123,49,90,160.0,0,0,0,100
15:00:36,6,5,2,8.1,0.05,0.13,0.06,19.8,137,66,64,165.0,0,0,0,100
15:00:36,6,5,2,8.1,0.05,0.13,0.06,20.0,137,66,64,165.0,0,0,3,100
15:00:36,6,5,2,8.1,0.05,0.13,0.06,19.9,137,66,64,165.0,0,0,3,100
15:00:36,6,5,2,8.1,0.05,0.13,0.06,19.8,137,66,64,165.0,0,0,3,100
15:00:36,6,5,2,8.1,0.05,0.13,0.06,19.8,137,66,64,165.0,0,0,3,100
15:00:36,6,5,2,8.1,0.05,0.13,0.06,20.0,137,66,64,165.0,0,0,3,100
15:00:37,6,5,2,8.1,0.05,0.13,0.06,19.6,137,66,64,165.0,0,0,3,100
15:00:37,6,5,2,8.1,0.05,0.13,0.06,19.8,137,66,64,165.0,0,0,3,100
15:00:37,6,5,2,8.1,0.05,0.13,0.06,19.9,137,66,64,165.0,0,0,3,100
15:00:37,6,5,2,8.1,0.05,0.13,0.06,20.0,137,66,64,165.0,0,0,3,100
15:00:37,4,2,4,6.0,0.02,0.08,0.04,19.6,118,78,125,189.0,0,0,3,100
15:00:37,4,2,4,6.0,0.02,0.08,0.04,19.6,118,78,125,189.0,0,0,0,100
15:00:37,4,2,4,6.0,0.02,0.08,0.04,19.7,118,78,125,189.0,0,0,0,100
15:00:37,4,2,4,6.0,0.02,0.08,0.04,19.9,118,78,125,189.0,0,0,0,100
15:00:37,4,2,4,6.0,0.02,0.08,0.04,19.8,118,78,125,189.0,0,0,0,100
15:00:38,4,2,4,6.0,0.02,0.08,0.04,19.8,118,78,125,189.0,0,0,0,100
15:00:38,4,2,4,6.0,0.02,0.08,0.04,19.8,118,78,125,189.0,0,0,0,100
15:00:38,4,2,4,6.0,0.02,0.08,0.04,19.7,118,78,125,189.0,0,0,0,100
15:00:38,4,2,4,6.0,0.02,0.08,0.04,19.8,118,78,125,189.0,0,0,0,100
15:00:38,4,2,4,6.0,0.02,0.08,0.04,19.8,118,78,125,189.0,0,0,0,100
15:00:38,2,7,7,10.1,0.03,0.09,0.06,19.8,56,99,173,207.0,0,0,0,100
15:00:38,2,7,7,10.1,0.03,0.09,0.06,19.8,56,99,173,207.0,1,0,0,100
15:00:38,2,7,7,10.1,0.03,0.09,0.06,19.8,56,99,173,207.0,1,0,0,100
15:00:38,2,7,7,10.1,0.03,0.09,0.06,19.8,56,99,173,207.0,1,0,0,100
15:00:38,2,7,7,10.1,0.03,0.09,0.06,19.9,56,99,173,207.0,1,0,0,100
15:00:39,2,7,7,10.1,0.03,0.09,0.06,19.6,56,99,173,207.0,1,0,0,100
15:00:39,2,7,7,10.1,0.03,0.09,0.06,19.9,56,99,173,207.0,1,0,0,100
15:00:39,2,7,7,10.1,0.03,0.09,0.06,19.8,56,99,173,207.0,1,0,0,100
15:00:39,2,7,7,10.1,0.03,0.09,0.06,19.8,56,99,173,207.0,1,0,0,100
15:00:39,2,7,7,10.1,0.03,0.09,0.06,20.0,56,99,173,207.0,1,0,0,100
15:00:39,4,3,4,6.4,0.05,0.09,0.04,19.8,136,96,134,214.0,1,0,0,100
15:00:39,4,3,4,6.4,0.05,0.09,0.04,19.8,136,96,134,214.0,0,0,0,100
15:00:39,4,3,4,6.4,0.05,0.09,0.04,20.0,136,96,134,214.0,0,0,0,100
15:00:39,4,3,4,6.4,0.05,0.09,0.04,19.8,136,96,134,214.0,0,0,0,100
15:00:39,4,3,4,6.4,0.05,0.09,0.04,19.8,136,96,134,214.0,0,0,0,100
15:00:40,4,3,4,6.4,0.05,0.09,0.04,19.9,136,96,134,214.0,0,0,0,100
15:00:40,4,3,4,6.4,0.05,0.09,0.04,19.8,136,96,134,214.0,0,0,0,100
15:00:40,4,3,4,6.4,0.05,0.09,0.04,19.7,136,96,134,214.0,0,0,0,100
15:00:40,4,3,4,6.4,0.05,0.09,0.04,19.8,136,96,134,214.0,0,0,0,100
15:00:40,4,3,4,6.4,0.05,0.09,0.04,19.8,136,96,134,214.0,0,0,0,100
15:00:40,5,3,2,6.2,0.08,0.14,0.04,19.8,144,100,79,192.0,0,0,0,100
15:00:40,5,3,2,6.2,0.08,0.14,0.04,19.8,144,100,79,192.0,0,0,2,100
15:00:40,5,3,2,6.2,0.08,0.14,0.04,19.8,144,100,79,192.0,0,0,2,100
15:00:40,5,3,2,6.2,0.08,0.14,0.04,19.8,144,100,79,192.0,0,0,2,100
15:00:40,5,3,2,6.2,0.08,0.14,0.04,19.8,144,100,79,192.0,0,0,2,100
15:00:41,5,3,2,6.2,0.08,0.14,0.04,20.0,144,100,79,192.0,0,0,2,100
15:00:41,5,3,2,6.2,0.08,0.14,0.04,19.8,144,100,79,192.0,0,0,2,100
15:00:41,5,3,2,6.2,0.08,0.14,0.04,19.9,144,100,79,192.0,0,0,2,100
15:00:41,5,3,2,6.2,0.08,0.14,0.04,19.8,144,100,79,192.0,0,0,2,100
15:00:41,5,3,2,6.2,0.08,0.14,0.04,19.8,144,100,79,192.0,0,0,2,100
15:00:41,6,3,4,7.8,0.09,0.19,0.03,19.8,145,89,106,200.0,0,0,2,100
15:00:41,6,3,4,7.8,0.09,0.19,0.03,19.8,145,89,106,200.0,0,0,0,100
15:00:41,6,3,4,7.8,0.09,0.19,0.03,19.8,145,89,106,200.0,0,0,0,100
15:00:41,6,3,4,7.8,0.09,0.19,0.03,19.8,145,89,106,200.0,0,0,0,100
15:00:41,6,3,4,7.8,0.09,0.19,0.03,19.8,145,89,106,200.0,0,0,0,100
15:00:42,6,3,4,7.8,0.09,0.19,0.03,19.8,145,89,106,200.0,0,0,0,100
15:00:42,6,3,4,7.8,0.09,0.19,0.03,20.0,145,89,106,200.0,0,0,0,100
15:00:42,6,3,4,7.8,0.09,0.19,0.03,19.8,145,89,106,200.0,0,0,0,100
15:00:42,6,3,4,7.8,0.09,0.19,0.03,19.8,145,89,106,200.0,0,0,0,100
15:00:42,6,3,4,7.8,0.09,0.19,0.03,19.6,145,89,106,200.0,0,0,0,100
15:00:42,3,2,4,5.4,0.03,0.09,0.03,20.0,90,71,126,170.0,0,0,0,100
15:00:42,3,2,4,5.4,0.03,0.09,0.03,19.8,90,71,126,170.0,2,0,0,100
15:00:42,3,2,4,5.4,0.03,0.09,0.03,19.8,90,71,126,170.0,2,0,0,100
15:00:42,3,2,4,5.4,0.03,0.09,0.03,19.8,90,71,126,170.0,2,0,0,100
15:00:42,3,2,4,5.4,0.03,0.09,0.03,19.8,90,71,126,170.0,2,0,0,100
15:00:43,3,2,4,5.4,0.03,0.09,0.03,19.9,90,71,126,170.0,2,0,0,100
15:00:43,3,2,4,5.4,0.03,0.09,0.03,19.8,90,71,126,170.0,2,0,0,100
15:00:43,3,2,4,5.4,0.03,0.09,0.03,19.8,90,71,126,170.0,2,0,0,100
15:00:43,3,2,4,5.4,0.03,0.09,0.03,19.8,90,71,126,170.0,2,0,0,100
15:00:43,3,2,4,5.4,0.03,0.09,0.03,19.8,90,71,126,170.0,2,0,0,100
15:00:43,3,3,4,5.8,0.02,0.09,0.05,20.0,78,50,119,151.0,2,0,0,100
15:00:43,3,3,4,5.8,0.02,0.09,0.05,19.8,78,50,119,151.0,0,0,0,100
15:00:43,3,3,4,5.8,0.02,0.09,0.05,20.0,78,50,119,151.0,0,0,0,100
15:00:43,3,3,4,5.8,0.02,0.09,0.05,19.8,78,50,119,151.0,0,0,0,100
15:00:43,3,3,4,5.8,0.02,0.09,0.05,19.8,78,50,119,151.0,0,0,0,100
15:00:44,3,3,4,5.8,0.02,0.09,0.05,19.7,78,50,119,151.0,0,0,0,100
15:00:44,3,3,4,5.8,0.02,0.09,0.05,19.9,78,50,119,151.0,0,0,0,100
15:00:44,3,3,4,5.8,0.02,0.09,0.05,19.8,78,50,119,151.0,0,0,0,100
15:00:44,3,3,4,5.8,0.02,0.09,0.05,19.7,78,50,119,151.0,0,0,0,100
15:00:44,3,3,4,5.8,0.02,0.09,0.05,19.9,78,50,119,151.0,0,0,0,100
15:00:44,3,1,2,3.7,0.01,0.04,0.02,19.9,97,25,47,111.0,0,0,0,100
15:00:44,3,1,2,3.7,0.01,0.04,0.02,20.0,97,25,47,111.0,0,0,0,100
15:00:44,3,1,2,3.7,0.01,0.04,0.02,19.8,97,25,47,111.0,0,0,0,100
15:00:44,3,1,2,3.7,0.01,0.04,0.02,19.8,97,25,47,111.0,0,0,0,100
15:00:44,3,1,2,3.7,0.01,0.04,0.02,19.6,97,25,47,111.0,0,0,0,100
15:00:45,3,1,2,3.7,0.01,0.04,0.02,19.8,97,25,47,111.0,0,0,0,100
15:00:45,3,1,2,3.7,0.01,0.04,0.02,19.9,97,25,47,111.0,0,0,0,100
15:00:45,3,1,2,3.7,0.01,0.04,0.02,19.8,97,25,47,111.0,0,0,0,100
15:00:45,3,1,2,3.7,0.01,0.04,0.02,19.8,97,25,47,111.0,0,0,0,100
15:00:45,3,1,2,3.7,0.01,0.04,0.02,19.8,97,25,47,111.0,0,0,0,100
15:00:45,2,1,3,3.7,0.04,0.07,0.03,19.8,79,27,93,125.0,0,0,0,100
15:00:45,2,1,3,3.7,0.04,0.07,0.03,19.8,79,27,93,125.0,0,0,0,100
15:00:45,2,1,3,3.7,0.04,0.07,0.03,19.8,79,27,93,125.0,0,0,0,100
15:00:45,2,1,3,3.7,0.04,0.07,0.03,19.8,79,27,93,125.0,0,0,0,100
15:00:45,2,1,3,3.7,0.04,0.07,0.03,19.9,79,27,93,125.0,0,0,0,100
15:00:46,2,1,3,3.7,0.04,0.07,0.03,19.8,79,27,93,125.0,0,0,0,100
15:00:46,2,1,3,3.7,0.04,0.07,0.03,19.8,79,27,93,125.0,0,0,0,100
15:00:46,2,1,3,3.7,0.04,0.07,0.03,19.6,79,27,93,125.0,0,0,0,100
15:00:46,2,1,3,3.7,0.04,0.07,0.03,19.8,79,27,93,125.0,0,0,0,100
15:00:46,2,1,3,3.7,0.04,0.07,0.03,19.8,79,27,93,125.0,0,0,0,100
15:00:46,2,2,4,4.9,0.04,0.09,0.03,19.8,55,53,123,145.0,0,0,0,100
15:00:46,2,2,4,4.9,0.04,0.09,0.03,19.8,55,53,123,145.0,0,0,0,100
15:00:46,2,2,4,4.9,0.04,0.09,0.03,20.0,55,53,123,145.0,0,0,0,100
15:00:46,2,2,4,4.9,0.04,0.09,0.03,19.8,55,53,123,145.0,0,0,0,100
15:00:46,2,2,4,4.9,0.04,0.09,0.03,20.0,55,53,123,145.0,0,0,0,100
15:00:47,2,2,4,4.9,0.04,0.09,0.03,19.8,55,53,123,145.0,0,0,0,100
15:00:47,2,2,4,4.9,0.04,0.09,0.03,19.8,55,53,123,145.0,0,0,0,100
15:00:47,2,2,4,4.9,0.04,0.09,0.03,19.8,55,53,123,145.0,0,0,0,100
15:00:47,2,2,4,4.9,0.04,0.09,0.03,19.9,55,53,123,145.0,0,0,0,100
15:00:47,2,2,4,4.9,0.04,0.09,0.03,19.8,55,53,123,145.0,0,0,0,100
15:00:47,4,3,3,5.8,0.08,0.09,0.02,19.8,119,73,98,171.0,0,0,0,100
15:00:47,4,3,3,5.8,0.08,0.09,0.02,19.6,119,73,98,171.0,0,0,0,100
15:00:47,4,3,3,5.8,0.08,0.09,0.02,19.9,119,73,98,171.0,0,0,0,100
15:00:47,4,3,3,5.8,0.08,0.09,0.02,20.0,119,73,98,171.0,0,0,0,100
15:00:47,4,3,3,5.8,0.08,0.09,0.02,19.9,119,73,98,171.0,0,0,0,100
15:00:48,4,3,3,5.8,0.08,0.09,0.02,19.8,119,73,98,171.0,0,0,0,100
15:00:48,4,3,3,5.8,0.08,0.09,0.02,19.8,119,73,98,171.0,0,0,0,100
15:00:48,4,3,3,5.8,0.08,0.09,0.02,19.9,119,73,98,171.0,0,0,0,100
15:00:48,4,3,3,5.8,0.08,0.09,0.02,19.8,119,73,98,171.0,0,0,0,100
15:00:48,4,3,3,5.8,0.08,0.09,0.02,19.7,119,73,98,171.0,0,0,0,100
15:00:48,9,5,5,11.4,0.04,0.12,0.02,19.8,177,96,63,211.0,0,0,0,100
15:00:48,9,5,5,11.4,0.04,0.12,0.02,19.9,177,96,63,211.0,0,0,3,100
15:00:48,9,5,5,11.4,0.04,0.12,0.02,19.8,177,96,63,211.0,0,0,3,100
15:00:48,9,5,5,11.4,0.04,0.12,0.02,19.8,177,96,63,211.0,0,0,3,100
15:00:48,9,5,5,11.4,0.04,0.12,0.02,19.8,177,96,63,211.0,0,0,3,100
15:00:49,9,5,5,11.4,0.04,0.12,0.02,19.8,177,96,63,211.0,0,0,3,100
15:00:49,9,5,5,11.4,0.04,0.12,0.02,19.8,177,96,63,211.0,0,0,3,100
15:00:49,9,5,5,11.4,0.04,0.12,0.02,19.8,177,96,63,211.0,0,0,3,100
15:00:49,9,5,5,11.4,0.04,0.12,0.02,20.0,177,96,63,211.0,0,0,3,100
15:00:49,9,5,5,11.4,0.04,0.12,0.02,19.8,177,96,63,211.0,0,0,3,100
15:00:49,3,3,5,6.6,0.02,0.12,0.02,19.7,122,85,124,194.0,0,0,3,100
15:00:49,3,3,5,6.6,0.02,0.12,0.02,19.8,122,85,124,194.0,0,0,0,100
15:00:49,3,3,5,6.6,0.02,0.12,0.02,19.8,122,85,124,194.0,0,0,0,100
15:00:49,3,3,5,6.6,0.02,0.12,0.02,19.6,122,85,124,194.0,0,0,0,100
15:00:49,3,3,5,6.6,0.02,0.12,0.02,19.9,122,85,124,194.0,0,0,0,100
15:00:50,3,3,5,6.6,0.02,0.12,0.02,19.8,122,85,124,194.0,0,0,0,100
15:00:50,3,3,5,6.6,0.02,0.12,0.02,19.9,122,85,124,194.0,0,0,0,100
15:00:50,3,3,5,6.6,0.02,0.12,0.02,19.8,122,85,124,194.0,0,0,0,100
15:00:50,3,3,5,6.6,0.02,0.12,0.02,19.9,122,85,124,194.0,0,0,0,100
15:00:50,3,3,5,6.6,0.02,0.12,0.02,19.8,122,85,124,194.0,0,0,0,100
15:00:50,4,5,7,9.5,0.02,0.2,0.08,19.8,78,114,169,218.0,0,0,0,100
15:00:50,4,5,7,9.5,0.02,0.2,0.08,19.9,78,114,169,218.0,1,0,0,100
15:00:50,4,5,7,9.5,0.02,0.2,0.08,19.8,78,114,169,218.0,1,0,0,100
15:00:50,4,5,7,9.5,0.02,0.2,0.08,19.9,78,114,169,218.0,1,0,0,100
15:00:50,4,5,7,9.5,0.02,0.2,0.08,19.8,78,114,169,218.0,1,0,0,100
15:00:51,4,5,7,9.5,0.02,0.2,0.08,19.8,78,114,169,218.0,1,0,0,100
15:00:51,4,5,7,9.5,0.02,0.2,0.08,19.8,78,114,169,218.0,1,0,0,100
15:00:51,4,5,7,9.5,0.02,0.2,0.08,19.8,78,114,169,218.0,1,0,0,100
15:00:51,4,5,7,9.5,0.02,0.2,0.08,19.9,78,114,169,218.0,1,0,0,100
15:00:51,4,5,7,9.5,0.02,0.2,0.08,20.0,78,114,169,218.0,1,0,0,100
15:00:51,5,4,5,8.1,0.04,0.13,0.1,19.8,133,123,149,235.0,1,0,0,100
15:00:51,5,4,5,8.1,0.04,0.13,0.1,19.8,133,123,149,235.0,0,0,0,100
15:00:51,5,4,5,8.1,0.04,0.13,0.1,19.8,133,123,149,235.0,0,0,0,100
15:00:51,5,4,5,8.1,0.04,0.13,0.1,19.6,133,123,149,235.0,0,0,0,100
15:00:51,5,4,5,8.1,0.04,0.13,0.1,20.0,133,123,149,235.0,0,0,0,100
15:00:52,5,4,5,8.1,0.04,0.13,0.1,19.9,133,123,149,235.0,0,0,0,100
15:00:52,5,4,5,8.1,0.04,0.13,0.1,19.8,133,123,149,235.0,0,0,0,100
15:00:52,5,4,5,8.1,0.04,0.13,0.1,19.7,133,123,149,235.0,0,0,0,100
15:00:52,5,4,5,8.1,0.04,0.13,0.1,19.8,133,123,149,235.0,0,0,0,100
15:00:52,5,4,5,8.1,0.04,0.13,0.1,19.8,133,123,149,235.0,0,0,0,100
15:00:52,5,3,3,6.6,0.04,0.1,0.07,19.6,147,93,88,195.0,0,0,0,100
15:00:52,5,3,3,6.6,0.04,0.1,0.07,19.5,147,93,88,195.0,0,0,0,100
15:00:52,5,3,3,6.6,0.04,0.1,0.07,19.9,147,93,88,195.0,0,0,0,100
15:00:52,5,3,3,6.6,0.04,0.1,0.07,19.8,147,93,88,195.0,0,0,0,100
15:00:52,5,3,3,6.6,0.04,0.1,0.07,19.9,147,93,88,195.0,0,0,0,100
15:00:53,5,3,3,6.6,0.04,0.1,0.07,19.8,147,93,88,195.0,0,0,0,100
15:00:53,5,3,3,6.6,0.04,0.1,0.07,19.8,147,93,88,195.0,0,0,0,100
15:00:53,5,3,3,6.6,0.04,0.1,0.07,19.8,147,93,88,195.0,0,0,0,100
15:00:53,5,3,3,6.6,0.04,0.1,0.07,19.8,147,93,88,195.0,0,0,0,100
15:00:53,5,3,3,6.6,0.04,0.1,0.07,19.8,147,93,88,195.0,0,0,0,100
15:00:53,5,2,3,6.2,0.05,0.08,0.03,19.8,148,78,83,187.0,0,0,0,100
15:00:53,5,2,3,6.2,0.05,0.08,0.03,19.8,148,78,83,187.0,0,0,0,100
15:00:53,5,2,3,6.2,0.05,0.08,0.03,19.8,148,78,83,187.0,0,0,0,100
15:00:53,5,2,3,6.2,0.05,0.08,0.03,19.8,148,78,83,187.0,0,0,0,100
15:00:54,5,2,3,6.2,0.05,0.08,0.03,19.8,148,78,83,187.0,0,0,0,100
15:00:54,5,2,3,6.2,0.05,0.08,0.03,19.8,148,78,83,187.0,0,0,0,100
15:00:54,5,2,3,6.2,0.05,0.08,0.03,19.7,148,78,83,187.0,0,0,0,100
15:00:54,5,2,3,6.2,0.05,0.08,0.03,19.9,148,78,83,187.0,0,0,0,100
15:00:54,5,2,3,6.2,0.05,0.08,0.03,19.9,148,78,83,187.0,0,0,0,100
15:00:54,5,2,3,6.2,0.05,0.08,0.03,19.8,148,78,83,187.0,0,0,0,100
15:00:54,2,2,5,5.7,0.12,0.15,0.03,19.8,77,56,132,163.0,0,0,0,100
15:00:54,2,2,5,5.7,0.12,0.15,0.03,19.8,77,56,132,163.0,1,0,0,100
15:00:54,2,2,5,5.7,0.12,0.15,0.03,19.9,77,56,132,163.0,1,0,0,100
15:00:54,2,2,5,5.7,0.12,0.15,0.03,19.8,77,56,132,163.0,1,0,0,100
15:00:55,2,2,5,5.7,0.12,0.15,0.03,19.8,77,56,132,163.0,1,0,0,100
15:00:55,2,2,5,5.7,0.12,0.15,0.03,19.8,77,56,132,163.0,1,0,0,100
15:00:55,2,2,5,5.7,0.12,0.15,0.03,19.6,77,56,132,163.0,1,0,0,100
15:00:55,2,2,5,5.7,0.12,0.15,0.03,19.8,77,56,132,163.0,1,0,0,100
15:00:55,2,2,5,5.7,0.12,0.15,0.03,19.8,77,56,132,163.0,1,0,0,100
15:00:55,2,2,5,5.7,0.12,0.15,0.03,19.8,77,56,132,163.0,1,0,0,100
15:00:55,3,1,3,4.4,0.07,0.11,0.04,19.8,88,24,108,141.0,1,0,0,100
15:00:55,3,1,3,4.4,0.07,0.11,0.04,19.8,88,24,108,141.0,0,5,0,100
15:00:55,3,1,3,4.4,0.07,0.11,0.04,19.7,88,24,108,141.0,0,5,0,100
15:00:55,3,1,3,4.4,0.07,0.11,0.04,19.9,88,24,108,141.0,0,5,0,100
15:00:56,3,1,3,4.4,0.07,0.11,0.04,20.0,88,24,108,141.0,0,5,0,100
15:00:56,3,1,3,4.4,0.07,0.11,0.04,19.6,88,24,108,141.0,0,5,0,100
15:00:56,3,1,3,4.4,0.07,0.11,0.04,19.8,88,24,108,141.0,0,5,0,100
15:00:56,3,1,3,4.4,0.07,0.11,0.04,19.9,88,24,108,141.0,0,5,0,100
15:00:56,3,1,3,4.4,0.07,0.11,0.04,19.9,88,24,108,141.0,0,5,0,100
15:00:56,3,1,3,4.4,0.07,0.11,0.04,19.8,88,24,108,141.0,0,5,0,100
15:00:56,3,1,2,3.7,0.02,0.07,0.03,19.8,105,34,42,118.0,0,5,0,100
15:00:56,3,1,2,3.7,0.02,0.07,0.03,19.6,105,34,42,118.0,0,0,2,100
15:00:56,3,1,2,3.7,0.02,0.07,0.03,19.8,105,34,42,118.0,0,0,2,100
15:00:56,3,1,2,3.7,0.02,0.07,0.03,19.8,105,34,42,118.0,0,0,2,100
15:00:57,3,1,2,3.7,0.02,0.07,0.03,20.0,105,34,42,118.0,0,0,2,100
15:00:57,3,1,2,3.7,0.02,0.07,0.03,19.8,105,34,42,118.0,0,0,2,100
15:00:57,3,1,2,3.7,0.02,0.07,0.03,19.8,105,34,42,118.0,0,0,2,100
15:00:57,3,1,2,3.7,0.02,0.07,0.03,19.9,105,34,42,118.0,0,0,2,100
15:00:57,3,1,2,3.7,0.02,0.07,0.03,19.7,105,34,42,118.0,0,0,2,100
15:00:57,3,1,2,3.7,0.02,0.07,0.03,19.8,105,34,42,118.0,0,0,2,100
15:00:57,4,2,3,5.4,0.01,0.13,0.04,19.8,116,58,102,165.0,0,0,2,100
15:00:57,4,2,3,5.4,0.01,0.13,0.04,19.9,116,58,102,165.0,0,0,0,100
15:00:57,4,2,3,5.4,0.01,0.13,0.04,19.8,116,58,102,165.0,0,0,0,100
15:00:57,4,2,3,5.4,0.01,0.13,0.04,19.8,116,58,102,165.0,0,0,0,100
15:00:58,4,2,3,5.4,0.01,0.13,0.04,19.7,116,58,102,165.0,0,0,0,100
15:00:58,4,2,3,5.4,0.01,0.13,0.04,19.9,116,58,102,165.0,0,0,0,100
15:00:58,4,2,3,5.4,0.01,0.13,0.04,19.8,116,58,102,165.0,0,0,0,100
15:00:58,4,2,3,5.4,0.01,0.13,0.04,19.8,116,58,102,165.0,0,0,0,100
15:00:58,4,2,3,5.4,0.01,0.13,0.04,19.8,116,58,102,165.0,0,0,0,100
15:00:58,4,2,3,5.4,0.01,0.13,0.04,19.9,116,58,102,165.0,0,0,0,100
15:00:58,3,4,6,7.8,0.06,0.14,0.06,19.8,81,104,152,201.0,0,0,0,100
15:00:58,3,4,6,7.8,0.06,0.14,0.06,19.9,81,104,152,201.0,4,0,0,100
15:00:58,3,4,6,7.8,0.06,0.14,0.06,19.8,81,104,152,201.0,4,0,0,100
15:00:58,3,4,6,7.8,0.06,0.14,0.06,19.8,81,104,152,201.0,4,0,0,100
15:00:59,3,4,6,7.8,0.06,0.14,0.06,19.8,81,104,152,201.0,4,0,0,100
15:00:59,3,4,6,7.8,0.06,0.14,0.06,19.8,81,104,152,201.0,4,0,0,100
15:00:59,3,4,6,7.8,0.06,0.14,0.06,19.9,81,104,152,201.0,4,0,0,100
15:00:59,3,4,6,7.8,0.06,0.14,0.06,19.8,81,104,152,201.0,4,0,0,100
15:00:59,3,4,6,7.8,0.06,0.14,0.06,19.6,81,104,152,201.0,4,0,0,100
15:00:59,3,4,6,7.8,0.06,0.14,0.06,19.8,81,104,152,201.0,4,0,0,100
15:00:59,4,4,4,6.9,0.06,0.1,0.07,19.8,111,110,148,215.0,4,0,0,100
15:00:59,4,4,4,6.9,0.06,0.1,0.07,19.8,111,110,148,215.0,0,0,0,100
15:00:59,4,4,4,6.9,0.06,0.1,0.07,19.8,111,110,148,215.0,0,0,0,100
15:00:59,4,4,4,6.9,0.06,0.1,0.07,19.8,111,110,148,215.0,0,0,0,100
15:01:00,4,4,4,6.9,0.06,0.1,0.07,19.9,111,110,148,215.0,0,0,0,100
15:01:00,4,4,4,6.9,0.06,0.1,0.07,19.9,111,110,148,215.0,0,0,0,100
15:01:00,4,4,4,6.9,0.06,0.1,0.07,19.6,111,110,148,215.0,0,0,0,100
15:01:00,4,4,4,6.9,0.06,0.1,0.07,19.8,111,110,148,215.0,0,0,0,100
15:01:00,4,4,4,6.9,0.06,0.1,0.07,19.9,111,110,148,215.0,0,0,0,100
15:01:00,4,4,4,6.9,0.06,0.1,0.07,19.8,111,110,148,215.0,0,0,0,100
15:01:00,6,4,4,8.2,0.03,0.12,0.02,19.9,172,108,82,219.0,0,0,0,100
15:01:00,6,4,4,8.2,0.03,0.12,0.02,19.8,172,108,82,219.0,0,0,1,100
15:01:00,6,4,4,8.2,0.03,0.12,0.02,19.8,172,108,82,219.0,0,0,1,100
15:01:00,6,4,4,8.2,0.03,0.12,0.02,19.7,172,108,82,219.0,0,0,1,100
15:01:01,6,4,4,8.2,0.03,0.12,0.02,19.7,172,108,82,219.0,0,0,1,100
15:01:01,6,4,4,8.2,0.03,0.12,0.02,19.8,172,108,82,219.0,0,0,1,100
15:01:01,6,4,4,8.2,0.03,0.12,0.02,19.8,172,108,82,219.0,0,0,1,100
15:01:01,6,4,4,8.2,0.03,0.12,0.02,19.8,172,108,82,219.0,0,0,1,100
15:01:01,6,4,4,8.2,0.03,0.12,0.02,19.7,172,108,82,219.0,0,0,1,100
15:01:01,6,4,4,8.2,0.03,0.12,0.02,19.8,172,108,82,219.0,0,0,1,100
15:01:01,5,4,6,8.8,0.1,0.13,0.08,19.6,142,101,111,207.0,0,0,1,100
15:01:01,5,4,6,8.8,0.1,0.13,0.08,19.9,142,101,111,207.0,0,0,0,100
15:01:01,5,4,6,8.8,0.1,0.13,0.08,19.8,142,101,111,207.0,0,0,0,100
15:01:01,5,4,6,8.8,0.1,0.13,0.08,19.8,142,101,111,207.0,0,0,0,100
15:01:02,5,4,6,8.8,0.1,0.13,0.08,19.8,142,101,111,207.0,0,0,0,100
15:01:02,5,4,6,8.8,0.1,0.13,0.08,19.8,142,101,111,207.0,0,0,0,100
15:01:02,5,4,6,8.8,0.1,0.13,0.08,19.6,142,101,111,207.0,0,0,0,100
15:01:02,5,4,6,8.8,0.1,0.13,0.08,19.8,142,101,111,207.0,0,0,0,100
15:01:02,5,4,6,8.8,0.1,0.13,0.08,19.8,142,101,111,207.0,0,0,0,100
15:01:02,5,4,6,8.8,0.1,0.13,0.08,19.9,142,101,111,207.0,0,0,0,100
15:01:02,5,4,5,8.1,0.08,0.17,0.06,19.6,125,116,143,223.0,0,0,0,100
15:01:02,5,4,5,8.1,0.08,0.17,0.06,19.9,125,116,143,223.0,1,0,0,100
15:01:02,5,4,5,8.1,0.08,0.17,0.06,19.9,125,116,143,223.0,1,0,0,100
15:01:02,5,4,5,8.1,0.08,0.17,0.06,19.8,125,116,143,223.0,1,0,0,100
15:01:03,5,4,5,8.1,0.08,0.17,0.06,19.8,125,116,143,223.0,1,0,0,100
15:01:03,5,4,5,8.1,0.08,0.17,0.06,19.8,125,116,143,223.0,1,0,0,100
15:01:03,5,4,5,8.1,0.08,0.17,0.06,19.8,125,116,143,223.0,1,0,0,100
15:01:03,5,4,5,8.1,0.08,0.17,0.06,19.8,125,116,143,223.0,1,0,0,100
15:01:03,5,4,5,8.1,0.08,0.17,0.06,19.9,125,116,143,223.0,1,0,0,100
15:01:03,5,4,5,8.1,0.08,0.17,0.06,19.8,125,116,143,223.0,1,0,0,100
15:01:03,2,2,5,5.7,0.02,0.09,0.03,19.7,73,71,130,165.0,1,0,0,100
15:01:03,2,2,5,5.7,0.02,0.09,0.03,19.5,73,71,130,165.0,1,0,0,100
15:01:03,2,2,5,5.7,0.02,0.09,0.03,19.8,73,71,130,165.0,1,0,0,100
15:01:03,2,2,5,5.7,0.02,0.09,0.03,19.9,73,71,130,165.0,1,0,0,100
15:01:04,2,2,5,5.7,0.02,0.09,0.03,19.6,73,71,130,165.0,1,0,0,100
15:01:04,2,2,5,5.7,0.02,0.09,0.03,19.8,73,71,130,165.0,1,0,0,100
15:01:04,2,2,5,5.7,0.02,0.09,0.03,19.8,73,71,130,165.0,1,0,0,100
15:01:04,2,2,5,5.7,0.02,0.09,0.03,19.9,73,71,130,165.0,1,0,0,100
15:01:04,2,2,5,5.7,0.02,0.09,0.03,19.8,73,71,130,165.0,1,0,0,100
15:01:04,2,2,5,5.7,0.02,0.09,0.03,19.7,73,71,130,165.0,1,0,0,100
15:01:04,4,2,3,5.4,0.02,0.09,0.05,19.8,118,52,88,156.0,1,0,0,100
15:01:04,4,2,3,5.4,0.02,0.09,0.05,19.8,118,52,88,156.0,0,0,1,100
15:01:04,4,2,3,5.4,0.02,0.09,0.05,19.7,118,52,88,156.0,0,0,1,100
15:01:05,4,2,3,5.4,0.02,0.09,0.05,19.8,118,52,88,156.0,0,0,1,100
15:01:05,4,2,3,5.4,0.02,0.09,0.05,19.9,118,52,88,156.0,0,0,1,100
15:01:05,4,2,3,5.4,0.02,0.09,0.05,19.9,118,52,88,156.0,0,0,1,100
15:01:05,4,2,3,5.4,0.02,0.09,0.05,19.7,118,52,88,156.0,0,0,1,100
15:01:05,4,2,3,5.4,0.02,0.09,0.05,19.8,118,52,88,156.0,0,0,1,100
15:01:05,4,2,3,5.4,0.02,0.09,0.05,19.8,118,52,88,156.0,0,0,1,100
15:01:05,4,2,3,5.4,0.02,0.09,0.05,19.8,118,52,88,156.0,0,0,1,100
15:01:05,4,1,3,5.1,0.04,0.09,0.03,19.9,103,28,80,133.0,0,0,1,100
15:01:05,4,1,3,5.1,0.04,0.09,0.03,19.8,103,28,80,133.0,0,1,0,100
15:01:05,4,1,3,5.1,0.04,0.09,0.03,19.6,103,28,80,133.0,0,1,0,100
15:01:06,4,1,3,5.1,0.04,0.09,0.03,19.8,103,28,80,133.0,0,1,0,100
15:01:06,4,1,3,5.1,0.04,0.09,0.03,19.6,103,28,80,133.0,0,1,0,100
15:01:06,4,1,3,5.1,0.04,0.09,0.03,19.8,103,28,80,133.0,0,1,0,100
15:01:06,4,1,3,5.1,0.04,0.09,0.03,19.8,103,28,80,133.0,0,1,0,100
15:01:06,4,1,3,5.1,0.04,0.09,0.03,19.6,103,28,80,133.0,0,1,0,100
15:01:06,4,1,3,5.1,0.04,0.09,0.03,19.9,103,28,80,133.0,0,1,0,100
15:01:06,4,1,3,5.1,0.04,0.09,0.03,19.8,103,28,80,133.0,0,1,0,100
15:01:06,2,1,3,3.7,0.05,0.18,0.02,19.8,53,27,110,125.0,0,1,0,100
15:01:06,2,1,3,3.7,0.05,0.18,0.02,19.9,53,27,110,125.0,3,2,0,100
15:01:06,2,1,3,3.7,0.05,0.18,0.02,19.8,53,27,110,125.0,3,2,0,100
15:01:07,2,1,3,3.7,0.05,0.18,0.02,19.8,53,27,110,125.0,3,2,0,100
15:01:07,2,1,3,3.7,0.05,0.18,0.02,19.8,53,27,110,125.0,3,2,0,100
15:01:07,2,1,3,3.7,0.05,0.18,0.02,19.5,53,27,110,125.0,3,2,0,100
15:01:07,2,1,3,3.7,0.05,0.18,0.02,19.8,53,27,110,125.0,3,2,0,100
15:01:07,2,1,3,3.7,0.05,0.18,0.02,19.7,53,27,110,125.0,3,2,0,100
15:01:07,2,1,3,3.7,0.05,0.18,0.02,19.9,53,27,110,125.0,3,2,0,100
15:01:07,2,1,3,3.7,0.05,0.18,0.02,19.8,53,27,110,125.0,3,2,0,100
15:01:07,5,3,5,7.7,0.14,0.18,0.05,19.8,156,71,93,195.0,3,2,0,100
15:01:07,5,3,5,7.7,0.14,0.18,0.05,19.8,156,71,93,195.0,0,1,0,100
15:01:07,5,3,5,7.7,0.14,0.18,0.05,20.0,156,71,93,195.0,0,1,0,100
15:01:08,5,3,5,7.7,0.14,0.18,0.05,19.9,156,71,93,195.0,0,1,0,100
15:01:08,5,3,5,7.7,0.14,0.18,0.05,19.8,156,71,93,195.0,0,1,0,100
15:01:08,5,3,5,7.7,0.14,0.18,0.05,19.8,156,71,93,195.0,0,1,0,100
15:01:08,5,3,5,7.7,0.14,0.18,0.05,19.8,156,71,93,195.0,0,1,0,100
15:01:08,5,3,5,7.7,0.14,0.18,0.05,19.8,156,71,93,195.0,0,1,0,100
15:01:08,5,3,5,7.7,0.14,0.18,0.05,19.8,156,71,93,195.0,0,1,0,100
15:01:08,5,3,5,7.7,0.14,0.18,0.05,19.8,156,71,93,195.0,0,1,0,100
15:01:08,5,3,2,6.2,0.1,0.18,0.05,19.7,147,76,58,175.0,0,1,0,100
15:01:08,5,3,2,6.2,0.1,0.18,0.05,19.7,147,76,58,175.0,0,0,0,100
15:01:08,5,3,2,6.2,0.1,0.18,0.05,19.8,147,76,58,175.0,0,0,0,100
15:01:09,5,3,2,6.2,0.1,0.18,0.05,19.8,147,76,58,175.0,0,0,0,100
15:01:09,5,3,2,6.2,0.1,0.18,0.05,19.8,147,76,58,175.0,0,0,0,100
15:01:09,5,3,2,6.2,0.1,0.18,0.05,19.8,147,76,58,175.0,0,0,0,100
15:01:09,5,3,2,6.2,0.1,0.18,0.05,19.8,147,76,58,175.0,0,0,0,100
15:01:09,5,3,2,6.2,0.1,0.18,0.05,19.8,147,76,58,175.0,0,0,0,100
15:01:09,5,3,2,6.2,0.1,0.18,0.05,19.8,147,76,58,175.0,0,0,0,100
15:01:09,5,3,2,6.2,0.1,0.18,0.05,19.8,147,76,58,175.0,0,0,0,100
15:01:09,4,2,3,5.4,0.02,0.09,0.04,19.8,124,77,101,177.0,0,0,0,100
15:01:09,4,2,3,5.4,0.02,0.09,0.04,19.6,124,77,101,177.0,0,0,0,100
15:01:09,4,2,3,5.4,0.02,0.09,0.04,19.8,124,77,101,177.0,0,0,0,100
15:01:10,4,2,3,5.4,0.02,0.09,0.04,19.9,124,77,101,177.0,0,0,0,100
15:01:10,4,2,3,5.4,0.02,0.09,0.04,19.9,124,77,101,177.0,0,0,0,100
15:01:10,4,2,3,5.4,0.02,0.09,0.04,19.8,124,77,101,177.0,0,0,0,100
15:01:10,4,2,3,5.4,0.02,0.09,0.04,19.9,124,77,101,177.0,0,0,0,100
15:01:10,4,2,3,5.4,0.02,0.09,0.04,19.9,124,77,101,177.0,0,0,0,100
15:01:10,4,2,3,5.4,0.02,0.09,0.04,19.8,124,77,101,177.0,0,0,0,100
15:01:10,4,2,3,5.4,0.02,0.09,0.04,19.8,124,77,101,177.0,0,0,0,100
15:01:10,2,3,5,6.2,0.02,0.1,0.08,19.8,63,108,155,199.0,0,0,0,100
15:01:10,2,3,5,6.2,0.02,0.1,0.08,19.9,63,108,155,199.0,0,0,0,100
15:01:10,2,3,5,6.2,0.02,0.1,0.08,19.8,63,108,155,199.0,0,0,0,100
15:01:11,2,3,5,6.2,0.02,0.1,0.08,19.8,63,108,155,199.0,0,0,0,100
15:01:11,2,3,5,6.2,0.02,0.1,0.08,19.8,63,108,155,199.0,0,0,0,100
15:01:11,2,3,5,6.2,0.02,0.1,0.08,19.6,63,108,155,199.0,0,0,0,100
15:01:11,2,3,5,6.2,0.02,0.1,0.08,19.8,63,108,155,199.0,0,0,0,100
15:01:11,2,3,5,6.2,0.02,0.1,0.08,19.8,63,108,155,199.0,0,0,0,100
15:01:11,2,3,5,6.2,0.02,0.1,0.08,19.9,63,108,155,199.0,0,0,0,100
15:01:11,2,3,5,6.2,0.02,0.1,0.08,19.8,63,108,155,199.0,0,0,0,100
15:01:11,4,3,4,6.4,0.03,0.09,0.05,20.0,108,97,140,202.0,0,0,0,100
15:01:11,4,3,4,6.4,0.03,0.09,0.05,19.8,108,97,140,202.0,0,0,0,100
15:01:11,4,3,4,6.4,0.03,0.09,0.05,19.7,108,97,140,202.0,0,0,0,100
15:01:12,4,3,4,6.4,0.03,0.09,0.05,19.8,108,97,140,202.0,0,0,0,100
15:01:12,4,3,4,6.4,0.03,0.09,0.05,19.8,108,97,140,202.0,0,0,0,100
15:01:12,4,3,4,6.4,0.03,0.09,0.05,19.8,108,97,140,202.0,0,0,0,100
15:01:12,4,3,4,6.4,0.03,0.09,0.05,19.6,108,97,140,202.0,0,0,0,100
15:01:12,4,3,4,6.4,0.03,0.09,0.05,19.5,108,97,140,202.0,0,0,0,100
15:01:12,4,3,4,6.4,0.03,0.09,0.05,20.0,108,97,140,202.0,0,0,0,100
15:01:12,4,3,4,6.4,0.03,0.09,0.05,19.8,108,97,140,202.0,0,0,0,100
15:01:12,4,3,3,5.8,0.02,0.04,0.02,19.8,140,92,101,196.0,0,0,0,100
15:01:12,4,3,3,5.8,0.02,0.04,0.02,19.8,140,92,101,196.0,0,0,0,100
15:01:12,4,3,3,5.8,0.02,0.04,0.02,19.8,140,92,101,196.0,0,0,0,100
15:01:13,4,3,3,5.8,0.02,0.04,0.02,19.9,140,92,101,196.0,0,0,0,100
15:01:13,4,3,3,5.8,0.02,0.04,0.02,19.5,140,92,101,196.0,0,0,0,100
15:01:13,4,3,3,5.8,0.02,0.04,0.02,20.0,140,92,101,196.0,0,0,0,100
15:01:13,4,3,3,5.8,0.02,0.04,0.02,19.6,140,92,101,196.0,0,0,0,100
15:01:13,4,3,3,5.8,0.02,0.04,0.02,19.8,140,92,101,196.0,0,0,0,100
15:01:13,4,3,3,5.8,0.02,0.04,0.02,19.9,140,92,101,196.0,0,0,0,100
15:01:13,4,3,3,5.8,0.02,0.04,0.02,19.8,140,92,101,196.0,0,0,0,100
15:01:13,5,3,3,6.6,0.05,0.07,0.02,19.8,153,90,80,195.0,0,0,0,100
15:01:13,5,3,3,6.6,0.05,0.07,0.02,19.9,153,90,80,195.0,0,0,3,100
15:01:13,5,3,3,6.6,0.05,0.07,0.02,19.8,153,90,80,195.0,0,0,3,100
15:01:14,5,3,3,6.6,0.05,0.07,0.02,19.8,153,90,80,195.0,0,0,3,100
15:01:14,5,3,3,6.6,0.05,0.07,0.02,19.8,153,90,80,195.0,0,0,3,100
15:01:14,5,3,3,6.6,0.05,0.07,0.02,19.7,153,90,80,195.0,0,0,3,100
15:01:14,5,3,3,6.6,0.05,0.07,0.02,19.7,153,90,80,195.0,0,0,3,100
15:01:14,5,3,3,6.6,0.05,0.07,0.02,20.0,153,90,80,195.0,0,0,3,100
15:01:14,5,3,3,6.6,0.05,0.07,0.02,19.8,153,90,80,195.0,0,0,3,100
15:01:14,5,3,3,6.6,0.05,0.07,0.02,19.8,153,90,80,195.0,0,0,3,100
15:01:14,3,2,4,5.4,0.05,0.1,0.04,19.8,103,71,136,185.0,0,0,3,100
15:01:14,3,2,4,5.4,0.05,0.1,0.04,19.8,103,71,136,185.0,0,0,0,100
15:01:14,3,2,4,5.4,0.05,0.1,0.04,19.6,103,71,136,185.0,0,0,0,100
15:01:15,3,2,4,5.4,0.05,0.1,0.04,19.9,103,71,136,185.0,0,0,0,100
15:01:15,3,2,4,5.4,0.05,0.1,0.04,19.8,103,71,136,185.0,0,0,0,100
15:01:15,3,2,4,5.4,0.05,0.1,0.04,19.8,103,71,136,185.0,0,0,0,100
15:01:15,3,2,4,5.4,0.05,0.1,0.04,19.7,103,71,136,185.0,0,0,0,100
15:01:15,3,2,4,5.4,0.05,0.1,0.04,19.8,103,71,136,185.0,0,0,0,100
15:01:15,3,2,4,5.4,0.05,0.1,0.04,19.9,103,71,136,185.0,0,0,0,100
15:01:15,3,2,4,5.4,0.05,0.1,0.04,19.8,103,71,136,185.0,0,0,0,100
15:01:15,2,1,4,4.6,0.03,0.08,0.03,19.8,74,47,125,153.0,0,0,0,100
15:01:15,2,1,4,4.6,0.03,0.08,0.03,19.8,74,47,125,153.0,3,0,0,100
15:01:15,2,1,4,4.6,0.03,0.08,0.03,19.7,74,47,125,153.0,3,0,0,100
15:01:16,2,1,4,4.6,0.03,0.08,0.03,19.9,74,47,125,153.0,3,0,0,100
15:01:16,2,1,4,4.6,0.03,0.08,0.03,19.8,74,47,125,153.0,3,0,0,100
15:01:16,2,1,4,4.6,0.03,0.08,0.03,19.8,74,47,125,153.0,3,0,0,100
15:01:16,2,1,4,4.6,0.03,0.08,0.03,19.9,74,47,125,153.0,3,0,0,100
15:01:16,2,1,4,4.6,0.03,0.08,0.03,19.8,74,47,125,153.0,3,0,0,100
15:01:16,2,1,4,4.6,0.03,0.08,0.03,19.8,74,47,125,153.0,3,0,0,100
15:01:16,2,1,4,4.6,0.03,0.08,0.03,19.8,74,47,125,153.0,3,0,0,100
15:01:16,3,0,2,3.6,0.02,0.08,0.05,19.8,100,19,68,122.0,3,0,0,100
15:01:16,3,0,2,3.6,0.02,0.08,0.05,19.8,100,19,68,122.0,0,2,0,100
15:01:16,3,0,2,3.6,0.02,0.08,0.05,19.9,100,19,68,122.0,0,2,0,100
15:01:17,3,0,2,3.6,0.02,0.08,0.05,19.9,100,19,68,122.0,0,2,0,100
15:01:17,3,0,2,3.6,0.02,0.08,0.05,19.8,100,19,68,122.0,0,2,0,100
15:01:17,3,0,2,3.6,0.02,0.08,0.05,19.8,100,19,68,122.0,0,2,0,100
15:01:17,3,0,2,3.6,0.02,0.08,0.05,19.8,100,19,68,122.0,0,2,0,100
15:01:17,3,0,2,3.6,0.02,0.08,0.05,19.8,100,19,68,122.0,0,2,0,100
15:01:17,3,0,2,3.6,0.02,0.08,0.05,19.8,100,19,68,122.0,0,2,0,100
15:01:17,3,0,2,3.6,0.02,0.08,0.05,19.6,100,19,68,122.0,0,2,0,100
15:01:17,3,0,2,3.6,0.02,0.1,0.05,19.7,94,25,83,128.0,0,2,0,100
15:01:17,3,0,2,3.6,0.02,0.1,0.05,19.7,94,25,83,128.0,0,0,0,100
15:01:17,3,0,2,3.6,0.02,0.1,0.05,19.7,94,25,83,128.0,0,0,0,100
15:01:18,3,0,2,3.6,0.02,0.1,0.05,19.7,94,25,83,128.0,0,0,0,100
15:01:18,3,0,2,3.6,0.02,0.1,0.05,19.8,94,25,83,128.0,0,0,0,100
15:01:18,3,0,2,3.6,0.02,0.1,0.05,19.9,94,25,83,128.0,0,0,0,100
15:01:18,3,0,2,3.6,0.02,0.1,0.05,19.8,94,25,83,128.0,0,0,0,100
15:01:18,3,0,2,3.6,0.02,0.1,0.05,19.9,94,25,83,128.0,0,0,0,100
15:01:18,3,0,2,3.6,0.02,0.1,0.05,19.7,94,25,83,128.0,0,0,0,100
15:01:18,3,0,2,3.6,0.02,0.1,0.05,19.8,94,25,83,128.0,0,0,0,100
15:01:18,2,1,4,4.6,0.03,0.14,0.04,19.8,55,50,114,136.0,0,0,0,100
15:01:18,2,1,4,4.6,0.03,0.14,0.04,19.6,55,50,114,136.0,0,0,0,100
15:01:18,2,1,4,4.6,0.03,0.14,0.04,19.8,55,50,114,136.0,0,0,0,100
15:01:19,2,1,4,4.6,0.03,0.14,0.04,19.8,55,50,114,136.0,0,0,0,100
15:01:19,2,1,4,4.6,0.03,0.14,0.04,19.7,55,50,114,136.0,0,0,0,100
15:01:19,2,1,4,4.6,0.03,0.14,0.04,19.9,55,50,114,136.0,0,0,0,100
15:01:19,2,1,4,4.6,0.03,0.14,0.04,19.8,55,50,114,136.0,0,0,0,100
15:01:19,2,1,4,4.6,0.03,0.14,0.04,19.8,55,50,114,136.0,0,0,0,100
15:01:19,2,1,4,4.6,0.03,0.14,0.04,19.8,55,50,114,136.0,0,0,0,100
15:01:19,2,1,4,4.6,0.03,0.14,0.04,19.8,55,50,114,136.0,0,0,0,100
15:01:19,4,2,4,6.0,0.03,0.26,0.02,19.9,107,75,116,175.0,0,0,0,100
15:01:19,4,2,4,6.0,0.03,0.26,0.02,19.8,107,75,116,175.0,0,0,0,100
15:01:19,4,2,4,6.0,0.03,0.26,0.02,19.8,107,75,116,175.0,0,0,0,100
15:01:20,4,2,4,6.0,0.03,0.26,0.02,19.5,107,75,116,175.0,0,0,0,100
15:01:20,4,2,4,6.0,0.03,0.26,0.02,19.9,107,75,116,175.0,0,0,0,100
15:01:20,4,2,4,6.0,0.03,0.26,0.02,19.7,107,75,116,175.0,0,0,0,100
15:01:20,4,2,4,6.0,0.03,0.26,0.02,19.8,107,75,116,175.0,0,0,0,100
15:01:20,4,2,4,6.0,0.03,0.26,0.02,19.8,107,75,116,175.0,0,0,0,100
15:01:20,4,2,4,6.0,0.03,0.26,0.02,19.8,107,75,116,175.0,0,0,0,100
15:01:20,4,2,4,6.0,0.03,0.26,0.02,19.8,107,75,116,175.0,0,0,0,100
15:01:20,4,3,3,5.8,0.03,0.21,0.02,19.6,136,85,80,179.0,0,0,0,100
15:01:20,4,3,3,5.8,0.03,0.21,0.02,19.9,136,85,80,179.0,0,0,1,100
15:01:21,4,3,3,5.8,0.03,0.21,0.02,19.6,136,85,80,179.0,0,0,1,100
15:01:21,4,3,3,5.8,0.03,0.21,0.02,19.8,136,85,80,179.0,0,0,1,100
15:01:21,4,3,3,5.8,0.03,0.21,0.02,19.9,136,85,80,179.0,0,0,1,100
15:01:21,4,3,3,5.8,0.03,0.21,0.02,20.0,136,85,80,179.0,0,0,1,100
15:01:21,4,3,3,5.8,0.03,0.21,0.02,19.8,136,85,80,179.0,0,0,1,100
15:01:21,4,3,3,5.8,0.03,0.21,0.02,19.6,136,85,80,179.0,0,0,1,100
15:01:21,4,3,3,5.8,0.03,0.21,0.02,19.8,136,85,80,179.0,0,0,1,100
15:01:21,4,3,3,5.8,0.03,0.21,0.02,20.0,136,85,80,179.0,0,0,1,100
15:01:21,6,3,4,7.8,0.04,0.09,0.02,19.8,154,94,97,205.0,0,0,1,100
15:01:21,6,3,4,7.8,0.04,0.09,0.02,19.8,154,94,97,205.0,0,0,0,100
15:01:21,6,3,4,7.8,0.04,0.09,0.02,19.7,154,94,97,205.0,0,0,0,100
15:01:22,6,3,4,7.8,0.04,0.09,0.02,19.8,154,94,97,205.0,0,0,0,100
15:01:22,6,3,4,7.8,0.04,0.09,0.02,19.7,154,94,97,205.0,0,0,0,100
15:01:22,6,3,4,7.8,0.04,0.09,0.02,19.9,154,94,97,205.0,0,0,0,100
15:01:22,6,3,4,7.8,0.04,0.09,0.02,19.8,154,94,97,205.0,0,0,0,100
15:01:22,6,3,4,7.8,0.04,0.09,0.02,19.8,154,94,97,205.0,0,0,0,100
15:01:22,6,3,4,7.8,0.04,0.09,0.02,19.8,154,94,97,205.0,0,0,0,100
15:01:22,6,3,4,7.8,0.04,0.09,0.02,19.6,154,94,97,205.0,0,0,0,100
15:01:22,4,3,4,6.4,0.02,0.08,0.03,19.8,103,98,140,200.0,0,0,0,100
15:01:22,4,3,4,6.4,0.02,0.08,0.03,19.6,103,98,140,200.0,0,0,0,100
15:01:23,4,3,4,6.4,0.02,0.08,0.03,19.8,103,98,140,200.0,0,0,0,100
15:01:23,4,3,4,6.4,0.02,0.08,0.03,20.0,103,98,140,200.0,0,0,0,100
15:01:23,4,3,4,6.4,0.02,0.08,0.03,19.6,103,98,140,200.0,0,0,0,100
15:01:23,4,3,4,6.4,0.02,0.08,0.03,19.8,103,98,140,200.0,0,0,0,100
15:01:23,4,3,4,6.4,0.02,0.08,0.03,19.8,103,98,140,200.0,0,0,0,100
15:01:23,4,3,4,6.4,0.02,0.08,0.03,19.8,103,98,140,200.0,0,0,0,100
15:01:23,4,3,4,6.4,0.02,0.08,0.03,19.8,103,98,140,200.0,0,0,0,100
15:01:23,4,3,4,6.4,0.02,0.08,0.03,19.8,103,98,140,200.0,0,0,0,100
15:01:23,3,3,5,6.6,0.01,0.09,0.06,19.8,84,97,148,196.0,0,0,0,100
15:01:23,3,3,5,6.6,0.01,0.09,0.06,19.8,84,97,148,196.0,3,0,0,100
15:01:24,3,3,5,6.6,0.01,0.09,0.06,19.8,84,97,148,196.0,3,0,0,100
15:01:24,3,3,5,6.6,0.01,0.09,0.06,19.8,84,97,148,196.0,3,0,0,100
15:01:24,3,3,5,6.6,0.01,0.09,0.06,19.5,84,97,148,196.0,3,0,0,100
15:01:24,3,3,5,6.6,0.01,0.09,0.06,19.8,84,97,148,196.0,3,0,0,100
15:01:24,3,3,5,6.6,0.01,0.09,0.06,19.6,84,97,148,196.0,3,0,0,100
15:01:24,3,3,5,6.6,0.01,0.09,0.06,19.9,84,97,148,196.0,3,0,0,100
15:01:24,3,3,5,6.6,0.01,0.09,0.06,19.8,84,97,148,196.0,3,0,0,100
15:01:24,3,3,5,6.6,0.01,0.09,0.06,19.7,84,97,148,196.0,3,0,0,100
15:01:24,4,2,3,5.4,0.04,0.08,0.06,19.6,114,81,114,180.0,3,0,0,100
15:01:24,4,2,3,5.4,0.04,0.08,0.06,19.8,114,81,114,180.0,0,0,0,100
15:01:25,4,2,3,5.4,0.04,0.08,0.06,19.9,114,81,114,180.0,0,0,0,100
15:01:25,4,2,3,5.4,0.04,0.08,0.06,19.8,114,81,114,180.0,0,0,0,100
15:01:25,4,2,3,5.4,0.04,0.08,0.06,19.8,114,81,114,180.0,0,0,0,100
15:01:25,4,2,3,5.4,0.04,0.08,0.06,19.8,114,81,114,180.0,0,0,0,100
15:01:25,4,2,3,5.4,0.04,0.08,0.06,19.6,114,81,114,180.0,0,0,0,100
15:01:25,4,2,3,5.4,0.04,0.08,0.06,19.8,114,81,114,180.0,0,0,0,100
15:01:25,4,2,3,5.4,0.04,0.08,0.06,19.8,114,81,114,180.0,0,0,0,100
15:01:25,4,2,3,5.4,0.04,0.08,0.06,19.8,114,81,114,180.0,0,0,0,100
15:01:25,5,4,3,7.1,0.05,0.1,0.05,19.8,145,79,59,175.0,0,0,0,100
15:01:25,5,4,3,7.1,0.05,0.1,0.05,19.5,145,79,59,175.0,0,0,2,100
15:01:26,5,4,3,7.1,0.05,0.1,0.05,19.8,145,79,59,175.0,0,0,2,100
15:01:26,5,4,3,7.1,0.05,0.1,0.05,19.8,145,79,59,175.0,0,0,2,100
15:01:26,5,4,3,7.1,0.05,0.1,0.05,19.9,145,79,59,175.0,0,0,2,100
15:01:26,5,4,3,7.1,0.05,0.1,0.05,19.8,145,79,59,175.0,0,0,2,100
15:01:26,5,4,3,7.1,0.05,0.1,0.05,19.9,145,79,59,175.0,0,0,2,100
15:01:26,5,4,3,7.1,0.05,0.1,0.05,19.8,145,79,59,175.0,0,0,2,100
15:01:26,5,4,3,7.1,0.05,0.1,0.05,19.8,145,79,59,175.0,0,0,2,100
15:01:26,5,4,3,7.1,0.05,0.1,0.05,19.8,145,79,59,175.0,0,0,2,100
15:01:26,3,1,3,4.4,0.05,0.07,0.01,19.8,88,39,107,144.0,0,0,2,100
15:01:26,3,1,3,4.4,0.05,0.07,0.01,19.7,88,39,107,144.0,0,0,0,100
15:01:27,3,1,3,4.4,0.05,0.07,0.01,19.8,88,39,107,144.0,0,0,0,100
15:01:27,3,1,3,4.4,0.05,0.07,0.01,19.8,88,39,107,144.0,0,0,0,100
15:01:27,3,1,3,4.4,0.05,0.07,0.01,19.8,88,39,107,144.0,0,0,0,100
15:01:27,3,1,3,4.4,0.05,0.07,0.01,19.6,88,39,107,144.0,0,0,0,100
15:01:27,3,1,3,4.4,0.05,0.07,0.01,19.9,88,39,107,144.0,0,0,0,100
15:01:27,3,1,3,4.4,0.05,0.07,0.01,19.8,88,39,107,144.0,0,0,0,100
15:01:27,3,1,3,4.4,0.05,0.07,0.01,19.5,88,39,107,144.0,0,0,0,100
15:01:27,3,1,3,4.4,0.05,0.07,0.01,19.8,88,39,107,144.0,0,0,0,100
15:01:27,3,1,4,5.1,0.04,0.19,0.03,19.8,68,15,93,116.0,0,0,0,100
15:01:27,3,1,4,5.1,0.04,0.19,0.03,19.9,68,15,93,116.0,0,0,0,100
15:01:28,3,1,4,5.1,0.04,0.19,0.03,19.8,68,15,93,116.0,0,0,0,100
15:01:28,3,1,4,5.1,0.04,0.19,0.03,19.9,68,15,93,116.0,0,0,0,100
15:01:28,3,1,4,5.1,0.04,0.19,0.03,19.8,68,15,93,116.0,0,0,0,100
15:01:28,3,1,4,5.1,0.04,0.19,0.03,19.8,68,15,93,116.0,0,0,0,100
15:01:28,3,1,4,5.1,0.04,0.19,0.03,19.9,68,15,93,116.0,0,0,0,100
15:01:28,3,1,4,5.1,0.04,0.19,0.03,19.8,68,15,93,116.0,0,0,0,100
15:01:28,3,1,4,5.1,0.04,0.19,0.03,19.8,68,15,93,116.0,0,0,0,100
15:01:28,3,1,4,5.1,0.04,0.19,0.03,19.6,68,15,93,116.0,0,0,0,100
15:01:28,4,1,2,4.6,0.03,0.11,0.05,19.6,107,41,60,129.0,0,0,0,100
15:01:28,4,1,2,4.6,0.03,0.11,0.05,19.8,107,41,60,129.0,0,0,2,100
15:01:29,4,1,2,4.6,0.03,0.11,0.05,19.7,107,41,60,129.0,0,0,2,100
15:01:29,4,1,2,4.6,0.03,0.11,0.05,19.8,107,41,60,129.0,0,0,2,100
15:01:29,4,1,2,4.6,0.03,0.11,0.05,19.7,107,41,60,129.0,0,0,2,100
15:01:29,4,1,2,4.6,0.03,0.11,0.05,19.6,107,41,60,129.0,0,0,2,100
15:01:29,4,1,2,4.6,0.03,0.11,0.05,19.5,107,41,60,129.0,0,0,2,100
15:01:29,4,1,2,4.6,0.03,0.11,0.05,20.0,107,41,60,129.0,0,0,2,100
15:01:29,4,1,2,4.6,0.03,0.11,0.05,19.8,107,41,60,129.0,0,0,2,100
15:01:29,4,1,2,4.6,0.03,0.11,0.05,19.4,107,41,60,129.0,0,0,2,100
15:01:29,7,2,4,8.3,0.02,0.2,0.06,19.8,123,57,99,168.0,0,0,2,100
15:01:29,7,2,4,8.3,0.02,0.2,0.06,19.8,123,57,99,168.0,0,0,0,100
15:01:30,7,2,4,8.3,0.02,0.2,0.06,19.8,123,57,99,168.0,0,0,0,100
15:01:30,7,2,4,8.3,0.02,0.2,0.06,19.7,123,57,99,168.0,0,0,0,100
15:01:30,7,2,4,8.3,0.02,0.2,0.06,19.8,123,57,99,168.0,0,0,0,100
15:01:30,7,2,4,8.3,0.02,0.2,0.06,19.8,123,57,99,168.0,0,0,0,100
15:01:30,7,2,4,8.3,0.02,0.2,0.06,19.9,123,57,99,168.0,0,0,0,100
15:01:30,7,2,4,8.3,0.02,0.2,0.06,19.8,123,57,99,168.0,0,0,0,100
15:01:30,7,2,4,8.3,0.02,0.2,0.06,19.8,123,57,99,168.0,0,0,0,100
15:01:30,7,2,4,8.3,0.02,0.2,0.06,19.7,123,57,99,168.0,0,0,0,100
15:01:30,1,2,5,5.5,0.02,0.08,0.05,19.7,53,80,143,172.0,0,0,0,100
15:01:30,1,2,5,5.5,0.02,0.08,0.05,19.6,53,80,143,172.0,1,0,0,100
15:01:31,1,2,5,5.5,0.02,0.08,0.05,19.8,53,80,143,172.0,1,0,0,100
15:01:31,1,2,5,5.5,0.02,0.08,0.05,19.8,53,80,143,172.0,1,0,0,100
15:01:31,1,2,5,5.5,0.02,0.08,0.05,19.9,53,80,143,172.0,1,0,0,100
15:01:31,1,2,5,5.5,0.02,0.08,0.05,19.8,53,80,143,172.0,1,0,0,100
15:01:31,1,2,5,5.5,0.02,0.08,0.05,19.6,53,80,143,172.0,1,0,0,100
15:01:31,1,2,5,5.5,0.02,0.08,0.05,19.8,53,80,143,172.0,1,0,0,100
15:01:31,1,2,5,5.5,0.02,0.08,0.05,19.8,53,80,143,172.0,1,0,0,100
15:01:31,1,2,5,5.5,0.02,0.08,0.05,19.7,53,80,143,172.0,1,0,0,100
15:01:31,4,3,5,7.1,0.03,0.05,0.04,19.8,117,99,142,209.0,1,0,0,100
15:01:31,4,3,5,7.1,0.03,0.05,0.04,19.9,117,99,142,209.0,0,0,0,100
15:01:32,4,3,5,7.1,0.03,0.05,0.04,19.8,117,99,142,209.0,0,0,0,100
15:01:32,4,3,5,7.1,0.03,0.05,0.04,19.6,117,99,142,209.0,0,0,0,100
15:01:32,4,3,5,7.1,0.03,0.05,0.04,19.8,117,99,142,209.0,0,0,0,100
15:01:32,4,3,5,7.1,0.03,0.05,0.04,19.9,117,99,142,209.0,0,0,0,100
15:01:32,4,3,5,7.1,0.03,0.05,0.04,19.8,117,99,142,209.0,0,0,0,100
15:01:32,4,3,5,7.1,0.03,0.05,0.04,19.8,117,99,142,209.0,0,0,0,100
15:01:32,4,3,5,7.1,0.03,0.05,0.04,19.8,117,99,142,209.0,0,0,0,100
15:01:32,4,3,5,7.1,0.03,0.05,0.04,19.9,117,99,142,209.0,0,0,0,100
15:01:32,9,3,4,10.3,0.05,0.07,0.01,19.8,164,104,82,211.0,0,0,0,100
15:01:33,9,3,4,10.3,0.05,0.07,0.01,19.8,164,104,82,211.0,0,0,2,100
15:01:33,9,3,4,10.3,0.05,0.07,0.01,19.6,164,104,82,211.0,0,0,2,100
15:01:33,9,3,4,10.3,0.05,0.07,0.01,19.7,164,104,82,211.0,0,0,2,100
15:01:33,9,3,4,10.3,0.05,0.07,0.01,19.7,164,104,82,211.0,0,0,2,100
15:01:33,9,3,4,10.3,0.05,0.07,0.01,19.6,164,104,82,211.0,0,0,2,100
15:01:33,9,3,4,10.3,0.05,0.07,0.01,19.8,164,104,82,211.0,0,0,2,100
15:01:33,9,3,4,10.3,0.05,0.07,0.01,19.6,164,104,82,211.0,0,0,2,100
15:01:33,9,3,4,10.3,0.05,0.07,0.01,19.6,164,104,82,211.0,0,0,2,100
15:01:33,9,3,4,10.3,0.05,0.07,0.01,19.7,164,104,82,211.0,0,0,2,100
15:01:33,5,4,4,7.5,0.05,0.13,0.03,19.8,164,117,94,222.0,0,0,2,100
15:01:34,5,4,4,7.5,0.05,0.13,0.03,19.9,164,117,94,222.0,0,0,1,100
15:01:34,5,4,4,7.5,0.05,0.13,0.03,19.6,164,117,94,222.0,0,0,1,100
15:01:34,5,4,4,7.5,0.05,0.13,0.03,19.8,164,117,94,222.0,0,0,1,100
15:01:34,5,4,4,7.5,0.05,0.13,0.03,19.8,164,117,94,222.0,0,0,1,100
15:01:34,5,4,4,7.5,0.05,0.13,0.03,19.6,164,117,94,222.0,0,0,1,100
15:01:34,5,4,4,7.5,0.05,0.13,0.03,19.8,164,117,94,222.0,0,0,1,100
15:01:34,5,4,4,7.5,0.05,0.13,0.03,19.6,164,117,94,222.0,0,0,1,100
15:01:34,5,4,4,7.5,0.05,0.13,0.03,19.8,164,117,94,222.0,0,0,1,100
15:01:34,5,4,4,7.5,0.05,0.13,0.03,19.7,164,117,94,222.0,0,0,1,100
15:01:34,4,3,5,7.1,0.04,0.09,0.04,19.9,131,105,131,213.0,0,0,1,100
15:01:35,4,3,5,7.1,0.04,0.09,0.04,19.8,131,105,131,213.0,0,0,0,100
15:01:35,4,3,5,7.1,0.04,0.09,0.04,19.8,131,105,131,213.0,0,0,0,100
15:01:35,4,3,5,7.1,0.04,0.09,0.04,19.8,131,105,131,213.0,0,0,0,100
15:01:35,4,3,5,7.1,0.04,0.09,0.04,19.8,131,105,131,213.0,0,0,0,100
15:01:35,4,3,5,7.1,0.04,0.09,0.04,19.9,131,105,131,213.0,0,0,0,100
15:01:35,4,3,5,7.1,0.04,0.09,0.04,19.8,131,105,131,213.0,0,0,0,100
15:01:35,4,3,5,7.1,0.04,0.09,0.04,19.9,131,105,131,213.0,0,0,0,100
15:01:35,4,3,5,7.1,0.04,0.09,0.04,19.7,131,105,131,213.0,0,0,0,100
15:01:35,4,3,5,7.1,0.04,0.09,0.04,19.8,131,105,131,213.0,0,0,0,100
15:01:35,2,3,5,6.2,0.02,0.09,0.05,19.8,71,81,137,174.0,0,0,0,100
15:01:36,2,3,5,6.2,0.02,0.09,0.05,19.6,71,81,137,174.0,1,0,0,100
15:01:36,2,3,5,6.2,0.02,0.09,0.05,19.6,71,81,137,174.0,1,0,0,100
15:01:36,2,3,5,6.2,0.02,0.09,0.05,19.7,71,81,137,174.0,1,0,0,100
15:01:36,2,3,5,6.2,0.02,0.09,0.05,19.8,71,81,137,174.0,1,0,0,100
15:01:36,2,3,5,6.2,0.02,0.09,0.05,19.9,71,81,137,174.0,1,0,0,100
15:01:36,2,3,5,6.2,0.02,0.09,0.05,19.6,71,81,137,174.0,1,0,0,100
15:01:36,2,3,5,6.2,0.02,0.09,0.05,19.9,71,81,137,174.0,1,0,0,100
15:01:36,2,3,5,6.2,0.02,0.09,0.05,19.7,71,81,137,174.0,1,0,0,100
15:01:36,2,3,5,6.2,0.02,0.09,0.05,19.6,71,81,137,174.0,1,0,0,100
15:01:36,4,1,2,4.6,0.01,0.08,0.04,19.8,110,52,90,151.0,1,0,0,100
15:01:37,4,1,2,4.6,0.01,0.08,0.04,19.8,110,52,90,151.0,0,0,0,100
15:01:37,4,1,2,4.6,0.01,0.08,0.04,19.8,110,52,90,151.0,0,0,0,100
15:01:37,4,1,2,4.6,0.01,0.08,0.04,19.8,110,52,90,151.0,0,0,0,100
15:01:37,4,1,2,4.6,0.01,0.08,0.04,19.8,110,52,90,151.0,0,0,0,100
15:01:37,4,1,2,4.6,0.01,0.08,0.04,19.9,110,52,90,151.0,0,0,0,100
15:01:37,4,1,2,4.6,0.01,0.08,0.04,19.9,110,52,90,151.0,0,0,0,100
15:01:37,4,1,2,4.6,0.01,0.08,0.04,19.7,110,52,90,151.0,0,0,0,100
15:01:37,4,1,2,4.6,0.01,0.08,0.04,19.8,110,52,90,151.0,0,0,0,100
15:01:37,4,1,2,4.6,0.01,0.08,0.04,19.8,110,52,90,151.0,0,0,0,100
15:01:37,5,2,3,6.2,0.04,0.13,0.06,19.9,127,30,69,148.0,0,0,0,100
15:01:38,5,2,3,6.2,0.04,0.13,0.06,19.6,127,30,69,148.0,0,2,1,100
15:01:38,5,2,3,6.2,0.04,0.13,0.06,19.7,127,30,69,148.0,0,2,1,100
15:01:38,5,2,3,6.2,0.04,0.13,0.06,19.8,127,30,69,148.0,0,2,1,100
15:01:38,5,2,3,6.2,0.04,0.13,0.06,20.0,127,30,69,148.0,0,2,1,100
15:01:38,5,2,3,6.2,0.04,0.13,0.06,19.8,127,30,69,148.0,0,2,1,100
15:01:38,5,2,3,6.2,0.04,0.13,0.06,19.6,127,30,69,148.0,0,2,1,100
15:01:38,5,2,3,6.2,0.04,0.13,0.06,19.8,127,30,69,148.0,0,2,1,100
15:01:38,5,2,3,6.2,0.04,0.13,0.06,19.9,127,30,69,148.0,0,2,1,100
15:01:38,5,2,3,6.2,0.04,0.13,0.06,19.8,127,30,69,148.0,0,2,1,100
15:01:38,2,1,4,4.6,0.05,0.12,0.03,19.8,68,29,106,129.0,0,2,1,100
15:01:39,2,1,4,4.6,0.05,0.12,0.03,19.6,68,29,106,129.0,2,0,0,100
15:01:39,2,1,4,4.6,0.05,0.12,0.03,19.8,68,29,106,129.0,2,0,0,100
15:01:39,2,1,4,4.6,0.05,0.12,0.03,19.9,68,29,106,129.0,2,0,0,100
15:01:39,2,1,4,4.6,0.05,0.12,0.03,19.6,68,29,106,129.0,2,0,0,100
15:01:39,2,1,4,4.6,0.05,0.12,0.03,19.6,68,29,106,129.0,2,0,0,100
15:01:39,2,1,4,4.6,0.05,0.12,0.03,19.6,68,29,106,129.0,2,0,0,100
15:01:39,2,1,4,4.6,0.05,0.12,0.03,19.8,68,29,106,129.0,2,0,0,100
15:01:39,2,1,4,4.6,0.05,0.12,0.03,19.9,68,29,106,129.0,2,0,0,100
15:01:39,2,1,4,4.6,0.05,0.12,0.03,19.7,68,29,106,129.0,2,0,0,100
15:01:39,3,2,3,4.7,0.04,0.12,0.01,19.6,102,51,93,147.0,2,0,0,100
15:01:40,3,2,3,4.7,0.04,0.12,0.01,19.8,102,51,93,147.0,0,0,0,100
15:01:40,3,2,3,4.7,0.04,0.12,0.01,19.6,102,51,93,147.0,0,0,0,100
15:01:40,3,2,3,4.7,0.04,0.12,0.01,19.8,102,51,93,147.0,0,0,0,100
15:01:40,3,2,3,4.7,0.04,0.12,0.01,19.8,102,51,93,147.0,0,0,0,100
15:01:40,3,2,3,4.7,0.04,0.12,0.01,19.8,102,51,93,147.0,0,0,0,100
15:01:40,3,2,3,4.7,0.04,0.12,0.01,19.9,102,51,93,147.0,0,0,0,100
15:01:40,3,2,3,4.7,0.04,0.12,0.01,19.8,102,51,93,147.0,0,0,0,100
15:01:40,3,2,3,4.7,0.04,0.12,0.01,19.8,102,51,93,147.0,0,0,0,100
15:01:40,3,2,3,4.7,0.04,0.12,0.01,19.9,102,51,93,147.0,0,0,0,100
15:01:40,5,2,2,5.7,0.05,0.09,0.03,19.8,141,79,51,169.0,0,0,0,100
15:01:41,5,2,2,5.7,0.05,0.09,0.03,19.8,141,79,51,169.0,0,0,0,100
15:01:41,5,2,2,5.7,0.05,0.09,0.03,19.8,141,79,51,169.0,0,0,0,100
15:01:41,5,2,2,5.7,0.05,0.09,0.03,19.8,141,79,51,169.0,0,0,0,100
15:01:41,5,2,2,5.7,0.05,0.09,0.03,19.9,141,79,51,169.0,0,0,0,100
15:01:41,5,2,2,5.7,0.05,0.09,0.03,19.7,141,79,51,169.0,0,0,0,100
15:01:41,5,2,2,5.7,0.05,0.09,0.03,19.6,141,79,51,169.0,0,0,0,100
15:01:41,5,2,2,5.7,0.05,0.09,0.03,19.9,141,79,51,169.0,0,0,0,100
15:01:41,5,2,2,5.7,0.05,0.09,0.03,19.6,141,79,51,169.0,0,0,0,100
15:01:41,5,2,2,5.7,0.05,0.09,0.03,19.8,141,79,51,169.0,0,0,0,100
15:01:41,5,6,6,9.8,0.02,0.09,0.02,19.8,128,85,123,197.0,0,0,0,100
15:01:42,5,6,6,9.8,0.02,0.09,0.02,19.9,128,85,123,197.0,0,0,0,100
15:01:42,5,6,6,9.8,0.02,0.09,0.02,19.8,128,85,123,197.0,0,0,0,100
15:01:42,5,6,6,9.8,0.02,0.09,0.02,19.7,128,85,123,197.0,0,0,0,100
15:01:42,5,6,6,9.8,0.02,0.09,0.02,19.8,128,85,123,197.0,0,0,0,100
15:01:42,5,6,6,9.8,0.02,0.09,0.02,19.9,128,85,123,197.0,0,0,0,100
15:01:42,5,6,6,9.8,0.02,0.09,0.02,19.9,128,85,123,197.0,0,0,0,100
15:01:42,5,6,6,9.8,0.02,0.09,0.02,19.8,128,85,123,197.0,0,0,0,100
15:01:42,5,6,6,9.8,0.02,0.09,0.02,19.9,128,85,123,197.0,0,0,0,100
15:01:42,5,6,6,9.8,0.02,0.09,0.02,19.8,128,85,123,197.0,0,0,0,100
15:01:42,3,3,5,6.6,0.01,0.1,0.05,19.8,87,97,160,206.0,0,0,0,100
15:01:43,3,3,5,6.6,0.01,0.1,0.05,19.8,87,97,160,206.0,1,0,0,100
15:01:43,3,3,5,6.6,0.01,0.1,0.05,19.8,87,97,160,206.0,1,0,0,100
15:01:43,3,3,5,6.6,0.01,0.1,0.05,19.8,87,97,160,206.0,1,0,0,100
15:01:43,3,3,5,6.6,0.01,0.1,0.05,19.9,87,97,160,206.0,1,0,0,100
15:01:43,3,3,5,6.6,0.01,0.1,0.05,19.8,87,97,160,206.0,1,0,0,100
15:01:43,3,3,5,6.6,0.01,0.1,0.05,19.9,87,97,160,206.0,1,0,0,100
15:01:43,3,3,5,6.6,0.01,0.1,0.05,19.9,87,97,160,206.0,1,0,0,100
15:01:43,3,3,5,6.6,0.01,0.1,0.05,19.8,87,97,160,206.0,1,0,0,100
15:01:43,3,3,5,6.6,0.01,0.1,0.05,19.9,87,97,160,206.0,1,0,0,100
15:01:43,3,3,5,6.6,0.02,0.09,0.05,19.6,106,92,153,208.0,1,0,0,100
15:01:44,3,3,5,6.6,0.02,0.09,0.05,19.8,106,92,153,208.0,0,0,0,100
15:01:44,3,3,5,6.6,0.02,0.09,0.05,19.9,106,92,153,208.0,0,0,0,100
15:01:44,3,3,5,6.6,0.02,0.09,0.05,19.9,106,92,153,208.0,0,0,0,100
15:01:44,3,3,5,6.6,0.02,0.09,0.05,19.8,106,92,153,208.0,0,0,0,100
15:01:44,3,3,5,6.6,0.02,0.09,0.05,19.8,106,92,153,208.0,0,0,0,100
15:01:44,3,3,5,6.6,0.02,0.09,0.05,19.8,106,92,153,208.0,0,0,0,100
15:01:44,3,3,5,6.6,0.02,0.09,0.05,19.8,106,92,153,208.0,0,0,0,100
15:01:44,3,3,5,6.6,0.02,0.09,0.05,19.8,106,92,153,208.0,0,0,0,100
15:01:44,3,3,5,6.6,0.02,0.09,0.05,19.7,106,92,153,208.0,0,0,0,100
15:01:44,5,4,3,7.1,0.04,0.08,0.02,19.8,154,86,95,200.0,0,0,0,100
15:01:45,5,4,3,7.1,0.04,0.08,0.02,19.8,154,86,95,200.0,0,0,1,100
15:01:45,5,4,3,7.1,0.04,0.08,0.02,19.6,154,86,95,200.0,0,0,1,100
15:01:45,5,4,3,7.1,0.04,0.08,0.02,19.8,154,86,95,200.0,0,0,1,100
15:01:45,5,4,3,7.1,0.04,0.08,0.02,19.4,154,86,95,200.0,0,0,1,100
15:01:45,5,4,3,7.1,0.04,0.08,0.02,19.8,154,86,95,200.0,0,0,1,100
15:01:45,5,4,3,7.1,0.04,0.08,0.02,19.7,154,86,95,200.0,0,0,1,100
15:01:45,5,4,3,7.1,0.04,0.08,0.02,19.4,154,86,95,200.0,0,0,1,100
15:01:45,5,4,3,7.1,0.04,0.08,0.02,19.7,154,86,95,200.0,0,0,1,100
15:01:45,5,4,3,7.1,0.04,0.08,0.02,19.8,154,86,95,200.0,0,0,1,100
15:01:45,5,3,2,6.2,0.06,0.08,0.02,19.6,144,82,75,182.0,0,0,1,100
15:01:46,5,3,2,6.2,0.06,0.08,0.02,19.8,144,82,75,182.0,0,0,2,100
15:01:46,5,3,2,6.2,0.06,0.08,0.02,19.8,144,82,75,182.0,0,0,2,100
15:01:46,5,3,2,6.2,0.06,0.08,0.02,19.6,144,82,75,182.0,0,0,2,100
15:01:46,5,3,2,6.2,0.06,0.08,0.02,19.8,144,82,75,182.0,0,0,2,100
15:01:46,5,3,2,6.2,0.06,0.08,0.02,19.6,144,82,75,182.0,0,0,2,100
15:01:46,5,3,2,6.2,0.06,0.08,0.02,19.8,144,82,75,182.0,0,0,2,100
15:01:46,5,3,2,6.2,0.06,0.08,0.02,19.9,144,82,75,182.0,0,0,2,100
15:01:46,5,3,2,6.2,0.06,0.08,0.02,19.9,144,82,75,182.0,0,0,2,100
15:01:46,5,3,2,6.2,0.06,0.08,0.02,19.9,144,82,75,182.0,0,0,2,100
15:01:46,3,4,4,6.4,0.06,0.09,0.03,19.9,94,69,117,165.0,0,0,2,100
15:01:47,3,4,4,6.4,0.06,0.09,0.03,19.6,94,69,117,165.0,0,0,0,100
15:01:47,3,4,4,6.4,0.06,0.09,0.03,19.5,94,69,117,165.0,0,0,0,100
15:01:47,3,4,4,6.4,0.06,0.09,0.03,19.8,94,69,117,165.0,0,0,0,100
15:01:47,3,4,4,6.4,0.06,0.09,0.03,19.5,94,69,117,165.0,0,0,0,100
15:01:47,3,4,4,6.4,0.06,0.09,0.03,19.7,94,69,117,165.0,0,0,0,100
15:01:47,3,4,4,6.4,0.06,0.09,0.03,19.9,94,69,117,165.0,0,0,0,100
15:01:47,3,4,4,6.4,0.06,0.09,0.03,19.8,94,69,117,165.0,0,0,0,100
15:01:47,3,4,4,6.4,0.06,0.09,0.03,19.8,94,69,117,165.0,0,0,0,100
15:01:47,3,4,4,6.4,0.06,0.09,0.03,20.0,94,69,117,165.0,0,0,0,100
15:01:47,2,1,4,4.6,0.05,0.12,0.05,19.5,52,43,114,132.0,0,0,0,100
15:01:48,2,1,4,4.6,0.05,0.12,0.05,19.8,52,43,114,132.0,1,0,0,100
15:01:48,2,1,4,4.6,0.05,0.12,0.05,19.8,52,43,114,132.0,1,0,0,100
15:01:48,2,1,4,4.6,0.05,0.12,0.05,19.8,52,43,114,132.0,1,0,0,100
15:01:48,2,1,4,4.6,0.05,0.12,0.05,19.9,52,43,114,132.0,1,0,0,100
15:01:48,2,1,4,4.6,0.05,0.12,0.05,19.8,52,43,114,132.0,1,0,0,100
15:01:48,2,1,4,4.6,0.05,0.12,0.05,19.9,52,43,114,132.0,1,0,0,100
15:01:48,2,1,4,4.6,0.05,0.12,0.05,19.8,52,43,114,132.0,1,0,0,100
15:01:48,2,1,4,4.6,0.05,0.12,0.05,19.8,52,43,114,132.0,1,0,0,100
15:01:48,2,1,4,4.6,0.05,0.12,0.05,19.8,52,43,114,132.0,1,0,0,100
15:01:48,3,0,2,3.6,0.02,0.12,0.04,19.8,102,18,61,120.0,1,0,0,100
15:01:49,3,0,2,3.6,0.02,0.12,0.04,19.9,102,18,61,120.0,0,0,1,100
15:01:49,3,0,2,3.6,0.02,0.12,0.04,19.7,102,18,61,120.0,0,0,1,100
15:01:49,3,0,2,3.6,0.02,0.12,0.04,19.8,102,18,61,120.0,0,0,1,100
15:01:49,3,0,2,3.6,0.02,0.12,0.04,19.7,102,18,61,120.0,0,0,1,100
15:01:49,3,0,2,3.6,0.02,0.12,0.04,19.7,102,18,61,120.0,0,0,1,100
15:01:49,3,0,2,3.6,0.02,0.12,0.04,19.6,102,18,61,120.0,0,0,1,100
15:01:49,3,0,2,3.6,0.02,0.12,0.04,19.8,102,18,61,120.0,0,0,1,100
15:01:49,3,0,2,3.6,0.02,0.12,0.04,19.8,102,18,61,120.0,0,0,1,100
15:01:49,3,0,2,3.6,0.02,0.12,0.04,19.8,102,18,61,120.0,0,0,1,100
15:01:49,4,2,3,5.4,0.02,0.09,0.05,19.8,100,39,91,141.0,0,0,1,100
15:01:50,4,2,3,5.4,0.02,0.09,0.05,19.8,100,39,91,141.0,0,0,0,100
15:01:50,4,2,3,5.4,0.02,0.09,0.05,19.8,100,39,91,141.0,0,0,0,100
15:01:50,4,2,3,5.4,0.02,0.09,0.05,19.8,100,39,91,141.0,0,0,0,100
15:01:50,4,2,3,5.4,0.02,0.09,0.05,19.7,100,39,91,141.0,0,0,0,100
15:01:50,4,2,3,5.4,0.02,0.09,0.05,20.1,100,39,91,141.0,0,0,0,100
15:01:50,4,2,3,5.4,0.02,0.09,0.05,20.0,100,39,91,141.0,0,0,0,100
15:01:50,4,2,3,5.4,0.02,0.09,0.05,19.8,100,39,91,141.0,0,0,0,100
15:01:50,4,2,3,5.4,0.02,0.09,0.05,19.7,100,39,91,141.0,0,0,0,100
15:01:50,4,2,3,5.4,0.02,0.09,0.05,19.4,100,39,91,141.0,0,0,0,100
15:01:51,5,5,7,9.9,0.08,0.11,0.07,19.8,46,67,139,161.0,0,0,0,100
15:01:51,5,5,7,9.9,0.08,0.11,0.07,19.9,46,67,139,161.0,5,0,0,100
15:01:51,5,5,7,9.9,0.08,0.11,0.07,19.8,46,67,139,161.0,5,0,0,100
15:01:51,5,5,7,9.9,0.08,0.11,0.07,19.8,46,67,139,161.0,5,0,0,100
15:01:51,5,5,7,9.9,0.08,0.11,0.07,19.8,46,67,139,161.0,5,0,0,100
15:01:51,5,5,7,9.9,0.08,0.11,0.07,20.0,46,67,139,161.0,5,0,0,100
15:01:51,5,5,7,9.9,0.08,0.11,0.07,19.8,46,67,139,161.0,5,0,0,100
15:01:51,5,5,7,9.9,0.08,0.11,0.07,19.7,46,67,139,161.0,5,0,0,100
15:01:51,5,5,7,9.9,0.08,0.11,0.07,19.8,46,67,139,161.0,5,0,0,100
15:01:51,5,5,7,9.9,0.08,0.11,0.07,19.7,46,67,139,161.0,5,0,0,100
15:01:51,3,2,5,6.2,0.06,0.1,0.04,19.6,114,74,128,187.0,5,0,0,100
15:01:52,3,2,5,6.2,0.06,0.1,0.04,19.8,114,74,128,187.0,0,0,0,100
15:01:52,3,2,5,6.2,0.06,0.1,0.04,19.8,114,74,128,187.0,0,0,0,100
15:01:52,3,2,5,6.2,0.06,0.1,0.04,19.8,114,74,128,187.0,0,0,0,100
15:01:52,3,2,5,6.2,0.06,0.1,0.04,19.8,114,74,128,187.0,0,0,0,100
15:01:52,3,2,5,6.2,0.06,0.1,0.04,19.8,114,74,128,187.0,0,0,0,100
15:01:52,3,2,5,6.2,0.06,0.1,0.04,19.9,114,74,128,187.0,0,0,0,100
15:01:52,3,2,5,6.2,0.06,0.1,0.04,19.7,114,74,128,187.0,0,0,0,100
15:01:52,3,2,5,6.2,0.06,0.1,0.04,19.7,114,74,128,187.0,0,0,0,100
15:01:52,3,2,5,6.2,0.06,0.1,0.04,19.8,114,74,128,187.0,0,0,0,100
15:01:53,6,4,3,7.8,0.03,0.13,0.02,19.8,154,87,61,187.0,0,0,0,100
15:01:53,6,4,3,7.8,0.03,0.13,0.02,19.8,154,87,61,187.0,0,0,3,100
15:01:53,6,4,3,7.8,0.03,0.13,0.02,19.9,154,87,61,187.0,0,0,3,100
15:01:53,6,4,3,7.8,0.03,0.13,0.02,19.8,154,87,61,187.0,0,0,3,100
15:01:53,6,4,3,7.8,0.03,0.13,0.02,19.7,154,87,61,187.0,0,0,3,100
15:01:53,6,4,3,7.8,0.03,0.13,0.02,19.6,154,87,61,187.0,0,0,3,100
15:01:53,6,4,3,7.8,0.03,0.13,0.02,19.9,154,87,61,187.0,0,0,3,100
15:01:53,6,4,3,7.8,0.03,0.13,0.02,19.8,154,87,61,187.0,0,0,3,100
15:01:53,6,4,3,7.8,0.03,0.13,0.02,19.8,154,87,61,187.0,0,0,3,100
15:01:53,6,4,3,7.8,0.03,0.13,0.02,19.5,154,87,61,187.0,0,0,3,100
15:01:54,6,3,3,7.3,0.04,0.05,0.03,19.8,155,99,111,215.0,0,0,3,100
15:01:54,6,3,3,7.3,0.04,0.05,0.03,19.8,155,99,111,215.0,0,0,0,100
15:01:54,6,3,3,7.3,0.04,0.05,0.03,19.8,155,99,111,215.0,0,0,0,100
15:01:54,6,3,3,7.3,0.04,0.05,0.03,19.9,155,99,111,215.0,0,0,0,100
15:01:54,6,3,3,7.3,0.04,0.05,0.03,19.8,155,99,111,215.0,0,0,0,100
15:01:54,6,3,3,7.3,0.04,0.05,0.03,19.8,155,99,111,215.0,0,0,0,100
15:01:54,6,3,3,7.3,0.04,0.05,0.03,19.8,155,99,111,215.0,0,0,0,100
15:01:54,6,3,3,7.3,0.04,0.05,0.03,19.9,155,99,111,215.0,0,0,0,100
15:01:54,6,3,3,7.3,0.04,0.05,0.03,19.7,155,99,111,215.0,0,0,0,100
15:01:54,6,3,3,7.3,0.04,0.05,0.03,19.8,155,99,111,215.0,0,0,0,100
15:01:55,3,3,6,7.3,0.04,0.1,0.05,19.9,93,106,161,214.0,0,0,0,100
15:01:55,3,3,6,7.3,0.04,0.1,0.05,19.9,93,106,161,214.0,1,0,0,100
15:01:55,3,3,6,7.3,0.04,0.1,0.05,19.8,93,106,161,214.0,1,0,0,100
15:01:55,3,3,6,7.3,0.04,0.1,0.05,19.6,93,106,161,214.0,1,0,0,100
15:01:55,3,3,6,7.3,0.04,0.1,0.05,19.5,93,106,161,214.0,1,0,0,100
15:01:55,3,3,6,7.3,0.04,0.1,0.05,19.4,93,106,161,214.0,1,0,0,100
15:01:55,3,3,6,7.3,0.04,0.1,0.05,19.8,93,106,161,214.0,1,0,0,100
15:01:55,3,3,6,7.3,0.04,0.1,0.05,19.9,93,106,161,214.0,1,0,0,100
15:01:55,3,3,6,7.3,0.04,0.1,0.05,19.7,93,106,161,214.0,1,0,0,100
15:01:55,3,3,6,7.3,0.04,0.1,0.05,19.6,93,106,161,214.0,1,0,0,100
15:01:56,3,3,5,6.6,0.02,0.09,0.05,19.5,98,94,151,203.0,1,0,0,100
15:01:56,3,3,5,6.6,0.02,0.09,0.05,19.8,98,94,151,203.0,0,0,0,100
15:01:56,3,3,5,6.6,0.02,0.09,0.05,19.8,98,94,151,203.0,0,0,0,100
15:01:56,3,3,5,6.6,0.02,0.09,0.05,19.9,98,94,151,203.0,0,0,0,100
15:01:56,3,3,5,6.6,0.02,0.09,0.05,19.8,98,94,151,203.0,0,0,0,100
15:01:56,3,3,5,6.6,0.02,0.09,0.05,19.8,98,94,151,203.0,0,0,0,100
15:01:56,3,3,5,6.6,0.02,0.09,0.05,19.8,98,94,151,203.0,0,0,0,100
15:01:56,3,3,5,6.6,0.02,0.09,0.05,19.9,98,94,151,203.0,0,0,0,100
15:01:56,3,3,5,6.6,0.02,0.09,0.05,19.6,98,94,151,203.0,0,0,0,100
15:01:56,3,3,5,6.6,0.02,0.09,0.05,19.6,98,94,151,203.0,0,0,0,100
15:01:57,4,2,3,5.4,0.02,0.06,0.04,19.5,131,76,110,187.0,0,0,0,100
15:01:57,4,2,3,5.4,0.02,0.06,0.04,19.8,131,76,110,187.0,0,0,0,100
15:01:57,4,2,3,5.4,0.02,0.06,0.04,19.8,131,76,110,187.0,0,0,0,100
15:01:57,4,2,3,5.4,0.02,0.06,0.04,19.8,131,76,110,187.0,0,0,0,100
15:01:57,4,2,3,5.4,0.02,0.06,0.04,19.8,131,76,110,187.0,0,0,0,100
15:01:57,4,2,3,5.4,0.02,0.06,0.04,19.8,131,76,110,187.0,0,0,0,100
15:01:57,4,2,3,5.4,0.02,0.06,0.04,19.8,131,76,110,187.0,0,0,0,100
15:01:57,4,2,3,5.4,0.02,0.06,0.04,19.7,131,76,110,187.0,0,0,0,100
15:01:57,4,2,3,5.4,0.02,0.06,0.04,19.8,131,76,110,187.0,0,0,0,100
15:01:57,4,2,3,5.4,0.02,0.06,0.04,19.6,131,76,110,187.0,0,0,0,100
15:01:58,5,3,2,6.2,0.04,0.07,0.02,19.6,146,73,57,173.0,0,0,0,100
15:01:58,5,3,2,6.2,0.04,0.07,0.02,20.0,146,73,57,173.0,0,0,1,100
15:01:58,5,3,2,6.2,0.04,0.07,0.02,19.8,146,73,57,173.0,0,0,1,100
15:01:58,5,3,2,6.2,0.04,0.07,0.02,19.7,146,73,57,173.0,0,0,1,100
15:01:58,5,3,2,6.2,0.04,0.07,0.02,19.8,146,73,57,173.0,0,0,1,100
15:01:58,5,3,2,6.2,0.04,0.07,0.02,19.9,146,73,57,173.0,0,0,1,100
15:01:58,5,3,2,6.2,0.04,0.07,0.02,19.6,146,73,57,173.0,0,0,1,100
15:01:58,5,3,2,6.2,0.04,0.07,0.02,19.7,146,73,57,173.0,0,0,1,100
15:01:58,5,3,2,6.2,0.04,0.07,0.02,19.8,146,73,57,173.0,0,0,1,100
15:01:58,5,3,2,6.2,0.04,0.07,0.02,19.8,146,73,57,173.0,0,0,1,100
15:01:59,3,1,5,5.9,0.08,0.09,0.02,19.8,88,50,129,164.0,0,0,1,100
15:01:59,3,1,5,5.9,0.08,0.09,0.02,19.6,88,50,129,164.0,0,0,0,100
15:01:59,3,1,5,5.9,0.08,0.09,0.02,19.6,88,50,129,164.0,0,0,0,100
15:01:59,3,1,5,5.9,0.08,0.09,0.02,19.8,88,50,129,164.0,0,0,0,100
15:01:59,3,1,5,5.9,0.08,0.09,0.02,19.9,88,50,129,164.0,0,0,0,100
15:01:59,3,1,5,5.9,0.08,0.09,0.02,19.9,88,50,129,164.0,0,0,0,100
15:01:59,3,1,5,5.9,0.08,0.09,0.02,19.6,88,50,129,164.0,0,0,0,100
15:01:59,3,1,5,5.9,0.08,0.09,0.02,19.6,88,50,129,164.0,0,0,0,100
15:01:59,3,1,5,5.9,0.08,0.09,0.02,19.4,88,50,129,164.0,0,0,0,100
15:02:00,3,1,5,5.9,0.08,0.09,0.02,19.6,88,50,129,164.0,0,0,0,100
15:02:00,3,0,4,5.0,0.08,0.14,0.04,19.7,85,25,120,149.0,0,0,0,100
15:02:00,3,0,4,5.0,0.08,0.14,0.04,19.4,85,25,120,149.0,1,3,0,100
15:02:00,3,0,4,5.0,0.08,0.14,0.04,19.9,85,25,120,149.0,1,3,0,100
15:02:00,3,0,4,5.0,0.08,0.14,0.04,19.8,85,25,120,149.0,1,3,0,100
15:02:00,3,0,4,5.0,0.08,0.14,0.04,19.6,85,25,120,149.0,1,3,0,100
15:02:00,3,0,4,5.0,0.08,0.14,0.04,19.6,85,25,120,149.0,1,3,0,100
15:02:00,3,0,4,5.0,0.08,0.14,0.04,19.8,85,25,120,149.0,1,3,0,100
15:02:00,3,0,4,5.0,0.08,0.14,0.04,19.8,85,25,120,149.0,1,3,0,100
15:02:00,3,0,4,5.0,0.08,0.14,0.04,19.5,85,25,120,149.0,1,3,0,100
15:02:00,3,0,4,5.0,0.08,0.14,0.04,19.8,85,25,120,149.0,1,3,0,100
15:02:01,6,1,3,6.8,0.03,0.26,0.03,19.8,135,40,72,158.0,1,3,0,100
15:02:01,6,1,3,6.8,0.03,0.26,0.03,19.8,135,40,72,158.0,0,0,3,100
15:02:01,6,1,3,6.8,0.03,0.26,0.03,19.8,135,40,72,158.0,0,0,3,100
15:02:01,6,1,3,6.8,0.03,0.26,0.03,19.8,135,40,72,158.0,0,0,3,100
15:02:01,6,1,3,6.8,0.03,0.26,0.03,19.5,135,40,72,158.0,0,0,3,100
15:02:01,6,1,3,6.8,0.03,0.26,0.03,19.9,135,40,72,158.0,0,0,3,100
15:02:01,6,1,3,6.8,0.03,0.26,0.03,19.8,135,40,72,158.0,0,0,3,100
15:02:01,6,1,3,6.8,0.03,0.26,0.03,19.5,135,40,72,158.0,0,0,3,100
15:02:01,6,1,3,6.8,0.03,0.26,0.03,19.8,135,40,72,158.0,0,0,3,100
15:02:02,6,1,3,6.8,0.03,0.26,0.03,19.8,135,40,72,158.0,0,0,3,100
15:02:02,4,2,3,5.4,0.02,0.11,0.05,19.8,119,60,88,160.0,0,0,3,100
15:02:02,4,2,3,5.4,0.02,0.11,0.05,19.8,119,60,88,160.0,0,0,0,100
15:02:02,4,2,3,5.4,0.02,0.11,0.05,19.6,119,60,88,160.0,0,0,0,100
15:02:02,4,2,3,5.4,0.02,0.11,0.05,19.8,119,60,88,160.0,0,0,0,100
15:02:02,4,2,3,5.4,0.02,0.11,0.05,19.6,119,60,88,160.0,0,0,0,100
15:02:02,4,2,3,5.4,0.02,0.11,0.05,19.6,119,60,88,160.0,0,0,0,100
15:02:02,4,2,3,5.4,0.02,0.11,0.05,19.8,119,60,88,160.0,0,0,0,100
15:02:02,4,2,3,5.4,0.02,0.11,0.05,19.8,119,60,88,160.0,0,0,0,100
15:02:02,4,2,3,5.4,0.02,0.11,0.05,19.7,119,60,88,160.0,0,0,0,100
15:02:03,4,2,3,5.4,0.02,0.11,0.05,19.7,119,60,88,160.0,0,0,0,100
15:02:03,3,5,6,8.4,0.02,0.15,0.05,19.8,74,124,150,208.0,0,0,0,100
15:02:03,3,5,6,8.4,0.02,0.15,0.05,19.8,74,124,150,208.0,5,0,0,100
15:02:03,3,5,6,8.4,0.02,0.15,0.05,19.6,74,124,150,208.0,5,0,0,100
15:02:03,3,5,6,8.4,0.02,0.15,0.05,19.8,74,124,150,208.0,5,0,0,100
15:02:03,3,5,6,8.4,0.02,0.15,0.05,19.7,74,124,150,208.0,5,0,0,100
15:02:03,3,5,6,8.4,0.02,0.15,0.05,19.6,74,124,150,208.0,5,0,0,100
15:02:03,3,5,6,8.4,0.02,0.15,0.05,19.6,74,124,150,208.0,5,0,0,100
15:02:03,3,5,6,8.4,0.02,0.15,0.05,19.6,74,124,150,208.0,5,0,0,100
15:02:03,3,5,6,8.4,0.02,0.15,0.05,19.8,74,124,150,208.0,5,0,0,100
15:02:04,3,5,6,8.4,0.02,0.15,0.05,19.8,74,124,150,208.0,5,0,0,100
15:02:04,7,5,7,11.1,0.07,0.21,0.05,19.8,172,118,158,262.0,5,0,0,100
15:02:04,7,5,7,11.1,0.07,0.21,0.05,19.8,172,118,158,262.0,0,0,0,100
15:02:04,7,5,7,11.1,0.07,0.21,0.05,19.8,172,118,158,262.0,0,0,0,100
15:02:04,7,5,7,11.1,0.07,0.21,0.05,19.8,172,118,158,262.0,0,0,0,100
15:02:04,7,5,7,11.1,0.07,0.21,0.05,19.8,172,118,158,262.0,0,0,0,100
15:02:04,7,5,7,11.1,0.07,0.21,0.05,19.8,172,118,158,262.0,0,0,0,100
15:02:04,7,5,7,11.1,0.07,0.21,0.05,19.7,172,118,158,262.0,0,0,0,100
15:02:04,7,5,7,11.1,0.07,0.21,0.05,19.8,172,118,158,262.0,0,0,0,100
15:02:04,7,5,7,11.1,0.07,0.21,0.05,19.6,172,118,158,262.0,0,0,0,100
15:02:05,7,5,7,11.1,0.07,0.21,0.05,19.7,172,118,158,262.0,0,0,0,100
15:02:05,8,7,5,11.7,0.06,0.18,0.04,19.9,191,126,135,266.0,0,0,0,100
15:02:05,8,7,5,11.7,0.06,0.18,0.04,19.8,191,126,135,266.0,0,0,0,100
15:02:05,8,7,5,11.7,0.06,0.18,0.04,19.6,191,126,135,266.0,0,0,0,100
15:02:05,8,7,5,11.7,0.06,0.18,0.04,19.6,191,126,135,266.0,0,0,0,100
15:02:05,8,7,5,11.7,0.06,0.18,0.04,19.8,191,126,135,266.0,0,0,0,100
15:02:05,8,7,5,11.7,0.06,0.18,0.04,19.8,191,126,135,266.0,0,0,0,100
15:02:05,8,7,5,11.7,0.06,0.18,0.04,19.6,191,126,135,266.0,0,0,0,100
15:02:05,8,7,5,11.7,0.06,0.18,0.04,19.8,191,126,135,266.0,0,0,0,100
15:02:05,8,7,5,11.7,0.06,0.18,0.04,19.8,191,126,135,266.0,0,0,0,100
15:02:06,8,7,5,11.7,0.06,0.18,0.04,19.6,191,126,135,266.0,0,0,0,100
15:02:06,5,4,5,8.1,0.04,0.15,0.02,19.8,162,101,95,213.0,0,0,0,100
15:02:06,5,4,5,8.1,0.04,0.15,0.02,19.8,162,101,95,213.0,0,0,1,100
15:02:06,5,4,5,8.1,0.04,0.15,0.02,19.8,162,101,95,213.0,0,0,1,100
15:02:06,5,4,5,8.1,0.04,0.15,0.02,19.8,162,101,95,213.0,0,0,1,100
15:02:06,5,4,5,8.1,0.04,0.15,0.02,19.8,162,101,95,213.0,0,0,1,100
15:02:06,5,4,5,8.1,0.04,0.15,0.02,20.0,162,101,95,213.0,0,0,1,100
15:02:06,5,4,5,8.1,0.04,0.15,0.02,19.8,162,101,95,213.0,0,0,1,100
15:02:06,5,4,5,8.1,0.04,0.15,0.02,19.6,162,101,95,213.0,0,0,1,100
15:02:06,5,4,5,8.1,0.04,0.15,0.02,19.8,162,101,95,213.0,0,0,1,100
15:02:07,5,4,5,8.1,0.04,0.15,0.02,19.8,162,101,95,213.0,0,0,1,100
15:02:07,5,4,4,7.5,0.02,0.09,0.03,19.8,139,86,125,206.0,0,0,1,100
15:02:07,5,4,4,7.5,0.02,0.09,0.03,20.0,139,86,125,206.0,0,0,0,100
15:02:07,5,4,4,7.5,0.02,0.09,0.03,19.8,139,86,125,206.0,0,0,0,100
15:02:07,5,4,4,7.5,0.02,0.09,0.03,19.8,139,86,125,206.0,0,0,0,100
15:02:07,5,4,4,7.5,0.02,0.09,0.03,19.9,139,86,125,206.0,0,0,0,100
15:02:07,5,4,4,7.5,0.02,0.09,0.03,19.5,139,86,125,206.0,0,0,0,100
15:02:07,5,4,4,7.5,0.02,0.09,0.03,19.9,139,86,125,206.0,0,0,0,100
15:02:07,5,4,4,7.5,0.02,0.09,0.03,19.8,139,86,125,206.0,0,0,0,100
15:02:07,5,4,4,7.5,0.02,0.09,0.03,19.7,139,86,125,206.0,0,0,0,100
15:02:08,5,4,4,7.5,0.02,0.09,0.03,19.8,139,86,125,206.0,0,0,0,100
15:02:08,5,3,8,9.9,0.02,0.15,0.04,19.8,82,70,137,174.0,0,0,0,100
15:02:08,5,3,8,9.9,0.02,0.15,0.04,19.8,82,70,137,174.0,5,0,0,100
15:02:08,5,3,8,9.9,0.02,0.15,0.04,19.8,82,70,137,174.0,5,0,0,100
15:02:08,5,3,8,9.9,0.02,0.15,0.04,19.8,82,70,137,174.0,5,0,0,100
15:02:08,5,3,8,9.9,0.02,0.15,0.04,19.5,82,70,137,174.0,5,0,0,100
15:02:08,5,3,8,9.9,0.02,0.15,0.04,19.8,82,70,137,174.0,5,0,0,100
15:02:08,5,3,8,9.9,0.02,0.15,0.04,19.8,82,70,137,174.0,5,0,0,100
15:02:08,5,3,8,9.9,0.02,0.15,0.04,19.8,82,70,137,174.0,5,0,0,100
15:02:08,5,3,8,9.9,0.02,0.15,0.04,19.7,82,70,137,174.0,5,0,0,100
15:02:09,5,3,8,9.9,0.02,0.15,0.04,19.9,82,70,137,174.0,5,0,0,100
15:02:09,5,2,3,6.2,0.02,0.06,0.04,19.8,104,52,91,148.0,5,0,0,100
15:02:09,5,2,3,6.2,0.02,0.06,0.04,19.8,104,52,91,148.0,0,0,0,100
15:02:09,5,2,3,6.2,0.02,0.06,0.04,19.8,104,52,91,148.0,0,0,0,100
15:02:09,5,2,3,6.2,0.02,0.06,0.04,19.8,104,52,91,148.0,0,0,0,100
15:02:09,5,2,3,6.2,0.02,0.06,0.04,19.8,104,52,91,148.0,0,0,0,100
15:02:09,5,2,3,6.2,0.02,0.06,0.04,19.8,104,52,91,148.0,0,0,0,100
15:02:09,5,2,3,6.2,0.02,0.06,0.04,19.6,104,52,91,148.0,0,0,0,100
15:02:09,5,2,3,6.2,0.02,0.06,0.04,19.5,104,52,91,148.0,0,0,0,100
15:02:09,5,2,3,6.2,0.02,0.06,0.04,19.8,104,52,91,148.0,0,0,0,100
15:02:10,5,2,3,6.2,0.02,0.06,0.04,19.6,104,52,91,148.0,0,0,0,100
15:02:10,3,0,2,3.6,0.05,0.09,0.06,19.8,103,26,71,128.0,0,0,0,100
15:02:10,3,0,2,3.6,0.05,0.09,0.06,19.8,103,26,71,128.0,0,2,1,100
15:02:10,3,0,2,3.6,0.05,0.09,0.06,19.5,103,26,71,128.0,0,2,1,100
15:02:10,3,0,2,3.6,0.05,0.09,0.06,19.8,103,26,71,128.0,0,2,1,100
15:02:10,3,0,2,3.6,0.05,0.09,0.06,19.8,103,26,71,128.0,0,2,1,100
15:02:10,3,0,2,3.6,0.05,0.09,0.06,19.8,103,26,71,128.0,0,2,1,100
15:02:10,3,0,2,3.6,0.05,0.09,0.06,19.6,103,26,71,128.0,0,2,1,100
15:02:10,3,0,2,3.6,0.05,0.09,0.06,19.8,103,26,71,128.0,0,2,1,100
15:02:10,3,0,2,3.6,0.05,0.09,0.06,19.8,103,26,71,128.0,0,2,1,100
15:02:11,3,0,2,3.6,0.05,0.09,0.06,19.8,103,26,71,128.0,0,2,1,100
15:02:11,3,0,2,3.6,0.05,0.09,0.06,19.8,103,26,71,128.0,0,2,1,100
15:02:11,3,1,4,5.1,0.03,0.1,0.02,19.7,64,23,98,119.0,1,0,0,100
15:02:11,3,1,4,5.1,0.03,0.1,0.02,19.6,64,23,98,119.0,1,0,0,100
15:02:11,3,1,4,5.1,0.03,0.1,0.02,19.8,64,23,98,119.0,1,0,0,100
15:02:11,3,1,4,5.1,0.03,0.1,0.02,19.6,64,23,98,119.0,1,0,0,100
15:02:11,3,1,4,5.1,0.03,0.1,0.02,19.8,64,23,98,119.0,1,0,0,100
15:02:11,3,1,4,5.1,0.03,0.1,0.02,19.8,64,23,98,119.0,1,0,0,100
15:02:11,3,1,4,5.1,0.03,0.1,0.02,19.8,64,23,98,119.0,1,0,0,100
15:02:11,3,1,4,5.1,0.03,0.1,0.02,19.5,64,23,98,119.0,1,0,0,100
15:02:12,3,1,4,5.1,0.03,0.1,0.02,19.8,64,23,98,119.0,1,0,0,100
15:02:12,3,1,4,5.1,0.03,0.1,0.02,19.5,64,23,98,119.0,1,0,0,100
15:02:12,3,2,4,5.4,0.04,0.14,0.01,19.8,95,47,102,147.0,1,0,0,100
15:02:12,3,2,4,5.4,0.04,0.14,0.01,19.6,95,47,102,147.0,1,0,0,100
15:02:12,3,2,4,5.4,0.04,0.14,0.01,19.8,95,47,102,147.0,1,0,0,100
15:02:12,3,2,4,5.4,0.04,0.14,0.01,19.4,95,47,102,147.0,1,0,0,100
15:02:12,3,2,4,5.4,0.04,0.14,0.01,19.8,95,47,102,147.0,1,0,0,100
15:02:12,3,2,4,5.4,0.04,0.14,0.01,19.6,95,47,102,147.0,1,0,0,100
15:02:12,3,2,4,5.4,0.04,0.14,0.01,19.7,95,47,102,147.0,1,0,0,100
15:02:12,3,2,4,5.4,0.04,0.14,0.01,19.6,95,47,102,147.0,1,0,0,100
15:02:13,3,2,4,5.4,0.04,0.14,0.01,19.8,95,47,102,147.0,1,0,0,100
15:02:13,3,2,4,5.4,0.04,0.14,0.01,19.7,95,47,102,147.0,1,0,0,100
15:02:13,5,2,2,5.7,0.05,0.13,0.03,19.8,139,76,54,167.0,0,0,2,100
15:02:13,5,2,2,5.7,0.05,0.13,0.03,19.8,139,76,54,167.0,0,0,2,100
15:02:13,5,2,2,5.7,0.05,0.13,0.03,19.6,139,76,54,167.0,0,0,2,100
15:02:13,5,2,2,5.7,0.05,0.13,0.03,19.8,139,76,54,167.0,0,0,2,100
15:02:13,5,2,2,5.7,0.05,0.13,0.03,19.6,139,76,54,167.0,0,0,2,100
15:02:13,5,2,2,5.7,0.05,0.13,0.03,19.6,139,76,54,167.0,0,0,2,100
15:02:13,5,2,2,5.7,0.05,0.13,0.03,19.6,139,76,54,167.0,0,0,2,100
15:02:13,5,2,2,5.7,0.05,0.13,0.03,19.8,139,76,54,167.0,0,0,2,100
15:02:14,5,2,2,5.7,0.05,0.13,0.03,19.8,139,76,54,167.0,0,0,2,100
15:02:14,5,2,2,5.7,0.05,0.13,0.03,19.8,139,76,54,167.0,0,0,2,100
15:02:14,4,3,4,6.4,0.04,0.08,0.07,19.9,138,99,110,202.0,0,0,0,100
15:02:14,4,3,4,6.4,0.04,0.08,0.07,19.8,138,99,110,202.0,0,0,0,100
15:02:14,4,3,4,6.4,0.04,0.08,0.07,19.8,138,99,110,202.0,0,0,0,100
15:02:14,4,3,4,6.4,0.04,0.08,0.07,19.6,138,99,110,202.0,0,0,0,100
15:02:14,4,3,4,6.4,0.04,0.08,0.07,19.8,138,99,110,202.0,0,0,0,100
15:02:14,4,3,4,6.4,0.04,0.08,0.07,19.6,138,99,110,202.0,0,0,0,100
15:02:14,4,3,4,6.4,0.04,0.08,0.07,19.8,138,99,110,202.0,0,0,0,100
15:02:14,4,3,4,6.4,0.04,0.08,0.07,19.8,138,99,110,202.0,0,0,0,100
15:02:15,4,3,4,6.4,0.04,0.08,0.07,19.8,138,99,110,202.0,0,0,0,100
15:02:15,4,3,4,6.4,0.04,0.08,0.07,19.8,138,99,110,202.0,0,0,0,100
15:02:15,2,4,6,7.5,0.01,0.13,0.07,19.8,80,111,173,221.0,2,0,0,100
15:02:15,2,4,6,7.5,0.01,0.13,0.07,19.9,80,111,173,221.0,2,0,0,100
15:02:15,2,4,6,7.5,0.01,0.13,0.07,19.9,80,111,173,221.0,2,0,0,100
15:02:15,2,4,6,7.5,0.01,0.13,0.07,19.8,80,111,173,221.0,2,0,0,100
15:02:15,2,4,6,7.5,0.01,0.13,0.07,19.8,80,111,173,221.0,2,0,0,100
15:02:15,2,4,6,7.5,0.01,0.13,0.07,19.8,80,111,173,221.0,2,0,0,100
15:02:15,2,4,6,7.5,0.01,0.13,0.07,19.8,80,111,173,221.0,2,0,0,100
15:02:15,2,4,6,7.5,0.01,0.13,0.07,19.8,80,111,173,221.0,2,0,0,100
15:02:16,2,4,6,7.5,0.01,0.13,0.07,19.8,80,111,173,221.0,2,0,0,100
15:02:16,2,4,6,7.5,0.01,0.13,0.07,19.6,80,111,173,221.0,2,0,0,100
15:02:16,4,4,5,7.5,0.03,0.1,0.05,19.8,90,101,148,201.0,2,0,0,100
15:02:16,4,4,5,7.5,0.03,0.1,0.05,20.0,90,101,148,201.0,2,0,0,100
15:02:16,4,4,5,7.5,0.03,0.1,0.05,19.7,90,101,148,201.0,2,0,0,100
15:02:16,4,4,5,7.5,0.03,0.1,0.05,19.8,90,101,148,201.0,2,0,0,100
15:02:16,4,4,5,7.5,0.03,0.1,0.05,19.8,90,101,148,201.0,2,0,0,100
15:02:16,4,4,5,7.5,0.03,0.1,0.05,19.8,90,101,148,201.0,2,0,0,100
15:02:16,4,4,5,7.5,0.03,0.1,0.05,19.8,90,101,148,201.0,2,0,0,100
15:02:16,4,4,5,7.5,0.03,0.1,0.05,19.6,90,101,148,201.0,2,0,0,100
15:02:17,4,4,5,7.5,0.03,0.1,0.05,19.8,90,101,148,201.0,2,0,0,100
15:02:17,4,4,5,7.5,0.03,0.1,0.05,19.8,90,101,148,201.0,2,0,0,100
15:02:17,4,4,4,6.9,0.03,0.08,0.02,19.8,133,101,108,199.0,0,0,0,100
15:02:17,4,4,4,6.9,0.03,0.08,0.02,19.9,133,101,108,199.0,0,0,0,100
15:02:17,4,4,4,6.9,0.03,0.08,0.02,19.8,133,101,108,199.0,0,0,0,100
15:02:17,4,4,4,6.9,0.03,0.08,0.02,19.6,133,101,108,199.0,0,0,0,100
15:02:17,4,4,4,6.9,0.03,0.08,0.02,19.6,133,101,108,199.0,0,0,0,100
15:02:17,4,4,4,6.9,0.03,0.08,0.02,19.8,133,101,108,199.0,0,0,0,100
15:02:17,4,4,4,6.9,0.03,0.08,0.02,19.8,133,101,108,199.0,0,0,0,100
15:02:17,4,4,4,6.9,0.03,0.08,0.02,19.8,133,101,108,199.0,0,0,0,100
15:02:18,4,4,4,6.9,0.03,0.08,0.02,19.8,133,101,108,199.0,0,0,0,100
15:02:18,4,4,4,6.9,0.03,0.08,0.02,19.5,133,101,108,199.0,0,0,0,100
15:02:18,5,3,2,6.2,0.05,0.09,0.02,19.6,146,83,63,179.0,0,0,1,100
15:02:18,5,3,2,6.2,0.05,0.09,0.02,19.8,146,83,63,179.0,0,0,1,100
15:02:18,5,3,2,6.2,0.05,0.09,0.02,19.8,146,83,63,179.0,0,0,1,100
15:02:18,5,3,2,6.2,0.05,0.09,0.02,19.7,146,83,63,179.0,0,0,1,100
15:02:18,5,3,2,6.2,0.05,0.09,0.02,19.7,146,83,63,179.0,0,0,1,100
15:02:18,5,3,2,6.2,0.05,0.09,0.02,19.9,146,83,63,179.0,0,0,1,100
15:02:18,5,3,2,6.2,0.05,0.09,0.02,19.8,146,83,63,179.0,0,0,1,100
15:02:18,5,3,2,6.2,0.05,0.09,0.02,19.6,146,83,63,179.0,0,0,1,100
15:02:19,5,3,2,6.2,0.05,0.09,0.02,19.9,146,83,63,179.0,0,0,1,100
15:02:19,5,3,2,6.2,0.05,0.09,0.02,19.6,146,83,63,179.0,0,0,1,100
15:02:19,4,4,5,7.5,0.07,0.16,0.03,19.7,112,72,123,181.0,0,0,0,100
15:02:19,4,4,5,7.5,0.07,0.16,0.03,19.5,112,72,123,181.0,0,0,0,100
15:02:19,4,4,5,7.5,0.07,0.16,0.03,19.8,112,72,123,181.0,0,0,0,100
15:02:19,4,4,5,7.5,0.07,0.16,0.03,19.8,112,72,123,181.0,0,0,0,100
15:02:19,4,4,5,7.5,0.07,0.16,0.03,19.6,112,72,123,181.0,0,0,0,100
15:02:19,4,4,5,7.5,0.07,0.16,0.03,19.8,112,72,123,181.0,0,0,0,100
15:02:19,4,4,5,7.5,0.07,0.16,0.03,19.8,112,72,123,181.0,0,0,0,100
15:02:20,4,4,5,7.5,0.07,0.16,0.03,19.8,112,72,123,181.0,0,0,0,100
15:02:20,4,4,5,7.5,0.07,0.16,0.03,19.8,112,72,123,181.0,0,0,0,100
15:02:20,4,4,5,7.5,0.07,0.16,0.03,19.8,112,72,123,181.0,0,0,0,100
15:02:20,2,2,5,5.7,0.05,0.08,0.04,19.8,50,47,141,157.0,1,0,0,100
15:02:20,2,2,5,5.7,0.05,0.08,0.04,19.8,50,47,141,157.0,1,0,0,100
15:02:20,2,2,5,5.7,0.05,0.08,0.04,19.7,50,47,141,157.0,1,0,0,100
15:02:20,2,2,5,5.7,0.05,0.08,0.04,19.6,50,47,141,157.0,1,0,0,100
15:02:20,2,2,5,5.7,0.05,0.08,0.04,19.8,50,47,141,157.0,1,0,0,100
15:02:20,2,2,5,5.7,0.05,0.08,0.04,19.8,50,47,141,157.0,1,0,0,100
15:02:20,2,2,5,5.7,0.05,0.08,0.04,19.6,50,47,141,157.0,1,0,0,100
15:02:21,2,2,5,5.7,0.05,0.08,0.04,19.6,50,47,141,157.0,1,0,0,100
15:02:21,2,2,5,5.7,0.05,0.08,0.04,19.6,50,47,141,157.0,1,0,0,100
15:02:21,2,2,5,5.7,0.05,0.08,0.04,19.6,50,47,141,157.0,1,0,0,100
15:02:21,4,0,3,5.0,0.02,0.15,0.04,19.8,111,14,83,139.0,0,3,0,100
15:02:21,4,0,3,5.0,0.02,0.15,0.04,19.8,111,14,83,139.0,0,3,0,100
15:02:21,4,0,3,5.0,0.02,0.15,0.04,19.8,111,14,83,139.0,0,3,0,100
15:02:21,4,0,3,5.0,0.02,0.15,0.04,19.8,111,14,83,139.0,0,3,0,100
15:02:21,4,0,3,5.0,0.02,0.15,0.04,19.8,111,14,83,139.0,0,3,0,100
15:02:21,4,0,3,5.0,0.02,0.15,0.04,19.7,111,14,83,139.0,0,3,0,100
15:02:21,4,0,3,5.0,0.02,0.15,0.04,19.6,111,14,83,139.0,0,3,0,100
15:02:22,4,0,3,5.0,0.02,0.15,0.04,19.5,111,14,83,139.0,0,3,0,100
15:02:22,4,0,3,5.0,0.02,0.15,0.04,19.7,111,14,83,139.0,0,3,0,100
15:02:22,4,0,3,5.0,0.02,0.15,0.04,19.7,111,14,83,139.0,0,3,0,100
15:02:22,5,1,2,5.5,0.01,0.09,0.04,19.8,123,35,80,151.0,0,0,0,100
15:02:22,5,1,2,5.5,0.01,0.09,0.04,19.8,123,35,80,151.0,0,0,0,100
15:02:22,5,1,2,5.5,0.01,0.09,0.04,19.9,123,35,80,151.0,0,0,0,100
15:02:22,5,1,2,5.5,0.01,0.09,0.04,19.8,123,35,80,151.0,0,0,0,100
15:02:22,5,1,2,5.5,0.01,0.09,0.04,19.8,123,35,80,151.0,0,0,0,100
15:02:22,5,1,2,5.5,0.01,0.09,0.04,19.6,123,35,80,151.0,0,0,0,100
15:02:22,5,1,2,5.5,0.01,0.09,0.04,19.7,123,35,80,151.0,0,0,0,100
15:02:23,5,1,2,5.5,0.01,0.09,0.04,19.8,123,35,80,151.0,0,0,0,100
15:02:23,5,1,2,5.5,0.01,0.09,0.04,19.8,123,35,80,151.0,0,0,0,100
15:02:23,5,1,2,5.5,0.01,0.09,0.04,19.9,123,35,80,151.0,0,0,0,100
15:02:23,2,3,4,5.4,0.02,0.05,0.03,19.9,65,54,112,140.0,0,0,0,100
15:02:23,2,3,4,5.4,0.02,0.05,0.03,19.8,65,54,112,140.0,0,0,0,100
15:02:23,2,3,4,5.4,0.02,0.05,0.03,19.8,65,54,112,140.0,0,0,0,100
15:02:23,2,3,4,5.4,0.02,0.05,0.03,19.8,65,54,112,140.0,0,0,0,100
15:02:23,2,3,4,5.4,0.02,0.05,0.03,19.6,65,54,112,140.0,0,0,0,100
15:02:23,2,3,4,5.4,0.02,0.05,0.03,19.8,65,54,112,140.0,0,0,0,100
15:02:23,2,3,4,5.4,0.02,0.05,0.03,19.6,65,54,112,140.0,0,0,0,100
15:02:24,2,3,4,5.4,0.02,0.05,0.03,19.8,65,54,112,140.0,0,0,0,100
15:02:24,2,3,4,5.4,0.02,0.05,0.03,19.8,65,54,112,140.0,0,0,0,100
15:02:24,2,3,4,5.4,0.02,0.05,0.03,19.6,65,54,112,140.0,0,0,0,100
15:02:24,5,5,5,8.7,0.08,0.1,0.03,19.8,101,80,125,180.0,0,0,0,100
15:02:24,5,5,5,8.7,0.08,0.1,0.03,19.6,101,80,125,180.0,0,0,0,100
15:02:24,5,5,5,8.7,0.08,0.1,0.03,19.8,101,80,125,180.0,0,0,0,100
15:02:24,5,5,5,8.7,0.08,0.1,0.03,19.8,101,80,125,180.0,0,0,0,100
15:02:24,5,5,5,8.7,0.08,0.1,0.03,19.8,101,80,125,180.0,0,0,0,100
15:02:24,5,5,5,8.7,0.08,0.1,0.03,19.6,101,80,125,180.0,0,0,0,100
15:02:24,5,5,5,8.7,0.08,0.1,0.03,19.8,101,80,125,180.0,0,0,0,100
15:02:25,5,5,5,8.7,0.08,0.1,0.03,19.8,101,80,125,180.0,0,0,0,100
15:02:25,5,5,5,8.7,0.08,0.1,0.03,19.6,101,80,125,180.0,0,0,0,100
15:02:25,5,5,5,8.7,0.08,0.1,0.03,19.7,101,80,125,180.0,0,0,0,100
15:02:25,6,4,5,8.8,0.1,0.18,0.02,19.8,159,99,85,206.0,0,0,1,100
15:02:25,6,4,5,8.8,0.1,0.18,0.02,19.9,159,99,85,206.0,0,0,1,100
15:02:25,6,4,5,8.8,0.1,0.18,0.02,19.8,159,99,85,206.0,0,0,1,100
15:02:25,6,4,5,8.8,0.1,0.18,0.02,19.8,159,99,85,206.0,0,0,1,100
15:02:25,6,4,5,8.8,0.1,0.18,0.02,19.6,159,99,85,206.0,0,0,1,100
15:02:25,6,4,5,8.8,0.1,0.18,0.02,19.5,159,99,85,206.0,0,0,1,100
15:02:25,6,4,5,8.8,0.1,0.18,0.02,19.6,159,99,85,206.0,0,0,1,100
15:02:26,6,4,5,8.8,0.1,0.18,0.02,19.8,159,99,85,206.0,0,0,1,100
15:02:26,6,4,5,8.8,0.1,0.18,0.02,19.8,159,99,85,206.0,0,0,1,100
15:02:26,6,4,5,8.8,0.1,0.18,0.02,19.7,159,99,85,206.0,0,0,1,100
15:02:26,5,3,3,6.6,0.07,0.17,0.03,19.7,161,100,87,209.0,0,0,2,100
15:02:26,5,3,3,6.6,0.07,0.17,0.03,19.8,161,100,87,209.0,0,0,2,100
15:02:26,5,3,3,6.6,0.07,0.17,0.03,19.8,161,100,87,209.0,0,0,2,100
15:02:26,5,3,3,6.6,0.07,0.17,0.03,19.8,161,100,87,209.0,0,0,2,100
15:02:26,5,3,3,6.6,0.07,0.17,0.03,19.8,161,100,87,209.0,0,0,2,100
15:02:26,5,3,3,6.6,0.07,0.17,0.03,19.8,161,100,87,209.0,0,0,2,100
15:02:26,5,3,3,6.6,0.07,0.17,0.03,19.7,161,100,87,209.0,0,0,2,100
15:02:27,5,3,3,6.6,0.07,0.17,0.03,19.8,161,100,87,209.0,0,0,2,100
15:02:27,5,3,3,6.6,0.07,0.17,0.03,19.8,161,100,87,209.0,0,0,2,100
15:02:27,5,3,3,6.6,0.07,0.17,0.03,19.5,161,100,87,209.0,0,0,2,100
15:02:27,3,3,5,6.6,0.04,0.1,0.05,19.8,109,103,147,210.0,0,0,0,100
15:02:27,3,3,5,6.6,0.04,0.1,0.05,19.6,109,103,147,210.0,0,0,0,100
15:02:27,3,3,5,6.6,0.04,0.1,0.05,19.8,109,103,147,210.0,0,0,0,100
15:02:27,3,3,5,6.6,0.04,0.1,0.05,19.8,109,103,147,210.0,0,0,0,100
15:02:27,3,3,5,6.6,0.04,0.1,0.05,19.8,109,103,147,210.0,0,0,0,100
15:02:27,3,3,5,6.6,0.04,0.1,0.05,19.9,109,103,147,210.0,0,0,0,100
15:02:28,3,3,5,6.6,0.04,0.1,0.05,19.8,109,103,147,210.0,0,0,0,100
15:02:28,3,3,5,6.6,0.04,0.1,0.05,19.6,109,103,147,210.0,0,0,0,100
15:02:28,3,3,5,6.6,0.04,0.1,0.05,19.5,109,103,147,210.0,0,0,0,100
15:02:28,3,3,5,6.6,0.04,0.1,0.05,19.6,109,103,147,210.0,0,0,0,100
15:02:28,3,3,5,6.6,0.02,0.09,0.05,19.6,61,94,155,191.0,2,0,0,100
15:02:28,3,3,5,6.6,0.02,0.09,0.05,19.6,61,94,155,191.0,2,0,0,100
15:02:28,3,3,5,6.6,0.02,0.09,0.05,19.5,61,94,155,191.0,2,0,0,100
15:02:28,3,3,5,6.6,0.02,0.09,0.05,19.8,61,94,155,191.0,2,0,0,100
15:02:28,3,3,5,6.6,0.02,0.09,0.05,19.7,61,94,155,191.0,2,0,0,100
15:02:28,3,3,5,6.6,0.02,0.09,0.05,19.8,61,94,155,191.0,2,0,0,100
15:02:28,3,3,5,6.6,0.02,0.09,0.05,19.8,61,94,155,191.0,2,0,0,100
15:02:29,3,3,5,6.6,0.02,0.09,0.05,19.9,61,94,155,191.0,2,0,0,100
15:02:29,3,3,5,6.6,0.02,0.09,0.05,19.8,61,94,155,191.0,2,0,0,100
15:02:29,3,3,5,6.6,0.02,0.09,0.05,19.8,61,94,155,191.0,2,0,0,100
15:02:29,4,4,4,6.9,0.02,0.11,0.05,19.8,117,81,119,186.0,0,0,0,100
15:02:29,4,4,4,6.9,0.02,0.11,0.05,19.5,117,81,119,186.0,0,0,0,100
15:02:29,4,4,4,6.9,0.02,0.11,0.05,19.7,117,81,119,186.0,0,0,0,100
15:02:29,4,4,4,6.9,0.02,0.11,0.05,19.9,117,81,119,186.0,0,0,0,100
15:02:29,4,4,4,6.9,0.02,0.11,0.05,19.8,117,81,119,186.0,0,0,0,100
15:02:29,4,4,4,6.9,0.02,0.11,0.05,19.6,117,81,119,186.0,0,0,0,100
15:02:30,4,4,4,6.9,0.02,0.11,0.05,19.8,117,81,119,186.0,0,0,0,100
15:02:30,4,4,4,6.9,0.02,0.11,0.05,19.9,117,81,119,186.0,0,0,0,100
15:02:30,4,4,4,6.9,0.02,0.11,0.05,19.8,117,81,119,186.0,0,0,0,100
15:02:30,4,4,4,6.9,0.02,0.11,0.05,19.8,117,81,119,186.0,0,0,0,100
15:02:30,3,2,1,3.7,0.02,0.05,0.03,19.8,118,60,51,142.0,0,0,0,100
15:02:30,3,2,1,3.7,0.02,0.05,0.03,19.9,118,60,51,142.0,0,0,0,100
15:02:30,3,2,1,3.7,0.02,0.05,0.03,19.9,118,60,51,142.0,0,0,0,100
15:02:30,3,2,1,3.7,0.02,0.05,0.03,19.8,118,60,51,142.0,0,0,0,100
15:02:30,3,2,1,3.7,0.02,0.05,0.03,19.8,118,60,51,142.0,0,0,0,100
15:02:30,3,2,1,3.7,0.02,0.05,0.03,19.9,118,60,51,142.0,0,0,0,100
15:02:31,3,2,1,3.7,0.02,0.05,0.03,19.8,118,60,51,142.0,0,0,0,100
