Timestamp,VelX,VelY,VelZ,VelRMS,AngleX,AngleY,AngleZ,Temp,DispX,DispY,DispZ,DispRMS,FreqX,FreqY,FreqZ,Battery
17:54:11,6,4,6,9.4,0.05,0.11,0.07,18.1,174,116,171,270.0,0,0,0,100
17:54:11,6,4,6,9.4,0.05,0.11,0.07,18.2,174,116,171,270.0,0,0,0,100
17:54:11,6,4,6,9.4,0.05,0.11,0.07,18.2,174,116,171,270.0,0,0,0,100
17:54:12,6,4,6,9.4,0.05,0.11,0.07,18.2,174,116,171,270.0,0,0,0,100
17:54:12,6,4,6,9.4,0.05,0.11,0.07,18.4,174,116,171,270.0,0,0,1,100
17:54:12,6,4,6,9.4,0.05,0.11,0.07,18.2,174,116,171,270.0,0,0,1,100
17:54:12,6,4,6,9.4,0.05,0.11,0.07,18.2,174,116,171,270.0,0,0,1,100
17:54:12,6,4,6,9.4,0.05,0.11,0.07,18.2,174,116,171,270.0,0,0,1,100
17:54:12,6,4,6,9.4,0.05,0.11,0.07,18.3,174,116,171,270.0,0,0,1,100
17:54:12,8,4,4,9.8,0.07,0.17,0.05,18.2,233,141,115,296.0,0,0,1,100
17:54:12,8,4,4,9.8,0.07,0.17,0.05,18.2,233,141,115,296.0,0,0,1,100
17:54:12,8,4,4,9.8,0.07,0.17,0.05,18.1,233,141,115,296.0,0,0,1,100
17:54:12,8,4,4,9.8,0.07,0.17,0.05,18.1,233,141,115,296.0,0,0,1,100
17:54:13,8,4,4,9.8,0.07,0.17,0.05,18.3,233,141,115,296.0,0,0,1,100
17:54:13,8,4,4,9.8,0.07,0.17,0.05,18.2,233,141,115,296.0,0,0,1,100
17:54:13,8,4,4,9.8,0.07,0.17,0.05,18.1,233,141,115,296.0,0,0,1,100
17:54:13,8,4,4,9.8,0.07,0.17,0.05,18.5,233,141,115,296.0,0,0,1,100
17:54:13,8,4,4,9.8,0.07,0.17,0.05,18.2,233,141,115,296.0,0,0,1,100
17:54:13,8,4,4,9.8,0.07,0.17,0.05,18.3,233,141,115,296.0,0,0,1,100
17:54:13,8,5,11,14.5,0.05,0.13,0.09,18.3,209,149,261,366.0,0,0,1,100
17:54:13,8,5,11,14.5,0.05,0.13,0.09,18.3,209,149,261,366.0,0,0,1,100
17:54:13,8,5,11,14.5,0.05,0.13,0.09,18.4,209,149,261,366.0,0,0,1,100
17:54:14,8,5,11,14.5,0.05,0.13,0.09,18.2,209,149,261,366.0,0,0,1,100
17:54:14,8,5,11,14.5,0.05,0.13,0.09,18.2,209,149,261,366.0,0,0,1,100
17:54:14,8,5,11,14.5,0.05,0.13,0.09,18.3,209,149,261,366.0,1,0,0,100
17:54:14,8,5,11,14.5,0.05,0.13,0.09,18.2,209,149,261,366.0,1,0,0,100
17:54:14,8,5,11,14.5,0.05,0.13,0.09,18.3,209,149,261,366.0,1,0,0,100
17:54:14,8,5,11,14.5,0.05,0.13,0.09,18.2,209,149,261,366.0,1,0,0,100
17:54:14,8,5,11,14.5,0.05,0.13,0.09,18.2,209,149,261,366.0,1,0,0,100
17:54:14,5,5,8,10.7,0.02,0.11,0.07,18.2,167,128,225,308.0,1,0,0,100
17:54:14,5,5,8,10.7,0.02,0.11,0.07,18.3,167,128,225,308.0,1,0,0,100
17:54:14,5,5,8,10.7,0.02,0.11,0.07,18.2,167,128,225,308.0,1,0,0,100
17:54:15,5,5,8,10.7,0.02,0.11,0.07,18.2,167,128,225,308.0,1,0,0,100
17:54:15,5,5,8,10.7,0.02,0.11,0.07,18.3,167,128,225,308.0,1,0,0,100
17:54:15,5,5,8,10.7,0.02,0.11,0.07,18.4,167,128,225,308.0,0,0,0,100
17:54:15,5,5,8,10.7,0.02,0.11,0.07,18.2,167,128,225,308.0,0,0,0,100
17:54:15,5,5,8,10.7,0.02,0.11,0.07,18.4,167,128,225,308.0,0,0,0,100
17:54:15,5,5,8,10.7,0.02,0.11,0.07,18.2,167,128,225,308.0,0,0,0,100
17:54:15,5,5,8,10.7,0.02,0.11,0.07,18.2,167,128,225,308.0,0,0,0,100
17:54:15,8,4,4,9.8,0.09,0.14,0.06,18.2,219,113,97,265.0,0,0,0,100
17:54:15,8,4,4,9.8,0.09,0.14,0.06,18.2,219,113,97,265.0,0,0,0,100
17:54:15,8,4,4,9.8,0.09,0.14,0.06,18.5,219,113,97,265.0,0,0,0,100
17:54:16,8,4,4,9.8,0.09,0.14,0.06,18.3,219,113,97,265.0,0,0,0,100
17:54:16,8,4,4,9.8,0.09,0.14,0.06,18.2,219,113,97,265.0,0,0,0,100
17:54:16,8,4,4,9.8,0.09,0.14,0.06,18.0,219,113,97,265.0,0,0,1,100
17:54:16,8,4,4,9.8,0.09,0.14,0.06,18.2,219,113,97,265.0,0,0,1,100
17:54:16,8,4,4,9.8,0.09,0.14,0.06,18.2,219,113,97,265.0,0,0,1,100
17:54:16,8,4,4,9.8,0.09,0.14,0.06,18.4,219,113,97,265.0,0,0,1,100
17:54:16,8,4,4,9.8,0.09,0.14,0.06,18.2,219,113,97,265.0,0,0,1,100
17:54:16,5,2,6,8.1,0.1,0.13,0.03,18.2,138,74,167,229.0,0,0,1,100
17:54:16,5,2,6,8.1,0.1,0.13,0.03,18.2,138,74,167,229.0,0,0,1,100
17:54:16,5,2,6,8.1,0.1,0.13,0.03,18.3,138,74,167,229.0,0,0,1,100
17:54:17,5,2,6,8.1,0.1,0.13,0.03,18.1,138,74,167,229.0,0,0,1,100
17:54:17,5,2,6,8.1,0.1,0.13,0.03,18.4,138,74,167,229.0,0,0,1,100
17:54:17,5,2,6,8.1,0.1,0.13,0.03,18.2,138,74,167,229.0,0,3,0,100
17:54:17,5,2,6,8.1,0.1,0.13,0.03,18.2,138,74,167,229.0,0,3,0,100
17:54:17,5,2,6,8.1,0.1,0.13,0.03,18.1,138,74,167,229.0,0,3,0,100
17:54:17,5,2,6,8.1,0.1,0.13,0.03,18.4,138,74,167,229.0,0,3,0,100
17:54:17,5,2,6,8.1,0.1,0.13,0.03,18.4,138,74,167,229.0,0,3,0,100
17:54:17,6,2,4,7.5,0.03,0.07,0.04,18.3,154,50,117,200.0,0,3,0,100
17:54:17,6,2,4,7.5,0.03,0.07,0.04,18.2,154,50,117,200.0,0,3,0,100
17:54:17,6,2,4,7.5,0.03,0.07,0.04,18.3,154,50,117,200.0,0,3,0,100
17:54:18,6,2,4,7.5,0.03,0.07,0.04,18.0,154,50,117,200.0,0,3,0,100
17:54:18,6,2,4,7.5,0.03,0.07,0.04,18.1,154,50,117,200.0,0,3,0,100
17:54:18,6,2,4,7.5,0.03,0.07,0.04,18.2,154,50,117,200.0,0,0,1,100
17:54:18,6,2,4,7.5,0.03,0.07,0.04,18.3,154,50,117,200.0,0,0,1,100
17:54:18,6,2,4,7.5,0.03,0.07,0.04,18.2,154,50,117,200.0,0,0,1,100
17:54:18,6,2,4,7.5,0.03,0.07,0.04,18.3,154,50,117,200.0,0,0,1,100
17:54:18,6,2,4,7.5,0.03,0.07,0.04,18.4,154,50,117,200.0,0,0,1,100
17:54:18,5,3,7,9.1,0.03,0.13,0.03,18.4,139,86,185,247.0,0,0,1,100
17:54:18,5,3,7,9.1,0.03,0.13,0.03,18.4,139,86,185,247.0,0,0,1,100
17:54:18,5,3,7,9.1,0.03,0.13,0.03,18.4,139,86,185,247.0,0,0,1,100
17:54:19,5,3,7,9.1,0.03,0.13,0.03,18.2,139,86,185,247.0,0,0,1,100
17:54:19,5,3,7,9.1,0.03,0.13,0.03,18.2,139,86,185,247.0,0,0,1,100
17:54:19,5,3,7,9.1,0.03,0.13,0.03,18.2,139,86,185,247.0,3,0,0,100
17:54:19,5,3,7,9.1,0.03,0.13,0.03,18.4,139,86,185,247.0,3,0,0,100
17:54:19,5,3,7,9.1,0.03,0.13,0.03,18.4,139,86,185,247.0,3,0,0,100
17:54:19,5,3,7,9.1,0.03,0.13,0.03,18.1,139,86,185,247.0,3,0,0,100
17:54:19,5,3,7,9.1,0.03,0.13,0.03,18.4,139,86,185,247.0,3,0,0,100
17:54:19,9,7,8,13.9,0.09,0.17,0.04,18.2,242,174,208,363.0,3,0,0,100
17:54:19,9,7,8,13.9,0.09,0.17,0.04,18.1,242,174,208,363.0,3,0,0,100
17:54:19,9,7,8,13.9,0.09,0.17,0.04,18.5,242,174,208,363.0,3,0,0,100
17:54:20,9,7,8,13.9,0.09,0.17,0.04,18.0,242,174,208,363.0,3,0,0,100
17:54:20,9,7,8,13.9,0.09,0.17,0.04,18.2,242,174,208,363.0,3,0,0,100
17:54:20,9,7,8,13.9,0.09,0.17,0.04,18.3,242,174,208,363.0,0,0,0,100
17:54:20,9,7,8,13.9,0.09,0.17,0.04,17.9,242,174,208,363.0,0,0,0,100
17:54:20,9,7,8,13.9,0.09,0.17,0.04,18.3,242,174,208,363.0,0,0,0,100
17:54:20,9,7,8,13.9,0.09,0.17,0.04,18.2,242,174,208,363.0,0,0,0,100
17:54:20,9,7,8,13.9,0.09,0.17,0.04,18.2,242,174,208,363.0,0,0,0,100
17:54:20,9,5,6,11.9,0.08,0.13,0.06,18.3,259,158,158,342.0,0,0,0,100
17:54:20,9,5,6,11.9,0.08,0.13,0.06,18.1,259,158,158,342.0,0,0,0,100
17:54:20,9,5,6,11.9,0.08,0.13,0.06,18.2,259,158,158,342.0,0,0,0,100
17:54:21,9,5,6,11.9,0.08,0.13,0.06,18.2,259,158,158,342.0,0,0,0,100
17:54:21,9,5,6,11.9,0.08,0.13,0.06,18.0,259,158,158,342.0,0,0,0,100
17:54:21,9,5,6,11.9,0.08,0.13,0.06,18.2,259,158,158,342.0,0,0,0,100
17:54:21,9,5,6,11.9,0.08,0.13,0.06,18.2,259,158,158,342.0,0,0,0,100
17:54:21,9,5,6,11.9,0.08,0.13,0.06,18.2,259,158,158,342.0,0,0,0,100
17:54:21,9,5,6,11.9,0.08,0.13,0.06,18.2,259,158,158,342.0,0,0,0,100
17:54:21,9,5,6,11.9,0.08,0.13,0.06,18.2,259,158,158,342.0,0,0,0,100
17:54:21,7,6,9,12.9,0.09,0.15,0.09,18.1,206,158,233,349.0,0,0,0,100
17:54:21,7,6,9,12.9,0.09,0.15,0.09,18.2,206,158,233,349.0,0,0,0,100
17:54:21,7,6,9,12.9,0.09,0.15,0.09,18.3,206,158,233,349.0,0,0,0,100
17:54:22,7,6,9,12.9,0.09,0.15,0.09,18.2,206,158,233,349.0,0,0,0,100
17:54:22,7,6,9,12.9,0.09,0.15,0.09,18.2,206,158,233,349.0,0,0,0,100
17:54:22,7,6,9,12.9,0.09,0.15,0.09,18.3,206,158,233,349.0,1,0,0,100
17:54:22,7,6,9,12.9,0.09,0.15,0.09,18.2,206,158,233,349.0,1,0,0,100
17:54:22,7,6,9,12.9,0.09,0.15,0.09,18.2,206,158,233,349.0,1,0,0,100
17:54:22,7,6,9,12.9,0.09,0.15,0.09,17.9,206,158,233,349.0,1,0,0,100
17:54:22,7,6,9,12.9,0.09,0.15,0.09,18.2,206,158,233,349.0,1,0,0,100
17:54:22,6,4,8,10.8,0.05,0.13,0.1,18.4,174,108,194,282.0,1,0,0,100
17:54:22,6,4,8,10.8,0.05,0.13,0.1,18.3,174,108,194,282.0,1,0,0,100
17:54:22,6,4,8,10.8,0.05,0.13,0.1,18.2,174,108,194,282.0,1,0,0,100
17:54:23,6,4,8,10.8,0.05,0.13,0.1,18.0,174,108,194,282.0,1,0,0,100
17:54:23,6,4,8,10.8,0.05,0.13,0.1,18.5,174,108,194,282.0,1,0,0,100
17:54:23,6,4,8,10.8,0.05,0.13,0.1,18.1,174,108,194,282.0,0,0,1,100
17:54:23,6,4,8,10.8,0.05,0.13,0.1,18.2,174,108,194,282.0,0,0,1,100
17:54:23,6,4,8,10.8,0.05,0.13,0.1,18.2,174,108,194,282.0,0,0,1,100
17:54:23,6,4,8,10.8,0.05,0.13,0.1,18.2,174,108,194,282.0,0,0,1,100
17:54:23,6,4,8,10.8,0.05,0.13,0.1,18.2,174,108,194,282.0,0,0,1,100
17:54:23,7,2,4,8.3,0.08,0.13,0.08,18.2,182,68,108,222.0,0,0,1,100
17:54:23,7,2,4,8.3,0.08,0.13,0.08,18.2,182,68,108,222.0,0,0,1,100
17:54:23,7,2,4,8.3,0.08,0.13,0.08,18.4,182,68,108,222.0,0,0,1,100
17:54:24,7,2,4,8.3,0.08,0.13,0.08,18.2,182,68,108,222.0,0,0,1,100
17:54:24,7,2,4,8.3,0.08,0.13,0.08,18.0,182,68,108,222.0,0,0,1,100
17:54:24,7,2,4,8.3,0.08,0.13,0.08,18.4,182,68,108,222.0,1,0,0,100
17:54:24,7,2,4,8.3,0.08,0.13,0.08,18.2,182,68,108,222.0,1,0,0,100
17:54:24,7,2,4,8.3,0.08,0.13,0.08,18.5,182,68,108,222.0,1,0,0,100
17:54:24,7,2,4,8.3,0.08,0.13,0.08,18.2,182,68,108,222.0,1,0,0,100
17:54:24,7,2,4,8.3,0.08,0.13,0.08,18.3,182,68,108,222.0,1,0,0,100
17:54:24,5,1,5,7.1,0.07,0.09,0.05,18.2,126,35,144,195.0,1,0,0,100
17:54:24,5,1,5,7.1,0.07,0.09,0.05,17.9,126,35,144,195.0,1,0,0,100
17:54:24,5,1,5,7.1,0.07,0.09,0.05,18.0,126,35,144,195.0,1,0,0,100
17:54:25,5,1,5,7.1,0.07,0.09,0.05,18.4,126,35,144,195.0,1,0,0,100
17:54:25,5,1,5,7.1,0.07,0.09,0.05,18.2,126,35,144,195.0,1,0,0,100
17:54:25,5,1,5,7.1,0.07,0.09,0.05,18.0,126,35,144,195.0,0,0,1,100
17:54:25,5,1,5,7.1,0.07,0.09,0.05,18.2,126,35,144,195.0,0,0,1,100
17:54:25,5,1,5,7.1,0.07,0.09,0.05,18.3,126,35,144,195.0,0,0,1,100
17:54:25,5,1,5,7.1,0.07,0.09,0.05,18.4,126,35,144,195.0,0,0,1,100
17:54:25,5,1,5,7.1,0.07,0.09,0.05,18.3,126,35,144,195.0,0,0,1,100
17:54:25,6,3,4,7.8,0.04,0.14,0.08,17.9,166,90,121,224.0,0,0,1,100
17:54:25,6,3,4,7.8,0.04,0.14,0.08,18.1,166,90,121,224.0,0,0,1,100
17:54:25,6,3,4,7.8,0.04,0.14,0.08,18.2,166,90,121,224.0,0,0,1,100
17:54:26,6,3,4,7.8,0.04,0.14,0.08,18.2,166,90,121,224.0,0,0,1,100
17:54:26,6,3,4,7.8,0.04,0.14,0.08,18.2,166,90,121,224.0,0,0,1,100
17:54:26,6,3,4,7.8,0.04,0.14,0.08,18.2,166,90,121,224.0,0,0,0,100
17:54:26,6,3,4,7.8,0.04,0.14,0.08,18.4,166,90,121,224.0,0,0,0,100
17:54:26,6,3,4,7.8,0.04,0.14,0.08,18.3,166,90,121,224.0,0,0,0,100
17:54:26,6,3,4,7.8,0.04,0.14,0.08,18.4,166,90,121,224.0,0,0,0,100
17:54:26,6,3,4,7.8,0.04,0.14,0.08,18.2,166,90,121,224.0,0,0,0,100
17:54:26,5,4,6,8.8,0.03,0.13,0.04,18.4,145,115,198,271.0,0,0,0,100
17:54:26,5,4,6,8.8,0.03,0.13,0.04,18.2,145,115,198,271.0,0,0,0,100
17:54:26,5,4,6,8.8,0.03,0.13,0.04,18.3,145,115,198,271.0,0,0,0,100
17:54:27,5,4,6,8.8,0.03,0.13,0.04,18.1,145,115,198,271.0,0,0,0,100
17:54:27,5,4,6,8.8,0.03,0.13,0.04,18.2,145,115,198,271.0,0,0,0,100
17:54:27,5,4,6,8.8,0.03,0.13,0.04,18.3,145,115,198,271.0,0,0,0,100
17:54:27,5,4,6,8.8,0.03,0.13,0.04,18.4,145,115,198,271.0,0,0,0,100
17:54:27,5,4,6,8.8,0.03,0.13,0.04,18.1,145,115,198,271.0,0,0,0,100
17:54:27,5,4,6,8.8,0.03,0.13,0.04,18.4,145,115,198,271.0,0,0,0,100
17:54:27,5,4,6,8.8,0.03,0.13,0.04,18.2,145,115,198,271.0,0,0,0,100
17:54:27,8,5,6,11.2,0.07,0.34,0.05,18.2,239,149,186,338.0,0,0,0,100
17:54:27,8,5,6,11.2,0.07,0.34,0.05,18.2,239,149,186,338.0,0,0,0,100
17:54:27,8,5,6,11.2,0.07,0.34,0.05,18.2,239,149,186,338.0,0,0,0,100
17:54:28,8,5,6,11.2,0.07,0.34,0.05,18.2,239,149,186,338.0,0,0,0,100
17:54:28,8,5,6,11.2,0.07,0.34,0.05,18.4,239,149,186,338.0,0,0,0,100
17:54:28,8,5,6,11.2,0.07,0.34,0.05,18.2,239,149,186,338.0,0,0,1,100
17:54:28,8,5,6,11.2,0.07,0.34,0.05,18.4,239,149,186,338.0,0,0,1,100
17:54:28,8,5,6,11.2,0.07,0.34,0.05,18.3,239,149,186,338.0,0,0,1,100
17:54:28,8,5,6,11.2,0.07,0.34,0.05,18.2,239,149,186,338.0,0,0,1,100
17:54:28,8,5,6,11.2,0.07,0.34,0.05,18.1,239,149,186,338.0,0,0,1,100
17:54:28,8,6,9,13.5,0.08,0.21,0.04,18.4,250,142,182,340.0,0,0,1,100
17:54:28,8,6,9,13.5,0.08,0.21,0.04,18.0,250,142,182,340.0,0,0,1,100
17:54:28,8,6,9,13.5,0.08,0.21,0.04,18.4,250,142,182,340.0,0,0,1,100
17:54:29,8,6,9,13.5,0.08,0.21,0.04,18.2,250,142,182,340.0,0,0,1,100
17:54:29,8,6,9,13.5,0.08,0.21,0.04,18.2,250,142,182,340.0,0,0,1,100
17:54:29,8,6,9,13.5,0.08,0.21,0.04,18.0,250,142,182,340.0,0,0,0,100
17:54:29,8,6,9,13.5,0.08,0.21,0.04,18.1,250,142,182,340.0,0,0,0,100
17:54:29,8,6,9,13.5,0.08,0.21,0.04,18.2,250,142,182,340.0,0,0,0,100
17:54:29,8,6,9,13.5,0.08,0.21,0.04,18.2,250,142,182,340.0,0,0,0,100
17:54:29,8,6,9,13.5,0.08,0.21,0.04,18.2,250,142,182,340.0,0,0,0,100
17:54:29,5,5,9,11.4,0.07,0.18,0.08,18.3,159,122,224,301.0,0,0,0,100
17:54:29,5,5,9,11.4,0.07,0.18,0.08,18.2,159,122,224,301.0,0,0,0,100
17:54:30,5,5,9,11.4,0.07,0.18,0.08,18.2,159,122,224,301.0,0,0,0,100
17:54:30,5,5,9,11.4,0.07,0.18,0.08,18.0,159,122,224,301.0,0,0,0,100
17:54:30,5,5,9,11.4,0.07,0.18,0.08,18.4,159,122,224,301.0,0,0,0,100
17:54:30,5,5,9,11.4,0.07,0.18,0.08,18.1,159,122,224,301.0,3,0,0,100
17:54:30,5,5,9,11.4,0.07,0.18,0.08,18.2,159,122,224,301.0,3,0,0,100
17:54:30,5,5,9,11.4,0.07,0.18,0.08,18.1,159,122,224,301.0,3,0,0,100
17:54:30,5,5,9,11.4,0.07,0.18,0.08,18.2,159,122,224,301.0,3,0,0,100
17:54:30,5,5,9,11.4,0.07,0.18,0.08,18.0,159,122,224,301.0,3,0,0,100
17:54:30,6,3,6,9.0,0.03,0.14,0.04,18.3,162,90,177,256.0,3,0,0,100
17:54:30,6,3,6,9.0,0.03,0.14,0.04,18.2,162,90,177,256.0,3,0,0,100
17:54:30,6,3,6,9.0,0.03,0.14,0.04,18.2,162,90,177,256.0,3,0,0,100
17:54:31,6,3,6,9.0,0.03,0.14,0.04,18.1,162,90,177,256.0,3,0,0,100
17:54:31,6,3,6,9.0,0.03,0.14,0.04,18.2,162,90,177,256.0,3,0,0,100
17:54:31,6,3,6,9.0,0.03,0.14,0.04,18.2,162,90,177,256.0,0,2,0,100
17:54:31,6,3,6,9.0,0.03,0.14,0.04,18.2,162,90,177,256.0,0,2,0,100
17:54:31,6,3,6,9.0,0.03,0.14,0.04,18.4,162,90,177,256.0,0,2,0,100
17:54:31,6,3,6,9.0,0.03,0.14,0.04,18.2,162,90,177,256.0,0,2,0,100
17:54:31,6,3,6,9.0,0.03,0.14,0.04,18.2,162,90,177,256.0,0,2,0,100
17:54:31,7,3,5,9.1,0.1,0.19,0.09,18.3,182,52,140,235.0,0,2,0,100
17:54:31,7,3,5,9.1,0.1,0.19,0.09,18.2,182,52,140,235.0,0,2,0,100
17:54:32,7,3,5,9.1,0.1,0.19,0.09,17.9,182,52,140,235.0,0,2,0,100
17:54:32,7,3,5,9.1,0.1,0.19,0.09,18.1,182,52,140,235.0,0,2,0,100
17:54:32,7,3,5,9.1,0.1,0.19,0.09,18.2,182,52,140,235.0,0,2,0,100
17:54:32,7,3,5,9.1,0.1,0.19,0.09,18.2,182,52,140,235.0,0,1,0,100
17:54:32,7,3,5,9.1,0.1,0.19,0.09,18.3,182,52,140,235.0,0,1,0,100
17:54:32,7,3,5,9.1,0.1,0.19,0.09,18.1,182,52,140,235.0,0,1,0,100
17:54:32,7,3,5,9.1,0.1,0.19,0.09,18.4,182,52,140,235.0,0,1,0,100
17:54:32,7,3,5,9.1,0.1,0.19,0.09,18.2,182,52,140,235.0,0,1,0,100
17:54:32,7,3,4,8.6,0.04,0.24,0.03,18.2,164,64,145,228.0,0,1,0,100
17:54:32,7,3,4,8.6,0.04,0.24,0.03,18.4,164,64,145,228.0,0,1,0,100
17:54:33,7,3,4,8.6,0.04,0.24,0.03,18.1,164,64,145,228.0,0,1,0,100
17:54:33,7,3,4,8.6,0.04,0.24,0.03,18.4,164,64,145,228.0,0,1,0,100
17:54:33,7,3,4,8.6,0.04,0.24,0.03,18.2,164,64,145,228.0,0,1,0,100
17:54:33,7,3,4,8.6,0.04,0.24,0.03,18.2,164,64,145,228.0,0,0,1,100
17:54:33,7,3,4,8.6,0.04,0.24,0.03,18.2,164,64,145,228.0,0,0,1,100
17:54:33,7,3,4,8.6,0.04,0.24,0.03,18.1,164,64,145,228.0,0,0,1,100
17:54:33,7,3,4,8.6,0.04,0.24,0.03,18.4,164,64,145,228.0,0,0,1,100
17:54:33,7,3,4,8.6,0.04,0.24,0.03,18.2,164,64,145,228.0,0,0,1,100
17:54:33,7,5,6,10.5,0.04,0.2,0.03,18.2,198,105,154,272.0,0,0,1,100
17:54:33,7,5,6,10.5,0.04,0.2,0.03,18.1,198,105,154,272.0,0,0,1,100
17:54:34,7,5,6,10.5,0.04,0.2,0.03,18.3,198,105,154,272.0,0,0,1,100
17:54:34,7,5,6,10.5,0.04,0.2,0.03,18.3,198,105,154,272.0,0,0,1,100
17:54:34,7,5,6,10.5,0.04,0.2,0.03,18.2,198,105,154,272.0,0,0,1,100
17:54:34,7,5,6,10.5,0.04,0.2,0.03,17.9,198,105,154,272.0,0,0,0,100
17:54:34,7,5,6,10.5,0.04,0.2,0.03,18.2,198,105,154,272.0,0,0,0,100
17:54:34,7,5,6,10.5,0.04,0.2,0.03,18.3,198,105,154,272.0,0,0,0,100
17:54:34,7,5,6,10.5,0.04,0.2,0.03,18.1,198,105,154,272.0,0,0,0,100
17:54:34,7,5,6,10.5,0.04,0.2,0.03,18.4,198,105,154,272.0,0,0,0,100
17:54:34,5,5,9,11.4,0.04,0.18,0.08,18.4,135,152,250,322.0,0,0,0,100
17:54:34,5,5,9,11.4,0.04,0.18,0.08,18.3,135,152,250,322.0,0,0,0,100
17:54:35,5,5,9,11.4,0.04,0.18,0.08,18.2,135,152,250,322.0,0,0,0,100
17:54:35,5,5,9,11.4,0.04,0.18,0.08,18.2,135,152,250,322.0,0,0,0,100
17:54:35,5,5,9,11.4,0.04,0.18,0.08,18.2,135,152,250,322.0,0,0,0,100
17:54:35,5,5,9,11.4,0.04,0.18,0.08,18.3,135,152,250,322.0,2,0,0,100
17:54:35,5,5,9,11.4,0.04,0.18,0.08,18.2,135,152,250,322.0,2,0,0,100
17:54:35,5,5,9,11.4,0.04,0.18,0.08,18.2,135,152,250,322.0,2,0,0,100
17:54:35,5,5,9,11.4,0.04,0.18,0.08,18.2,135,152,250,322.0,2,0,0,100
17:54:35,5,5,9,11.4,0.04,0.18,0.08,18.3,135,152,250,322.0,2,0,0,100
17:54:35,9,6,8,13.5,0.04,0.19,0.06,18.2,224,148,216,345.0,2,0,0,100
17:54:35,9,6,8,13.5,0.04,0.19,0.06,18.2,224,148,216,345.0,2,0,0,100
17:54:36,9,6,8,13.5,0.04,0.19,0.06,18.2,224,148,216,345.0,2,0,0,100
17:54:36,9,6,8,13.5,0.04,0.19,0.06,18.2,224,148,216,345.0,2,0,0,100
17:54:36,9,6,8,13.5,0.04,0.19,0.06,18.2,224,148,216,345.0,2,0,0,100
17:54:36,9,6,8,13.5,0.04,0.19,0.06,18.2,224,148,216,345.0,0,0,1,100
17:54:36,9,6,8,13.5,0.04,0.19,0.06,18.2,224,148,216,345.0,0,0,1,100
17:54:36,9,6,8,13.5,0.04,0.19,0.06,17.9,224,148,216,345.0,0,0,1,100
17:54:36,9,6,8,13.5,0.04,0.19,0.06,18.4,224,148,216,345.0,0,0,1,100
17:54:36,9,6,8,13.5,0.04,0.19,0.06,18.1,224,148,216,345.0,0,0,1,100
17:54:36,9,5,6,11.9,0.06,0.3,0.05,18.1,254,126,147,319.0,0,0,1,100
17:54:36,9,5,6,11.9,0.06,0.3,0.05,18.4,254,126,147,319.0,0,0,1,100
17:54:37,9,5,6,11.9,0.06,0.3,0.05,18.4,254,126,147,319.0,0,0,1,100
17:54:37,9,5,6,11.9,0.06,0.3,0.05,18.3,254,126,147,319.0,0,0,1,100
17:54:37,9,5,6,11.9,0.06,0.3,0.05,18.2,254,126,147,319.0,0,0,1,100
17:54:37,9,5,6,11.9,0.06,0.3,0.05,18.2,254,126,147,319.0,0,0,0,100
17:54:37,9,5,6,11.9,0.06,0.3,0.05,18.4,254,126,147,319.0,0,0,0,100
17:54:37,9,5,6,11.9,0.06,0.3,0.05,18.2,254,126,147,319.0,0,0,0,100
17:54:37,9,5,6,11.9,0.06,0.3,0.05,18.1,254,126,147,319.0,0,0,0,100
17:54:37,9,5,6,11.9,0.06,0.3,0.05,18.2,254,126,147,319.0,0,0,0,100
17:54:37,6,4,7,10.0,0.1,0.18,0.1,18.2,195,128,199,307.0,0,0,0,100
17:54:37,6,4,7,10.0,0.1,0.18,0.1,18.2,195,128,199,307.0,0,0,0,100
17:54:38,6,4,7,10.0,0.1,0.18,0.1,18.1,195,128,199,307.0,0,0,0,100
17:54:38,6,4,7,10.0,0.1,0.18,0.1,18.3,195,128,199,307.0,0,0,0,100
17:54:38,6,4,7,10.0,0.1,0.18,0.1,18.2,195,128,199,307.0,0,0,0,100
17:54:38,6,4,7,10.0,0.1,0.18,0.1,18.2,195,128,199,307.0,1,0,0,100
17:54:38,6,4,7,10.0,0.1,0.18,0.1,18.1,195,128,199,307.0,1,0,0,100
17:54:38,6,4,7,10.0,0.1,0.18,0.1,18.1,195,128,199,307.0,1,0,0,100
17:54:38,6,4,7,10.0,0.1,0.18,0.1,18.2,195,128,199,307.0,1,0,0,100
17:54:38,6,4,7,10.0,0.1,0.18,0.1,18.2,195,128,199,307.0,1,0,0,100
17:54:38,6,2,6,8.7,0.04,0.27,0.12,18.2,155,51,130,209.0,1,0,0,100
17:54:38,6,2,6,8.7,0.04,0.27,0.12,18.3,155,51,130,209.0,1,0,0,100
17:54:39,6,2,6,8.7,0.04,0.27,0.12,18.2,155,51,130,209.0,1,0,0,100
17:54:39,6,2,6,8.7,0.04,0.27,0.12,18.2,155,51,130,209.0,1,0,0,100
17:54:39,6,2,6,8.7,0.04,0.27,0.12,18.2,155,51,130,209.0,1,0,0,100
17:54:39,6,2,6,8.7,0.04,0.27,0.12,18.2,155,51,130,209.0,0,0,1,100
17:54:39,6,2,6,8.7,0.04,0.27,0.12,18.3,155,51,130,209.0,0,0,1,100
17:54:39,6,2,6,8.7,0.04,0.27,0.12,18.4,155,51,130,209.0,0,0,1,100
17:54:39,6,2,6,8.7,0.04,0.27,0.12,18.3,155,51,130,209.0,0,0,1,100
17:54:39,6,2,6,8.7,0.04,0.27,0.12,18.3,155,51,130,209.0,0,0,1,100
17:54:39,4,2,5,6.7,0.04,0.15,0.06,18.2,124,62,157,209.0,0,0,1,100
17:54:39,4,2,5,6.7,0.04,0.15,0.06,18.3,124,62,157,209.0,0,0,1,100
17:54:40,4,2,5,6.7,0.04,0.15,0.06,18.4,124,62,157,209.0,0,0,1,100
17:54:40,4,2,5,6.7,0.04,0.15,0.06,18.3,124,62,157,209.0,0,0,1,100
17:54:40,4,2,5,6.7,0.04,0.15,0.06,18.2,124,62,157,209.0,0,0,1,100
17:54:40,4,2,5,6.7,0.04,0.15,0.06,18.2,124,62,157,209.0,4,0,0,100
17:54:40,4,2,5,6.7,0.04,0.15,0.06,18.1,124,62,157,209.0,4,0,0,100
17:54:40,4,2,5,6.7,0.04,0.15,0.06,18.2,124,62,157,209.0,4,0,0,100
17:54:40,4,2,5,6.7,0.04,0.15,0.06,18.4,124,62,157,209.0,4,0,0,100
17:54:40,4,2,5,6.7,0.04,0.15,0.06,18.3,124,62,157,209.0,4,0,0,100
17:54:40,7,3,5,9.1,0.06,0.15,0.04,18.2,193,92,155,264.0,4,0,0,100
17:54:40,7,3,5,9.1,0.06,0.15,0.04,18.0,193,92,155,264.0,4,0,0,100
17:54:41,7,3,5,9.1,0.06,0.15,0.04,18.1,193,92,155,264.0,4,0,0,100
17:54:41,7,3,5,9.1,0.06,0.15,0.04,18.3,193,92,155,264.0,4,0,0,100
17:54:41,7,3,5,9.1,0.06,0.15,0.04,18.4,193,92,155,264.0,4,0,0,100
17:54:41,7,3,5,9.1,0.06,0.15,0.04,18.1,193,92,155,264.0,0,0,0,100
17:54:41,7,3,5,9.1,0.06,0.15,0.04,18.2,193,92,155,264.0,0,0,0,100
17:54:41,7,3,5,9.1,0.06,0.15,0.04,18.2,193,92,155,264.0,0,0,0,100
17:54:41,7,3,5,9.1,0.06,0.15,0.04,18.2,193,92,155,264.0,0,0,0,100
17:54:41,7,3,5,9.1,0.06,0.15,0.04,18.1,193,92,155,264.0,0,0,0,100
17:54:41,8,5,6,11.2,0.05,0.18,0.07,18.2,218,140,181,316.0,0,0,0,100
17:54:42,8,5,6,11.2,0.05,0.18,0.07,18.2,218,140,181,316.0,0,0,0,100
17:54:42,8,5,6,11.2,0.05,0.18,0.07,18.2,218,140,181,316.0,0,0,0,100
17:54:42,8,5,6,11.2,0.05,0.18,0.07,18.0,218,140,181,316.0,0,0,0,100
17:54:42,8,5,6,11.2,0.05,0.18,0.07,18.4,218,140,181,316.0,0,0,0,100
17:54:42,8,5,6,11.2,0.05,0.18,0.07,18.4,218,140,181,316.0,0,0,0,100
17:54:42,8,5,6,11.2,0.05,0.18,0.07,18.2,218,140,181,316.0,0,0,0,100
17:54:42,8,5,6,11.2,0.05,0.18,0.07,18.1,218,140,181,316.0,0,0,0,100
17:54:42,8,5,6,11.2,0.05,0.18,0.07,18.5,218,140,181,316.0,0,0,0,100
17:54:42,8,5,6,11.2,0.05,0.18,0.07,18.1,218,140,181,316.0,0,0,0,100
17:54:42,5,6,11,13.5,0.04,0.18,0.12,18.2,154,158,243,328.0,0,0,0,100
17:54:42,5,6,11,13.5,0.04,0.18,0.12,17.9,154,158,243,328.0,0,0,0,100
17:54:43,5,6,11,13.5,0.04,0.18,0.12,18.3,154,158,243,328.0,0,0,0,100
17:54:43,5,6,11,13.5,0.04,0.18,0.12,18.1,154,158,243,328.0,0,0,0,100
17:54:43,5,6,11,13.5,0.04,0.18,0.12,18.2,154,158,243,328.0,0,0,0,100
17:54:43,5,6,11,13.5,0.04,0.18,0.12,18.2,154,158,243,328.0,2,0,0,100
17:54:43,5,6,11,13.5,0.04,0.18,0.12,18.2,154,158,243,328.0,2,0,0,100
17:54:43,5,6,11,13.5,0.04,0.18,0.12,18.2,154,158,243,328.0,2,0,0,100
17:54:43,5,6,11,13.5,0.04,0.18,0.12,18.1,154,158,243,328.0,2,0,0,100
17:54:43,5,6,11,13.5,0.04,0.18,0.12,18.1,154,158,243,328.0,2,0,0,100
17:54:43,7,4,7,10.7,0.05,0.16,0.08,18.2,215,138,214,333.0,2,0,0,100
17:54:44,7,4,7,10.7,0.05,0.16,0.08,18.1,215,138,214,333.0,2,0,0,100
17:54:44,7,4,7,10.7,0.05,0.16,0.08,18.1,215,138,214,333.0,2,0,0,100
17:54:44,7,4,7,10.7,0.05,0.16,0.08,18.2,215,138,214,333.0,2,0,0,100
17:54:44,7,4,7,10.7,0.05,0.16,0.08,18.0,215,138,214,333.0,2,0,0,100
17:54:44,7,4,7,10.7,0.05,0.16,0.08,18.2,215,138,214,333.0,0,0,1,100
17:54:44,7,4,7,10.7,0.05,0.16,0.08,18.3,215,138,214,333.0,0,0,1,100
17:54:44,7,4,7,10.7,0.05,0.16,0.08,18.4,215,138,214,333.0,0,0,1,100
17:54:44,7,4,7,10.7,0.05,0.16,0.08,18.2,215,138,214,333.0,0,0,1,100
17:54:44,7,4,7,10.7,0.05,0.16,0.08,18.1,215,138,214,333.0,0,0,1,100
17:54:44,10,6,5,12.7,0.1,0.12,0.04,18.4,237,127,131,299.0,0,0,1,100
17:54:45,10,6,5,12.7,0.1,0.12,0.04,18.2,237,127,131,299.0,0,0,1,100
17:54:45,10,6,5,12.7,0.1,0.12,0.04,18.2,237,127,131,299.0,0,0,1,100
17:54:45,10,6,5,12.7,0.1,0.12,0.04,18.2,237,127,131,299.0,0,0,1,100
17:54:45,10,6,5,12.7,0.1,0.12,0.04,18.2,237,127,131,299.0,0,0,1,100
17:54:45,10,6,5,12.7,0.1,0.12,0.04,18.3,237,127,131,299.0,0,0,0,100
17:54:45,10,6,5,12.7,0.1,0.12,0.04,18.1,237,127,131,299.0,0,0,0,100
17:54:45,10,6,5,12.7,0.1,0.12,0.04,18.3,237,127,131,299.0,0,0,0,100
17:54:45,10,6,5,12.7,0.1,0.12,0.04,18.2,237,127,131,299.0,0,0,0,100
17:54:45,10,6,5,12.7,0.1,0.12,0.04,18.5,237,127,131,299.0,0,0,0,100
17:54:45,5,2,6,8.1,0.08,0.16,0.08,18.2,125,74,177,229.0,0,0,0,100
17:54:46,5,2,6,8.1,0.08,0.16,0.08,18.2,125,74,177,229.0,0,0,0,100
17:54:46,5,2,6,8.1,0.08,0.16,0.08,18.0,125,74,177,229.0,0,0,0,100
17:54:46,5,2,6,8.1,0.08,0.16,0.08,18.1,125,74,177,229.0,0,0,0,100
17:54:46,5,2,6,8.1,0.08,0.16,0.08,18.2,125,74,177,229.0,0,0,0,100
17:54:46,5,2,6,8.1,0.08,0.16,0.08,18.2,125,74,177,229.0,1,4,0,100
17:54:46,5,2,6,8.1,0.08,0.16,0.08,18.1,125,74,177,229.0,1,4,0,100
17:54:46,5,2,6,8.1,0.08,0.16,0.08,18.2,125,74,177,229.0,1,4,0,100
17:54:46,5,2,6,8.1,0.08,0.16,0.08,18.4,125,74,177,229.0,1,4,0,100
17:54:46,5,2,6,8.1,0.08,0.16,0.08,18.2,125,74,177,229.0,1,4,0,100
17:54:46,6,4,4,8.2,0.04,0.13,0.07,18.1,169,31,120,210.0,1,4,0,100
17:54:47,6,4,4,8.2,0.04,0.13,0.07,18.2,169,31,120,210.0,1,4,0,100
17:54:47,6,4,4,8.2,0.04,0.13,0.07,18.2,169,31,120,210.0,1,4,0,100
17:54:47,6,4,4,8.2,0.04,0.13,0.07,18.2,169,31,120,210.0,1,4,0,100
17:54:47,6,4,4,8.2,0.04,0.13,0.07,18.2,169,31,120,210.0,1,4,0,100
17:54:47,6,4,4,8.2,0.04,0.13,0.07,18.0,169,31,120,210.0,0,3,0,100
17:54:47,6,4,4,8.2,0.04,0.13,0.07,18.2,169,31,120,210.0,0,3,0,100
17:54:47,6,4,4,8.2,0.04,0.13,0.07,18.3,169,31,120,210.0,0,3,0,100
17:54:47,6,4,4,8.2,0.04,0.13,0.07,18.2,169,31,120,210.0,0,3,0,100
17:54:47,6,4,4,8.2,0.04,0.13,0.07,18.2,169,31,120,210.0,0,3,0,100
17:54:47,6,3,6,9.0,0.06,0.15,0.05,18.1,111,84,187,233.0,0,3,0,100
17:54:48,6,3,6,9.0,0.06,0.15,0.05,18.1,111,84,187,233.0,0,3,0,100
17:54:48,6,3,6,9.0,0.06,0.15,0.05,18.2,111,84,187,233.0,0,3,0,100
17:54:48,6,3,6,9.0,0.06,0.15,0.05,18.1,111,84,187,233.0,0,3,0,100
17:54:48,6,3,6,9.0,0.06,0.15,0.05,18.2,111,84,187,233.0,0,3,0,100
17:54:48,6,3,6,9.0,0.06,0.15,0.05,18.2,111,84,187,233.0,0,0,0,100
17:54:48,6,3,6,9.0,0.06,0.15,0.05,18.3,111,84,187,233.0,0,0,0,100
17:54:48,6,3,6,9.0,0.06,0.15,0.05,18.2,111,84,187,233.0,0,0,0,100
17:54:48,6,3,6,9.0,0.06,0.15,0.05,18.4,111,84,187,233.0,0,0,0,100
17:54:48,6,3,6,9.0,0.06,0.15,0.05,18.2,111,84,187,233.0,0,0,0,100
17:54:48,9,7,5,12.4,0.1,0.16,0.04,18.2,197,117,167,284.0,0,0,0,100
17:54:49,9,7,5,12.4,0.1,0.16,0.04,18.5,197,117,167,284.0,0,0,0,100
17:54:49,9,7,5,12.4,0.1,0.16,0.04,18.2,197,117,167,284.0,0,0,0,100
17:54:49,9,7,5,12.4,0.1,0.16,0.04,18.2,197,117,167,284.0,0,0,0,100
17:54:49,9,7,5,12.4,0.1,0.16,0.04,18.0,197,117,167,284.0,0,0,0,100
17:54:49,9,7,5,12.4,0.1,0.16,0.04,18.2,197,117,167,284.0,0,0,2,100
17:54:49,9,7,5,12.4,0.1,0.16,0.04,18.0,197,117,167,284.0,0,0,2,100
17:54:49,9,7,5,12.4,0.1,0.16,0.04,17.9,197,117,167,284.0,0,0,2,100
17:54:49,9,7,5,12.4,0.1,0.16,0.04,18.4,197,117,167,284.0,0,0,2,100
17:54:49,9,7,5,12.4,0.1,0.16,0.04,18.4,197,117,167,284.0,0,0,2,100
17:54:49,10,6,8,14.1,0.05,0.13,0.07,18.2,227,147,195,333.0,0,0,2,100
17:54:50,10,6,8,14.1,0.05,0.13,0.07,18.2,227,147,195,333.0,0,0,2,100
17:54:50,10,6,8,14.1,0.05,0.13,0.07,18.2,227,147,195,333.0,0,0,2,100
17:54:50,10,6,8,14.1,0.05,0.13,0.07,18.4,227,147,195,333.0,0,0,2,100
17:54:50,10,6,8,14.1,0.05,0.13,0.07,18.2,227,147,195,333.0,0,0,2,100
17:54:50,10,6,8,14.1,0.05,0.13,0.07,18.1,227,147,195,333.0,0,0,0,100
17:54:50,10,6,8,14.1,0.05,0.13,0.07,18.1,227,147,195,333.0,0,0,0,100
17:54:50,10,6,8,14.1,0.05,0.13,0.07,18.3,227,147,195,333.0,0,0,0,100
17:54:50,10,6,8,14.1,0.05,0.13,0.07,18.2,227,147,195,333.0,0,0,0,100
17:54:50,10,6,8,14.1,0.05,0.13,0.07,18.2,227,147,195,333.0,0,0,0,100
17:54:50,4,5,8,10.2,0.03,0.13,0.06,18.2,117,149,244,309.0,0,0,0,100
17:54:51,4,5,8,10.2,0.03,0.13,0.06,18.2,117,149,244,309.0,0,0,0,100
17:54:51,4,5,8,10.2,0.03,0.13,0.06,18.2,117,149,244,309.0,0,0,0,100
17:54:51,4,5,8,10.2,0.03,0.13,0.06,18.4,117,149,244,309.0,0,0,0,100
17:54:51,4,5,8,10.2,0.03,0.13,0.06,17.9,117,149,244,309.0,0,0,0,100
17:54:51,4,5,8,10.2,0.03,0.13,0.06,18.4,117,149,244,309.0,1,0,0,100
17:54:51,4,5,8,10.2,0.03,0.13,0.06,18.1,117,149,244,309.0,1,0,0,100
17:54:51,4,5,8,10.2,0.03,0.13,0.06,18.3,117,149,244,309.0,1,0,0,100
17:54:51,4,5,8,10.2,0.03,0.13,0.06,18.4,117,149,244,309.0,1,0,0,100
17:54:51,4,5,8,10.2,0.03,0.13,0.06,18.2,117,149,244,309.0,1,0,0,100
17:54:51,8,6,6,11.7,0.09,0.19,0.08,18.0,213,139,187,316.0,1,0,0,100
17:54:52,8,6,6,11.7,0.09,0.19,0.08,18.2,213,139,187,316.0,1,0,0,100
17:54:52,8,6,6,11.7,0.09,0.19,0.08,18.2,213,139,187,316.0,1,0,0,100
17:54:52,8,6,6,11.7,0.09,0.19,0.08,18.3,213,139,187,316.0,1,0,0,100
17:54:52,8,6,6,11.7,0.09,0.19,0.08,18.2,213,139,187,316.0,1,0,0,100
17:54:52,8,6,6,11.7,0.09,0.19,0.08,18.3,213,139,187,316.0,0,0,0,100
17:54:52,8,6,6,11.7,0.09,0.19,0.08,18.2,213,139,187,316.0,0,0,0,100
17:54:52,8,6,6,11.7,0.09,0.19,0.08,18.4,213,139,187,316.0,0,0,0,100
17:54:52,8,6,6,11.7,0.09,0.19,0.08,17.9,213,139,187,316.0,0,0,0,100
17:54:52,8,6,6,11.7,0.09,0.19,0.08,18.0,213,139,187,316.0,0,0,0,100
17:54:52,9,4,6,11.5,0.12,0.15,0.05,18.2,243,120,156,313.0,0,0,0,100
17:54:53,9,4,6,11.5,0.12,0.15,0.05,18.1,243,120,156,313.0,0,0,0,100
17:54:53,9,4,6,11.5,0.12,0.15,0.05,18.3,243,120,156,313.0,0,0,0,100
17:54:53,9,4,6,11.5,0.12,0.15,0.05,18.4,243,120,156,313.0,0,0,0,100
17:54:53,9,4,6,11.5,0.12,0.15,0.05,18.3,243,120,156,313.0,0,0,0,100
17:54:53,9,4,6,11.5,0.12,0.15,0.05,17.9,243,120,156,313.0,1,0,0,100
17:54:53,9,4,6,11.5,0.12,0.15,0.05,18.4,243,120,156,313.0,1,0,0,100
17:54:53,9,4,6,11.5,0.12,0.15,0.05,18.3,243,120,156,313.0,1,0,0,100
17:54:53,9,4,6,11.5,0.12,0.15,0.05,18.2,243,120,156,313.0,1,0,0,100
17:54:53,9,4,6,11.5,0.12,0.15,0.05,18.2,243,120,156,313.0,1,0,0,100
17:54:53,4,2,8,9.2,0.07,0.21,0.08,18.2,116,41,180,218.0,1,0,0,100
17:54:54,4,2,8,9.2,0.07,0.21,0.08,18.1,116,41,180,218.0,1,0,0,100
17:54:54,4,2,8,9.2,0.07,0.21,0.08,18.2,116,41,180,218.0,1,0,0,100
17:54:54,4,2,8,9.2,0.07,0.21,0.08,18.0,116,41,180,218.0,1,0,0,100
17:54:54,4,2,8,9.2,0.07,0.21,0.08,18.2,116,41,180,218.0,1,0,0,100
17:54:54,4,2,8,9.2,0.07,0.21,0.08,18.1,116,41,180,218.0,0,7,2,100
17:54:54,4,2,8,9.2,0.07,0.21,0.08,18.0,116,41,180,218.0,0,7,2,100
17:54:54,4,2,8,9.2,0.07,0.21,0.08,18.3,116,41,180,218.0,0,7,2,100
17:54:54,4,2,8,9.2,0.07,0.21,0.08,18.3,116,41,180,218.0,0,7,2,100
17:54:54,4,2,8,9.2,0.07,0.21,0.08,18.3,116,41,180,218.0,0,7,2,100
17:54:54,8,2,4,9.2,0.03,0.15,0.09,18.2,161,69,133,220.0,0,7,2,100
17:54:55,8,2,4,9.2,0.03,0.15,0.09,18.1,161,69,133,220.0,0,7,2,100
17:54:55,8,2,4,9.2,0.03,0.15,0.09,18.2,161,69,133,220.0,0,7,2,100
17:54:55,8,2,4,9.2,0.03,0.15,0.09,18.2,161,69,133,220.0,0,7,2,100
17:54:55,8,2,4,9.2,0.03,0.15,0.09,17.9,161,69,133,220.0,0,7,2,100
17:54:55,8,2,4,9.2,0.03,0.15,0.09,18.2,161,69,133,220.0,1,0,0,100
17:54:55,8,2,4,9.2,0.03,0.15,0.09,18.2,161,69,133,220.0,1,0,0,100
17:54:55,8,2,4,9.2,0.03,0.15,0.09,18.2,161,69,133,220.0,1,0,0,100
17:54:55,8,2,4,9.2,0.03,0.15,0.09,18.0,161,69,133,220.0,1,0,0,100
17:54:55,8,2,4,9.2,0.03,0.15,0.09,18.2,161,69,133,220.0,1,0,0,100
17:54:55,5,4,7,9.5,0.05,0.1,0.04,18.2,141,114,193,265.0,1,0,0,100
17:54:56,5,4,7,9.5,0.05,0.1,0.04,17.9,141,114,193,265.0,1,0,0,100
17:54:56,5,4,7,9.5,0.05,0.1,0.04,18.2,141,114,193,265.0,1,0,0,100
17:54:56,5,4,7,9.5,0.05,0.1,0.04,18.2,141,114,193,265.0,1,0,0,100
17:54:56,5,4,7,9.5,0.05,0.1,0.04,18.0,141,114,193,265.0,1,0,0,100
17:54:56,5,4,7,9.5,0.05,0.1,0.04,18.2,141,114,193,265.0,0,0,0,100
17:54:56,5,4,7,9.5,0.05,0.1,0.04,18.3,141,114,193,265.0,0,0,0,100
17:54:56,5,4,7,9.5,0.05,0.1,0.04,18.3,141,114,193,265.0,0,0,0,100
17:54:56,5,4,7,9.5,0.05,0.1,0.04,18.0,141,114,193,265.0,0,0,0,100
17:54:56,5,4,7,9.5,0.05,0.1,0.04,18.2,141,114,193,265.0,0,0,0,100
17:54:56,8,5,6,11.2,0.08,0.1,0.03,18.2,251,145,151,327.0,0,0,0,100
17:54:57,8,5,6,11.2,0.08,0.1,0.03,18.1,251,145,151,327.0,0,0,0,100
17:54:57,8,5,6,11.2,0.08,0.1,0.03,18.1,251,145,151,327.0,0,0,0,100
17:54:57,8,5,6,11.2,0.08,0.1,0.03,18.2,251,145,151,327.0,0,0,0,100
17:54:57,8,5,6,11.2,0.08,0.1,0.03,18.2,251,145,151,327.0,0,0,0,100
17:54:57,8,5,6,11.2,0.08,0.1,0.03,18.2,251,145,151,327.0,0,0,0,100
17:54:57,8,5,6,11.2,0.08,0.1,0.03,18.4,251,145,151,327.0,0,0,0,100
17:54:57,8,5,6,11.2,0.08,0.1,0.03,17.9,251,145,151,327.0,0,0,0,100
17:54:57,8,5,6,11.2,0.08,0.1,0.03,18.4,251,145,151,327.0,0,0,0,100
17:54:57,8,5,6,11.2,0.08,0.1,0.03,18.1,251,145,151,327.0,0,0,0,100
17:54:57,13,6,9,16.9,0.05,0.18,0.07,18.2,244,159,232,372.0,0,0,0,100
17:54:58,13,6,9,16.9,0.05,0.18,0.07,18.3,244,159,232,372.0,0,0,0,100
17:54:58,13,6,9,16.9,0.05,0.18,0.07,18.2,244,159,232,372.0,0,0,0,100
17:54:58,13,6,9,16.9,0.05,0.18,0.07,18.2,244,159,232,372.0,0,0,0,100
17:54:58,13,6,9,16.9,0.05,0.18,0.07,18.3,244,159,232,372.0,0,0,0,100
17:54:58,13,6,9,16.9,0.05,0.18,0.07,18.1,244,159,232,372.0,1,0,0,100
17:54:58,13,6,9,16.9,0.05,0.18,0.07,18.2,244,159,232,372.0,1,0,0,100
17:54:58,13,6,9,16.9,0.05,0.18,0.07,18.2,244,159,232,372.0,1,0,0,100
17:54:58,13,6,9,16.9,0.05,0.18,0.07,18.0,244,159,232,372.0,1,0,0,100
17:54:58,13,6,9,16.9,0.05,0.18,0.07,18.3,244,159,232,372.0,1,0,0,100
17:54:58,4,5,8,10.2,0.05,0.14,0.1,18.2,106,153,250,312.0,1,0,0,100
17:54:59,4,5,8,10.2,0.05,0.14,0.1,18.2,106,153,250,312.0,1,0,0,100
17:54:59,4,5,8,10.2,0.05,0.14,0.1,18.2,106,153,250,312.0,1,0,0,100
17:54:59,4,5,8,10.2,0.05,0.14,0.1,18.3,106,153,250,312.0,1,0,0,100
17:54:59,4,5,8,10.2,0.05,0.14,0.1,18.1,106,153,250,312.0,1,0,0,100
17:54:59,4,5,8,10.2,0.05,0.14,0.1,18.4,106,153,250,312.0,0,0,0,100
17:54:59,4,5,8,10.2,0.05,0.14,0.1,18.4,106,153,250,312.0,0,0,0,100
17:54:59,4,5,8,10.2,0.05,0.14,0.1,18.3,106,153,250,312.0,0,0,0,100
17:54:59,4,5,8,10.2,0.05,0.14,0.1,18.2,106,153,250,312.0,0,0,0,100
17:54:59,4,5,8,10.2,0.05,0.14,0.1,18.2,106,153,250,312.0,0,0,0,100
17:55:00,7,4,6,10.0,0.05,0.19,0.09,18.3,187,117,150,267.0,0,0,0,100
17:55:00,7,4,6,10.0,0.05,0.19,0.09,17.9,187,117,150,267.0,0,0,0,100
17:55:00,7,4,6,10.0,0.05,0.19,0.09,18.1,187,117,150,267.0,0,0,0,100
17:55:00,7,4,6,10.0,0.05,0.19,0.09,18.2,187,117,150,267.0,0,0,0,100
17:55:00,7,4,6,10.0,0.05,0.19,0.09,18.2,187,117,150,267.0,0,0,0,100
17:55:00,7,4,6,10.0,0.05,0.19,0.09,18.2,187,117,150,267.0,0,0,3,100
17:55:00,7,4,6,10.0,0.05,0.19,0.09,18.2,187,117,150,267.0,0,0,3,100
17:55:00,7,4,6,10.0,0.05,0.19,0.09,18.1,187,117,150,267.0,0,0,3,100
17:55:00,7,4,6,10.0,0.05,0.19,0.09,18.2,187,117,150,267.0,0,0,3,100
17:55:00,7,4,6,10.0,0.05,0.19,0.09,18.2,187,117,150,267.0,0,0,3,100
17:55:01,5,2,6,8.1,0.08,0.1,0.04,18.3,149,58,166,230.0,0,0,3,100
17:55:01,5,2,6,8.1,0.08,0.1,0.04,18.2,149,58,166,230.0,0,0,3,100
17:55:01,5,2,6,8.1,0.08,0.1,0.04,18.1,149,58,166,230.0,0,0,3,100
17:55:01,5,2,6,8.1,0.08,0.1,0.04,18.3,149,58,166,230.0,0,0,3,100
17:55:01,5,2,6,8.1,0.08,0.1,0.04,18.0,149,58,166,230.0,0,0,3,100
17:55:01,5,2,6,8.1,0.08,0.1,0.04,18.3,149,58,166,230.0,2,4,0,100
17:55:01,5,2,6,8.1,0.08,0.1,0.04,18.3,149,58,166,230.0,2,4,0,100
17:55:01,5,2,6,8.1,0.08,0.1,0.04,18.3,149,58,166,230.0,2,4,0,100
17:55:01,5,2,6,8.1,0.08,0.1,0.04,18.1,149,58,166,230.0,2,4,0,100
17:55:01,5,2,6,8.1,0.08,0.1,0.04,18.4,149,58,166,230.0,2,4,0,100
17:55:02,5,1,5,7.1,0.08,0.18,0.04,18.2,152,46,153,221.0,2,4,0,100
17:55:02,5,1,5,7.1,0.08,0.18,0.04,18.2,152,46,153,221.0,2,4,0,100
17:55:02,5,1,5,7.1,0.08,0.18,0.04,18.2,152,46,153,221.0,2,4,0,100
17:55:02,5,1,5,7.1,0.08,0.18,0.04,18.2,152,46,153,221.0,2,4,0,100
17:55:02,5,1,5,7.1,0.08,0.18,0.04,18.2,152,46,153,221.0,2,4,0,100
17:55:02,5,1,5,7.1,0.08,0.18,0.04,18.2,152,46,153,221.0,0,0,0,100
17:55:02,5,1,5,7.1,0.08,0.18,0.04,18.3,152,46,153,221.0,0,0,0,100
17:55:02,5,1,5,7.1,0.08,0.18,0.04,18.0,152,46,153,221.0,0,0,0,100
17:55:02,5,1,5,7.1,0.08,0.18,0.04,18.4,152,46,153,221.0,0,0,0,100
17:55:02,5,1,5,7.1,0.08,0.18,0.04,18.1,152,46,153,221.0,0,0,0,100
17:55:03,7,3,6,9.7,0.04,0.11,0.05,18.1,164,86,181,259.0,0,0,0,100
17:55:03,7,3,6,9.7,0.04,0.11,0.05,18.2,164,86,181,259.0,0,0,0,100
17:55:03,7,3,6,9.7,0.04,0.11,0.05,17.9,164,86,181,259.0,0,0,0,100
17:55:03,7,3,6,9.7,0.04,0.11,0.05,18.0,164,86,181,259.0,0,0,0,100
17:55:03,7,3,6,9.7,0.04,0.11,0.05,18.2,164,86,181,259.0,0,0,0,100
17:55:03,7,3,6,9.7,0.04,0.11,0.05,18.2,164,86,181,259.0,0,0,0,100
17:55:03,7,3,6,9.7,0.04,0.11,0.05,18.2,164,86,181,259.0,0,0,0,100
17:55:03,7,3,6,9.7,0.04,0.11,0.05,17.9,164,86,181,259.0,0,0,0,100
17:55:03,7,3,6,9.7,0.04,0.11,0.05,17.9,164,86,181,259.0,0,0,0,100
17:55:03,7,3,6,9.7,0.04,0.11,0.05,18.2,164,86,181,259.0,0,0,0,100
17:55:04,6,5,7,10.5,0.04,0.13,0.04,18.2,173,119,209,296.0,0,0,0,100
17:55:04,6,5,7,10.5,0.04,0.13,0.04,18.3,173,119,209,296.0,0,0,0,100
17:55:04,6,5,7,10.5,0.04,0.13,0.04,18.2,173,119,209,296.0,0,0,0,100
17:55:04,6,5,7,10.5,0.04,0.13,0.04,18.1,173,119,209,296.0,0,0,0,100
17:55:04,6,5,7,10.5,0.04,0.13,0.04,18.3,173,119,209,296.0,0,0,0,100
17:55:04,6,5,7,10.5,0.04,0.13,0.04,18.5,173,119,209,296.0,0,0,0,100
17:55:04,6,5,7,10.5,0.04,0.13,0.04,18.2,173,119,209,296.0,0,0,0,100
17:55:04,6,5,7,10.5,0.04,0.13,0.04,18.2,173,119,209,296.0,0,0,0,100
17:55:04,6,5,7,10.5,0.04,0.13,0.04,18.4,173,119,209,296.0,0,0,0,100
17:55:04,6,5,7,10.5,0.04,0.13,0.04,18.1,173,119,209,296.0,0,0,0,100
17:55:05,10,7,5,13.2,0.07,0.16,0.03,18.2,231,136,126,296.0,0,0,0,100
17:55:05,10,7,5,13.2,0.07,0.16,0.03,18.2,231,136,126,296.0,0,0,0,100
17:55:05,10,7,5,13.2,0.07,0.16,0.03,18.2,231,136,126,296.0,0,0,0,100
17:55:05,10,7,5,13.2,0.07,0.16,0.03,18.2,231,136,126,296.0,0,0,0,100
17:55:05,10,7,5,13.2,0.07,0.16,0.03,18.2,231,136,126,296.0,0,0,0,100
17:55:05,10,7,5,13.2,0.07,0.16,0.03,18.3,231,136,126,296.0,0,0,3,100
17:55:05,10,7,5,13.2,0.07,0.16,0.03,18.2,231,136,126,296.0,0,0,3,100
17:55:05,10,7,5,13.2,0.07,0.16,0.03,18.2,231,136,126,296.0,0,0,3,100
17:55:05,10,7,5,13.2,0.07,0.16,0.03,18.3,231,136,126,296.0,0,0,3,100
17:55:05,10,7,5,13.2,0.07,0.16,0.03,18.2,231,136,126,296.0,0,0,3,100
17:55:06,8,6,7,12.2,0.06,0.23,0.11,18.2,207,143,227,339.0,0,0,3,100
17:55:06,8,6,7,12.2,0.06,0.23,0.11,18.2,207,143,227,339.0,0,0,3,100
17:55:06,8,6,7,12.2,0.06,0.23,0.11,18.3,207,143,227,339.0,0,0,3,100
17:55:06,8,6,7,12.2,0.06,0.23,0.11,18.4,207,143,227,339.0,0,0,3,100
17:55:06,8,6,7,12.2,0.06,0.23,0.11,18.3,207,143,227,339.0,0,0,3,100
17:55:06,8,6,7,12.2,0.06,0.23,0.11,18.2,207,143,227,339.0,3,0,0,100
17:55:06,8,6,7,12.2,0.06,0.23,0.11,18.2,207,143,227,339.0,3,0,0,100
17:55:06,8,6,7,12.2,0.06,0.23,0.11,18.2,207,143,227,339.0,3,0,0,100
17:55:06,8,6,7,12.2,0.06,0.23,0.11,18.4,207,143,227,339.0,3,0,0,100
17:55:06,8,6,7,12.2,0.06,0.23,0.11,18.2,207,143,227,339.0,3,0,0,100
17:55:07,5,5,9,11.4,0.07,0.18,0.15,17.9,163,148,259,340.0,3,0,0,100
17:55:07,5,5,9,11.4,0.07,0.18,0.15,18.2,163,148,259,340.0,3,0,0,100
17:55:07,5,5,9,11.4,0.07,0.18,0.15,18.0,163,148,259,340.0,3,0,0,100
17:55:07,5,5,9,11.4,0.07,0.18,0.15,18.1,163,148,259,340.0,3,0,0,100
17:55:07,5,5,9,11.4,0.07,0.18,0.15,18.3,163,148,259,340.0,3,0,0,100
17:55:07,5,5,9,11.4,0.07,0.18,0.15,17.9,163,148,259,340.0,0,0,0,100
17:55:07,5,5,9,11.4,0.07,0.18,0.15,18.3,163,148,259,340.0,0,0,0,100
17:55:07,5,5,9,11.4,0.07,0.18,0.15,18.2,163,148,259,340.0,0,0,0,100
17:55:07,5,5,9,11.4,0.07,0.18,0.15,18.1,163,148,259,340.0,0,0,0,100
17:55:07,5,5,9,11.4,0.07,0.18,0.15,18.0,163,148,259,340.0,0,0,0,100
17:55:08,6,2,3,7.0,0.04,0.18,0.09,18.2,181,91,119,235.0,0,0,0,100
17:55:08,6,2,3,7.0,0.04,0.18,0.09,18.2,181,91,119,235.0,0,0,0,100
17:55:08,6,2,3,7.0,0.04,0.18,0.09,18.2,181,91,119,235.0,0,0,0,100
17:55:08,6,2,3,7.0,0.04,0.18,0.09,18.4,181,91,119,235.0,0,0,0,100
17:55:08,6,2,3,7.0,0.04,0.18,0.09,18.3,181,91,119,235.0,0,0,0,100
17:55:08,6,2,3,7.0,0.04,0.18,0.09,18.1,181,91,119,235.0,0,1,1,100
17:55:08,6,2,3,7.0,0.04,0.18,0.09,18.0,181,91,119,235.0,0,1,1,100
17:55:08,6,2,3,7.0,0.04,0.18,0.09,18.5,181,91,119,235.0,0,1,1,100
17:55:08,6,2,3,7.0,0.04,0.18,0.09,18.2,181,91,119,235.0,0,1,1,100
17:55:08,6,2,3,7.0,0.04,0.18,0.09,18.1,181,91,119,235.0,0,1,1,100
17:55:09,3,1,4,5.1,0.06,0.1,0.03,18.2,104,29,126,166.0,0,1,1,100
17:55:09,3,1,4,5.1,0.06,0.1,0.03,18.3,104,29,126,166.0,0,1,1,100
17:55:09,3,1,4,5.1,0.06,0.1,0.03,18.1,104,29,126,166.0,0,1,1,100
17:55:09,3,1,4,5.1,0.06,0.1,0.03,18.3,104,29,126,166.0,0,1,1,100
17:55:09,3,1,4,5.1,0.06,0.1,0.03,18.3,104,29,126,166.0,0,1,1,100
17:55:09,3,1,4,5.1,0.06,0.1,0.03,18.4,104,29,126,166.0,0,1,0,100
17:55:09,3,1,4,5.1,0.06,0.1,0.03,18.2,104,29,126,166.0,0,1,0,100
17:55:09,3,1,4,5.1,0.06,0.1,0.03,17.9,104,29,126,166.0,0,1,0,100
17:55:09,3,1,4,5.1,0.06,0.1,0.03,18.2,104,29,126,166.0,0,1,0,100
17:55:09,3,1,4,5.1,0.06,0.1,0.03,18.4,104,29,126,166.0,0,1,0,100
17:55:10,7,2,6,9.4,0.07,0.25,0.05,18.2,165,77,104,210.0,0,1,0,100
17:55:10,7,2,6,9.4,0.07,0.25,0.05,18.2,165,77,104,210.0,0,1,0,100
17:55:10,7,2,6,9.4,0.07,0.25,0.05,18.2,165,77,104,210.0,0,1,0,100
17:55:10,7,2,6,9.4,0.07,0.25,0.05,17.9,165,77,104,210.0,0,1,0,100
17:55:10,7,2,6,9.4,0.07,0.25,0.05,18.2,165,77,104,210.0,0,1,0,100
17:55:10,7,2,6,9.4,0.07,0.25,0.05,18.2,165,77,104,210.0,0,0,1,100
17:55:10,7,2,6,9.4,0.07,0.25,0.05,18.2,165,77,104,210.0,0,0,1,100
17:55:10,7,2,6,9.4,0.07,0.25,0.05,18.4,165,77,104,210.0,0,0,1,100
17:55:10,7,2,6,9.4,0.07,0.25,0.05,18.3,165,77,104,210.0,0,0,1,100
17:55:11,7,2,6,9.4,0.07,0.25,0.05,18.2,165,77,104,210.0,0,0,1,100
17:55:11,6,5,8,11.2,0.03,0.24,0.1,18.2,150,138,230,307.0,0,0,1,100
17:55:11,6,5,8,11.2,0.03,0.24,0.1,18.2,150,138,230,307.0,0,0,1,100
17:55:11,6,5,8,11.2,0.03,0.24,0.1,18.1,150,138,230,307.0,0,0,1,100
17:55:11,6,5,8,11.2,0.03,0.24,0.1,18.2,150,138,230,307.0,0,0,1,100
17:55:11,6,5,8,11.2,0.03,0.24,0.1,18.2,150,138,230,307.0,0,0,1,100
17:55:11,6,5,8,11.2,0.03,0.24,0.1,18.2,150,138,230,307.0,2,0,0,100
17:55:11,6,5,8,11.2,0.03,0.24,0.1,18.4,150,138,230,307.0,2,0,0,100
17:55:11,6,5,8,11.2,0.03,0.24,0.1,18.4,150,138,230,307.0,2,0,0,100
17:55:11,6,5,8,11.2,0.03,0.24,0.1,18.2,150,138,230,307.0,2,0,0,100
17:55:12,6,5,8,11.2,0.03,0.24,0.1,18.2,150,138,230,307.0,2,0,0,100
17:55:12,6,5,8,11.2,0.06,0.44,0.11,18.2,178,165,256,353.0,2,0,0,100
17:55:12,6,5,8,11.2,0.06,0.44,0.11,18.2,178,165,256,353.0,2,0,0,100
17:55:12,6,5,8,11.2,0.06,0.44,0.11,18.2,178,165,256,353.0,2,0,0,100
17:55:12,6,5,8,11.2,0.06,0.44,0.11,18.2,178,165,256,353.0,2,0,0,100
17:55:12,6,5,8,11.2,0.06,0.44,0.11,18.2,178,165,256,353.0,2,0,0,100
17:55:12,6,5,8,11.2,0.06,0.44,0.11,18.4,178,165,256,353.0,0,0,0,100
17:55:12,6,5,8,11.2,0.06,0.44,0.11,18.0,178,165,256,353.0,0,0,0,100
17:55:12,6,5,8,11.2,0.06,0.44,0.11,18.2,178,165,256,353.0,0,0,0,100
17:55:12,6,5,8,11.2,0.06,0.44,0.11,18.2,178,165,256,353.0,0,0,0,100
17:55:13,6,5,8,11.2,0.06,0.44,0.11,18.2,178,165,256,353.0,0,0,0,100
17:55:13,8,5,4,10.2,0.09,0.13,0.03,18.0,242,144,133,311.0,0,0,0,100
17:55:13,8,5,4,10.2,0.09,0.13,0.03,18.1,242,144,133,311.0,0,0,0,100
17:55:13,8,5,4,10.2,0.09,0.13,0.03,18.2,242,144,133,311.0,0,0,0,100
17:55:13,8,5,4,10.2,0.09,0.13,0.03,18.2,242,144,133,311.0,0,0,0,100
17:55:13,8,5,4,10.2,0.09,0.13,0.03,18.1,242,144,133,311.0,0,0,0,100
17:55:13,8,5,4,10.2,0.09,0.13,0.03,18.4,242,144,133,311.0,0,0,0,100
17:55:13,8,5,4,10.2,0.09,0.13,0.03,18.1,242,144,133,311.0,0,0,0,100
17:55:13,8,5,4,10.2,0.09,0.13,0.03,18.2,242,144,133,311.0,0,0,0,100
17:55:13,8,5,4,10.2,0.09,0.13,0.03,18.2,242,144,133,311.0,0,0,0,100
17:55:14,8,5,4,10.2,0.09,0.13,0.03,18.1,242,144,133,311.0,0,0,0,100
17:55:14,8,5,8,12.4,0.08,0.19,0.08,18.1,236,152,215,354.0,0,0,0,100
17:55:14,8,5,8,12.4,0.08,0.19,0.08,18.2,236,152,215,354.0,0,0,0,100
17:55:14,8,5,8,12.4,0.08,0.19,0.08,18.4,236,152,215,354.0,0,0,0,100
17:55:14,8,5,8,12.4,0.08,0.19,0.08,18.1,236,152,215,354.0,0,0,0,100
17:55:14,8,5,8,12.4,0.08,0.19,0.08,18.2,236,152,215,354.0,0,0,0,100
17:55:14,8,5,8,12.4,0.08,0.19,0.08,18.3,236,152,215,354.0,0,0,0,100
17:55:14,8,5,8,12.4,0.08,0.19,0.08,18.2,236,152,215,354.0,0,0,0,100
17:55:14,8,5,8,12.4,0.08,0.19,0.08,18.2,236,152,215,354.0,0,0,0,100
17:55:14,8,5,8,12.4,0.08,0.19,0.08,18.2,236,152,215,354.0,0,0,0,100
17:55:15,8,5,8,12.4,0.08,0.19,0.08,18.2,236,152,215,354.0,0,0,0,100
17:55:15,5,3,7,9.1,0.05,0.16,0.07,18.2,141,116,209,278.0,0,0,0,100
17:55:15,5,3,7,9.1,0.05,0.16,0.07,18.0,141,116,209,278.0,0,0,0,100
17:55:15,5,3,7,9.1,0.05,0.16,0.07,18.1,141,116,209,278.0,0,0,0,100
17:55:15,5,3,7,9.1,0.05,0.16,0.07,18.2,141,116,209,278.0,0,0,0,100
17:55:15,5,3,7,9.1,0.05,0.16,0.07,18.2,141,116,209,278.0,0,0,0,100
17:55:15,5,3,7,9.1,0.05,0.16,0.07,18.1,141,116,209,278.0,0,0,3,100
17:55:15,5,3,7,9.1,0.05,0.16,0.07,18.1,141,116,209,278.0,0,0,3,100
17:55:15,5,3,7,9.1,0.05,0.16,0.07,18.3,141,116,209,278.0,0,0,3,100
17:55:15,5,3,7,9.1,0.05,0.16,0.07,18.3,141,116,209,278.0,0,0,3,100
17:55:16,5,3,7,9.1,0.05,0.16,0.07,18.1,141,116,209,278.0,0,0,3,100
17:55:16,6,2,4,7.5,0.05,0.21,0.06,18.2,152,50,114,196.0,0,0,3,100
17:55:16,6,2,4,7.5,0.05,0.21,0.06,18.2,152,50,114,196.0,0,0,3,100
17:55:16,6,2,4,7.5,0.05,0.21,0.06,18.0,152,50,114,196.0,0,0,3,100
17:55:16,6,2,4,7.5,0.05,0.21,0.06,18.1,152,50,114,196.0,0,0,3,100
17:55:16,6,2,4,7.5,0.05,0.21,0.06,18.1,152,50,114,196.0,0,0,3,100
17:55:16,6,2,4,7.5,0.05,0.21,0.06,18.2,152,50,114,196.0,1,2,0,100
17:55:16,6,2,4,7.5,0.05,0.21,0.06,18.1,152,50,114,196.0,1,2,0,100
17:55:16,6,2,4,7.5,0.05,0.21,0.06,18.2,152,50,114,196.0,1,2,0,100
17:55:16,6,2,4,7.5,0.05,0.21,0.06,18.1,152,50,114,196.0,1,2,0,100
17:55:17,6,2,4,7.5,0.05,0.21,0.06,18.1,152,50,114,196.0,1,2,0,100
17:55:17,5,3,6,8.4,0.07,0.28,0.05,18.2,146,78,176,242.0,1,2,0,100
17:55:17,5,3,6,8.4,0.07,0.28,0.05,18.1,146,78,176,242.0,1,2,0,100
17:55:17,5,3,6,8.4,0.07,0.28,0.05,18.2,146,78,176,242.0,1,2,0,100
17:55:17,5,3,6,8.4,0.07,0.28,0.05,18.2,146,78,176,242.0,1,2,0,100
17:55:17,5,3,6,8.4,0.07,0.28,0.05,18.2,146,78,176,242.0,1,2,0,100
17:55:17,5,3,6,8.4,0.07,0.28,0.05,18.2,146,78,176,242.0,1,0,0,100
17:55:17,5,3,6,8.4,0.07,0.28,0.05,18.2,146,78,176,242.0,1,0,0,100
17:55:17,5,3,6,8.4,0.07,0.28,0.05,18.2,146,78,176,242.0,1,0,0,100
17:55:17,5,3,6,8.4,0.07,0.28,0.05,18.1,146,78,176,242.0,1,0,0,100
17:55:18,5,3,6,8.4,0.07,0.28,0.05,18.1,146,78,176,242.0,1,0,0,100
17:55:18,8,4,4,9.8,0.07,0.23,0.07,18.2,230,124,128,291.0,1,0,0,100
17:55:18,8,4,4,9.8,0.07,0.23,0.07,18.4,230,124,128,291.0,1,0,0,100
17:55:18,8,4,4,9.8,0.07,0.23,0.07,18.4,230,124,128,291.0,1,0,0,100
17:55:18,8,4,4,9.8,0.07,0.23,0.07,18.2,230,124,128,291.0,1,0,0,100
17:55:18,8,4,4,9.8,0.07,0.23,0.07,18.2,230,124,128,291.0,1,0,0,100
17:55:18,8,4,4,9.8,0.07,0.23,0.07,18.2,230,124,128,291.0,0,0,0,100
17:55:18,8,4,4,9.8,0.07,0.23,0.07,18.2,230,124,128,291.0,0,0,0,100
17:55:18,8,4,4,9.8,0.07,0.23,0.07,17.9,230,124,128,291.0,0,0,0,100
17:55:18,8,4,4,9.8,0.07,0.23,0.07,18.4,230,124,128,291.0,0,0,0,100
17:55:19,8,4,4,9.8,0.07,0.23,0.07,18.4,230,124,128,291.0,0,0,0,100
17:55:19,8,5,10,13.7,0.03,0.21,0.07,18.2,190,128,224,320.0,0,0,0,100
17:55:19,8,5,10,13.7,0.03,0.21,0.07,18.4,190,128,224,320.0,0,0,0,100
17:55:19,8,5,10,13.7,0.03,0.21,0.07,18.4,190,128,224,320.0,0,0,0,100
17:55:19,8,5,10,13.7,0.03,0.21,0.07,17.9,190,128,224,320.0,0,0,0,100
17:55:19,8,5,10,13.7,0.03,0.21,0.07,18.1,190,128,224,320.0,0,0,0,100
17:55:19,8,5,10,13.7,0.03,0.21,0.07,18.2,190,128,224,320.0,2,0,0,100
17:55:19,8,5,10,13.7,0.03,0.21,0.07,18.2,190,128,224,320.0,2,0,0,100
17:55:19,8,5,10,13.7,0.03,0.21,0.07,18.1,190,128,224,320.0,2,0,0,100
17:55:19,8,5,10,13.7,0.03,0.21,0.07,18.0,190,128,224,320.0,2,0,0,100
17:55:20,8,5,10,13.7,0.03,0.21,0.07,18.2,190,128,224,320.0,2,0,0,100
17:55:20,6,6,9,12.4,0.03,0.14,0.04,18.2,178,140,258,343.0,2,0,0,100
17:55:20,6,6,9,12.4,0.03,0.14,0.04,18.5,178,140,258,343.0,2,0,0,100
17:55:20,6,6,9,12.4,0.03,0.14,0.04,18.2,178,140,258,343.0,2,0,0,100
17:55:20,6,6,9,12.4,0.03,0.14,0.04,18.2,178,140,258,343.0,2,0,0,100
17:55:20,6,6,9,12.4,0.03,0.14,0.04,18.3,178,140,258,343.0,2,0,0,100
17:55:20,6,6,9,12.4,0.03,0.14,0.04,18.0,178,140,258,343.0,0,0,0,100
17:55:20,6,6,9,12.4,0.03,0.14,0.04,18.2,178,140,258,343.0,0,0,0,100
17:55:20,6,6,9,12.4,0.03,0.14,0.04,18.2,178,140,258,343.0,0,0,0,100
17:55:20,6,6,9,12.4,0.03,0.14,0.04,18.2,178,140,258,343.0,0,0,0,100
17:55:21,6,6,9,12.4,0.03,0.14,0.04,18.2,178,140,258,343.0,0,0,0,100
17:55:21,8,5,3,9.9,0.06,0.13,0.03,18.4,238,130,121,297.0,0,0,0,100
17:55:21,8,5,3,9.9,0.06,0.13,0.03,18.2,238,130,121,297.0,0,0,0,100
17:55:21,8,5,3,9.9,0.06,0.13,0.03,17.9,238,130,121,297.0,0,0,0,100
17:55:21,8,5,3,9.9,0.06,0.13,0.03,18.2,238,130,121,297.0,0,0,0,100
17:55:21,8,5,3,9.9,0.06,0.13,0.03,18.0,238,130,121,297.0,0,0,0,100
17:55:21,8,5,3,9.9,0.06,0.13,0.03,18.3,238,130,121,297.0,0,0,2,100
17:55:21,8,5,3,9.9,0.06,0.13,0.03,18.0,238,130,121,297.0,0,0,2,100
17:55:21,8,5,3,9.9,0.06,0.13,0.03,17.9,238,130,121,297.0,0,0,2,100
17:55:21,8,5,3,9.9,0.06,0.13,0.03,18.2,238,130,121,297.0,0,0,2,100
17:55:22,8,5,3,9.9,0.06,0.13,0.03,18.2,238,130,121,297.0,0,0,2,100
17:55:22,6,3,7,9.7,0.1,0.23,0.09,18.2,176,94,184,271.0,0,0,2,100
17:55:22,6,3,7,9.7,0.1,0.23,0.09,18.2,176,94,184,271.0,0,0,2,100
17:55:22,6,3,7,9.7,0.1,0.23,0.09,18.2,176,94,184,271.0,0,0,2,100
17:55:22,6,3,7,9.7,0.1,0.23,0.09,18.0,176,94,184,271.0,0,0,2,100
17:55:22,6,3,7,9.7,0.1,0.23,0.09,18.2,176,94,184,271.0,0,0,2,100
17:55:22,6,3,7,9.7,0.1,0.23,0.09,18.2,176,94,184,271.0,1,0,0,100
17:55:22,6,3,7,9.7,0.1,0.23,0.09,18.2,176,94,184,271.0,1,0,0,100
17:55:22,6,3,7,9.7,0.1,0.23,0.09,18.2,176,94,184,271.0,1,0,0,100
17:55:22,6,3,7,9.7,0.1,0.23,0.09,18.2,176,94,184,271.0,1,0,0,100
17:55:23,6,3,7,9.7,0.1,0.23,0.09,18.4,176,94,184,271.0,1,0,0,100
17:55:23,5,3,6,8.4,0.07,0.2,0.08,17.9,153,69,177,244.0,1,0,0,100
17:55:23,5,3,6,8.4,0.07,0.2,0.08,18.4,153,69,177,244.0,1,0,0,100
17:55:23,5,3,6,8.4,0.07,0.2,0.08,18.2,153,69,177,244.0,1,0,0,100
17:55:23,5,3,6,8.4,0.07,0.2,0.08,18.1,153,69,177,244.0,1,0,0,100
17:55:23,5,3,6,8.4,0.07,0.2,0.08,18.0,153,69,177,244.0,1,0,0,100
17:55:23,5,3,6,8.4,0.07,0.2,0.08,18.1,153,69,177,244.0,0,0,0,100
17:55:23,5,3,6,8.4,0.07,0.2,0.08,18.4,153,69,177,244.0,0,0,0,100
17:55:23,5,3,6,8.4,0.07,0.2,0.08,18.2,153,69,177,244.0,0,0,0,100
17:55:23,5,3,6,8.4,0.07,0.2,0.08,18.1,153,69,177,244.0,0,0,0,100
17:55:24,5,3,6,8.4,0.07,0.2,0.08,18.2,153,69,177,244.0,0,0,0,100
17:55:24,5,3,8,9.9,0.07,0.2,0.07,18.4,133,51,140,200.0,0,0,0,100
17:55:24,5,3,8,9.9,0.07,0.2,0.07,18.2,133,51,140,200.0,0,0,0,100
17:55:24,5,3,8,9.9,0.07,0.2,0.07,18.2,133,51,140,200.0,0,0,0,100
17:55:24,5,3,8,9.9,0.07,0.2,0.07,18.4,133,51,140,200.0,0,0,0,100
17:55:24,5,3,8,9.9,0.07,0.2,0.07,18.0,133,51,140,200.0,0,0,0,100
17:55:24,5,3,8,9.9,0.07,0.2,0.07,18.3,133,51,140,200.0,1,0,0,100
17:55:24,5,3,8,9.9,0.07,0.2,0.07,18.2,133,51,140,200.0,1,0,0,100
17:55:24,5,3,8,9.9,0.07,0.2,0.07,18.3,133,51,140,200.0,1,0,0,100
17:55:24,5,3,8,9.9,0.07,0.2,0.07,18.3,133,51,140,200.0,1,0,0,100
17:55:25,5,3,8,9.9,0.07,0.2,0.07,18.4,133,51,140,200.0,1,0,0,100
17:55:25,6,3,6,9.0,0.08,0.16,0.05,18.2,163,102,162,251.0,1,0,0,100
17:55:25,6,3,6,9.0,0.08,0.16,0.05,18.2,163,102,162,251.0,1,0,0,100
17:55:25,6,3,6,9.0,0.08,0.16,0.05,18.0,163,102,162,251.0,1,0,0,100
17:55:25,6,3,6,9.0,0.08,0.16,0.05,18.2,163,102,162,251.0,1,0,0,100
17:55:25,6,3,6,9.0,0.08,0.16,0.05,18.2,163,102,162,251.0,1,0,0,100
17:55:25,6,3,6,9.0,0.08,0.16,0.05,18.2,163,102,162,251.0,0,0,0,100
17:55:25,6,3,6,9.0,0.08,0.16,0.05,18.2,163,102,162,251.0,0,0,0,100
17:55:25,6,3,6,9.0,0.08,0.16,0.05,18.2,163,102,162,251.0,0,0,0,100
17:55:25,6,3,6,9.0,0.08,0.16,0.05,18.2,163,102,162,251.0,0,0,0,100
17:55:26,6,3,6,9.0,0.08,0.16,0.05,18.2,163,102,162,251.0,0,0,0,100
17:55:26,8,5,4,10.2,0.08,0.11,0.07,18.1,217,137,130,288.0,0,0,0,100
17:55:26,8,5,4,10.2,0.08,0.11,0.07,18.4,217,137,130,288.0,0,0,0,100
17:55:26,8,5,4,10.2,0.08,0.11,0.07,18.2,217,137,130,288.0,0,0,0,100
17:55:26,8,5,4,10.2,0.08,0.11,0.07,18.2,217,137,130,288.0,0,0,0,100
17:55:26,8,5,4,10.2,0.08,0.11,0.07,18.3,217,137,130,288.0,0,0,0,100
17:55:26,8,5,4,10.2,0.08,0.11,0.07,18.1,217,137,130,288.0,0,0,2,100
17:55:26,8,5,4,10.2,0.08,0.11,0.07,18.4,217,137,130,288.0,0,0,2,100
17:55:26,8,5,4,10.2,0.08,0.11,0.07,18.4,217,137,130,288.0,0,0,2,100
17:55:26,8,5,4,10.2,0.08,0.11,0.07,18.2,217,137,130,288.0,0,0,2,100
17:55:27,8,5,4,10.2,0.08,0.11,0.07,18.2,217,137,130,288.0,0,0,2,100
17:55:27,8,5,4,10.2,0.08,0.11,0.07,18.1,217,137,130,288.0,0,0,2,100
17:55:27,6,4,9,11.5,0.07,0.14,0.06,17.9,181,139,242,333.0,0,0,2,100
17:55:27,6,4,9,11.5,0.07,0.14,0.06,18.2,181,139,242,333.0,0,0,2,100
17:55:27,6,4,9,11.5,0.07,0.14,0.06,18.2,181,139,242,333.0,0,0,2,100
17:55:27,6,4,9,11.5,0.07,0.14,0.06,18.4,181,139,242,333.0,0,0,2,100
17:55:27,6,4,9,11.5,0.07,0.14,0.06,18.2,181,139,242,333.0,2,0,0,100
17:55:27,6,4,9,11.5,0.07,0.14,0.06,18.2,181,139,242,333.0,2,0,0,100
17:55:27,6,4,9,11.5,0.07,0.14,0.06,18.1,181,139,242,333.0,2,0,0,100
17:55:27,6,4,9,11.5,0.07,0.14,0.06,18.2,181,139,242,333.0,2,0,0,100
17:55:28,6,4,9,11.5,0.07,0.14,0.06,18.2,181,139,242,333.0,2,0,0,100
17:55:28,6,4,9,11.5,0.07,0.14,0.06,18.3,181,139,242,333.0,2,0,0,100
17:55:28,6,5,8,11.2,0.05,0.12,0.09,18.2,178,144,256,343.0,2,0,0,100
17:55:28,6,5,8,11.2,0.05,0.12,0.09,18.1,178,144,256,343.0,2,0,0,100
17:55:28,6,5,8,11.2,0.05,0.12,0.09,18.2,178,144,256,343.0,2,0,0,100
17:55:28,6,5,8,11.2,0.05,0.12,0.09,18.4,178,144,256,343.0,2,0,0,100
17:55:28,6,5,8,11.2,0.05,0.12,0.09,18.2,178,144,256,343.0,0,0,0,100
17:55:28,6,5,8,11.2,0.05,0.12,0.09,18.2,178,144,256,343.0,0,0,0,100
17:55:28,6,5,8,11.2,0.05,0.12,0.09,18.1,178,144,256,343.0,0,0,0,100
17:55:29,6,5,8,11.2,0.05,0.12,0.09,18.2,178,144,256,343.0,0,0,0,100
17:55:29,6,5,8,11.2,0.05,0.12,0.09,18.2,178,144,256,343.0,0,0,0,100
17:55:29,6,5,8,11.2,0.05,0.12,0.09,18.2,178,144,256,343.0,0,0,0,100
17:55:29,9,5,4,11.0,0.13,0.19,0.07,17.9,249,128,105,299.0,0,0,0,100
17:55:29,9,5,4,11.0,0.13,0.19,0.07,18.2,249,128,105,299.0,0,0,0,100
17:55:29,9,5,4,11.0,0.13,0.19,0.07,18.2,249,128,105,299.0,0,0,0,100
17:55:29,9,5,4,11.0,0.13,0.19,0.07,18.1,249,128,105,299.0,0,0,0,100
17:55:29,9,5,4,11.0,0.13,0.19,0.07,18.1,249,128,105,299.0,0,0,1,100
17:55:29,9,5,4,11.0,0.13,0.19,0.07,18.0,249,128,105,299.0,0,0,1,100
17:55:29,9,5,4,11.0,0.13,0.19,0.07,18.5,249,128,105,299.0,0,0,1,100
17:55:30,9,5,4,11.0,0.13,0.19,0.07,18.0,249,128,105,299.0,0,0,1,100
17:55:30,9,5,4,11.0,0.13,0.19,0.07,18.2,249,128,105,299.0,0,0,1,100
17:55:30,9,5,4,11.0,0.13,0.19,0.07,18.4,249,128,105,299.0,0,0,1,100
17:55:30,7,3,6,9.7,0.06,0.17,0.04,18.2,169,86,179,261.0,0,0,1,100
17:55:30,7,3,6,9.7,0.06,0.17,0.04,18.5,169,86,179,261.0,0,0,1,100
17:55:30,7,3,6,9.7,0.06,0.17,0.04,18.4,169,86,179,261.0,0,0,1,100
17:55:30,7,3,6,9.7,0.06,0.17,0.04,18.4,169,86,179,261.0,0,0,1,100
17:55:30,7,3,6,9.7,0.06,0.17,0.04,18.2,169,86,179,261.0,1,0,0,100
17:55:30,7,3,6,9.7,0.06,0.17,0.04,18.2,169,86,179,261.0,1,0,0,100
17:55:30,7,3,6,9.7,0.06,0.17,0.04,18.2,169,86,179,261.0,1,0,0,100
17:55:31,7,3,6,9.7,0.06,0.17,0.04,18.2,169,86,179,261.0,1,0,0,100
17:55:31,7,3,6,9.7,0.06,0.17,0.04,18.3,169,86,179,261.0,1,0,0,100
17:55:31,7,3,6,9.7,0.06,0.17,0.04,18.2,169,86,179,261.0,1,0,0,100
17:55:31,7,3,7,10.3,0.04,0.26,0.05,18.2,182,37,142,234.0,1,0,0,100
17:55:31,7,3,7,10.3,0.04,0.26,0.05,18.3,182,37,142,234.0,1,0,0,100
17:55:31,7,3,7,10.3,0.04,0.26,0.05,18.2,182,37,142,234.0,1,0,0,100
17:55:31,7,3,7,10.3,0.04,0.26,0.05,18.2,182,37,142,234.0,1,0,0,100
17:55:31,7,3,7,10.3,0.04,0.26,0.05,18.4,182,37,142,234.0,0,2,2,100
17:55:31,7,3,7,10.3,0.04,0.26,0.05,18.2,182,37,142,234.0,0,2,2,100
17:55:31,7,3,7,10.3,0.04,0.26,0.05,18.4,182,37,142,234.0,0,2,2,100
17:55:32,7,3,7,10.3,0.04,0.26,0.05,18.2,182,37,142,234.0,0,2,2,100
17:55:32,7,3,7,10.3,0.04,0.26,0.05,18.2,182,37,142,234.0,0,2,2,100
17:55:32,7,3,7,10.3,0.04,0.26,0.05,18.2,182,37,142,234.0,0,2,2,100
17:55:32,5,3,6,8.4,0.06,0.16,0.05,18.2,140,70,163,226.0,0,2,2,100
17:55:32,5,3,6,8.4,0.06,0.16,0.05,18.2,140,70,163,226.0,0,2,2,100
17:55:32,5,3,6,8.4,0.06,0.16,0.05,18.3,140,70,163,226.0,0,2,2,100
17:55:32,5,3,6,8.4,0.06,0.16,0.05,18.1,140,70,163,226.0,0,2,2,100
17:55:32,5,3,6,8.4,0.06,0.16,0.05,18.3,140,70,163,226.0,4,0,0,100
17:55:32,5,3,6,8.4,0.06,0.16,0.05,18.0,140,70,163,226.0,4,0,0,100
17:55:32,5,3,6,8.4,0.06,0.16,0.05,18.2,140,70,163,226.0,4,0,0,100
17:55:33,5,3,6,8.4,0.06,0.16,0.05,18.2,140,70,163,226.0,4,0,0,100
17:55:33,5,3,6,8.4,0.06,0.16,0.05,18.2,140,70,163,226.0,4,0,0,100
17:55:33,5,3,6,8.4,0.06,0.16,0.05,18.2,140,70,163,226.0,4,0,0,100
17:55:33,9,6,8,13.5,0.09,0.36,0.08,18.3,244,143,222,360.0,4,0,0,100
17:55:33,9,6,8,13.5,0.09,0.36,0.08,18.4,244,143,222,360.0,4,0,0,100
17:55:33,9,6,8,13.5,0.09,0.36,0.08,18.4,244,143,222,360.0,4,0,0,100
17:55:33,9,6,8,13.5,0.09,0.36,0.08,18.2,244,143,222,360.0,4,0,0,100
17:55:33,9,6,8,13.5,0.09,0.36,0.08,18.2,244,143,222,360.0,0,0,0,100
17:55:33,9,6,8,13.5,0.09,0.36,0.08,18.2,244,143,222,360.0,0,0,0,100
17:55:33,9,6,8,13.5,0.09,0.36,0.08,18.2,244,143,222,360.0,0,0,0,100
17:55:34,9,6,8,13.5,0.09,0.36,0.08,18.2,244,143,222,360.0,0,0,0,100
17:55:34,9,6,8,13.5,0.09,0.36,0.08,18.1,244,143,222,360.0,0,0,0,100
17:55:34,9,6,8,13.5,0.09,0.36,0.08,18.2,244,143,222,360.0,0,0,0,100
17:55:34,9,5,5,11.4,0.07,0.19,0.04,18.2,252,147,144,325.0,0,0,0,100
17:55:34,9,5,5,11.4,0.07,0.19,0.04,18.2,252,147,144,325.0,0,0,0,100
17:55:34,9,5,5,11.4,0.07,0.19,0.04,18.2,252,147,144,325.0,0,0,0,100
17:55:34,9,5,5,11.4,0.07,0.19,0.04,18.2,252,147,144,325.0,0,0,0,100
17:55:34,9,5,5,11.4,0.07,0.19,0.04,18.2,252,147,144,325.0,0,0,0,100
17:55:34,9,5,5,11.4,0.07,0.19,0.04,18.2,252,147,144,325.0,0,0,0,100
17:55:34,9,5,5,11.4,0.07,0.19,0.04,18.1,252,147,144,325.0,0,0,0,100
17:55:35,9,5,5,11.4,0.07,0.19,0.04,18.3,252,147,144,325.0,0,0,0,100
17:55:35,9,5,5,11.4,0.07,0.19,0.04,18.2,252,147,144,325.0,0,0,0,100
17:55:35,9,5,5,11.4,0.07,0.19,0.04,18.3,252,147,144,325.0,0,0,0,100
17:55:35,8,5,9,13.0,0.04,0.15,0.09,18.2,177,137,239,327.0,0,0,0,100
17:55:35,8,5,9,13.0,0.04,0.15,0.09,18.2,177,137,239,327.0,0,0,0,100
17:55:35,8,5,9,13.0,0.04,0.15,0.09,18.4,177,137,239,327.0,0,0,0,100
17:55:35,8,5,9,13.0,0.04,0.15,0.09,18.3,177,137,239,327.0,0,0,0,100
17:55:35,8,5,9,13.0,0.04,0.15,0.09,18.0,177,137,239,327.0,3,0,0,100
17:55:35,8,5,9,13.0,0.04,0.15,0.09,18.0,177,137,239,327.0,3,0,0,100
17:55:35,8,5,9,13.0,0.04,0.15,0.09,18.2,177,137,239,327.0,3,0,0,100
17:55:36,8,5,9,13.0,0.04,0.15,0.09,18.2,177,137,239,327.0,3,0,0,100
17:55:36,8,5,9,13.0,0.04,0.15,0.09,18.2,177,137,239,327.0,3,0,0,100
17:55:36,8,5,9,13.0,0.04,0.15,0.09,18.2,177,137,239,327.0,3,0,0,100
17:55:36,6,4,8,10.8,0.06,0.14,0.09,18.3,186,132,224,320.0,3,0,0,100
17:55:36,6,4,8,10.8,0.06,0.14,0.09,18.1,186,132,224,320.0,3,0,0,100
17:55:36,6,4,8,10.8,0.06,0.14,0.09,18.2,186,132,224,320.0,3,0,0,100
17:55:36,6,4,8,10.8,0.06,0.14,0.09,18.1,186,132,224,320.0,3,0,0,100
17:55:36,6,4,8,10.8,0.06,0.14,0.09,18.3,186,132,224,320.0,0,0,1,100
17:55:36,6,4,8,10.8,0.06,0.14,0.09,18.1,186,132,224,320.0,0,0,1,100
17:55:36,6,4,8,10.8,0.06,0.14,0.09,18.2,186,132,224,320.0,0,0,1,100
17:55:37,6,4,8,10.8,0.06,0.14,0.09,18.3,186,132,224,320.0,0,0,1,100
17:55:37,6,4,8,10.8,0.06,0.14,0.09,18.4,186,132,224,320.0,0,0,1,100
17:55:37,6,4,8,10.8,0.06,0.14,0.09,18.2,186,132,224,320.0,0,0,1,100
17:55:37,7,3,4,8.6,0.09,0.15,0.07,18.4,195,89,118,245.0,0,0,1,100
17:55:37,7,3,4,8.6,0.09,0.15,0.07,18.2,195,89,118,245.0,0,0,1,100
17:55:37,7,3,4,8.6,0.09,0.15,0.07,18.2,195,89,118,245.0,0,0,1,100
17:55:37,7,3,4,8.6,0.09,0.15,0.07,18.2,195,89,118,245.0,0,0,1,100
17:55:37,7,3,4,8.6,0.09,0.15,0.07,17.9,195,89,118,245.0,0,0,0,100
17:55:37,7,3,4,8.6,0.09,0.15,0.07,18.0,195,89,118,245.0,0,0,0,100
17:55:37,7,3,4,8.6,0.09,0.15,0.07,18.2,195,89,118,245.0,0,0,0,100
17:55:38,7,3,4,8.6,0.09,0.15,0.07,18.1,195,89,118,245.0,0,0,0,100
17:55:38,7,3,4,8.6,0.09,0.15,0.07,18.2,195,89,118,245.0,0,0,0,100
17:55:38,7,3,4,8.6,0.09,0.15,0.07,18.2,195,89,118,245.0,0,0,0,100
17:55:38,3,1,5,5.9,0.05,0.1,0.03,18.2,89,48,133,167.0,0,0,0,100
17:55:38,3,1,5,5.9,0.05,0.1,0.03,18.4,89,48,133,167.0,0,0,0,100
17:55:38,3,1,5,5.9,0.05,0.1,0.03,18.2,89,48,133,167.0,0,0,0,100
17:55:38,3,1,5,5.9,0.05,0.1,0.03,18.3,89,48,133,167.0,0,0,0,100
17:55:38,3,1,5,5.9,0.05,0.1,0.03,18.4,89,48,133,167.0,1,1,0,100
17:55:38,3,1,5,5.9,0.05,0.1,0.03,18.2,89,48,133,167.0,1,1,0,100
17:55:39,3,1,5,5.9,0.05,0.1,0.03,18.2,89,48,133,167.0,1,1,0,100
17:55:39,3,1,5,5.9,0.05,0.1,0.03,18.2,89,48,133,167.0,1,1,0,100
17:55:39,3,1,5,5.9,0.05,0.1,0.03,18.4,89,48,133,167.0,1,1,0,100
17:55:39,3,1,5,5.9,0.05,0.1,0.03,18.1,89,48,133,167.0,1,1,0,100
17:55:39,6,2,4,7.5,0.06,0.15,0.08,18.2,166,56,93,198.0,1,1,0,100
17:55:39,6,2,4,7.5,0.06,0.15,0.08,18.1,166,56,93,198.0,1,1,0,100
17:55:39,6,2,4,7.5,0.06,0.15,0.08,18.4,166,56,93,198.0,1,1,0,100
17:55:39,6,2,4,7.5,0.06,0.15,0.08,18.4,166,56,93,198.0,1,1,0,100
17:55:39,6,2,4,7.5,0.06,0.15,0.08,17.9,166,56,93,198.0,0,0,0,100
17:55:39,6,2,4,7.5,0.06,0.15,0.08,18.2,166,56,93,198.0,0,0,0,100
17:55:39,6,2,4,7.5,0.06,0.15,0.08,18.3,166,56,93,198.0,0,0,0,100
17:55:40,6,2,4,7.5,0.06,0.15,0.08,18.1,166,56,93,198.0,0,0,0,100
17:55:40,6,2,4,7.5,0.06,0.15,0.08,18.2,166,56,93,198.0,0,0,0,100
17:55:40,6,2,4,7.5,0.06,0.15,0.08,18.2,166,56,93,198.0,0,0,0,100
17:55:40,4,4,6,8.2,0.04,0.13,0.09,18.2,120,106,188,247.0,0,0,0,100
17:55:40,4,4,6,8.2,0.04,0.13,0.09,18.0,120,106,188,247.0,0,0,0,100
17:55:40,4,4,6,8.2,0.04,0.13,0.09,18.2,120,106,188,247.0,0,0,0,100
17:55:40,4,4,6,8.2,0.04,0.13,0.09,18.2,120,106,188,247.0,0,0,0,100
17:55:40,4,4,6,8.2,0.04,0.13,0.09,18.1,120,106,188,247.0,2,0,0,100
17:55:40,4,4,6,8.2,0.04,0.13,0.09,18.2,120,106,188,247.0,2,0,0,100
17:55:41,4,4,6,8.2,0.04,0.13,0.09,18.0,120,106,188,247.0,2,0,0,100
17:55:41,4,4,6,8.2,0.04,0.13,0.09,18.4,120,106,188,247.0,2,0,0,100
17:55:41,4,4,6,8.2,0.04,0.13,0.09,18.4,120,106,188,247.0,2,0,0,100
17:55:41,4,4,6,8.2,0.04,0.13,0.09,18.2,120,106,188,247.0,2,0,0,100
17:55:41,8,5,6,11.2,0.07,0.15,0.04,18.1,235,139,184,329.0,2,0,0,100
17:55:41,8,5,6,11.2,0.07,0.15,0.04,18.2,235,139,184,329.0,2,0,0,100
17:55:41,8,5,6,11.2,0.07,0.15,0.04,18.1,235,139,184,329.0,2,0,0,100
17:55:41,8,5,6,11.2,0.07,0.15,0.04,18.3,235,139,184,329.0,2,0,0,100
17:55:41,8,5,6,11.2,0.07,0.15,0.04,18.2,235,139,184,329.0,0,0,3,100
17:55:41,8,5,6,11.2,0.07,0.15,0.04,18.2,235,139,184,329.0,0,0,3,100
17:55:42,8,5,6,11.2,0.07,0.15,0.04,18.3,235,139,184,329.0,0,0,3,100
17:55:42,8,5,6,11.2,0.07,0.15,0.04,18.2,235,139,184,329.0,0,0,3,100
17:55:42,8,5,6,11.2,0.07,0.15,0.04,18.4,235,139,184,329.0,0,0,3,100
17:55:42,8,5,6,11.2,0.07,0.15,0.04,18.2,235,139,184,329.0,0,0,3,100
17:55:42,9,6,6,12.4,0.08,0.26,0.06,18.0,239,140,171,326.0,0,0,3,100
17:55:42,9,6,6,12.4,0.08,0.26,0.06,18.2,239,140,171,326.0,0,0,3,100
17:55:42,9,6,6,12.4,0.08,0.26,0.06,18.0,239,140,171,326.0,0,0,3,100
17:55:42,9,6,6,12.4,0.08,0.26,0.06,18.2,239,140,171,326.0,0,0,3,100
17:55:42,9,6,6,12.4,0.08,0.26,0.06,18.4,239,140,171,326.0,0,0,0,100
17:55:42,9,6,6,12.4,0.08,0.26,0.06,18.2,239,140,171,326.0,0,0,0,100
17:55:43,9,6,6,12.4,0.08,0.26,0.06,18.3,239,140,171,326.0,0,0,0,100
17:55:43,9,6,6,12.4,0.08,0.26,0.06,18.3,239,140,171,326.0,0,0,0,100
17:55:43,9,6,6,12.4,0.08,0.26,0.06,18.2,239,140,171,326.0,0,0,0,100
17:55:43,9,6,6,12.4,0.08,0.26,0.06,18.2,239,140,171,326.0,0,0,0,100
17:55:43,5,5,10,12.2,0.05,0.15,0.06,18.2,150,133,242,314.0,0,0,0,100
17:55:43,5,5,10,12.2,0.05,0.15,0.06,18.4,150,133,242,314.0,0,0,0,100
17:55:43,5,5,10,12.2,0.05,0.15,0.06,18.3,150,133,242,314.0,0,0,0,100
17:55:43,5,5,10,12.2,0.05,0.15,0.06,18.2,150,133,242,314.0,0,0,0,100
17:55:43,5,5,10,12.2,0.05,0.15,0.06,18.2,150,133,242,314.0,2,0,0,100
17:55:43,5,5,10,12.2,0.05,0.15,0.06,18.2,150,133,242,314.0,2,0,0,100
17:55:44,5,5,10,12.2,0.05,0.15,0.06,18.2,150,133,242,314.0,2,0,0,100
17:55:44,5,5,10,12.2,0.05,0.15,0.06,18.2,150,133,242,314.0,2,0,0,100
17:55:44,5,5,10,12.2,0.05,0.15,0.06,18.2,150,133,242,314.0,2,0,0,100
17:55:44,5,5,10,12.2,0.05,0.15,0.06,18.2,150,133,242,314.0,2,0,0,100
17:55:44,7,4,6,10.0,0.05,0.13,0.08,18.2,206,120,213,320.0,2,0,0,100
17:55:44,7,4,6,10.0,0.05,0.13,0.08,18.2,206,120,213,320.0,2,0,0,100
17:55:44,7,4,6,10.0,0.05,0.13,0.08,18.2,206,120,213,320.0,2,0,0,100
17:55:44,7,4,6,10.0,0.05,0.13,0.08,18.2,206,120,213,320.0,2,0,0,100
17:55:44,7,4,6,10.0,0.05,0.13,0.08,18.3,206,120,213,320.0,0,0,2,100
17:55:44,7,4,6,10.0,0.05,0.13,0.08,18.3,206,120,213,320.0,0,0,2,100
17:55:45,7,4,6,10.0,0.05,0.13,0.08,18.2,206,120,213,320.0,0,0,2,100
17:55:45,7,4,6,10.0,0.05,0.13,0.08,18.2,206,120,213,320.0,0,0,2,100
17:55:45,7,4,6,10.0,0.05,0.13,0.08,18.2,206,120,213,320.0,0,0,2,100
17:55:45,7,4,6,10.0,0.05,0.13,0.08,18.2,206,120,213,320.0,0,0,2,100
17:55:45,5,2,4,6.7,0.07,0.12,0.05,18.2,162,66,131,219.0,0,0,2,100
17:55:45,5,2,4,6.7,0.07,0.12,0.05,18.2,162,66,131,219.0,0,0,2,100
17:55:45,5,2,4,6.7,0.07,0.12,0.05,18.2,162,66,131,219.0,0,0,2,100
17:55:45,5,2,4,6.7,0.07,0.12,0.05,18.2,162,66,131,219.0,0,0,2,100
17:55:45,5,2,4,6.7,0.07,0.12,0.05,18.2,162,66,131,219.0,0,1,0,100
17:55:45,5,2,4,6.7,0.07,0.12,0.05,18.0,162,66,131,219.0,0,1,0,100
17:55:46,5,2,4,6.7,0.07,0.12,0.05,18.3,162,66,131,219.0,0,1,0,100
17:55:46,5,2,4,6.7,0.07,0.12,0.05,18.2,162,66,131,219.0,0,1,0,100
17:55:46,5,2,4,6.7,0.07,0.12,0.05,18.0,162,66,131,219.0,0,1,0,100
17:55:46,5,2,4,6.7,0.07,0.12,0.05,18.2,162,66,131,219.0,0,1,0,100
17:55:46,5,1,5,7.1,0.06,0.12,0.05,18.4,142,40,144,206.0,0,1,0,100
17:55:46,5,1,5,7.1,0.06,0.12,0.05,18.3,142,40,144,206.0,0,1,0,100
17:55:46,5,1,5,7.1,0.06,0.12,0.05,18.2,142,40,144,206.0,0,1,0,100
17:55:46,5,1,5,7.1,0.06,0.12,0.05,18.2,142,40,144,206.0,0,1,0,100
17:55:46,5,1,5,7.1,0.06,0.12,0.05,18.3,142,40,144,206.0,0,0,2,100
17:55:46,5,1,5,7.1,0.06,0.12,0.05,18.1,142,40,144,206.0,0,0,2,100
17:55:47,5,1,5,7.1,0.06,0.12,0.05,18.2,142,40,144,206.0,0,0,2,100
17:55:47,5,1,5,7.1,0.06,0.12,0.05,18.2,142,40,144,206.0,0,0,2,100
17:55:47,5,1,5,7.1,0.06,0.12,0.05,18.2,142,40,144,206.0,0,0,2,100
17:55:47,5,1,5,7.1,0.06,0.12,0.05,18.2,142,40,144,206.0,0,0,2,100
17:55:47,6,3,5,8.4,0.03,0.15,0.04,18.2,170,83,150,241.0,0,0,2,100
17:55:47,6,3,5,8.4,0.03,0.15,0.04,18.4,170,83,150,241.0,0,0,2,100
17:55:47,6,3,5,8.4,0.03,0.15,0.04,18.2,170,83,150,241.0,0,0,2,100
17:55:47,6,3,5,8.4,0.03,0.15,0.04,18.2,170,83,150,241.0,0,0,2,100
17:55:47,6,3,5,8.4,0.03,0.15,0.04,18.2,170,83,150,241.0,0,0,0,100
17:55:47,6,3,5,8.4,0.03,0.15,0.04,18.2,170,83,150,241.0,0,0,0,100
17:55:48,6,3,5,8.4,0.03,0.15,0.04,18.2,170,83,150,241.0,0,0,0,100
17:55:48,6,3,5,8.4,0.03,0.15,0.04,18.2,170,83,150,241.0,0,0,0,100
17:55:48,6,3,5,8.4,0.03,0.15,0.04,18.1,170,83,150,241.0,0,0,0,100
17:55:48,6,3,5,8.4,0.03,0.15,0.04,18.1,170,83,150,241.0,0,0,0,100
17:55:48,6,6,10,13.1,0.04,0.3,0.06,18.2,134,146,234,307.0,0,0,0,100
17:55:48,6,6,10,13.1,0.04,0.3,0.06,18.2,134,146,234,307.0,0,0,0,100
17:55:48,6,6,10,13.1,0.04,0.3,0.06,18.2,134,146,234,307.0,0,0,0,100
17:55:48,6,6,10,13.1,0.04,0.3,0.06,18.2,134,146,234,307.0,0,0,0,100
17:55:48,6,6,10,13.1,0.04,0.3,0.06,18.2,134,146,234,307.0,2,0,0,100
17:55:48,6,6,10,13.1,0.04,0.3,0.06,18.2,134,146,234,307.0,2,0,0,100
17:55:49,6,6,10,13.1,0.04,0.3,0.06,18.2,134,146,234,307.0,2,0,0,100
17:55:49,6,6,10,13.1,0.04,0.3,0.06,18.2,134,146,234,307.0,2,0,0,100
17:55:49,6,6,10,13.1,0.04,0.3,0.06,18.1,134,146,234,307.0,2,0,0,100
17:55:49,6,6,10,13.1,0.04,0.3,0.06,18.3,134,146,234,307.0,2,0,0,100
17:55:49,10,5,7,13.2,0.03,0.28,0.04,18.4,266,152,202,367.0,2,0,0,100
17:55:49,10,5,7,13.2,0.03,0.28,0.04,18.1,266,152,202,367.0,2,0,0,100
17:55:49,10,5,7,13.2,0.03,0.28,0.04,18.3,266,152,202,367.0,2,0,0,100
17:55:49,10,5,7,13.2,0.03,0.28,0.04,18.0,266,152,202,367.0,2,0,0,100
17:55:49,10,5,7,13.2,0.03,0.28,0.04,17.9,266,152,202,367.0,0,0,1,100
17:55:49,10,5,7,13.2,0.03,0.28,0.04,18.0,266,152,202,367.0,0,0,1,100
17:55:50,10,5,7,13.2,0.03,0.28,0.04,18.2,266,152,202,367.0,0,0,1,100
17:55:50,10,5,7,13.2,0.03,0.28,0.04,18.2,266,152,202,367.0,0,0,1,100
17:55:50,10,5,7,13.2,0.03,0.28,0.04,18.3,266,152,202,367.0,0,0,1,100
17:55:50,10,5,7,13.2,0.03,0.28,0.04,18.4,266,152,202,367.0,0,0,1,100
17:55:50,8,4,6,10.8,0.04,0.11,0.04,18.1,243,134,189,336.0,0,0,1,100
17:55:50,8,4,6,10.8,0.04,0.11,0.04,18.1,243,134,189,336.0,0,0,1,100
17:55:50,8,4,6,10.8,0.04,0.11,0.04,18.2,243,134,189,336.0,0,0,1,100
17:55:50,8,4,6,10.8,0.04,0.11,0.04,18.4,243,134,189,336.0,0,0,1,100
17:55:50,8,4,6,10.8,0.04,0.11,0.04,18.4,243,134,189,336.0,0,0,0,100
17:55:50,8,4,6,10.8,0.04,0.11,0.04,18.2,243,134,189,336.0,0,0,0,100
17:55:51,8,4,6,10.8,0.04,0.11,0.04,18.2,243,134,189,336.0,0,0,0,100
17:55:51,8,4,6,10.8,0.04,0.11,0.04,18.1,243,134,189,336.0,0,0,0,100
17:55:51,8,4,6,10.8,0.04,0.11,0.04,18.0,243,134,189,336.0,0,0,0,100
17:55:51,8,4,6,10.8,0.04,0.11,0.04,18.2,243,134,189,336.0,0,0,0,100
17:55:51,5,5,9,11.4,0.03,0.15,0.03,18.0,109,121,205,262.0,0,0,0,100
17:55:51,5,5,9,11.4,0.03,0.15,0.03,18.2,109,121,205,262.0,0,0,0,100
17:55:51,5,5,9,11.4,0.03,0.15,0.03,18.2,109,121,205,262.0,0,0,0,100
17:55:51,5,5,9,11.4,0.03,0.15,0.03,18.1,109,121,205,262.0,0,0,0,100
17:55:51,5,5,9,11.4,0.03,0.15,0.03,18.3,109,121,205,262.0,2,0,0,100
17:55:51,5,5,9,11.4,0.03,0.15,0.03,17.9,109,121,205,262.0,2,0,0,100
17:55:52,5,5,9,11.4,0.03,0.15,0.03,18.4,109,121,205,262.0,2,0,0,100
17:55:52,5,5,9,11.4,0.03,0.15,0.03,18.0,109,121,205,262.0,2,0,0,100
17:55:52,5,5,9,11.4,0.03,0.15,0.03,18.2,109,121,205,262.0,2,0,0,100
17:55:52,5,5,9,11.4,0.03,0.15,0.03,18.3,109,121,205,262.0,2,0,0,100
17:55:52,6,3,5,8.4,0.07,0.19,0.1,18.2,173,77,152,243.0,2,0,0,100
17:55:52,6,3,5,8.4,0.07,0.19,0.1,18.2,173,77,152,243.0,2,0,0,100
17:55:52,6,3,5,8.4,0.07,0.19,0.1,18.2,173,77,152,243.0,2,0,0,100
17:55:52,6,3,5,8.4,0.07,0.19,0.1,18.4,173,77,152,243.0,2,0,0,100
17:55:52,6,3,5,8.4,0.07,0.19,0.1,18.4,173,77,152,243.0,0,0,1,100
17:55:52,6,3,5,8.4,0.07,0.19,0.1,18.2,173,77,152,243.0,0,0,1,100
17:55:53,6,3,5,8.4,0.07,0.19,0.1,18.3,173,77,152,243.0,0,0,1,100
17:55:53,6,3,5,8.4,0.07,0.19,0.1,18.2,173,77,152,243.0,0,0,1,100
17:55:53,6,3,5,8.4,0.07,0.19,0.1,18.2,173,77,152,243.0,0,0,1,100
17:55:53,6,3,5,8.4,0.07,0.19,0.1,18.2,173,77,152,243.0,0,0,1,100
17:55:53,5,1,5,7.1,0.07,0.19,0.06,18.2,132,31,147,200.0,0,0,1,100
17:55:53,5,1,5,7.1,0.07,0.19,0.06,18.2,132,31,147,200.0,0,0,1,100
17:55:53,5,1,5,7.1,0.07,0.19,0.06,18.1,132,31,147,200.0,0,0,1,100
17:55:53,5,1,5,7.1,0.07,0.19,0.06,18.2,132,31,147,200.0,0,0,1,100
17:55:53,5,1,5,7.1,0.07,0.19,0.06,18.4,132,31,147,200.0,1,1,0,100
17:55:53,5,1,5,7.1,0.07,0.19,0.06,18.3,132,31,147,200.0,1,1,0,100
17:55:54,5,1,5,7.1,0.07,0.19,0.06,18.2,132,31,147,200.0,1,1,0,100
17:55:54,5,1,5,7.1,0.07,0.19,0.06,18.2,132,31,147,200.0,1,1,0,100
17:55:54,5,1,5,7.1,0.07,0.19,0.06,18.2,132,31,147,200.0,1,1,0,100
17:55:54,5,1,5,7.1,0.07,0.19,0.06,18.3,132,31,147,200.0,1,1,0,100
17:55:54,6,4,5,8.8,0.09,0.12,0.05,18.2,172,92,127,233.0,1,1,0,100
17:55:54,6,4,5,8.8,0.09,0.12,0.05,18.4,172,92,127,233.0,1,1,0,100
17:55:54,6,4,5,8.8,0.09,0.12,0.05,18.2,172,92,127,233.0,1,1,0,100
17:55:54,6,4,5,8.8,0.09,0.12,0.05,18.1,172,92,127,233.0,1,1,0,100
17:55:54,6,4,5,8.8,0.09,0.12,0.05,18.3,172,92,127,233.0,0,0,0,100
17:55:54,6,4,5,8.8,0.09,0.12,0.05,18.2,172,92,127,233.0,0,0,0,100
17:55:55,6,4,5,8.8,0.09,0.12,0.05,18.3,172,92,127,233.0,0,0,0,100
17:55:55,6,4,5,8.8,0.09,0.12,0.05,18.2,172,92,127,233.0,0,0,0,100
17:55:55,6,4,5,8.8,0.09,0.12,0.05,18.4,172,92,127,233.0,0,0,0,100
17:55:55,6,4,5,8.8,0.09,0.12,0.05,18.4,172,92,127,233.0,0,0,0,100
17:55:55,6,4,6,9.4,0.05,0.12,0.07,18.2,178,109,179,275.0,0,0,0,100
17:55:55,6,4,6,9.4,0.05,0.12,0.07,18.3,178,109,179,275.0,0,0,0,100
17:55:55,6,4,6,9.4,0.05,0.12,0.07,18.2,178,109,179,275.0,0,0,0,100
17:55:55,6,4,6,9.4,0.05,0.12,0.07,18.1,178,109,179,275.0,0,0,0,100
17:55:55,6,4,6,9.4,0.05,0.12,0.07,18.4,178,109,179,275.0,0,0,0,100
17:55:55,6,4,6,9.4,0.05,0.12,0.07,18.1,178,109,179,275.0,0,0,0,100
17:55:56,6,4,6,9.4,0.05,0.12,0.07,18.2,178,109,179,275.0,0,0,0,100
17:55:56,6,4,6,9.4,0.05,0.12,0.07,18.1,178,109,179,275.0,0,0,0,100
17:55:56,6,4,6,9.4,0.05,0.12,0.07,18.2,178,109,179,275.0,0,0,0,100
17:55:56,6,4,6,9.4,0.05,0.12,0.07,18.1,178,109,179,275.0,0,0,0,100
17:55:56,4,4,8,9.8,0.08,0.16,0.1,18.2,121,140,230,295.0,0,0,0,100
17:55:56,4,4,8,9.8,0.08,0.16,0.1,18.2,121,140,230,295.0,0,0,0,100
17:55:56,4,4,8,9.8,0.08,0.16,0.1,18.0,121,140,230,295.0,0,0,0,100
17:55:56,4,4,8,9.8,0.08,0.16,0.1,18.4,121,140,230,295.0,0,0,0,100
17:55:56,4,4,8,9.8,0.08,0.16,0.1,18.2,121,140,230,295.0,0,0,0,100
17:55:57,4,4,8,9.8,0.08,0.16,0.1,18.1,121,140,230,295.0,0,0,0,100
17:55:57,4,4,8,9.8,0.08,0.16,0.1,18.4,121,140,230,295.0,0,0,0,100
17:55:57,4,4,8,9.8,0.08,0.16,0.1,18.2,121,140,230,295.0,0,0,0,100
17:55:57,4,4,8,9.8,0.08,0.16,0.1,18.2,121,140,230,295.0,0,0,0,100
17:55:57,4,4,8,9.8,0.08,0.16,0.1,18.4,121,140,230,295.0,0,0,0,100
17:55:57,9,9,9,15.6,0.08,0.17,0.08,18.0,232,143,193,334.0,0,0,0,100
17:55:57,9,9,9,15.6,0.08,0.17,0.08,17.9,232,143,193,334.0,0,0,0,100
17:55:57,9,9,9,15.6,0.08,0.17,0.08,18.2,232,143,193,334.0,0,0,0,100
17:55:57,9,9,9,15.6,0.08,0.17,0.08,17.9,232,143,193,334.0,0,0,0,100
17:55:57,9,9,9,15.6,0.08,0.17,0.08,18.2,232,143,193,334.0,0,0,2,100
17:55:57,9,9,9,15.6,0.08,0.17,0.08,18.3,232,143,193,334.0,0,0,2,100
17:55:58,9,9,9,15.6,0.08,0.17,0.08,18.2,232,143,193,334.0,0,0,2,100
17:55:58,9,9,9,15.6,0.08,0.17,0.08,18.4,232,143,193,334.0,0,0,2,100
17:55:58,9,9,9,15.6,0.08,0.17,0.08,18.0,232,143,193,334.0,0,0,2,100
17:55:58,9,9,9,15.6,0.08,0.17,0.08,18.4,232,143,193,334.0,0,0,2,100
17:55:58,8,5,9,13.0,0.09,0.12,0.04,18.0,238,131,197,336.0,0,0,2,100
17:55:58,8,5,9,13.0,0.09,0.12,0.04,18.4,238,131,197,336.0,0,0,2,100
17:55:58,8,5,9,13.0,0.09,0.12,0.04,18.4,238,131,197,336.0,0,0,2,100
17:55:58,8,5,9,13.0,0.09,0.12,0.04,18.2,238,131,197,336.0,0,0,2,100
17:55:58,8,5,9,13.0,0.09,0.12,0.04,18.4,238,131,197,336.0,0,0,0,100
17:55:59,8,5,9,13.0,0.09,0.12,0.04,18.4,238,131,197,336.0,0,0,0,100
17:55:59,8,5,9,13.0,0.09,0.12,0.04,18.4,238,131,197,336.0,0,0,0,100
17:55:59,8,5,9,13.0,0.09,0.12,0.04,18.4,238,131,197,336.0,0,0,0,100
17:55:59,8,5,9,13.0,0.09,0.12,0.04,18.3,238,131,197,336.0,0,0,0,100
17:55:59,8,5,9,13.0,0.09,0.12,0.04,18.2,238,131,197,336.0,0,0,0,100
17:55:59,4,3,6,7.8,0.06,0.16,0.1,18.1,105,96,196,242.0,0,0,0,100
17:55:59,4,3,6,7.8,0.06,0.16,0.1,18.1,105,96,196,242.0,0,0,0,100
17:55:59,4,3,6,7.8,0.06,0.16,0.1,18.0,105,96,196,242.0,0,0,0,100
17:55:59,4,3,6,7.8,0.06,0.16,0.1,18.3,105,96,196,242.0,0,0,0,100
17:55:59,4,3,6,7.8,0.06,0.16,0.1,18.2,105,96,196,242.0,1,0,0,100
17:56:00,4,3,6,7.8,0.06,0.16,0.1,18.2,105,96,196,242.0,1,0,0,100
17:56:00,4,3,6,7.8,0.06,0.16,0.1,18.2,105,96,196,242.0,1,0,0,100
17:56:00,4,3,6,7.8,0.06,0.16,0.1,18.3,105,96,196,242.0,1,0,0,100
17:56:00,4,3,6,7.8,0.06,0.16,0.1,18.2,105,96,196,242.0,1,0,0,100
17:56:00,4,3,6,7.8,0.06,0.16,0.1,18.2,105,96,196,242.0,1,0,0,100
17:56:00,7,2,4,8.3,0.05,0.14,0.11,18.2,183,61,120,227.0,1,0,0,100
17:56:00,7,2,4,8.3,0.05,0.14,0.11,18.2,183,61,120,227.0,1,0,0,100
17:56:00,7,2,4,8.3,0.05,0.14,0.11,18.2,183,61,120,227.0,1,0,0,100
17:56:00,7,2,4,8.3,0.05,0.14,0.11,18.0,183,61,120,227.0,1,0,0,100
17:56:00,7,2,4,8.3,0.05,0.14,0.11,18.2,183,61,120,227.0,0,2,0,100
17:56:01,7,2,4,8.3,0.05,0.14,0.11,18.4,183,61,120,227.0,0,2,0,100
17:56:01,7,2,4,8.3,0.05,0.14,0.11,18.0,183,61,120,227.0,0,2,0,100
17:56:01,7,2,4,8.3,0.05,0.14,0.11,18.3,183,61,120,227.0,0,2,0,100
17:56:01,7,2,4,8.3,0.05,0.14,0.11,18.3,183,61,120,227.0,0,2,0,100
17:56:01,7,2,4,8.3,0.05,0.14,0.11,18.4,183,61,120,227.0,0,2,0,100
17:56:01,4,2,5,6.7,0.07,0.12,0.07,18.2,119,55,167,212.0,0,2,0,100
17:56:01,4,2,5,6.7,0.07,0.12,0.07,18.3,119,55,167,212.0,0,2,0,100
17:56:01,4,2,5,6.7,0.07,0.12,0.07,18.2,119,55,167,212.0,0,2,0,100
17:56:01,4,2,5,6.7,0.07,0.12,0.07,18.2,119,55,167,212.0,0,2,0,100
17:56:01,4,2,5,6.7,0.07,0.12,0.07,18.3,119,55,167,212.0,0,0,0,100
17:56:02,4,2,5,6.7,0.07,0.12,0.07,18.2,119,55,167,212.0,0,0,0,100
17:56:02,4,2,5,6.7,0.07,0.12,0.07,18.1,119,55,167,212.0,0,0,0,100
17:56:02,4,2,5,6.7,0.07,0.12,0.07,18.2,119,55,167,212.0,0,0,0,100
17:56:02,4,2,5,6.7,0.07,0.12,0.07,18.4,119,55,167,212.0,0,0,0,100
17:56:02,4,2,5,6.7,0.07,0.12,0.07,18.3,119,55,167,212.0,0,0,0,100
17:56:02,8,4,4,9.8,0.07,0.2,0.03,18.3,214,97,131,269.0,0,0,0,100
17:56:02,8,4,4,9.8,0.07,0.2,0.03,18.3,214,97,131,269.0,0,0,0,100
17:56:02,8,4,4,9.8,0.07,0.2,0.03,18.2,214,97,131,269.0,0,0,0,100
17:56:02,8,4,4,9.8,0.07,0.2,0.03,18.2,214,97,131,269.0,0,0,0,100
17:56:02,8,4,4,9.8,0.07,0.2,0.03,18.2,214,97,131,269.0,0,0,2,100
17:56:03,8,4,4,9.8,0.07,0.2,0.03,18.2,214,97,131,269.0,0,0,2,100
17:56:03,8,4,4,9.8,0.07,0.2,0.03,18.4,214,97,131,269.0,0,0,2,100
17:56:03,8,4,4,9.8,0.07,0.2,0.03,18.4,214,97,131,269.0,0,0,2,100
17:56:03,8,4,4,9.8,0.07,0.2,0.03,18.3,214,97,131,269.0,0,0,2,100
17:56:03,8,4,4,9.8,0.07,0.2,0.03,18.3,214,97,131,269.0,0,0,2,100
17:56:03,7,4,7,10.7,0.04,0.19,0.05,18.2,207,138,196,317.0,0,0,2,100
17:56:03,7,4,7,10.7,0.04,0.19,0.05,18.2,207,138,196,317.0,0,0,2,100
17:56:03,7,4,7,10.7,0.04,0.19,0.05,18.3,207,138,196,317.0,0,0,2,100
17:56:03,7,4,7,10.7,0.04,0.19,0.05,18.1,207,138,196,317.0,0,0,2,100
17:56:03,7,4,7,10.7,0.04,0.19,0.05,18.0,207,138,196,317.0,2,0,0,100
17:56:04,7,4,7,10.7,0.04,0.19,0.05,18.4,207,138,196,317.0,2,0,0,100
17:56:04,7,4,7,10.7,0.04,0.19,0.05,18.2,207,138,196,317.0,2,0,0,100
17:56:04,7,4,7,10.7,0.04,0.19,0.05,18.2,207,138,196,317.0,2,0,0,100
17:56:04,7,4,7,10.7,0.04,0.19,0.05,18.3,207,138,196,317.0,2,0,0,100
17:56:04,7,4,7,10.7,0.04,0.19,0.05,18.2,207,138,196,317.0,2,0,0,100
17:56:04,7,6,9,12.9,0.03,0.38,0.03,18.2,138,149,252,324.0,2,0,0,100
17:56:04,7,6,9,12.9,0.03,0.38,0.03,18.2,138,149,252,324.0,2,0,0,100
17:56:04,7,6,9,12.9,0.03,0.38,0.03,18.0,138,149,252,324.0,2,0,0,100
17:56:04,7,6,9,12.9,0.03,0.38,0.03,18.2,138,149,252,324.0,2,0,0,100
17:56:04,7,6,9,12.9,0.03,0.38,0.03,18.4,138,149,252,324.0,2,0,0,100
17:56:05,7,6,9,12.9,0.03,0.38,0.03,18.2,138,149,252,324.0,2,0,0,100
17:56:05,7,6,9,12.9,0.03,0.38,0.03,18.3,138,149,252,324.0,2,0,0,100
17:56:05,7,6,9,12.9,0.03,0.38,0.03,18.4,138,149,252,324.0,2,0,0,100
17:56:05,7,6,9,12.9,0.03,0.38,0.03,18.2,138,149,252,324.0,2,0,0,100
17:56:05,7,6,9,12.9,0.03,0.38,0.03,18.2,138,149,252,324.0,2,0,0,100
17:56:05,8,6,7,12.2,0.06,0.18,0.06,18.2,243,163,189,348.0,2,0,0,100
17:56:05,8,6,7,12.2,0.06,0.18,0.06,18.1,243,163,189,348.0,2,0,0,100
17:56:05,8,6,7,12.2,0.06,0.18,0.06,18.2,243,163,189,348.0,2,0,0,100
17:56:05,8,6,7,12.2,0.06,0.18,0.06,18.2,243,163,189,348.0,2,0,0,100
17:56:05,8,6,7,12.2,0.06,0.18,0.06,18.2,243,163,189,348.0,0,0,0,100
17:56:06,8,6,7,12.2,0.06,0.18,0.06,18.1,243,163,189,348.0,0,0,0,100
17:56:06,8,6,7,12.2,0.06,0.18,0.06,18.2,243,163,189,348.0,0,0,0,100
17:56:06,8,6,7,12.2,0.06,0.18,0.06,18.1,243,163,189,348.0,0,0,0,100
17:56:06,8,6,7,12.2,0.06,0.18,0.06,18.2,243,163,189,348.0,0,0,0,100
17:56:06,8,6,7,12.2,0.06,0.18,0.06,18.2,243,163,189,348.0,0,0,0,100
17:56:06,9,4,8,12.7,0.11,0.3,0.05,18.2,250,129,185,337.0,0,0,0,100
17:56:06,9,4,8,12.7,0.11,0.3,0.05,17.9,250,129,185,337.0,0,0,0,100
17:56:06,9,4,8,12.7,0.11,0.3,0.05,18.2,250,129,185,337.0,0,0,0,100
17:56:06,9,4,8,12.7,0.11,0.3,0.05,18.2,250,129,185,337.0,0,0,0,100
17:56:06,9,4,8,12.7,0.11,0.3,0.05,18.2,250,129,185,337.0,2,0,0,100
17:56:07,9,4,8,12.7,0.11,0.3,0.05,18.2,250,129,185,337.0,2,0,0,100
17:56:07,9,4,8,12.7,0.11,0.3,0.05,18.2,250,129,185,337.0,2,0,0,100
17:56:07,9,4,8,12.7,0.11,0.3,0.05,18.2,250,129,185,337.0,2,0,0,100
17:56:07,9,4,8,12.7,0.11,0.3,0.05,18.1,250,129,185,337.0,2,0,0,100
17:56:07,9,4,8,12.7,0.11,0.3,0.05,18.3,250,129,185,337.0,2,0,0,100
17:56:07,7,3,7,10.3,0.09,0.16,0.08,18.2,143,85,185,249.0,2,0,0,100
17:56:07,7,3,7,10.3,0.09,0.16,0.08,18.3,143,85,185,249.0,2,0,0,100
17:56:07,7,3,7,10.3,0.09,0.16,0.08,18.2,143,85,185,249.0,2,0,0,100
17:56:07,7,3,7,10.3,0.09,0.16,0.08,18.2,143,85,185,249.0,2,0,0,100
17:56:07,7,3,7,10.3,0.09,0.16,0.08,18.2,143,85,185,249.0,0,1,1,100
17:56:08,7,3,7,10.3,0.09,0.16,0.08,18.2,143,85,185,249.0,0,1,1,100
17:56:08,7,3,7,10.3,0.09,0.16,0.08,18.2,143,85,185,249.0,0,1,1,100
17:56:08,7,3,7,10.3,0.09,0.16,0.08,18.4,143,85,185,249.0,0,1,1,100
17:56:08,7,3,7,10.3,0.09,0.16,0.08,18.4,143,85,185,249.0,0,1,1,100
17:56:08,7,3,7,10.3,0.09,0.16,0.08,18.0,143,85,185,249.0,0,1,1,100
17:56:08,6,1,5,7.9,0.04,0.2,0.11,18.1,148,49,137,208.0,0,1,1,100
17:56:08,6,1,5,7.9,0.04,0.2,0.11,17.9,148,49,137,208.0,0,1,1,100
17:56:08,6,1,5,7.9,0.04,0.2,0.11,18.4,148,49,137,208.0,0,1,1,100
17:56:08,6,1,5,7.9,0.04,0.2,0.11,18.1,148,49,137,208.0,0,1,1,100
17:56:09,6,1,5,7.9,0.04,0.2,0.11,18.2,148,49,137,208.0,0,0,0,100
17:56:09,6,1,5,7.9,0.04,0.2,0.11,18.2,148,49,137,208.0,0,0,0,100
17:56:09,6,1,5,7.9,0.04,0.2,0.11,18.3,148,49,137,208.0,0,0,0,100
17:56:09,6,1,5,7.9,0.04,0.2,0.11,18.0,148,49,137,208.0,0,0,0,100
17:56:09,6,1,5,7.9,0.04,0.2,0.11,18.3,148,49,137,208.0,0,0,0,100
17:56:09,6,1,5,7.9,0.04,0.2,0.11,18.2,148,49,137,208.0,0,0,0,100
17:56:09,5,4,7,9.5,0.1,0.23,0.09,18.1,140,98,190,256.0,0,0,0,100
17:56:09,5,4,7,9.5,0.1,0.23,0.09,18.4,140,98,190,256.0,0,0,0,100
17:56:09,5,4,7,9.5,0.1,0.23,0.09,18.2,140,98,190,256.0,0,0,0,100
17:56:09,5,4,7,9.5,0.1,0.23,0.09,18.3,140,98,190,256.0,0,0,0,100
17:56:10,5,4,7,9.5,0.1,0.23,0.09,18.0,140,98,190,256.0,2,0,0,100
17:56:10,5,4,7,9.5,0.1,0.23,0.09,18.2,140,98,190,256.0,2,0,0,100
17:56:10,5,4,7,9.5,0.1,0.23,0.09,18.2,140,98,190,256.0,2,0,0,100
17:56:10,5,4,7,9.5,0.1,0.23,0.09,18.1,140,98,190,256.0,2,0,0,100
17:56:10,5,4,7,9.5,0.1,0.23,0.09,18.2,140,98,190,256.0,2,0,0,100
17:56:10,5,4,7,9.5,0.1,0.23,0.09,18.2,140,98,190,256.0,2,0,0,100
17:56:10,9,4,5,11.0,0.1,0.24,0.05,18.4,244,135,133,309.0,2,0,0,100
17:56:10,9,4,5,11.0,0.1,0.24,0.05,18.3,244,135,133,309.0,2,0,0,100
17:56:10,9,4,5,11.0,0.1,0.24,0.05,18.2,244,135,133,309.0,2,0,0,100
17:56:10,9,4,5,11.0,0.1,0.24,0.05,18.2,244,135,133,309.0,2,0,0,100
17:56:11,9,4,5,11.0,0.1,0.24,0.05,18.3,244,135,133,309.0,0,0,1,100
17:56:11,9,4,5,11.0,0.1,0.24,0.05,18.1,244,135,133,309.0,0,0,1,100
17:56:11,9,4,5,11.0,0.1,0.24,0.05,18.3,244,135,133,309.0,0,0,1,100
17:56:11,9,4,5,11.0,0.1,0.24,0.05,18.1,244,135,133,309.0,0,0,1,100
17:56:11,9,4,5,11.0,0.1,0.24,0.05,18.2,244,135,133,309.0,0,0,1,100
17:56:11,9,4,5,11.0,0.1,0.24,0.05,18.4,244,135,133,309.0,0,0,1,100
17:56:11,6,5,7,10.5,0.05,0.15,0.08,18.2,210,154,225,344.0,0,0,1,100
17:56:11,6,5,7,10.5,0.05,0.15,0.08,18.1,210,154,225,344.0,0,0,1,100
17:56:11,6,5,7,10.5,0.05,0.15,0.08,18.0,210,154,225,344.0,0,0,1,100
17:56:11,6,5,7,10.5,0.05,0.15,0.08,17.9,210,154,225,344.0,0,0,1,100
17:56:12,6,5,7,10.5,0.05,0.15,0.08,18.1,210,154,225,344.0,1,0,0,100
17:56:12,6,5,7,10.5,0.05,0.15,0.08,18.2,210,154,225,344.0,1,0,0,100
17:56:12,6,5,7,10.5,0.05,0.15,0.08,18.2,210,154,225,344.0,1,0,0,100
17:56:12,6,5,7,10.5,0.05,0.15,0.08,18.4,210,154,225,344.0,1,0,0,100
17:56:12,6,5,7,10.5,0.05,0.15,0.08,18.1,210,154,225,344.0,1,0,0,100
17:56:12,6,5,7,10.5,0.05,0.15,0.08,18.2,210,154,225,344.0,1,0,0,100
17:56:12,6,5,9,11.9,0.06,0.18,0.1,18.0,140,149,244,318.0,1,0,0,100
17:56:12,6,5,9,11.9,0.06,0.18,0.1,18.2,140,149,244,318.0,1,0,0,100
17:56:12,6,5,9,11.9,0.06,0.18,0.1,18.4,140,149,244,318.0,1,0,0,100
17:56:12,6,5,9,11.9,0.06,0.18,0.1,18.2,140,149,244,318.0,1,0,0,100
17:56:13,6,5,9,11.9,0.06,0.18,0.1,18.3,140,149,244,318.0,0,0,0,100
17:56:13,6,5,9,11.9,0.06,0.18,0.1,18.5,140,149,244,318.0,0,0,0,100
17:56:13,6,5,9,11.9,0.06,0.18,0.1,18.2,140,149,244,318.0,0,0,0,100
17:56:13,6,5,9,11.9,0.06,0.18,0.1,18.2,140,149,244,318.0,0,0,0,100
17:56:13,6,5,9,11.9,0.06,0.18,0.1,18.4,140,149,244,318.0,0,0,0,100
17:56:13,6,5,9,11.9,0.06,0.18,0.1,18.2,140,149,244,318.0,0,0,0,100
17:56:13,9,5,6,11.9,0.11,0.26,0.08,18.2,221,136,156,303.0,0,0,0,100
17:56:13,9,5,6,11.9,0.11,0.26,0.08,18.4,221,136,156,303.0,0,0,0,100
17:56:13,9,5,6,11.9,0.11,0.26,0.08,18.2,221,136,156,303.0,0,0,0,100
17:56:13,9,5,6,11.9,0.11,0.26,0.08,18.2,221,136,156,303.0,0,0,0,100
17:56:14,9,5,6,11.9,0.11,0.26,0.08,18.2,221,136,156,303.0,0,0,4,100
17:56:14,9,5,6,11.9,0.11,0.26,0.08,18.4,221,136,156,303.0,0,0,4,100
17:56:14,9,5,6,11.9,0.11,0.26,0.08,18.1,221,136,156,303.0,0,0,4,100
17:56:14,9,5,6,11.9,0.11,0.26,0.08,18.2,221,136,156,303.0,0,0,4,100
17:56:14,9,5,6,11.9,0.11,0.26,0.08,18.4,221,136,156,303.0,0,0,4,100
17:56:14,9,5,6,11.9,0.11,0.26,0.08,18.1,221,136,156,303.0,0,0,4,100
17:56:14,6,3,6,9.0,0.09,0.15,0.04,18.4,186,90,163,263.0,0,0,4,100
17:56:14,6,3,6,9.0,0.09,0.15,0.04,18.3,186,90,163,263.0,0,0,4,100
17:56:14,6,3,6,9.0,0.09,0.15,0.04,18.2,186,90,163,263.0,0,0,4,100
17:56:14,6,3,6,9.0,0.09,0.15,0.04,18.3,186,90,163,263.0,0,0,4,100
17:56:15,6,3,6,9.0,0.09,0.15,0.04,18.2,186,90,163,263.0,3,0,0,100
17:56:15,6,3,6,9.0,0.09,0.15,0.04,18.4,186,90,163,263.0,3,0,0,100
17:56:15,6,3,6,9.0,0.09,0.15,0.04,18.2,186,90,163,263.0,3,0,0,100
17:56:15,6,3,6,9.0,0.09,0.15,0.04,18.0,186,90,163,263.0,3,0,0,100
17:56:15,6,3,6,9.0,0.09,0.15,0.04,18.1,186,90,163,263.0,3,0,0,100
17:56:15,6,3,6,9.0,0.09,0.15,0.04,18.5,186,90,163,263.0,3,0,0,100
17:56:15,5,1,6,7.9,0.07,0.14,0.08,18.2,165,39,167,238.0,3,0,0,100
17:56:15,5,1,6,7.9,0.07,0.14,0.08,18.2,165,39,167,238.0,3,0,0,100
17:56:15,5,1,6,7.9,0.07,0.14,0.08,18.5,165,39,167,238.0,3,0,0,100
17:56:15,5,1,6,7.9,0.07,0.14,0.08,18.4,165,39,167,238.0,3,0,0,100
17:56:16,5,1,6,7.9,0.07,0.14,0.08,18.2,165,39,167,238.0,0,2,1,100
17:56:16,5,1,6,7.9,0.07,0.14,0.08,18.2,165,39,167,238.0,0,2,1,100
17:56:16,5,1,6,7.9,0.07,0.14,0.08,18.2,165,39,167,238.0,0,2,1,100
17:56:16,5,1,6,7.9,0.07,0.14,0.08,18.3,165,39,167,238.0,0,2,1,100
17:56:16,5,1,6,7.9,0.07,0.14,0.08,18.1,165,39,167,238.0,0,2,1,100
17:56:16,5,1,6,7.9,0.07,0.14,0.08,18.4,165,39,167,238.0,0,2,1,100
17:56:16,5,2,5,7.3,0.03,0.1,0.03,18.3,162,69,155,235.0,0,2,1,100
17:56:16,5,2,5,7.3,0.03,0.1,0.03,18.3,162,69,155,235.0,0,2,1,100
17:56:16,5,2,5,7.3,0.03,0.1,0.03,18.1,162,69,155,235.0,0,2,1,100
17:56:16,5,2,5,7.3,0.03,0.1,0.03,18.2,162,69,155,235.0,0,2,1,100
17:56:17,5,2,5,7.3,0.03,0.1,0.03,18.2,162,69,155,235.0,1,0,0,100
17:56:17,5,2,5,7.3,0.03,0.1,0.03,18.2,162,69,155,235.0,1,0,0,100
17:56:17,5,2,5,7.3,0.03,0.1,0.03,18.4,162,69,155,235.0,1,0,0,100
17:56:17,5,2,5,7.3,0.03,0.1,0.03,18.4,162,69,155,235.0,1,0,0,100
17:56:17,5,2,5,7.3,0.03,0.1,0.03,18.2,162,69,155,235.0,1,0,0,100
17:56:17,5,2,5,7.3,0.03,0.1,0.03,18.2,162,69,155,235.0,1,0,0,100
17:56:17,6,5,8,11.2,0.06,0.18,0.05,18.4,163,107,190,272.0,1,0,0,100
17:56:17,6,5,8,11.2,0.06,0.18,0.05,18.2,163,107,190,272.0,1,0,0,100
17:56:17,6,5,8,11.2,0.06,0.18,0.05,18.2,163,107,190,272.0,1,0,0,100
17:56:17,6,5,8,11.2,0.06,0.18,0.05,18.2,163,107,190,272.0,1,0,0,100
17:56:18,6,5,8,11.2,0.06,0.18,0.05,18.2,163,107,190,272.0,0,0,0,100
17:56:18,6,5,8,11.2,0.06,0.18,0.05,18.3,163,107,190,272.0,0,0,0,100
17:56:18,6,5,8,11.2,0.06,0.18,0.05,18.3,163,107,190,272.0,0,0,0,100
17:56:18,6,5,8,11.2,0.06,0.18,0.05,18.4,163,107,190,272.0,0,0,0,100
17:56:18,6,5,8,11.2,0.06,0.18,0.05,18.2,163,107,190,272.0,0,0,0,100
17:56:18,6,5,8,11.2,0.06,0.18,0.05,18.2,163,107,190,272.0,0,0,0,100
17:56:18,9,5,7,12.4,0.05,0.2,0.03,18.2,235,131,117,293.0,0,0,0,100
17:56:18,9,5,7,12.4,0.05,0.2,0.03,18.2,235,131,117,293.0,0,0,0,100
17:56:18,9,5,7,12.4,0.05,0.2,0.03,18.2,235,131,117,293.0,0,0,0,100
17:56:18,9,5,7,12.4,0.05,0.2,0.03,18.2,235,131,117,293.0,0,0,0,100
17:56:19,9,5,7,12.4,0.05,0.2,0.03,18.4,235,131,117,293.0,0,0,1,100
17:56:19,9,5,7,12.4,0.05,0.2,0.03,18.2,235,131,117,293.0,0,0,1,100
17:56:19,9,5,7,12.4,0.05,0.2,0.03,18.1,235,131,117,293.0,0,0,1,100
17:56:19,9,5,7,12.4,0.05,0.2,0.03,18.1,235,131,117,293.0,0,0,1,100
17:56:19,9,5,7,12.4,0.05,0.2,0.03,18.2,235,131,117,293.0,0,0,1,100
17:56:19,9,5,7,12.4,0.05,0.2,0.03,18.2,235,131,117,293.0,0,0,1,100
17:56:19,8,5,8,12.4,0.05,0.16,0.11,18.4,230,149,236,362.0,0,0,1,100
17:56:19,8,5,8,12.4,0.05,0.16,0.11,18.3,230,149,236,362.0,0,0,1,100
17:56:19,8,5,8,12.4,0.05,0.16,0.11,18.2,230,149,236,362.0,0,0,1,100
17:56:19,8,5,8,12.4,0.05,0.16,0.11,18.2,230,149,236,362.0,0,0,1,100
17:56:20,8,5,8,12.4,0.05,0.16,0.11,18.1,230,149,236,362.0,1,0,0,100
17:56:20,8,5,8,12.4,0.05,0.16,0.11,18.2,230,149,236,362.0,1,0,0,100
17:56:20,8,5,8,12.4,0.05,0.16,0.11,18.4,230,149,236,362.0,1,0,0,100
17:56:20,8,5,8,12.4,0.05,0.16,0.11,18.3,230,149,236,362.0,1,0,0,100
17:56:20,8,5,8,12.4,0.05,0.16,0.11,18.2,230,149,236,362.0,1,0,0,100
17:56:20,8,5,8,12.4,0.05,0.16,0.11,18.2,230,149,236,362.0,1,0,0,100
17:56:20,8,5,8,12.4,0.07,0.2,0.14,18.4,198,152,246,350.0,1,0,0,100
17:56:20,8,5,8,12.4,0.07,0.2,0.14,18.2,198,152,246,350.0,1,0,0,100
17:56:20,8,5,8,12.4,0.07,0.2,0.14,18.4,198,152,246,350.0,1,0,0,100
17:56:20,8,5,8,12.4,0.07,0.2,0.14,18.2,198,152,246,350.0,1,0,0,100
17:56:21,8,5,8,12.4,0.07,0.2,0.14,18.2,198,152,246,350.0,0,0,0,100
17:56:21,8,5,8,12.4,0.07,0.2,0.14,18.2,198,152,246,350.0,0,0,0,100
17:56:21,8,5,8,12.4,0.07,0.2,0.14,18.3,198,152,246,350.0,0,0,0,100
17:56:21,8,5,8,12.4,0.07,0.2,0.14,18.3,198,152,246,350.0,0,0,0,100
17:56:21,8,5,8,12.4,0.07,0.2,0.14,18.4,198,152,246,350.0,0,0,0,100
17:56:21,8,5,8,12.4,0.07,0.2,0.14,18.2,198,152,246,350.0,0,0,0,100
17:56:21,8,8,7,13.3,0.09,0.18,0.1,18.2,208,132,132,279.0,0,0,0,100
17:56:21,8,8,7,13.3,0.09,0.18,0.1,18.2,208,132,132,279.0,0,0,0,100
17:56:21,8,8,7,13.3,0.09,0.18,0.1,18.2,208,132,132,279.0,0,0,0,100
17:56:21,8,8,7,13.3,0.09,0.18,0.1,18.4,208,132,132,279.0,0,0,0,100
17:56:22,8,8,7,13.3,0.09,0.18,0.1,18.3,208,132,132,279.0,0,0,0,100
17:56:22,8,8,7,13.3,0.09,0.18,0.1,18.4,208,132,132,279.0,0,0,0,100
17:56:22,8,8,7,13.3,0.09,0.18,0.1,18.2,208,132,132,279.0,0,0,0,100
17:56:22,8,8,7,13.3,0.09,0.18,0.1,18.2,208,132,132,279.0,0,0,0,100
17:56:22,8,8,7,13.3,0.09,0.18,0.1,18.2,208,132,132,279.0,0,0,0,100
17:56:22,8,8,7,13.3,0.09,0.18,0.1,18.2,208,132,132,279.0,0,0,0,100
17:56:22,5,3,6,8.4,0.09,0.19,0.05,18.4,131,64,136,199.0,0,0,0,100
17:56:22,5,3,6,8.4,0.09,0.19,0.05,18.4,131,64,136,199.0,0,0,0,100
17:56:22,5,3,6,8.4,0.09,0.19,0.05,18.4,131,64,136,199.0,0,0,0,100
17:56:22,5,3,6,8.4,0.09,0.19,0.05,18.2,131,64,136,199.0,0,0,0,100
17:56:23,5,3,6,8.4,0.09,0.19,0.05,18.0,131,64,136,199.0,0,1,0,100
17:56:23,5,3,6,8.4,0.09,0.19,0.05,18.2,131,64,136,199.0,0,1,0,100
17:56:23,5,3,6,8.4,0.09,0.19,0.05,18.2,131,64,136,199.0,0,1,0,100
17:56:23,5,3,6,8.4,0.09,0.19,0.05,18.3,131,64,136,199.0,0,1,0,100
17:56:23,5,3,6,8.4,0.09,0.19,0.05,18.2,131,64,136,199.0,0,1,0,100
17:56:23,5,3,6,8.4,0.09,0.19,0.05,18.2,131,64,136,199.0,0,1,0,100
17:56:23,6,2,4,7.5,0.08,0.14,0.05,18.2,150,59,128,206.0,0,1,0,100
17:56:23,6,2,4,7.5,0.08,0.14,0.05,18.2,150,59,128,206.0,0,1,0,100
17:56:23,6,2,4,7.5,0.08,0.14,0.05,18.3,150,59,128,206.0,0,1,0,100
17:56:24,6,2,4,7.5,0.08,0.14,0.05,18.2,150,59,128,206.0,0,1,0,100
17:56:24,6,2,4,7.5,0.08,0.14,0.05,18.2,150,59,128,206.0,0,0,1,100
17:56:24,6,2,4,7.5,0.08,0.14,0.05,18.2,150,59,128,206.0,0,0,1,100
17:56:24,6,2,4,7.5,0.08,0.14,0.05,18.2,150,59,128,206.0,0,0,1,100
17:56:24,6,2,4,7.5,0.08,0.14,0.05,18.3,150,59,128,206.0,0,0,1,100
17:56:24,6,2,4,7.5,0.08,0.14,0.05,18.4,150,59,128,206.0,0,0,1,100
17:56:24,6,2,4,7.5,0.08,0.14,0.05,18.3,150,59,128,206.0,0,0,1,100
17:56:24,4,4,7,9.0,0.05,0.12,0.07,18.2,143,115,222,288.0,0,0,1,100
17:56:24,4,4,7,9.0,0.05,0.12,0.07,18.2,143,115,222,288.0,0,0,1,100
17:56:24,4,4,7,9.0,0.05,0.12,0.07,18.4,143,115,222,288.0,0,0,1,100
17:56:24,4,4,7,9.0,0.05,0.12,0.07,18.2,143,115,222,288.0,0,0,1,100
17:56:25,4,4,7,9.0,0.05,0.12,0.07,18.2,143,115,222,288.0,1,0,0,100
17:56:25,4,4,7,9.0,0.05,0.12,0.07,18.2,143,115,222,288.0,1,0,0,100
17:56:25,4,4,7,9.0,0.05,0.12,0.07,18.2,143,115,222,288.0,1,0,0,100
17:56:25,4,4,7,9.0,0.05,0.12,0.07,18.2,143,115,222,288.0,1,0,0,100
17:56:25,4,4,7,9.0,0.05,0.12,0.07,18.3,143,115,222,288.0,1,0,0,100
17:56:25,4,4,7,9.0,0.05,0.12,0.07,18.2,143,115,222,288.0,1,0,0,100
17:56:25,9,5,7,12.4,0.09,0.19,0.06,18.2,246,155,206,356.0,1,0,0,100
17:56:25,9,5,7,12.4,0.09,0.19,0.06,18.3,246,155,206,356.0,1,0,0,100
17:56:25,9,5,7,12.4,0.09,0.19,0.06,18.4,246,155,206,356.0,1,0,0,100
17:56:26,9,5,7,12.4,0.09,0.19,0.06,18.2,246,155,206,356.0,1,0,0,100
17:56:26,9,5,7,12.4,0.09,0.19,0.06,18.4,246,155,206,356.0,0,0,0,100
17:56:26,9,5,7,12.4,0.09,0.19,0.06,18.2,246,155,206,356.0,0,0,0,100
17:56:26,9,5,7,12.4,0.09,0.19,0.06,18.2,246,155,206,356.0,0,0,0,100
17:56:26,9,5,7,12.4,0.09,0.19,0.06,18.3,246,155,206,356.0,0,0,0,100
17:56:26,9,5,7,12.4,0.09,0.19,0.06,18.2,246,155,206,356.0,0,0,0,100
17:56:26,9,5,7,12.4,0.09,0.19,0.06,18.3,246,155,206,356.0,0,0,0,100
17:56:26,9,5,5,11.4,0.1,0.13,0.04,18.2,270,151,137,338.0,0,0,0,100
17:56:26,9,5,5,11.4,0.1,0.13,0.04,18.2,270,151,137,338.0,0,0,0,100
17:56:26,9,5,5,11.4,0.1,0.13,0.04,18.1,270,151,137,338.0,0,0,0,100
17:56:27,9,5,5,11.4,0.1,0.13,0.04,18.0,270,151,137,338.0,0,0,0,100
17:56:27,9,5,5,11.4,0.1,0.13,0.04,18.2,270,151,137,338.0,0,0,0,100
17:56:27,9,5,5,11.4,0.1,0.13,0.04,18.2,270,151,137,338.0,0,0,0,100
17:56:27,9,5,5,11.4,0.1,0.13,0.04,18.2,270,151,137,338.0,0,0,0,100
17:56:27,9,5,5,11.4,0.1,0.13,0.04,18.2,270,151,137,338.0,0,0,0,100
17:56:27,9,5,5,11.4,0.1,0.13,0.04,18.3,270,151,137,338.0,0,0,0,100
17:56:27,9,5,5,11.4,0.1,0.13,0.04,18.3,270,151,137,338.0,0,0,0,100
17:56:27,7,5,8,11.7,0.06,0.17,0.13,18.3,213,149,235,350.0,0,0,0,100
17:56:27,7,5,8,11.7,0.06,0.17,0.13,18.2,213,149,235,350.0,0,0,0,100
17:56:27,7,5,8,11.7,0.06,0.17,0.13,18.1,213,149,235,350.0,0,0,0,100
17:56:28,7,5,8,11.7,0.06,0.17,0.13,18.0,213,149,235,350.0,0,0,0,100
17:56:28,7,5,8,11.7,0.06,0.17,0.13,18.3,213,149,235,350.0,1,0,0,100
17:56:28,7,5,8,11.7,0.06,0.17,0.13,18.3,213,149,235,350.0,1,0,0,100
17:56:28,7,5,8,11.7,0.06,0.17,0.13,18.4,213,149,235,350.0,1,0,0,100
17:56:28,7,5,8,11.7,0.06,0.17,0.13,18.2,213,149,235,350.0,1,0,0,100
17:56:28,7,5,8,11.7,0.06,0.17,0.13,18.0,213,149,235,350.0,1,0,0,100
17:56:28,7,5,8,11.7,0.06,0.17,0.13,18.3,213,149,235,350.0,1,0,0,100
17:56:28,5,4,7,9.5,0.04,0.18,0.12,18.2,167,134,231,315.0,1,0,0,100
17:56:28,5,4,7,9.5,0.04,0.18,0.12,18.3,167,134,231,315.0,1,0,0,100
17:56:28,5,4,7,9.5,0.04,0.18,0.12,18.2,167,134,231,315.0,1,0,0,100
17:56:29,5,4,7,9.5,0.04,0.18,0.12,18.4,167,134,231,315.0,1,0,0,100
17:56:29,5,4,7,9.5,0.04,0.18,0.12,18.1,167,134,231,315.0,0,0,1,100
17:56:29,5,4,7,9.5,0.04,0.18,0.12,18.2,167,134,231,315.0,0,0,1,100
17:56:29,5,4,7,9.5,0.04,0.18,0.12,18.2,167,134,231,315.0,0,0,1,100
17:56:29,5,4,7,9.5,0.04,0.18,0.12,18.2,167,134,231,315.0,0,0,1,100
17:56:29,5,4,7,9.5,0.04,0.18,0.12,18.4,167,134,231,315.0,0,0,1,100
17:56:29,5,4,7,9.5,0.04,0.18,0.12,18.2,167,134,231,315.0,0,0,1,100
17:56:29,6,2,4,7.5,0.07,0.15,0.05,18.4,170,71,105,212.0,0,0,1,100
17:56:29,6,2,4,7.5,0.07,0.15,0.05,18.3,170,71,105,212.0,0,0,1,100
17:56:29,6,2,4,7.5,0.07,0.15,0.05,18.2,170,71,105,212.0,0,0,1,100
17:56:30,6,2,4,7.5,0.07,0.15,0.05,18.5,170,71,105,212.0,0,0,1,100
17:56:30,6,2,4,7.5,0.07,0.15,0.05,18.4,170,71,105,212.0,1,1,1,100
17:56:30,6,2,4,7.5,0.07,0.15,0.05,18.2,170,71,105,212.0,1,1,1,100
17:56:30,6,2,4,7.5,0.07,0.15,0.05,18.2,170,71,105,212.0,1,1,1,100
17:56:30,6,2,4,7.5,0.07,0.15,0.05,18.1,170,71,105,212.0,1,1,1,100
17:56:30,6,2,4,7.5,0.07,0.15,0.05,18.3,170,71,105,212.0,1,1,1,100
17:56:30,6,2,4,7.5,0.07,0.15,0.05,18.1,170,71,105,212.0,1,1,1,100
17:56:30,5,4,5,8.1,0.05,0.14,0.04,18.2,152,51,157,224.0,1,1,1,100
17:56:30,5,4,5,8.1,0.05,0.14,0.04,18.2,152,51,157,224.0,1,1,1,100
17:56:30,5,4,5,8.1,0.05,0.14,0.04,18.2,152,51,157,224.0,1,1,1,100
17:56:31,5,4,5,8.1,0.05,0.14,0.04,17.9,152,51,157,224.0,1,1,1,100
17:56:31,5,4,5,8.1,0.05,0.14,0.04,18.4,152,51,157,224.0,1,2,0,100
17:56:31,5,4,5,8.1,0.05,0.14,0.04,18.2,152,51,157,224.0,1,2,0,100
17:56:31,5,4,5,8.1,0.05,0.14,0.04,18.4,152,51,157,224.0,1,2,0,100
17:56:31,5,4,5,8.1,0.05,0.14,0.04,18.4,152,51,157,224.0,1,2,0,100
17:56:31,5,4,5,8.1,0.05,0.14,0.04,18.2,152,51,157,224.0,1,2,0,100
17:56:31,5,4,5,8.1,0.05,0.14,0.04,18.2,152,51,157,224.0,1,2,0,100
17:56:31,10,6,9,14.7,0.07,0.22,0.08,18.3,183,98,130,245.0,1,2,0,100
17:56:31,10,6,9,14.7,0.07,0.22,0.08,18.3,183,98,130,245.0,1,2,0,100
17:56:31,10,6,9,14.7,0.07,0.22,0.08,18.0,183,98,130,245.0,1,2,0,100
17:56:32,10,6,9,14.7,0.07,0.22,0.08,18.3,183,98,130,245.0,1,2,0,100
17:56:32,10,6,9,14.7,0.07,0.22,0.08,17.9,183,98,130,245.0,0,0,1,100
17:56:32,10,6,9,14.7,0.07,0.22,0.08,18.2,183,98,130,245.0,0,0,1,100
17:56:32,10,6,9,14.7,0.07,0.22,0.08,18.3,183,98,130,245.0,0,0,1,100
17:56:32,10,6,9,14.7,0.07,0.22,0.08,18.2,183,98,130,245.0,0,0,1,100
17:56:32,10,6,9,14.7,0.07,0.22,0.08,18.2,183,98,130,245.0,0,0,1,100
17:56:32,10,6,9,14.7,0.07,0.22,0.08,18.2,183,98,130,245.0,0,0,1,100
17:56:32,5,6,8,11.2,0.05,0.24,0.13,18.2,146,133,237,309.0,0,0,1,100
17:56:32,5,6,8,11.2,0.05,0.24,0.13,18.2,146,133,237,309.0,0,0,1,100
17:56:32,5,6,8,11.2,0.05,0.24,0.13,18.4,146,133,237,309.0,0,0,1,100
17:56:33,5,6,8,11.2,0.05,0.24,0.13,18.2,146,133,237,309.0,0,0,1,100
17:56:33,5,6,8,11.2,0.05,0.24,0.13,18.4,146,133,237,309.0,2,0,0,100
17:56:33,5,6,8,11.2,0.05,0.24,0.13,18.3,146,133,237,309.0,2,0,0,100
17:56:33,5,6,8,11.2,0.05,0.24,0.13,18.2,146,133,237,309.0,2,0,0,100
17:56:33,5,6,8,11.2,0.05,0.24,0.13,18.4,146,133,237,309.0,2,0,0,100
17:56:33,5,6,8,11.2,0.05,0.24,0.13,18.0,146,133,237,309.0,2,0,0,100
17:56:33,5,6,8,11.2,0.05,0.24,0.13,18.2,146,133,237,309.0,2,0,0,100
17:56:33,8,5,8,12.4,0.05,0.23,0.06,18.4,217,135,229,343.0,2,0,0,100
17:56:33,8,5,8,12.4,0.05,0.23,0.06,18.0,217,135,229,343.0,2,0,0,100
17:56:33,8,5,8,12.4,0.05,0.23,0.06,18.2,217,135,229,343.0,2,0,0,100
17:56:34,8,5,8,12.4,0.05,0.23,0.06,18.2,217,135,229,343.0,2,0,0,100
17:56:34,8,5,8,12.4,0.05,0.23,0.06,18.1,217,135,229,343.0,0,0,1,100
17:56:34,8,5,8,12.4,0.05,0.23,0.06,18.3,217,135,229,343.0,0,0,1,100
17:56:34,8,5,8,12.4,0.05,0.23,0.06,18.1,217,135,229,343.0,0,0,1,100
17:56:34,8,5,8,12.4,0.05,0.23,0.06,18.0,217,135,229,343.0,0,0,1,100
17:56:34,8,5,8,12.4,0.05,0.23,0.06,18.2,217,135,229,343.0,0,0,1,100
17:56:34,8,5,8,12.4,0.05,0.23,0.06,18.2,217,135,229,343.0,0,0,1,100
17:56:34,7,4,5,9.5,0.04,0.11,0.03,18.0,220,127,128,284.0,0,0,1,100
17:56:34,7,4,5,9.5,0.04,0.11,0.03,18.3,220,127,128,284.0,0,0,1,100
17:56:34,7,4,5,9.5,0.04,0.11,0.03,18.2,220,127,128,284.0,0,0,1,100
17:56:35,7,4,5,9.5,0.04,0.11,0.03,17.9,220,127,128,284.0,0,0,1,100
17:56:35,7,4,5,9.5,0.04,0.11,0.03,18.4,220,127,128,284.0,0,0,0,100
17:56:35,7,4,5,9.5,0.04,0.11,0.03,18.4,220,127,128,284.0,0,0,0,100
17:56:35,7,4,5,9.5,0.04,0.11,0.03,18.3,220,127,128,284.0,0,0,0,100
17:56:35,7,4,5,9.5,0.04,0.11,0.03,18.2,220,127,128,284.0,0,0,0,100
17:56:35,7,4,5,9.5,0.04,0.11,0.03,18.4,220,127,128,284.0,0,0,0,100
17:56:35,7,4,5,9.5,0.04,0.11,0.03,18.2,220,127,128,284.0,0,0,0,100
17:56:35,5,4,9,11.0,0.06,0.23,0.12,18.4,153,127,256,324.0,0,0,0,100
17:56:35,5,4,9,11.0,0.06,0.23,0.12,18.2,153,127,256,324.0,0,0,0,100
17:56:36,5,4,9,11.0,0.06,0.23,0.12,18.4,153,127,256,324.0,0,0,0,100
17:56:36,5,4,9,11.0,0.06,0.23,0.12,18.3,153,127,256,324.0,0,0,0,100
17:56:36,5,4,9,11.0,0.06,0.23,0.12,18.4,153,127,256,324.0,3,0,0,100
17:56:36,5,4,9,11.0,0.06,0.23,0.12,18.4,153,127,256,324.0,3,0,0,100
17:56:36,5,4,9,11.0,0.06,0.23,0.12,18.1,153,127,256,324.0,3,0,0,100
17:56:36,5,4,9,11.0,0.06,0.23,0.12,18.2,153,127,256,324.0,3,0,0,100
17:56:36,5,4,9,11.0,0.06,0.23,0.12,18.3,153,127,256,324.0,3,0,0,100
17:56:36,5,4,9,11.0,0.06,0.23,0.12,18.0,153,127,256,324.0,3,0,0,100
17:56:36,6,3,7,9.7,0.03,0.17,0.1,18.2,163,101,186,267.0,3,0,0,100
17:56:36,6,3,7,9.7,0.03,0.17,0.1,18.1,163,101,186,267.0,3,0,0,100
17:56:37,6,3,7,9.7,0.03,0.17,0.1,18.2,163,101,186,267.0,3,0,0,100
17:56:37,6,3,7,9.7,0.03,0.17,0.1,18.2,163,101,186,267.0,3,0,0,100
17:56:37,6,3,7,9.7,0.03,0.17,0.1,18.2,163,101,186,267.0,0,0,1,100
17:56:37,6,3,7,9.7,0.03,0.17,0.1,18.2,163,101,186,267.0,0,0,1,100
17:56:37,6,3,7,9.7,0.03,0.17,0.1,18.2,163,101,186,267.0,0,0,1,100
17:56:37,6,3,7,9.7,0.03,0.17,0.1,18.2,163,101,186,267.0,0,0,1,100
17:56:37,6,3,7,9.7,0.03,0.17,0.1,18.2,163,101,186,267.0,0,0,1,100
17:56:37,6,3,7,9.7,0.03,0.17,0.1,18.2,163,101,186,267.0,0,0,1,100
17:56:37,9,2,6,11.0,0.09,0.51,0.05,18.1,201,39,163,262.0,0,0,1,100
17:56:37,9,2,6,11.0,0.09,0.51,0.05,18.4,201,39,163,262.0,0,0,1,100
17:56:38,9,2,6,11.0,0.09,0.51,0.05,18.4,201,39,163,262.0,0,0,1,100
17:56:38,9,2,6,11.0,0.09,0.51,0.05,18.2,201,39,163,262.0,0,0,1,100
17:56:38,9,2,6,11.0,0.09,0.51,0.05,18.4,201,39,163,262.0,1,2,0,100
17:56:38,9,2,6,11.0,0.09,0.51,0.05,18.0,201,39,163,262.0,1,2,0,100
17:56:38,9,2,6,11.0,0.09,0.51,0.05,18.3,201,39,163,262.0,1,2,0,100
17:56:38,9,2,6,11.0,0.09,0.51,0.05,18.2,201,39,163,262.0,1,2,0,100
17:56:38,9,2,6,11.0,0.09,0.51,0.05,18.2,201,39,163,262.0,1,2,0,100
17:56:38,9,2,6,11.0,0.09,0.51,0.05,18.3,201,39,163,262.0,1,2,0,100
17:56:38,6,3,5,8.4,0.08,0.18,0.05,18.2,163,75,148,233.0,1,2,0,100
17:56:38,6,3,5,8.4,0.08,0.18,0.05,18.2,163,75,148,233.0,1,2,0,100
17:56:39,6,3,5,8.4,0.08,0.18,0.05,18.2,163,75,148,233.0,1,2,0,100
17:56:39,6,3,5,8.4,0.08,0.18,0.05,18.3,163,75,148,233.0,1,2,0,100
17:56:39,6,3,5,8.4,0.08,0.18,0.05,18.3,163,75,148,233.0,0,0,1,100
17:56:39,6,3,5,8.4,0.08,0.18,0.05,18.4,163,75,148,233.0,0,0,1,100
17:56:39,6,3,5,8.4,0.08,0.18,0.05,18.3,163,75,148,233.0,0,0,1,100
17:56:39,6,3,5,8.4,0.08,0.18,0.05,18.2,163,75,148,233.0,0,0,1,100
17:56:39,6,3,5,8.4,0.08,0.18,0.05,18.0,163,75,148,233.0,0,0,1,100
17:56:39,6,3,5,8.4,0.08,0.18,0.05,18.2,163,75,148,233.0,0,0,1,100
17:56:39,6,3,5,8.4,0.04,0.12,0.07,18.2,187,108,148,262.0,0,0,1,100
17:56:39,6,3,5,8.4,0.04,0.12,0.07,18.1,187,108,148,262.0,0,0,1,100
17:56:40,6,3,5,8.4,0.04,0.12,0.07,18.3,187,108,148,262.0,0,0,1,100
17:56:40,6,3,5,8.4,0.04,0.12,0.07,18.2,187,108,148,262.0,0,0,1,100
17:56:40,6,3,5,8.4,0.04,0.12,0.07,18.2,187,108,148,262.0,0,0,0,100
17:56:40,6,3,5,8.4,0.04,0.12,0.07,18.2,187,108,148,262.0,0,0,0,100
17:56:40,6,3,5,8.4,0.04,0.12,0.07,18.2,187,108,148,262.0,0,0,0,100
17:56:40,6,3,5,8.4,0.04,0.12,0.07,17.9,187,108,148,262.0,0,0,0,100
17:56:40,6,3,5,8.4,0.04,0.12,0.07,18.3,187,108,148,262.0,0,0,0,100
17:56:40,6,3,5,8.4,0.04,0.12,0.07,18.1,187,108,148,262.0,0,0,0,100
17:56:40,6,6,8,11.7,0.03,0.11,0.08,18.2,136,142,239,309.0,0,0,0,100
17:56:40,6,6,8,11.7,0.03,0.11,0.08,18.2,136,142,239,309.0,0,0,0,100
17:56:41,6,6,8,11.7,0.03,0.11,0.08,18.2,136,142,239,309.0,0,0,0,100
17:56:41,6,6,8,11.7,0.03,0.11,0.08,18.3,136,142,239,309.0,0,0,0,100
17:56:41,6,6,8,11.7,0.03,0.11,0.08,18.1,136,142,239,309.0,2,0,0,100
17:56:41,6,6,8,11.7,0.03,0.11,0.08,18.2,136,142,239,309.0,2,0,0,100
17:56:41,6,6,8,11.7,0.03,0.11,0.08,18.2,136,142,239,309.0,2,0,0,100
17:56:41,6,6,8,11.7,0.03,0.11,0.08,18.1,136,142,239,309.0,2,0,0,100
17:56:41,6,6,8,11.7,0.03,0.11,0.08,18.1,136,142,239,309.0,2,0,0,100
17:56:41,6,6,8,11.7,0.03,0.11,0.08,18.3,136,142,239,309.0,2,0,0,100
17:56:41,9,5,7,12.4,0.05,0.14,0.04,18.2,246,147,207,354.0,2,0,0,100
17:56:41,9,5,7,12.4,0.05,0.14,0.04,18.2,246,147,207,354.0,2,0,0,100
17:56:42,9,5,7,12.4,0.05,0.14,0.04,18.2,246,147,207,354.0,2,0,0,100
17:56:42,9,5,7,12.4,0.05,0.14,0.04,18.4,246,147,207,354.0,2,0,0,100
17:56:42,9,5,7,12.4,0.05,0.14,0.04,18.1,246,147,207,354.0,0,0,0,100
17:56:42,9,5,7,12.4,0.05,0.14,0.04,18.4,246,147,207,354.0,0,0,0,100
17:56:42,9,5,7,12.4,0.05,0.14,0.04,18.4,246,147,207,354.0,0,0,0,100
17:56:42,9,5,7,12.4,0.05,0.14,0.04,18.4,246,147,207,354.0,0,0,0,100
17:56:42,9,5,7,12.4,0.05,0.14,0.04,18.2,246,147,207,354.0,0,0,0,100
17:56:42,9,5,7,12.4,0.05,0.14,0.04,18.3,246,147,207,354.0,0,0,0,100
17:56:42,8,4,5,10.2,0.08,0.15,0.05,17.9,233,128,131,296.0,0,0,0,100
17:56:42,8,4,5,10.2,0.08,0.15,0.05,18.2,233,128,131,296.0,0,0,0,100
17:56:43,8,4,5,10.2,0.08,0.15,0.05,18.3,233,128,131,296.0,0,0,0,100
17:56:43,8,4,5,10.2,0.08,0.15,0.05,18.2,233,128,131,296.0,0,0,0,100
17:56:43,8,4,5,10.2,0.08,0.15,0.05,18.2,233,128,131,296.0,0,0,0,100
17:56:43,8,4,5,10.2,0.08,0.15,0.05,18.2,233,128,131,296.0,0,0,0,100
17:56:43,8,4,5,10.2,0.08,0.15,0.05,18.1,233,128,131,296.0,0,0,0,100
17:56:43,8,4,5,10.2,0.08,0.15,0.05,18.2,233,128,131,296.0,0,0,0,100
17:56:43,8,4,5,10.2,0.08,0.15,0.05,18.2,233,128,131,296.0,0,0,0,100
17:56:43,8,4,5,10.2,0.08,0.15,0.05,18.2,233,128,131,296.0,0,0,0,100
17:56:43,6,6,12,14.7,0.09,0.14,0.05,18.4,162,130,180,275.0,0,0,0,100
17:56:43,6,6,12,14.7,0.09,0.14,0.05,18.0,162,130,180,275.0,0,0,0,100
17:56:44,6,6,12,14.7,0.09,0.14,0.05,18.2,162,130,180,275.0,0,0,0,100
17:56:44,6,6,12,14.7,0.09,0.14,0.05,18.2,162,130,180,275.0,0,0,0,100
17:56:44,6,6,12,14.7,0.09,0.14,0.05,18.1,162,130,180,275.0,2,0,0,100
17:56:44,6,6,12,14.7,0.09,0.14,0.05,18.3,162,130,180,275.0,2,0,0,100
17:56:44,6,6,12,14.7,0.09,0.14,0.05,18.4,162,130,180,275.0,2,0,0,100
17:56:44,6,6,12,14.7,0.09,0.14,0.05,18.2,162,130,180,275.0,2,0,0,100
17:56:44,6,6,12,14.7,0.09,0.14,0.05,18.3,162,130,180,275.0,2,0,0,100
17:56:44,6,6,12,14.7,0.09,0.14,0.05,18.2,162,130,180,275.0,2,0,0,100
17:56:44,5,2,4,6.7,0.03,0.2,0.04,18.2,140,57,131,200.0,2,0,0,100
17:56:44,5,2,4,6.7,0.03,0.2,0.04,18.2,140,57,131,200.0,2,0,0,100
17:56:45,5,2,4,6.7,0.03,0.2,0.04,18.4,140,57,131,200.0,2,0,0,100
17:56:45,5,2,4,6.7,0.03,0.2,0.04,18.2,140,57,131,200.0,2,0,0,100
17:56:45,5,2,4,6.7,0.03,0.2,0.04,18.4,140,57,131,200.0,0,2,1,100
17:56:45,5,2,4,6.7,0.03,0.2,0.04,18.2,140,57,131,200.0,0,2,1,100
17:56:45,5,2,4,6.7,0.03,0.2,0.04,18.4,140,57,131,200.0,0,2,1,100
17:56:45,5,2,4,6.7,0.03,0.2,0.04,18.4,140,57,131,200.0,0,2,1,100
17:56:45,5,2,4,6.7,0.03,0.2,0.04,18.2,140,57,131,200.0,0,2,1,100
17:56:45,5,2,4,6.7,0.03,0.2,0.04,18.2,140,57,131,200.0,0,2,1,100
17:56:45,4,2,6,7.5,0.04,0.12,0.03,18.2,128,59,158,212.0,0,2,1,100
17:56:45,4,2,6,7.5,0.04,0.12,0.03,18.1,128,59,158,212.0,0,2,1,100
17:56:46,4,2,6,7.5,0.04,0.12,0.03,18.4,128,59,158,212.0,0,2,1,100
17:56:46,4,2,6,7.5,0.04,0.12,0.03,18.2,128,59,158,212.0,0,2,1,100
17:56:46,4,2,6,7.5,0.04,0.12,0.03,18.4,128,59,158,212.0,3,0,0,100
17:56:46,4,2,6,7.5,0.04,0.12,0.03,18.3,128,59,158,212.0,3,0,0,100
17:56:46,4,2,6,7.5,0.04,0.12,0.03,18.2,128,59,158,212.0,3,0,0,100
17:56:46,4,2,6,7.5,0.04,0.12,0.03,18.1,128,59,158,212.0,3,0,0,100
17:56:46,4,2,6,7.5,0.04,0.12,0.03,18.2,128,59,158,212.0,3,0,0,100
17:56:46,4,2,6,7.5,0.04,0.12,0.03,18.4,128,59,158,212.0,3,0,0,100
17:56:46,7,4,6,10.0,0.04,0.2,0.03,18.4,206,114,161,285.0,3,0,0,100
17:56:46,7,4,6,10.0,0.04,0.2,0.03,18.2,206,114,161,285.0,3,0,0,100
17:56:47,7,4,6,10.0,0.04,0.2,0.03,18.2,206,114,161,285.0,3,0,0,100
17:56:47,7,4,6,10.0,0.04,0.2,0.03,18.3,206,114,161,285.0,3,0,0,100
17:56:47,7,4,6,10.0,0.04,0.2,0.03,18.2,206,114,161,285.0,0,0,0,100
17:56:47,7,4,6,10.0,0.04,0.2,0.03,18.2,206,114,161,285.0,0,0,0,100
17:56:47,7,4,6,10.0,0.04,0.2,0.03,18.2,206,114,161,285.0,0,0,0,100
17:56:47,7,4,6,10.0,0.04,0.2,0.03,18.2,206,114,161,285.0,0,0,0,100
17:56:47,7,4,6,10.0,0.04,0.2,0.03,18.0,206,114,161,285.0,0,0,0,100
17:56:47,7,4,6,10.0,0.04,0.2,0.03,18.2,206,114,161,285.0,0,0,0,100
17:56:47,8,6,6,11.7,0.06,0.17,0.07,18.4,242,148,169,330.0,0,0,0,100
17:56:47,8,6,6,11.7,0.06,0.17,0.07,18.2,242,148,169,330.0,0,0,0,100
17:56:48,8,6,6,11.7,0.06,0.17,0.07,18.2,242,148,169,330.0,0,0,0,100
17:56:48,8,6,6,11.7,0.06,0.17,0.07,18.3,242,148,169,330.0,0,0,0,100
17:56:48,8,6,6,11.7,0.06,0.17,0.07,18.2,242,148,169,330.0,0,0,0,100
17:56:48,8,6,6,11.7,0.06,0.17,0.07,18.2,242,148,169,330.0,0,0,0,100
17:56:48,8,6,6,11.7,0.06,0.17,0.07,18.2,242,148,169,330.0,0,0,0,100
17:56:48,8,6,6,11.7,0.06,0.17,0.07,18.2,242,148,169,330.0,0,0,0,100
17:56:48,8,6,6,11.7,0.06,0.17,0.07,18.4,242,148,169,330.0,0,0,0,100
17:56:48,8,6,6,11.7,0.06,0.17,0.07,18.1,242,148,169,330.0,0,0,0,100
17:56:48,4,5,8,10.2,0.03,0.19,0.07,18.2,131,133,235,300.0,0,0,0,100
17:56:48,4,5,8,10.2,0.03,0.19,0.07,18.2,131,133,235,300.0,0,0,0,100
17:56:49,4,5,8,10.2,0.03,0.19,0.07,18.4,131,133,235,300.0,0,0,0,100
17:56:49,4,5,8,10.2,0.03,0.19,0.07,18.3,131,133,235,300.0,0,0,0,100
17:56:49,4,5,8,10.2,0.03,0.19,0.07,17.9,131,133,235,300.0,0,0,0,100
17:56:49,4,5,8,10.2,0.03,0.19,0.07,18.3,131,133,235,300.0,0,0,0,100
17:56:49,4,5,8,10.2,0.03,0.19,0.07,18.3,131,133,235,300.0,0,0,0,100
17:56:49,4,5,8,10.2,0.03,0.19,0.07,18.2,131,133,235,300.0,0,0,0,100
17:56:49,4,5,8,10.2,0.03,0.19,0.07,18.4,131,133,235,300.0,0,0,0,100
17:56:49,4,5,8,10.2,0.03,0.19,0.07,18.3,131,133,235,300.0,0,0,0,100
17:56:49,7,4,7,10.7,0.04,0.12,0.05,18.3,209,121,211,321.0,0,0,0,100
17:56:49,7,4,7,10.7,0.04,0.12,0.05,18.3,209,121,211,321.0,0,0,0,100
17:56:50,7,4,7,10.7,0.04,0.12,0.05,18.4,209,121,211,321.0,0,0,0,100
17:56:50,7,4,7,10.7,0.04,0.12,0.05,18.3,209,121,211,321.0,0,0,0,100
17:56:50,7,4,7,10.7,0.04,0.12,0.05,18.3,209,121,211,321.0,0,0,1,100
17:56:50,7,4,7,10.7,0.04,0.12,0.05,18.2,209,121,211,321.0,0,0,1,100
17:56:50,7,4,7,10.7,0.04,0.12,0.05,18.2,209,121,211,321.0,0,0,1,100
17:56:50,7,4,7,10.7,0.04,0.12,0.05,18.2,209,121,211,321.0,0,0,1,100
17:56:50,7,4,7,10.7,0.04,0.12,0.05,18.2,209,121,211,321.0,0,0,1,100
17:56:50,7,4,7,10.7,0.04,0.12,0.05,18.3,209,121,211,321.0,0,0,1,100
17:56:50,7,3,4,8.6,0.1,0.14,0.04,18.2,214,107,122,269.0,0,0,1,100
17:56:50,7,3,4,8.6,0.1,0.14,0.04,18.3,214,107,122,269.0,0,0,1,100
17:56:51,7,3,4,8.6,0.1,0.14,0.04,18.4,214,107,122,269.0,0,0,1,100
17:56:51,7,3,4,8.6,0.1,0.14,0.04,18.1,214,107,122,269.0,0,0,1,100
17:56:51,7,3,4,8.6,0.1,0.14,0.04,18.2,214,107,122,269.0,0,0,0,100
17:56:51,7,3,4,8.6,0.1,0.14,0.04,18.4,214,107,122,269.0,0,0,0,100
17:56:51,7,3,4,8.6,0.1,0.14,0.04,18.4,214,107,122,269.0,0,0,0,100
17:56:51,7,3,4,8.6,0.1,0.14,0.04,18.1,214,107,122,269.0,0,0,0,100
17:56:51,7,3,4,8.6,0.1,0.14,0.04,18.2,214,107,122,269.0,0,0,0,100
17:56:51,7,3,4,8.6,0.1,0.14,0.04,18.3,214,107,122,269.0,0,0,0,100
17:56:51,3,4,6,7.8,0.05,0.1,0.06,18.3,105,70,155,200.0,0,0,0,100
17:56:51,3,4,6,7.8,0.05,0.1,0.06,18.4,105,70,155,200.0,0,0,0,100
17:56:52,3,4,6,7.8,0.05,0.1,0.06,18.3,105,70,155,200.0,0,0,0,100
17:56:52,3,4,6,7.8,0.05,0.1,0.06,18.1,105,70,155,200.0,0,0,0,100
17:56:52,3,4,6,7.8,0.05,0.1,0.06,18.2,105,70,155,200.0,1,0,0,100
17:56:52,3,4,6,7.8,0.05,0.1,0.06,17.9,105,70,155,200.0,1,0,0,100
17:56:52,3,4,6,7.8,0.05,0.1,0.06,18.5,105,70,155,200.0,1,0,0,100
17:56:52,3,4,6,7.8,0.05,0.1,0.06,18.4,105,70,155,200.0,1,0,0,100
17:56:52,3,4,6,7.8,0.05,0.1,0.06,18.2,105,70,155,200.0,1,0,0,100
17:56:52,3,4,6,7.8,0.05,0.1,0.06,18.3,105,70,155,200.0,1,0,0,100
17:56:52,8,6,6,11.7,0.04,0.09,0.08,18.2,145,43,107,185.0,1,0,0,100
17:56:52,8,6,6,11.7,0.04,0.09,0.08,18.4,145,43,107,185.0,1,0,0,100
17:56:53,8,6,6,11.7,0.04,0.09,0.08,18.2,145,43,107,185.0,1,0,0,100
17:56:53,8,6,6,11.7,0.04,0.09,0.08,18.2,145,43,107,185.0,1,0,0,100
17:56:53,8,6,6,11.7,0.04,0.09,0.08,18.2,145,43,107,185.0,0,4,1,100
17:56:53,8,6,6,11.7,0.04,0.09,0.08,18.3,145,43,107,185.0,0,4,1,100
17:56:53,8,6,6,11.7,0.04,0.09,0.08,18.3,145,43,107,185.0,0,4,1,100
17:56:53,8,6,6,11.7,0.04,0.09,0.08,18.2,145,43,107,185.0,0,4,1,100
17:56:53,8,6,6,11.7,0.04,0.09,0.08,18.3,145,43,107,185.0,0,4,1,100
17:56:53,8,6,6,11.7,0.04,0.09,0.08,18.2,145,43,107,185.0,0,4,1,100
17:56:53,4,2,5,6.7,0.05,0.13,0.05,17.9,107,74,165,210.0,0,4,1,100
17:56:54,4,2,5,6.7,0.05,0.13,0.05,18.1,107,74,165,210.0,0,4,1,100
17:56:54,4,2,5,6.7,0.05,0.13,0.05,18.2,107,74,165,210.0,0,4,1,100
17:56:54,4,2,5,6.7,0.05,0.13,0.05,18.2,107,74,165,210.0,0,4,1,100
17:56:54,4,2,5,6.7,0.05,0.13,0.05,18.2,107,74,165,210.0,0,0,0,100
17:56:54,4,2,5,6.7,0.05,0.13,0.05,18.2,107,74,165,210.0,0,0,0,100
17:56:54,4,2,5,6.7,0.05,0.13,0.05,18.3,107,74,165,210.0,0,0,0,100
17:56:54,4,2,5,6.7,0.05,0.13,0.05,18.0,107,74,165,210.0,0,0,0,100
17:56:54,4,2,5,6.7,0.05,0.13,0.05,18.2,107,74,165,210.0,0,0,0,100
17:56:54,4,2,5,6.7,0.05,0.13,0.05,18.2,107,74,165,210.0,0,0,0,100
17:56:54,6,4,6,9.4,0.06,0.12,0.02,18.1,195,117,171,285.0,0,0,0,100
17:56:54,6,4,6,9.4,0.06,0.12,0.02,18.1,195,117,171,285.0,0,0,0,100
17:56:55,6,4,6,9.4,0.06,0.12,0.02,18.3,195,117,171,285.0,0,0,0,100
17:56:55,6,4,6,9.4,0.06,0.12,0.02,18.2,195,117,171,285.0,0,0,0,100
17:56:55,6,4,6,9.4,0.06,0.12,0.02,18.4,195,117,171,285.0,0,0,1,100
17:56:55,6,4,6,9.4,0.06,0.12,0.02,18.2,195,117,171,285.0,0,0,1,100
17:56:55,6,4,6,9.4,0.06,0.12,0.02,18.1,195,117,171,285.0,0,0,1,100
17:56:55,6,4,6,9.4,0.06,0.12,0.02,18.2,195,117,171,285.0,0,0,1,100
17:56:55,6,4,6,9.4,0.06,0.12,0.02,17.9,195,117,171,285.0,0,0,1,100
17:56:55,6,4,6,9.4,0.06,0.12,0.02,18.4,195,117,171,285.0,0,0,1,100
17:56:55,8,5,7,11.7,0.12,0.24,0.09,18.4,239,154,199,347.0,0,0,1,100
17:56:56,8,5,7,11.7,0.12,0.24,0.09,18.2,239,154,199,347.0,0,0,1,100
17:56:56,8,5,7,11.7,0.12,0.24,0.09,18.4,239,154,199,347.0,0,0,1,100
17:56:56,8,5,7,11.7,0.12,0.24,0.09,18.4,239,154,199,347.0,0,0,1,100
17:56:56,8,5,7,11.7,0.12,0.24,0.09,18.2,239,154,199,347.0,0,0,0,100
17:56:56,8,5,7,11.7,0.12,0.24,0.09,18.2,239,154,199,347.0,0,0,0,100
17:56:56,8,5,7,11.7,0.12,0.24,0.09,18.4,239,154,199,347.0,0,0,0,100
17:56:56,8,5,7,11.7,0.12,0.24,0.09,18.2,239,154,199,347.0,0,0,0,100
17:56:56,8,5,7,11.7,0.12,0.24,0.09,18.3,239,154,199,347.0,0,0,0,100
17:56:56,8,5,7,11.7,0.12,0.24,0.09,18.2,239,154,199,347.0,0,0,0,100
17:56:56,5,6,12,14.3,0.04,0.25,0.07,18.4,152,145,279,349.0,0,0,0,100
17:56:57,5,6,12,14.3,0.04,0.25,0.07,18.1,152,145,279,349.0,0,0,0,100
17:56:57,5,6,12,14.3,0.04,0.25,0.07,18.2,152,145,279,349.0,0,0,0,100
17:56:57,5,6,12,14.3,0.04,0.25,0.07,18.3,152,145,279,349.0,0,0,0,100
17:56:57,5,6,12,14.3,0.04,0.25,0.07,18.5,152,145,279,349.0,4,0,0,100
17:56:57,5,6,12,14.3,0.04,0.25,0.07,18.3,152,145,279,349.0,4,0,0,100
17:56:57,5,6,12,14.3,0.04,0.25,0.07,18.2,152,145,279,349.0,4,0,0,100
17:56:57,5,6,12,14.3,0.04,0.25,0.07,18.4,152,145,279,349.0,4,0,0,100
17:56:57,5,6,12,14.3,0.04,0.25,0.07,18.2,152,145,279,349.0,4,0,0,100
17:56:57,5,6,12,14.3,0.04,0.25,0.07,18.2,152,145,279,349.0,4,0,0,100
17:56:57,7,4,7,10.7,0.05,0.13,0.08,18.1,213,132,215,330.0,4,0,0,100
17:56:58,7,4,7,10.7,0.05,0.13,0.08,18.5,213,132,215,330.0,4,0,0,100
17:56:58,7,4,7,10.7,0.05,0.13,0.08,18.2,213,132,215,330.0,4,0,0,100
17:56:58,7,4,7,10.7,0.05,0.13,0.08,18.4,213,132,215,330.0,4,0,0,100
17:56:58,7,4,7,10.7,0.05,0.13,0.08,18.2,213,132,215,330.0,0,0,1,100
17:56:58,7,4,7,10.7,0.05,0.13,0.08,18.2,213,132,215,330.0,0,0,1,100
17:56:58,7,4,7,10.7,0.05,0.13,0.08,18.1,213,132,215,330.0,0,0,1,100
17:56:58,7,4,7,10.7,0.05,0.13,0.08,18.2,213,132,215,330.0,0,0,1,100
17:56:58,7,4,7,10.7,0.05,0.13,0.08,18.2,213,132,215,330.0,0,0,1,100
17:56:58,7,4,7,10.7,0.05,0.13,0.08,18.2,213,132,215,330.0,0,0,1,100
17:56:58,6,3,5,8.4,0.08,0.13,0.03,18.3,181,91,143,248.0,0,0,1,100
17:56:59,6,3,5,8.4,0.08,0.13,0.03,18.1,181,91,143,248.0,0,0,1,100
17:56:59,6,3,5,8.4,0.08,0.13,0.03,18.4,181,91,143,248.0,0,0,1,100
17:56:59,6,3,5,8.4,0.08,0.13,0.03,18.0,181,91,143,248.0,0,0,1,100
17:56:59,6,3,5,8.4,0.08,0.13,0.03,18.4,181,91,143,248.0,0,0,0,100
17:56:59,6,3,5,8.4,0.08,0.13,0.03,18.3,181,91,143,248.0,0,0,0,100
17:56:59,6,3,5,8.4,0.08,0.13,0.03,18.4,181,91,143,248.0,0,0,0,100
17:56:59,6,3,5,8.4,0.08,0.13,0.03,18.3,181,91,143,248.0,0,0,0,100
17:56:59,6,3,5,8.4,0.08,0.13,0.03,18.2,181,91,143,248.0,0,0,0,100
17:56:59,6,3,5,8.4,0.08,0.13,0.03,18.3,181,91,143,248.0,0,0,0,100
17:56:59,4,1,5,6.5,0.09,0.12,0.07,18.2,112,45,154,196.0,0,0,0,100
17:57:00,4,1,5,6.5,0.09,0.12,0.07,18.4,112,45,154,196.0,0,0,0,100
17:57:00,4,1,5,6.5,0.09,0.12,0.07,17.9,112,45,154,196.0,0,0,0,100
17:57:00,4,1,5,6.5,0.09,0.12,0.07,18.2,112,45,154,196.0,0,0,0,100
17:57:00,4,1,5,6.5,0.09,0.12,0.07,18.5,112,45,154,196.0,1,1,1,100
17:57:00,4,1,5,6.5,0.09,0.12,0.07,18.4,112,45,154,196.0,1,1,1,100
17:57:00,4,1,5,6.5,0.09,0.12,0.07,18.2,112,45,154,196.0,1,1,1,100
17:57:00,4,1,5,6.5,0.09,0.12,0.07,18.4,112,45,154,196.0,1,1,1,100
17:57:00,4,1,5,6.5,0.09,0.12,0.07,18.4,112,45,154,196.0,1,1,1,100
17:57:00,4,1,5,6.5,0.09,0.12,0.07,18.3,112,45,154,196.0,1,1,1,100
17:57:00,6,2,4,7.5,0.04,0.19,0.07,18.3,157,62,129,212.0,1,1,1,100
17:57:01,6,2,4,7.5,0.04,0.19,0.07,18.1,157,62,129,212.0,1,1,1,100
17:57:01,6,2,4,7.5,0.04,0.19,0.07,17.9,157,62,129,212.0,1,1,1,100
17:57:01,6,2,4,7.5,0.04,0.19,0.07,18.3,157,62,129,212.0,1,1,1,100
17:57:01,6,2,4,7.5,0.04,0.19,0.07,18.2,157,62,129,212.0,0,0,1,100
17:57:01,6,2,4,7.5,0.04,0.19,0.07,18.5,157,62,129,212.0,0,0,1,100
17:57:01,6,2,4,7.5,0.04,0.19,0.07,18.2,157,62,129,212.0,0,0,1,100
17:57:01,6,2,4,7.5,0.04,0.19,0.07,18.1,157,62,129,212.0,0,0,1,100
17:57:01,6,2,4,7.5,0.04,0.19,0.07,18.2,157,62,129,212.0,0,0,1,100
17:57:01,6,2,4,7.5,0.04,0.19,0.07,18.2,157,62,129,212.0,0,0,1,100
17:57:01,4,5,8,10.2,0.08,0.32,0.12,18.2,110,136,235,293.0,0,0,1,100
17:57:02,4,5,8,10.2,0.08,0.32,0.12,18.2,110,136,235,293.0,0,0,1,100
17:57:02,4,5,8,10.2,0.08,0.32,0.12,18.2,110,136,235,293.0,0,0,1,100
17:57:02,4,5,8,10.2,0.08,0.32,0.12,18.2,110,136,235,293.0,0,0,1,100
17:57:02,4,5,8,10.2,0.08,0.32,0.12,18.3,110,136,235,293.0,3,0,0,100
17:57:02,4,5,8,10.2,0.08,0.32,0.12,18.2,110,136,235,293.0,3,0,0,100
17:57:02,4,5,8,10.2,0.08,0.32,0.12,18.2,110,136,235,293.0,3,0,0,100
17:57:02,4,5,8,10.2,0.08,0.32,0.12,18.2,110,136,235,293.0,3,0,0,100
17:57:02,4,5,8,10.2,0.08,0.32,0.12,18.6,110,136,235,293.0,3,0,0,100
17:57:02,4,5,8,10.2,0.08,0.32,0.12,18.2,110,136,235,293.0,3,0,0,100
17:57:02,9,5,7,12.4,0.05,0.19,0.03,18.2,254,142,169,337.0,3,0,0,100
17:57:03,9,5,7,12.4,0.05,0.19,0.03,18.3,254,142,169,337.0,3,0,0,100
17:57:03,9,5,7,12.4,0.05,0.19,0.03,18.3,254,142,169,337.0,3,0,0,100
17:57:03,9,5,7,12.4,0.05,0.19,0.03,18.4,254,142,169,337.0,3,0,0,100
17:57:03,9,5,7,12.4,0.05,0.19,0.03,18.4,254,142,169,337.0,0,0,0,100
17:57:03,9,5,7,12.4,0.05,0.19,0.03,18.4,254,142,169,337.0,0,0,0,100
17:57:03,9,5,7,12.4,0.05,0.19,0.03,18.2,254,142,169,337.0,0,0,0,100
17:57:03,9,5,7,12.4,0.05,0.19,0.03,18.3,254,142,169,337.0,0,0,0,100
17:57:03,9,5,7,12.4,0.05,0.19,0.03,18.2,254,142,169,337.0,0,0,0,100
17:57:03,9,5,7,12.4,0.05,0.19,0.03,18.3,254,142,169,337.0,0,0,0,100
17:57:03,10,5,7,13.2,0.05,0.26,0.04,18.5,277,152,193,370.0,0,0,0,100
17:57:04,10,5,7,13.2,0.05,0.26,0.04,18.3,277,152,193,370.0,0,0,0,100
17:57:04,10,5,7,13.2,0.05,0.26,0.04,18.5,277,152,193,370.0,0,0,0,100
17:57:04,10,5,7,13.2,0.05,0.26,0.04,18.2,277,152,193,370.0,0,0,0,100
17:57:04,10,5,7,13.2,0.05,0.26,0.04,18.2,277,152,193,370.0,0,0,0,100
17:57:04,10,5,7,13.2,0.05,0.26,0.04,18.3,277,152,193,370.0,0,0,0,100
17:57:04,10,5,7,13.2,0.05,0.26,0.04,18.4,277,152,193,370.0,0,0,0,100
17:57:04,10,5,7,13.2,0.05,0.26,0.04,18.0,277,152,193,370.0,0,0,0,100
17:57:04,10,5,7,13.2,0.05,0.26,0.04,18.3,277,152,193,370.0,0,0,0,100
17:57:04,10,5,7,13.2,0.05,0.26,0.04,18.4,277,152,193,370.0,0,0,0,100
17:57:04,4,4,8,9.8,0.03,0.13,0.09,18.2,114,116,216,270.0,0,0,0,100
17:57:05,4,4,8,9.8,0.03,0.13,0.09,18.4,114,116,216,270.0,0,0,0,100
17:57:05,4,4,8,9.8,0.03,0.13,0.09,18.3,114,116,216,270.0,0,0,0,100
17:57:05,4,4,8,9.8,0.03,0.13,0.09,18.2,114,116,216,270.0,0,0,0,100
17:57:05,4,4,8,9.8,0.03,0.13,0.09,18.4,114,116,216,270.0,1,0,0,100
17:57:05,4,4,8,9.8,0.03,0.13,0.09,18.2,114,116,216,270.0,1,0,0,100
17:57:05,4,4,8,9.8,0.03,0.13,0.09,18.2,114,116,216,270.0,1,0,0,100
17:57:05,4,4,8,9.8,0.03,0.13,0.09,18.2,114,116,216,270.0,1,0,0,100
17:57:05,4,4,8,9.8,0.03,0.13,0.09,18.4,114,116,216,270.0,1,0,0,100
17:57:05,4,4,8,9.8,0.03,0.13,0.09,18.3,114,116,216,270.0,1,0,0,100
17:57:06,6,3,6,9.0,0.04,0.14,0.09,18.4,173,106,186,275.0,1,0,0,100
17:57:06,6,3,6,9.0,0.04,0.14,0.09,18.3,173,106,186,275.0,1,0,0,100
17:57:06,6,3,6,9.0,0.04,0.14,0.09,18.3,173,106,186,275.0,1,0,0,100
17:57:06,6,3,6,9.0,0.04,0.14,0.09,18.2,173,106,186,275.0,1,0,0,100
17:57:06,6,3,6,9.0,0.04,0.14,0.09,18.4,173,106,186,275.0,0,0,2,100
17:57:06,6,3,6,9.0,0.04,0.14,0.09,18.4,173,106,186,275.0,0,0,2,100
17:57:06,6,3,6,9.0,0.04,0.14,0.09,18.2,173,106,186,275.0,0,0,2,100
17:57:06,6,3,6,9.0,0.04,0.14,0.09,18.2,173,106,186,275.0,0,0,2,100
17:57:06,6,3,6,9.0,0.04,0.14,0.09,18.2,173,106,186,275.0,0,0,2,100
17:57:06,6,3,6,9.0,0.04,0.14,0.09,18.3,173,106,186,275.0,0,0,2,100
17:57:07,6,3,6,9.0,0.09,0.14,0.06,18.2,160,54,161,233.0,0,0,2,100
17:57:07,6,3,6,9.0,0.09,0.14,0.06,18.1,160,54,161,233.0,0,0,2,100
17:57:07,6,3,6,9.0,0.09,0.14,0.06,18.2,160,54,161,233.0,0,0,2,100
17:57:07,6,3,6,9.0,0.09,0.14,0.06,18.2,160,54,161,233.0,0,0,2,100
17:57:07,6,3,6,9.0,0.09,0.14,0.06,18.2,160,54,161,233.0,2,2,0,100
17:57:07,6,3,6,9.0,0.09,0.14,0.06,17.9,160,54,161,233.0,2,2,0,100
17:57:07,6,3,6,9.0,0.09,0.14,0.06,18.3,160,54,161,233.0,2,2,0,100
17:57:07,6,3,6,9.0,0.09,0.14,0.06,18.2,160,54,161,233.0,2,2,0,100
17:57:07,6,3,6,9.0,0.09,0.14,0.06,18.1,160,54,161,233.0,2,2,0,100
17:57:07,6,3,6,9.0,0.09,0.14,0.06,18.1,160,54,161,233.0,2,2,0,100
17:57:08,6,3,6,9.0,0.09,0.14,0.06,18.4,160,54,161,233.0,2,2,0,100
17:57:08,7,3,5,9.1,0.05,0.12,0.04,18.4,150,45,150,217.0,2,2,0,100
17:57:08,7,3,5,9.1,0.05,0.12,0.04,18.3,150,45,150,217.0,2,2,0,100
17:57:08,7,3,5,9.1,0.05,0.12,0.04,18.0,150,45,150,217.0,2,2,0,100
17:57:08,7,3,5,9.1,0.05,0.12,0.04,18.3,150,45,150,217.0,0,1,1,100
17:57:08,7,3,5,9.1,0.05,0.12,0.04,18.2,150,45,150,217.0,0,1,1,100
17:57:08,7,3,5,9.1,0.05,0.12,0.04,18.6,150,45,150,217.0,0,1,1,100
17:57:08,7,3,5,9.1,0.05,0.12,0.04,18.4,150,45,150,217.0,0,1,1,100
17:57:08,7,3,5,9.1,0.05,0.12,0.04,18.3,150,45,150,217.0,0,1,1,100
17:57:08,7,3,5,9.1,0.05,0.12,0.04,18.4,150,45,150,217.0,0,1,1,100
17:57:09,7,3,5,9.1,0.05,0.12,0.04,18.2,150,45,150,217.0,0,1,1,100
17:57:09,6,3,6,9.0,0.05,0.15,0.11,18.4,180,99,175,270.0,0,1,1,100
17:57:09,6,3,6,9.0,0.05,0.15,0.11,18.2,180,99,175,270.0,0,1,1,100
17:57:09,6,3,6,9.0,0.05,0.15,0.11,18.4,180,99,175,270.0,0,1,1,100
17:57:09,6,3,6,9.0,0.05,0.15,0.11,18.4,180,99,175,270.0,0,0,0,100
17:57:09,6,3,6,9.0,0.05,0.15,0.11,18.2,180,99,175,270.0,0,0,0,100
17:57:09,6,3,6,9.0,0.05,0.15,0.11,18.2,180,99,175,270.0,0,0,0,100
17:57:09,6,3,6,9.0,0.05,0.15,0.11,18.4,180,99,175,270.0,0,0,0,100
17:57:09,6,3,6,9.0,0.05,0.15,0.11,18.2,180,99,175,270.0,0,0,0,100
17:57:09,6,3,6,9.0,0.05,0.15,0.11,18.2,180,99,175,270.0,0,0,0,100
17:57:10,6,3,6,9.0,0.05,0.15,0.11,18.2,180,99,175,270.0,0,0,0,100
17:57:10,5,4,7,9.5,0.06,0.14,0.09,18.0,157,125,219,297.0,0,0,0,100
17:57:10,5,4,7,9.5,0.06,0.14,0.09,18.2,157,125,219,297.0,0,0,0,100
17:57:10,5,4,7,9.5,0.06,0.14,0.09,18.4,157,125,219,297.0,0,0,0,100
17:57:10,5,4,7,9.5,0.06,0.14,0.09,18.2,157,125,219,297.0,0,0,0,100
17:57:10,5,4,7,9.5,0.06,0.14,0.09,18.4,157,125,219,297.0,0,0,0,100
17:57:10,5,4,7,9.5,0.06,0.14,0.09,18.4,157,125,219,297.0,0,0,0,100
17:57:10,5,4,7,9.5,0.06,0.14,0.09,18.4,157,125,219,297.0,0,0,0,100
17:57:10,5,4,7,9.5,0.06,0.14,0.09,18.3,157,125,219,297.0,0,0,0,100
17:57:10,5,4,7,9.5,0.06,0.14,0.09,18.3,157,125,219,297.0,0,0,0,100
17:57:11,5,4,7,9.5,0.06,0.14,0.09,18.2,157,125,219,297.0,0,0,0,100
17:57:11,8,5,5,10.7,0.07,0.14,0.04,18.2,236,136,162,317.0,0,0,0,100
17:57:11,8,5,5,10.7,0.07,0.14,0.04,18.3,236,136,162,317.0,0,0,0,100
17:57:11,8,5,5,10.7,0.07,0.14,0.04,18.2,236,136,162,317.0,0,0,0,100
17:57:11,8,5,5,10.7,0.07,0.14,0.04,18.4,236,136,162,317.0,0,0,2,100
17:57:11,8,5,5,10.7,0.07,0.14,0.04,18.2,236,136,162,317.0,0,0,2,100
17:57:11,8,5,5,10.7,0.07,0.14,0.04,18.1,236,136,162,317.0,0,0,2,100
17:57:11,8,5,5,10.7,0.07,0.14,0.04,18.4,236,136,162,317.0,0,0,2,100
17:57:11,8,5,5,10.7,0.07,0.14,0.04,18.3,236,136,162,317.0,0,0,2,100
17:57:11,8,5,5,10.7,0.07,0.14,0.04,18.3,236,136,162,317.0,0,0,2,100
17:57:12,8,5,5,10.7,0.07,0.14,0.04,18.4,236,136,162,317.0,0,0,2,100
17:57:12,10,5,7,13.2,0.08,0.15,0.06,18.4,242,140,211,350.0,0,0,2,100
17:57:12,10,5,7,13.2,0.08,0.15,0.06,18.4,242,140,211,350.0,0,0,2,100
17:57:12,10,5,7,13.2,0.08,0.15,0.06,18.2,242,140,211,350.0,0,0,2,100
17:57:12,10,5,7,13.2,0.08,0.15,0.06,18.3,242,140,211,350.0,0,0,0,100
17:57:12,10,5,7,13.2,0.08,0.15,0.06,18.3,242,140,211,350.0,0,0,0,100
17:57:12,10,5,7,13.2,0.08,0.15,0.06,18.2,242,140,211,350.0,0,0,0,100
17:57:12,10,5,7,13.2,0.08,0.15,0.06,18.2,242,140,211,350.0,0,0,0,100
17:57:12,10,5,7,13.2,0.08,0.15,0.06,18.3,242,140,211,350.0,0,0,0,100
17:57:12,10,5,7,13.2,0.08,0.15,0.06,18.2,242,140,211,350.0,0,0,0,100
17:57:13,10,5,7,13.2,0.08,0.15,0.06,18.3,242,140,211,350.0,0,0,0,100
17:57:13,8,4,8,12.0,0.04,0.14,0.08,18.4,179,116,223,309.0,0,0,0,100
17:57:13,8,4,8,12.0,0.04,0.14,0.08,18.2,179,116,223,309.0,0,0,0,100
17:57:13,8,4,8,12.0,0.04,0.14,0.08,18.5,179,116,223,309.0,0,0,0,100
17:57:13,8,4,8,12.0,0.04,0.14,0.08,18.3,179,116,223,309.0,2,0,0,100
17:57:13,8,4,8,12.0,0.04,0.14,0.08,18.2,179,116,223,309.0,2,0,0,100
17:57:13,8,4,8,12.0,0.04,0.14,0.08,18.3,179,116,223,309.0,2,0,0,100
17:57:13,8,4,8,12.0,0.04,0.14,0.08,18.2,179,116,223,309.0,2,0,0,100
17:57:13,8,4,8,12.0,0.04,0.14,0.08,18.4,179,116,223,309.0,2,0,0,100
17:57:13,8,4,8,12.0,0.04,0.14,0.08,18.2,179,116,223,309.0,2,0,0,100
17:57:14,8,4,8,12.0,0.04,0.14,0.08,18.2,179,116,223,309.0,2,0,0,100
17:57:14,6,2,3,7.0,0.07,0.12,0.08,18.2,185,76,126,236.0,2,0,0,100
17:57:14,6,2,3,7.0,0.07,0.12,0.08,18.3,185,76,126,236.0,2,0,0,100
17:57:14,6,2,3,7.0,0.07,0.12,0.08,18.0,185,76,126,236.0,2,0,0,100
17:57:14,6,2,3,7.0,0.07,0.12,0.08,18.3,185,76,126,236.0,0,1,0,100
17:57:14,6,2,3,7.0,0.07,0.12,0.08,18.5,185,76,126,236.0,0,1,0,100
17:57:14,6,2,3,7.0,0.07,0.12,0.08,18.2,185,76,126,236.0,0,1,0,100
17:57:14,6,2,3,7.0,0.07,0.12,0.08,18.2,185,76,126,236.0,0,1,0,100
17:57:14,6,2,3,7.0,0.07,0.12,0.08,18.1,185,76,126,236.0,0,1,0,100
17:57:14,6,2,3,7.0,0.07,0.12,0.08,18.2,185,76,126,236.0,0,1,0,100
17:57:15,6,2,3,7.0,0.07,0.12,0.08,18.4,185,76,126,236.0,0,1,0,100
17:57:15,3,5,7,9.1,0.1,0.15,0.05,18.2,114,30,194,227.0,0,1,0,100
17:57:15,3,5,7,9.1,0.1,0.15,0.05,18.4,114,30,194,227.0,0,1,0,100
17:57:15,3,5,7,9.1,0.1,0.15,0.05,18.4,114,30,194,227.0,0,1,0,100
17:57:15,3,5,7,9.1,0.1,0.15,0.05,18.3,114,30,194,227.0,1,5,0,100
17:57:15,3,5,7,9.1,0.1,0.15,0.05,18.2,114,30,194,227.0,1,5,0,100
17:57:15,3,5,7,9.1,0.1,0.15,0.05,18.2,114,30,194,227.0,1,5,0,100
17:57:15,3,5,7,9.1,0.1,0.15,0.05,18.3,114,30,194,227.0,1,5,0,100
17:57:15,3,5,7,9.1,0.1,0.15,0.05,18.3,114,30,194,227.0,1,5,0,100
17:57:15,3,5,7,9.1,0.1,0.15,0.05,18.2,114,30,194,227.0,1,5,0,100
17:57:16,3,5,7,9.1,0.1,0.15,0.05,18.2,114,30,194,227.0,1,5,0,100
17:57:16,6,2,4,7.5,0.05,0.13,0.05,18.4,179,71,111,222.0,1,5,0,100
17:57:16,6,2,4,7.5,0.05,0.13,0.05,18.1,179,71,111,222.0,1,5,0,100
17:57:16,6,2,4,7.5,0.05,0.13,0.05,18.5,179,71,111,222.0,1,5,0,100
17:57:16,6,2,4,7.5,0.05,0.13,0.05,18.2,179,71,111,222.0,0,0,2,100
17:57:16,6,2,4,7.5,0.05,0.13,0.05,18.3,179,71,111,222.0,0,0,2,100
17:57:16,6,2,4,7.5,0.05,0.13,0.05,18.3,179,71,111,222.0,0,0,2,100
17:57:16,6,2,4,7.5,0.05,0.13,0.05,18.2,179,71,111,222.0,0,0,2,100
17:57:16,6,2,4,7.5,0.05,0.13,0.05,18.2,179,71,111,222.0,0,0,2,100
17:57:16,6,2,4,7.5,0.05,0.13,0.05,18.2,179,71,111,222.0,0,0,2,100
17:57:17,6,2,4,7.5,0.05,0.13,0.05,18.3,179,71,111,222.0,0,0,2,100
17:57:17,7,4,7,10.7,0.03,0.18,0.04,18.2,169,120,202,289.0,0,0,2,100
17:57:17,7,4,7,10.7,0.03,0.18,0.04,18.2,169,120,202,289.0,0,0,2,100
17:57:17,7,4,7,10.7,0.03,0.18,0.04,18.4,169,120,202,289.0,0,0,2,100
17:57:17,7,4,7,10.7,0.03,0.18,0.04,18.3,169,120,202,289.0,2,0,0,100
17:57:17,7,4,7,10.7,0.03,0.18,0.04,18.2,169,120,202,289.0,2,0,0,100
17:57:17,7,4,7,10.7,0.03,0.18,0.04,18.1,169,120,202,289.0,2,0,0,100
17:57:17,7,4,7,10.7,0.03,0.18,0.04,18.4,169,120,202,289.0,2,0,0,100
17:57:17,7,4,7,10.7,0.03,0.18,0.04,18.4,169,120,202,289.0,2,0,0,100
17:57:17,7,4,7,10.7,0.03,0.18,0.04,18.4,169,120,202,289.0,2,0,0,100
17:57:18,7,4,7,10.7,0.03,0.18,0.04,18.2,169,120,202,289.0,2,0,0,100
17:57:18,7,6,9,12.9,0.03,0.19,0.04,18.2,177,148,232,327.0,2,0,0,100
17:57:18,7,6,9,12.9,0.03,0.19,0.04,18.4,177,148,232,327.0,2,0,0,100
17:57:18,7,6,9,12.9,0.03,0.19,0.04,18.4,177,148,232,327.0,2,0,0,100
17:57:18,7,6,9,12.9,0.03,0.19,0.04,18.2,177,148,232,327.0,0,0,0,100
17:57:18,7,6,9,12.9,0.03,0.19,0.04,18.3,177,148,232,327.0,0,0,0,100
17:57:18,7,6,9,12.9,0.03,0.19,0.04,18.3,177,148,232,327.0,0,0,0,100
17:57:18,7,6,9,12.9,0.03,0.19,0.04,18.4,177,148,232,327.0,0,0,0,100
17:57:18,7,6,9,12.9,0.03,0.19,0.04,18.1,177,148,232,327.0,0,0,0,100
17:57:18,7,6,9,12.9,0.03,0.19,0.04,18.4,177,148,232,327.0,0,0,0,100
17:57:19,7,6,9,12.9,0.03,0.19,0.04,18.4,177,148,232,327.0,0,0,0,100
17:57:19,10,6,6,13.1,0.07,0.21,0.05,18.4,284,164,153,362.0,0,0,0,100
17:57:19,10,6,6,13.1,0.07,0.21,0.05,18.3,284,164,153,362.0,0,0,0,100
17:57:19,10,6,6,13.1,0.07,0.21,0.05,18.2,284,164,153,362.0,0,0,0,100
17:57:19,10,6,6,13.1,0.07,0.21,0.05,18.1,284,164,153,362.0,0,0,1,100
17:57:19,10,6,6,13.1,0.07,0.21,0.05,18.4,284,164,153,362.0,0,0,1,100
17:57:19,10,6,6,13.1,0.07,0.21,0.05,18.2,284,164,153,362.0,0,0,1,100
17:57:19,10,6,6,13.1,0.07,0.21,0.05,18.3,284,164,153,362.0,0,0,1,100
17:57:19,10,6,6,13.1,0.07,0.21,0.05,18.2,284,164,153,362.0,0,0,1,100
17:57:19,10,6,6,13.1,0.07,0.21,0.05,18.2,284,164,153,362.0,0,0,1,100
17:57:20,10,6,6,13.1,0.07,0.21,0.05,18.2,284,164,153,362.0,0,0,1,100
17:57:20,8,4,8,12.0,0.07,0.24,0.05,18.2,215,130,195,318.0,0,0,1,100
17:57:20,8,4,8,12.0,0.07,0.24,0.05,17.9,215,130,195,318.0,0,0,1,100
17:57:20,8,4,8,12.0,0.07,0.24,0.05,18.4,215,130,195,318.0,0,0,1,100
17:57:20,8,4,8,12.0,0.07,0.24,0.05,18.4,215,130,195,318.0,0,0,0,100
17:57:20,8,4,8,12.0,0.07,0.24,0.05,18.2,215,130,195,318.0,0,0,0,100
17:57:20,8,4,8,12.0,0.07,0.24,0.05,18.4,215,130,195,318.0,0,0,0,100
17:57:20,8,4,8,12.0,0.07,0.24,0.05,18.1,215,130,195,318.0,0,0,0,100
17:57:20,8,4,8,12.0,0.07,0.24,0.05,18.3,215,130,195,318.0,0,0,0,100
17:57:20,8,4,8,12.0,0.07,0.24,0.05,18.1,215,130,195,318.0,0,0,0,100
17:57:21,8,4,8,12.0,0.07,0.24,0.05,18.2,215,130,195,318.0,0,0,0,100
17:57:21,9,3,10,13.8,0.04,0.16,0.05,18.3,132,91,193,251.0,0,0,0,100
17:57:21,9,3,10,13.8,0.04,0.16,0.05,18.4,132,91,193,251.0,0,0,0,100
17:57:21,9,3,10,13.8,0.04,0.16,0.05,18.2,132,91,193,251.0,0,0,0,100
17:57:21,9,3,10,13.8,0.04,0.16,0.05,18.3,132,91,193,251.0,0,0,0,100
17:57:21,9,3,10,13.8,0.04,0.16,0.05,18.2,132,91,193,251.0,0,0,0,100
17:57:21,9,3,10,13.8,0.04,0.16,0.05,18.3,132,91,193,251.0,0,0,0,100
17:57:21,9,3,10,13.8,0.04,0.16,0.05,18.4,132,91,193,251.0,0,0,0,100
17:57:21,9,3,10,13.8,0.04,0.16,0.05,18.4,132,91,193,251.0,0,0,0,100
17:57:21,9,3,10,13.8,0.04,0.16,0.05,18.4,132,91,193,251.0,0,0,0,100
17:57:22,9,3,10,13.8,0.04,0.16,0.05,18.2,132,91,193,251.0,0,0,0,100
17:57:22,5,2,3,6.2,0.05,0.1,0.06,18.4,148,39,108,187.0,0,0,0,100
17:57:22,5,2,3,6.2,0.05,0.1,0.06,18.4,148,39,108,187.0,0,0,0,100
17:57:22,5,2,3,6.2,0.05,0.1,0.06,18.2,148,39,108,187.0,0,0,0,100
17:57:22,5,2,3,6.2,0.05,0.1,0.06,18.2,148,39,108,187.0,0,0,1,100
17:57:22,5,2,3,6.2,0.05,0.1,0.06,18.3,148,39,108,187.0,0,0,1,100
17:57:22,5,2,3,6.2,0.05,0.1,0.06,18.2,148,39,108,187.0,0,0,1,100
17:57:22,5,2,3,6.2,0.05,0.1,0.06,18.4,148,39,108,187.0,0,0,1,100
17:57:22,5,2,3,6.2,0.05,0.1,0.06,18.5,148,39,108,187.0,0,0,1,100
17:57:22,5,2,3,6.2,0.05,0.1,0.06,18.4,148,39,108,187.0,0,0,1,100
17:57:23,5,2,3,6.2,0.05,0.1,0.06,18.3,148,39,108,187.0,0,0,1,100
17:57:23,4,3,6,7.8,0.09,0.16,0.04,18.3,121,74,172,223.0,0,0,1,100
17:57:23,4,3,6,7.8,0.09,0.16,0.04,18.3,121,74,172,223.0,0,0,1,100
17:57:23,4,3,6,7.8,0.09,0.16,0.04,18.2,121,74,172,223.0,0,0,1,100
17:57:23,4,3,6,7.8,0.09,0.16,0.04,18.3,121,74,172,223.0,1,0,0,100
17:57:23,4,3,6,7.8,0.09,0.16,0.04,18.4,121,74,172,223.0,1,0,0,100
17:57:23,4,3,6,7.8,0.09,0.16,0.04,18.4,121,74,172,223.0,1,0,0,100
17:57:23,4,3,6,7.8,0.09,0.16,0.04,18.2,121,74,172,223.0,1,0,0,100
17:57:23,4,3,6,7.8,0.09,0.16,0.04,18.4,121,74,172,223.0,1,0,0,100
17:57:24,4,3,6,7.8,0.09,0.16,0.04,18.3,121,74,172,223.0,1,0,0,100
17:57:24,4,3,6,7.8,0.09,0.16,0.04,18.4,121,74,172,223.0,1,0,0,100
17:57:24,7,4,4,9.0,0.06,0.19,0.04,18.2,204,115,101,255.0,1,0,0,100
17:57:24,7,4,4,9.0,0.06,0.19,0.04,18.4,204,115,101,255.0,1,0,0,100
17:57:24,7,4,4,9.0,0.06,0.19,0.04,18.5,204,115,101,255.0,1,0,0,100
17:57:24,7,4,4,9.0,0.06,0.19,0.04,18.2,204,115,101,255.0,0,0,1,100
17:57:24,7,4,4,9.0,0.06,0.19,0.04,18.4,204,115,101,255.0,0,0,1,100
17:57:24,7,4,4,9.0,0.06,0.19,0.04,18.4,204,115,101,255.0,0,0,1,100
17:57:24,7,4,4,9.0,0.06,0.19,0.04,18.4,204,115,101,255.0,0,0,1,100
17:57:24,7,4,4,9.0,0.06,0.19,0.04,18.3,204,115,101,255.0,0,0,1,100
17:57:25,7,4,4,9.0,0.06,0.19,0.04,18.4,204,115,101,255.0,0,0,1,100
17:57:25,7,4,4,9.0,0.06,0.19,0.04,18.2,204,115,101,255.0,0,0,1,100
17:57:25,8,5,8,12.4,0.03,0.12,0.07,18.4,204,143,234,342.0,0,0,1,100
17:57:25,8,5,8,12.4,0.03,0.12,0.07,18.3,204,143,234,342.0,0,0,1,100
17:57:25,8,5,8,12.4,0.03,0.12,0.07,18.3,204,143,234,342.0,0,0,1,100
17:57:25,8,5,8,12.4,0.03,0.12,0.07,18.3,204,143,234,342.0,1,0,0,100
17:57:25,8,5,8,12.4,0.03,0.12,0.07,18.4,204,143,234,342.0,1,0,0,100
17:57:25,8,5,8,12.4,0.03,0.12,0.07,18.2,204,143,234,342.0,1,0,0,100
17:57:25,8,5,8,12.4,0.03,0.12,0.07,18.1,204,143,234,342.0,1,0,0,100
17:57:25,8,5,8,12.4,0.03,0.12,0.07,18.2,204,143,234,342.0,1,0,0,100
17:57:26,8,5,8,12.4,0.03,0.12,0.07,18.2,204,143,234,342.0,1,0,0,100
17:57:26,8,5,8,12.4,0.03,0.12,0.07,18.2,204,143,234,342.0,1,0,0,100
17:57:26,6,5,8,11.2,0.04,0.24,0.05,18.4,169,142,232,320.0,1,0,0,100
17:57:26,6,5,8,11.2,0.04,0.24,0.05,18.2,169,142,232,320.0,1,0,0,100
17:57:26,6,5,8,11.2,0.04,0.24,0.05,18.2,169,142,232,320.0,1,0,0,100
17:57:26,6,5,8,11.2,0.04,0.24,0.05,18.5,169,142,232,320.0,0,0,0,100
17:57:26,6,5,8,11.2,0.04,0.24,0.05,18.3,169,142,232,320.0,0,0,0,100
17:57:26,6,5,8,11.2,0.04,0.24,0.05,18.2,169,142,232,320.0,0,0,0,100
17:57:26,6,5,8,11.2,0.04,0.24,0.05,18.4,169,142,232,320.0,0,0,0,100
17:57:26,6,5,8,11.2,0.04,0.24,0.05,18.4,169,142,232,320.0,0,0,0,100
17:57:27,6,5,8,11.2,0.04,0.24,0.05,18.2,169,142,232,320.0,0,0,0,100
17:57:27,6,5,8,11.2,0.04,0.24,0.05,18.5,169,142,232,320.0,0,0,0,100
17:57:27,9,5,6,11.9,0.11,0.2,0.07,18.4,239,147,130,309.0,0,0,0,100
17:57:27,9,5,6,11.9,0.11,0.2,0.07,18.4,239,147,130,309.0,0,0,0,100
17:57:27,9,5,6,11.9,0.11,0.2,0.07,18.3,239,147,130,309.0,0,0,0,100
17:57:27,9,5,6,11.9,0.11,0.2,0.07,18.6,239,147,130,309.0,0,0,1,100
17:57:27,9,5,6,11.9,0.11,0.2,0.07,18.3,239,147,130,309.0,0,0,1,100
17:57:27,9,5,6,11.9,0.11,0.2,0.07,18.3,239,147,130,309.0,0,0,1,100
17:57:27,9,5,6,11.9,0.11,0.2,0.07,18.3,239,147,130,309.0,0,0,1,100
17:57:27,9,5,6,11.9,0.11,0.2,0.07,18.2,239,147,130,309.0,0,0,1,100
17:57:28,9,5,6,11.9,0.11,0.2,0.07,18.2,239,147,130,309.0,0,0,1,100
17:57:28,9,5,6,11.9,0.11,0.2,0.07,18.2,239,147,130,309.0,0,0,1,100
17:57:28,7,4,8,11.4,0.14,0.21,0.07,18.2,185,104,202,293.0,0,0,1,100
17:57:28,7,4,8,11.4,0.14,0.21,0.07,18.3,185,104,202,293.0,0,0,1,100
17:57:28,7,4,8,11.4,0.14,0.21,0.07,18.3,185,104,202,293.0,0,0,1,100
17:57:28,7,4,8,11.4,0.14,0.21,0.07,18.1,185,104,202,293.0,3,0,0,100
17:57:28,7,4,8,11.4,0.14,0.21,0.07,18.2,185,104,202,293.0,3,0,0,100
17:57:28,7,4,8,11.4,0.14,0.21,0.07,18.4,185,104,202,293.0,3,0,0,100
17:57:28,7,4,8,11.4,0.14,0.21,0.07,18.2,185,104,202,293.0,3,0,0,100
17:57:28,7,4,8,11.4,0.14,0.21,0.07,18.4,185,104,202,293.0,3,0,0,100
17:57:29,7,4,8,11.4,0.14,0.21,0.07,18.2,185,104,202,293.0,3,0,0,100
17:57:29,7,4,8,11.4,0.14,0.21,0.07,18.2,185,104,202,293.0,3,0,0,100
17:57:29,7,2,6,9.4,0.04,0.13,0.07,18.3,155,58,169,237.0,3,0,0,100
17:57:29,7,2,6,9.4,0.04,0.13,0.07,18.4,155,58,169,237.0,3,0,0,100
17:57:29,7,2,6,9.4,0.04,0.13,0.07,18.3,155,58,169,237.0,3,0,0,100
17:57:29,7,2,6,9.4,0.04,0.13,0.07,18.3,155,58,169,237.0,0,3,0,100
17:57:29,7,2,6,9.4,0.04,0.13,0.07,18.4,155,58,169,237.0,0,3,0,100
17:57:29,7,2,6,9.4,0.04,0.13,0.07,18.3,155,58,169,237.0,0,3,0,100
17:57:29,7,2,6,9.4,0.04,0.13,0.07,18.4,155,58,169,237.0,0,3,0,100
17:57:30,7,2,6,9.4,0.04,0.13,0.07,18.3,155,58,169,237.0,0,3,0,100
17:57:30,7,2,6,9.4,0.04,0.13,0.07,18.3,155,58,169,237.0,0,3,0,100
17:57:30,7,2,6,9.4,0.04,0.13,0.07,18.4,155,58,169,237.0,0,3,0,100
17:57:30,6,1,5,7.9,0.04,0.16,0.09,18.4,183,43,149,240.0,0,3,0,100
17:57:30,6,1,5,7.9,0.04,0.16,0.09,18.2,183,43,149,240.0,0,3,0,100
17:57:30,6,1,5,7.9,0.04,0.16,0.09,18.3,183,43,149,240.0,0,3,0,100
17:57:30,6,1,5,7.9,0.04,0.16,0.09,18.2,183,43,149,240.0,0,0,0,100
17:57:30,6,1,5,7.9,0.04,0.16,0.09,18.2,183,43,149,240.0,0,0,0,100
17:57:30,6,1,5,7.9,0.04,0.16,0.09,18.3,183,43,149,240.0,0,0,0,100
17:57:30,6,1,5,7.9,0.04,0.16,0.09,18.4,183,43,149,240.0,0,0,0,100
17:57:30,6,1,5,7.9,0.04,0.16,0.09,18.2,183,43,149,240.0,0,0,0,100
17:57:31,6,1,5,7.9,0.04,0.16,0.09,18.2,183,43,149,240.0,0,0,0,100
17:57:31,6,1,5,7.9,0.04,0.16,0.09,18.4,183,43,149,240.0,0,0,0,100
17:57:31,5,3,6,8.4,0.07,0.14,0.05,18.2,151,85,181,251.0,0,0,0,100
17:57:31,5,3,6,8.4,0.07,0.14,0.05,18.3,151,85,181,251.0,0,0,0,100
17:57:31,5,3,6,8.4,0.07,0.14,0.05,18.3,151,85,181,251.0,0,0,0,100
17:57:31,5,3,6,8.4,0.07,0.14,0.05,18.2,151,85,181,251.0,0,0,0,100
17:57:31,5,3,6,8.4,0.07,0.14,0.05,18.2,151,85,181,251.0,0,0,0,100
17:57:31,5,3,6,8.4,0.07,0.14,0.05,18.2,151,85,181,251.0,0,0,0,100
17:57:31,5,3,6,8.4,0.07,0.14,0.05,18.2,151,85,181,251.0,0,0,0,100
17:57:31,5,3,6,8.4,0.07,0.14,0.05,18.3,151,85,181,251.0,0,0,0,100
17:57:32,5,3,6,8.4,0.07,0.14,0.05,18.4,151,85,181,251.0,0,0,0,100
17:57:32,5,3,6,8.4,0.07,0.14,0.05,18.0,151,85,181,251.0,0,0,0,100
17:57:32,9,5,4,11.0,0.04,0.15,0.03,18.2,227,128,115,285.0,0,0,0,100
17:57:32,9,5,4,11.0,0.04,0.15,0.03,18.4,227,128,115,285.0,0,0,0,100
17:57:32,9,5,4,11.0,0.04,0.15,0.03,18.1,227,128,115,285.0,0,0,0,100
17:57:32,9,5,4,11.0,0.04,0.15,0.03,18.3,227,128,115,285.0,0,0,2,100
17:57:32,9,5,4,11.0,0.04,0.15,0.03,18.3,227,128,115,285.0,0,0,2,100
17:57:32,9,5,4,11.0,0.04,0.15,0.03,18.4,227,128,115,285.0,0,0,2,100
17:57:32,9,5,4,11.0,0.04,0.15,0.03,18.2,227,128,115,285.0,0,0,2,100
17:57:32,9,5,4,11.0,0.04,0.15,0.03,18.4,227,128,115,285.0,0,0,2,100
17:57:33,9,5,4,11.0,0.04,0.15,0.03,18.3,227,128,115,285.0,0,0,2,100
17:57:33,9,5,4,11.0,0.04,0.15,0.03,18.3,227,128,115,285.0,0,0,2,100
17:57:33,7,5,8,11.7,0.03,0.2,0.09,18.2,189,150,236,338.0,0,0,2,100
17:57:33,7,5,8,11.7,0.03,0.2,0.09,18.4,189,150,236,338.0,0,0,2,100
17:57:33,7,5,8,11.7,0.03,0.2,0.09,18.2,189,150,236,338.0,0,0,2,100
17:57:33,7,5,8,11.7,0.03,0.2,0.09,18.3,189,150,236,338.0,1,0,0,100
17:57:33,7,5,8,11.7,0.03,0.2,0.09,18.4,189,150,236,338.0,1,0,0,100
17:57:33,7,5,8,11.7,0.03,0.2,0.09,18.5,189,150,236,338.0,1,0,0,100
17:57:33,7,5,8,11.7,0.03,0.2,0.09,18.4,189,150,236,338.0,1,0,0,100
17:57:33,7,5,8,11.7,0.03,0.2,0.09,18.4,189,150,236,338.0,1,0,0,100
17:57:34,7,5,8,11.7,0.03,0.2,0.09,18.4,189,150,236,338.0,1,0,0,100
17:57:34,7,5,8,11.7,0.03,0.2,0.09,18.3,189,150,236,338.0,1,0,0,100
17:57:34,7,5,8,11.7,0.08,0.15,0.11,18.4,205,160,257,366.0,1,0,0,100
17:57:34,7,5,8,11.7,0.08,0.15,0.11,18.4,205,160,257,366.0,1,0,0,100
17:57:34,7,5,8,11.7,0.08,0.15,0.11,18.3,205,160,257,366.0,1,0,0,100
17:57:34,7,5,8,11.7,0.08,0.15,0.11,18.2,205,160,257,366.0,0,0,0,100
17:57:34,7,5,8,11.7,0.08,0.15,0.11,18.4,205,160,257,366.0,0,0,0,100
17:57:34,7,5,8,11.7,0.08,0.15,0.11,18.2,205,160,257,366.0,0,0,0,100
17:57:34,7,5,8,11.7,0.08,0.15,0.11,18.2,205,160,257,366.0,0,0,0,100
17:57:35,7,5,8,11.7,0.08,0.15,0.11,18.3,205,160,257,366.0,0,0,0,100
17:57:35,7,5,8,11.7,0.08,0.15,0.11,18.2,205,160,257,366.0,0,0,0,100
17:57:35,7,5,8,11.7,0.08,0.15,0.11,18.2,205,160,257,366.0,0,0,0,100
17:57:35,10,5,4,11.9,0.13,0.23,0.1,18.3,263,152,123,328.0,0,0,0,100
17:57:35,10,5,4,11.9,0.13,0.23,0.1,18.3,263,152,123,328.0,0,0,0,100
17:57:35,10,5,4,11.9,0.13,0.23,0.1,18.4,263,152,123,328.0,0,0,0,100
17:57:35,10,5,4,11.9,0.13,0.23,0.1,18.2,263,152,123,328.0,0,0,0,100
17:57:35,10,5,4,11.9,0.13,0.23,0.1,18.2,263,152,123,328.0,0,0,0,100
17:57:35,10,5,4,11.9,0.13,0.23,0.1,18.4,263,152,123,328.0,0,0,0,100
17:57:35,10,5,4,11.9,0.13,0.23,0.1,18.3,263,152,123,328.0,0,0,0,100
17:57:36,10,5,4,11.9,0.13,0.23,0.1,18.2,263,152,123,328.0,0,0,0,100
17:57:36,10,5,4,11.9,0.13,0.23,0.1,18.7,263,152,123,328.0,0,0,0,100
17:57:36,10,5,4,11.9,0.13,0.23,0.1,18.4,263,152,123,328.0,0,0,0,100
17:57:36,4,2,7,8.3,0.09,0.19,0.04,18.2,154,82,162,238.0,0,0,0,100
17:57:36,4,2,7,8.3,0.09,0.19,0.04,18.3,154,82,162,238.0,0,0,0,100
17:57:36,4,2,7,8.3,0.09,0.19,0.04,18.2,154,82,162,238.0,0,0,0,100
17:57:36,4,2,7,8.3,0.09,0.19,0.04,18.6,154,82,162,238.0,1,0,0,100
17:57:36,4,2,7,8.3,0.09,0.19,0.04,18.2,154,82,162,238.0,1,0,0,100
17:57:36,4,2,7,8.3,0.09,0.19,0.04,18.3,154,82,162,238.0,1,0,0,100
17:57:36,4,2,7,8.3,0.09,0.19,0.04,18.3,154,82,162,238.0,1,0,0,100
17:57:37,4,2,7,8.3,0.09,0.19,0.04,18.3,154,82,162,238.0,1,0,0,100
17:57:37,4,2,7,8.3,0.09,0.19,0.04,18.2,154,82,162,238.0,1,0,0,100
17:57:37,4,2,7,8.3,0.09,0.19,0.04,18.0,154,82,162,238.0,1,0,0,100
17:57:37,5,2,4,6.7,0.03,0.11,0.05,18.3,139,31,113,182.0,1,0,0,100
17:57:37,5,2,4,6.7,0.03,0.11,0.05,18.2,139,31,113,182.0,1,0,0,100
17:57:37,5,2,4,6.7,0.03,0.11,0.05,18.3,139,31,113,182.0,1,0,0,100
17:57:37,5,2,4,6.7,0.03,0.11,0.05,18.5,139,31,113,182.0,0,0,2,100
17:57:37,5,2,4,6.7,0.03,0.11,0.05,18.2,139,31,113,182.0,0,0,2,100
17:57:37,5,2,4,6.7,0.03,0.11,0.05,18.2,139,31,113,182.0,0,0,2,100
17:57:37,5,2,4,6.7,0.03,0.11,0.05,18.4,139,31,113,182.0,0,0,2,100
17:57:38,5,2,4,6.7,0.03,0.11,0.05,18.4,139,31,113,182.0,0,0,2,100
17:57:38,5,2,4,6.7,0.03,0.11,0.05,18.4,139,31,113,182.0,0,0,2,100
17:57:38,5,2,4,6.7,0.03,0.11,0.05,18.4,139,31,113,182.0,0,0,2,100
17:57:38,4,2,6,7.5,0.03,0.11,0.05,18.4,122,71,166,218.0,0,0,2,100
17:57:38,4,2,6,7.5,0.03,0.11,0.05,18.4,122,71,166,218.0,0,0,2,100
17:57:38,4,2,6,7.5,0.03,0.11,0.05,18.2,122,71,166,218.0,0,0,2,100
17:57:38,4,2,6,7.5,0.03,0.11,0.05,18.2,122,71,166,218.0,2,0,0,100
17:57:38,4,2,6,7.5,0.03,0.11,0.05,18.2,122,71,166,218.0,2,0,0,100
17:57:38,4,2,6,7.5,0.03,0.11,0.05,18.2,122,71,166,218.0,2,0,0,100
17:57:38,4,2,6,7.5,0.03,0.11,0.05,18.2,122,71,166,218.0,2,0,0,100
17:57:39,4,2,6,7.5,0.03,0.11,0.05,18.4,122,71,166,218.0,2,0,0,100
17:57:39,4,2,6,7.5,0.03,0.11,0.05,18.2,122,71,166,218.0,2,0,0,100
17:57:39,4,2,6,7.5,0.03,0.11,0.05,18.2,122,71,166,218.0,2,0,0,100
17:57:39,6,4,7,10.0,0.05,0.12,0.04,18.5,189,118,195,296.0,2,0,0,100
17:57:39,6,4,7,10.0,0.05,0.12,0.04,18.5,189,118,195,296.0,2,0,0,100
17:57:39,6,4,7,10.0,0.05,0.12,0.04,18.3,189,118,195,296.0,2,0,0,100
17:57:39,6,4,7,10.0,0.05,0.12,0.04,18.3,189,118,195,296.0,0,0,0,100
17:57:39,6,4,7,10.0,0.05,0.12,0.04,18.4,189,118,195,296.0,0,0,0,100
17:57:39,6,4,7,10.0,0.05,0.12,0.04,18.4,189,118,195,296.0,0,0,0,100
17:57:39,6,4,7,10.0,0.05,0.12,0.04,18.2,189,118,195,296.0,0,0,0,100
17:57:40,6,4,7,10.0,0.05,0.12,0.04,18.2,189,118,195,296.0,0,0,0,100
17:57:40,6,4,7,10.0,0.05,0.12,0.04,18.2,189,118,195,296.0,0,0,0,100
17:57:40,6,4,7,10.0,0.05,0.12,0.04,18.2,189,118,195,296.0,0,0,0,100
17:57:40,9,5,5,11.4,0.04,0.15,0.03,18.4,247,142,140,317.0,0,0,0,100
17:57:40,9,5,5,11.4,0.04,0.15,0.03,18.2,247,142,140,317.0,0,0,0,100
17:57:40,9,5,5,11.4,0.04,0.15,0.03,18.2,247,142,140,317.0,0,0,0,100
17:57:40,9,5,5,11.4,0.04,0.15,0.03,18.2,247,142,140,317.0,0,0,0,100
17:57:40,9,5,5,11.4,0.04,0.15,0.03,18.4,247,142,140,317.0,0,0,0,100
17:57:40,9,5,5,11.4,0.04,0.15,0.03,18.4,247,142,140,317.0,0,0,0,100
17:57:40,9,5,5,11.4,0.04,0.15,0.03,18.2,247,142,140,317.0,0,0,0,100
17:57:41,9,5,5,11.4,0.04,0.15,0.03,18.4,247,142,140,317.0,0,0,0,100
17:57:41,9,5,5,11.4,0.04,0.15,0.03,18.2,247,142,140,317.0,0,0,0,100
17:57:41,9,5,5,11.4,0.04,0.15,0.03,18.3,247,142,140,317.0,0,0,0,100
17:57:41,6,4,7,10.0,0.03,0.11,0.04,18.2,179,137,212,309.0,0,0,0,100
17:57:41,6,4,7,10.0,0.03,0.11,0.04,18.2,179,137,212,309.0,0,0,0,100
17:57:41,6,4,7,10.0,0.03,0.11,0.04,18.2,179,137,212,309.0,0,0,0,100
17:57:41,6,4,7,10.0,0.03,0.11,0.04,18.5,179,137,212,309.0,1,0,0,100
17:57:41,6,4,7,10.0,0.03,0.11,0.04,18.1,179,137,212,309.0,1,0,0,100
17:57:41,6,4,7,10.0,0.03,0.11,0.04,18.2,179,137,212,309.0,1,0,0,100
17:57:41,6,4,7,10.0,0.03,0.11,0.04,18.3,179,137,212,309.0,1,0,0,100
17:57:42,6,4,7,10.0,0.03,0.11,0.04,18.2,179,137,212,309.0,1,0,0,100
17:57:42,6,4,7,10.0,0.03,0.11,0.04,18.3,179,137,212,309.0,1,0,0,100
17:57:42,6,4,7,10.0,0.03,0.11,0.04,18.4,179,137,212,309.0,1,0,0,100
17:57:42,7,4,7,10.7,0.04,0.19,0.08,18.2,191,119,204,304.0,1,0,0,100
17:57:42,7,4,7,10.7,0.04,0.19,0.08,18.4,191,119,204,304.0,1,0,0,100
17:57:42,7,4,7,10.7,0.04,0.19,0.08,18.4,191,119,204,304.0,1,0,0,100
17:57:42,7,4,7,10.7,0.04,0.19,0.08,18.4,191,119,204,304.0,0,0,0,100
17:57:42,7,4,7,10.7,0.04,0.19,0.08,18.4,191,119,204,304.0,0,0,0,100
17:57:42,7,4,7,10.7,0.04,0.19,0.08,18.1,191,119,204,304.0,0,0,0,100
17:57:42,7,4,7,10.7,0.04,0.19,0.08,18.3,191,119,204,304.0,0,0,0,100
17:57:43,7,4,7,10.7,0.04,0.19,0.08,18.3,191,119,204,304.0,0,0,0,100
17:57:43,7,4,7,10.7,0.04,0.19,0.08,18.3,191,119,204,304.0,0,0,0,100
17:57:43,7,4,7,10.7,0.04,0.19,0.08,18.3,191,119,204,304.0,0,0,0,100
17:57:43,7,3,5,9.1,0.05,0.19,0.04,17.9,184,96,119,239.0,0,0,0,100
17:57:43,7,3,5,9.1,0.05,0.19,0.04,18.2,184,96,119,239.0,0,0,0,100
17:57:43,7,3,5,9.1,0.05,0.19,0.04,18.4,184,96,119,239.0,0,0,0,100
17:57:43,7,3,5,9.1,0.05,0.19,0.04,18.4,184,96,119,239.0,0,0,2,100
17:57:43,7,3,5,9.1,0.05,0.19,0.04,18.2,184,96,119,239.0,0,0,2,100
17:57:43,7,3,5,9.1,0.05,0.19,0.04,18.2,184,96,119,239.0,0,0,2,100
17:57:43,7,3,5,9.1,0.05,0.19,0.04,18.2,184,96,119,239.0,0,0,2,100
17:57:44,7,3,5,9.1,0.05,0.19,0.04,18.4,184,96,119,239.0,0,0,2,100
17:57:44,7,3,5,9.1,0.05,0.19,0.04,18.3,184,96,119,239.0,0,0,2,100
17:57:44,7,3,5,9.1,0.05,0.19,0.04,18.2,184,96,119,239.0,0,0,2,100
17:57:44,4,1,6,7.3,0.08,0.13,0.05,18.2,118,47,167,210.0,0,0,2,100
17:57:44,4,1,6,7.3,0.08,0.13,0.05,18.5,118,47,167,210.0,0,0,2,100
17:57:44,4,1,6,7.3,0.08,0.13,0.05,18.2,118,47,167,210.0,0,0,2,100
17:57:44,4,1,6,7.3,0.08,0.13,0.05,18.3,118,47,167,210.0,1,1,0,100
17:57:44,4,1,6,7.3,0.08,0.13,0.05,18.3,118,47,167,210.0,1,1,0,100
17:57:44,4,1,6,7.3,0.08,0.13,0.05,18.2,118,47,167,210.0,1,1,0,100
17:57:44,4,1,6,7.3,0.08,0.13,0.05,18.4,118,47,167,210.0,1,1,0,100
17:57:45,4,1,6,7.3,0.08,0.13,0.05,18.2,118,47,167,210.0,1,1,0,100
17:57:45,4,1,6,7.3,0.08,0.13,0.05,18.2,118,47,167,210.0,1,1,0,100
17:57:45,4,1,6,7.3,0.08,0.13,0.05,18.2,118,47,167,210.0,1,1,0,100
17:57:45,9,5,7,12.4,0.08,0.15,0.09,18.4,181,65,120,227.0,1,1,0,100
17:57:45,9,5,7,12.4,0.08,0.15,0.09,18.4,181,65,120,227.0,1,1,0,100
17:57:45,9,5,7,12.4,0.08,0.15,0.09,18.4,181,65,120,227.0,1,1,0,100
17:57:45,9,5,7,12.4,0.08,0.15,0.09,18.3,181,65,120,227.0,0,0,0,100
17:57:45,9,5,7,12.4,0.08,0.15,0.09,18.4,181,65,120,227.0,0,0,0,100
17:57:45,9,5,7,12.4,0.08,0.15,0.09,18.2,181,65,120,227.0,0,0,0,100
17:57:45,9,5,7,12.4,0.08,0.15,0.09,18.5,181,65,120,227.0,0,0,0,100
17:57:46,9,5,7,12.4,0.08,0.15,0.09,18.4,181,65,120,227.0,0,0,0,100
17:57:46,9,5,7,12.4,0.08,0.15,0.09,18.6,181,65,120,227.0,0,0,0,100
17:57:46,9,5,7,12.4,0.08,0.15,0.09,18.4,181,65,120,227.0,0,0,0,100
17:57:46,6,7,7,11.6,0.03,0.12,0.07,18.5,124,102,217,270.0,0,0,0,100
17:57:46,6,7,7,11.6,0.03,0.12,0.07,18.2,124,102,217,270.0,0,0,0,100
17:57:46,6,7,7,11.6,0.03,0.12,0.07,18.3,124,102,217,270.0,0,0,0,100
17:57:46,6,7,7,11.6,0.03,0.12,0.07,18.3,124,102,217,270.0,0,0,0,100
17:57:46,6,7,7,11.6,0.03,0.12,0.07,18.4,124,102,217,270.0,0,0,0,100
17:57:46,6,7,7,11.6,0.03,0.12,0.07,18.2,124,102,217,270.0,0,0,0,100
17:57:46,6,7,7,11.6,0.03,0.12,0.07,18.2,124,102,217,270.0,0,0,0,100
17:57:47,6,7,7,11.6,0.03,0.12,0.07,18.3,124,102,217,270.0,0,0,0,100
17:57:47,6,7,7,11.6,0.03,0.12,0.07,18.2,124,102,217,270.0,0,0,0,100
17:57:47,6,7,7,11.6,0.03,0.12,0.07,18.3,124,102,217,270.0,0,0,0,100
17:57:47,7,4,7,10.7,0.07,0.08,0.05,18.4,203,130,197,311.0,0,0,0,100
17:57:47,7,4,7,10.7,0.07,0.08,0.05,18.4,203,130,197,311.0,0,0,0,100
17:57:47,7,4,7,10.7,0.07,0.08,0.05,18.4,203,130,197,311.0,0,0,0,100
17:57:47,7,4,7,10.7,0.07,0.08,0.05,18.4,203,130,197,311.0,0,0,0,100
17:57:47,7,4,7,10.7,0.07,0.08,0.05,18.4,203,130,197,311.0,0,0,0,100
17:57:47,7,4,7,10.7,0.07,0.08,0.05,18.1,203,130,197,311.0,0,0,0,100
17:57:47,7,4,7,10.7,0.07,0.08,0.05,18.2,203,130,197,311.0,0,0,0,100
17:57:48,7,4,7,10.7,0.07,0.08,0.05,18.2,203,130,197,311.0,0,0,0,100
17:57:48,7,4,7,10.7,0.07,0.08,0.05,18.5,203,130,197,311.0,0,0,0,100
17:57:48,7,4,7,10.7,0.07,0.08,0.05,18.3,203,130,197,311.0,0,0,0,100
17:57:48,8,6,6,11.7,0.07,0.2,0.05,18.4,224,143,157,309.0,0,0,0,100
17:57:48,8,6,6,11.7,0.07,0.2,0.05,18.5,224,143,157,309.0,0,0,0,100
17:57:48,8,6,6,11.7,0.07,0.2,0.05,18.4,224,143,157,309.0,0,0,0,100
17:57:48,8,6,6,11.7,0.07,0.2,0.05,18.2,224,143,157,309.0,0,0,1,100
17:57:48,8,6,6,11.7,0.07,0.2,0.05,18.3,224,143,157,309.0,0,0,1,100
17:57:48,8,6,6,11.7,0.07,0.2,0.05,18.1,224,143,157,309.0,0,0,1,100
17:57:48,8,6,6,11.7,0.07,0.2,0.05,18.3,224,143,157,309.0,0,0,1,100
17:57:49,8,6,6,11.7,0.07,0.2,0.05,18.2,224,143,157,309.0,0,0,1,100
17:57:49,8,6,6,11.7,0.07,0.2,0.05,18.4,224,143,157,309.0,0,0,1,100
17:57:49,8,6,6,11.7,0.07,0.2,0.05,18.2,224,143,157,309.0,0,0,1,100
17:57:49,6,5,9,11.9,0.07,0.2,0.08,18.2,190,145,250,346.0,0,0,1,100
17:57:49,6,5,9,11.9,0.07,0.2,0.08,18.2,190,145,250,346.0,0,0,1,100
17:57:49,6,5,9,11.9,0.07,0.2,0.08,18.2,190,145,250,346.0,0,0,1,100
17:57:49,6,5,9,11.9,0.07,0.2,0.08,18.3,190,145,250,346.0,2,0,0,100
17:57:49,6,5,9,11.9,0.07,0.2,0.08,18.2,190,145,250,346.0,2,0,0,100
17:57:49,6,5,9,11.9,0.07,0.2,0.08,18.4,190,145,250,346.0,2,0,0,100
17:57:49,6,5,9,11.9,0.07,0.2,0.08,18.5,190,145,250,346.0,2,0,0,100
17:57:50,6,5,9,11.9,0.07,0.2,0.08,18.2,190,145,250,346.0,2,0,0,100
17:57:50,6,5,9,11.9,0.07,0.2,0.08,18.3,190,145,250,346.0,2,0,0,100
17:57:50,6,5,9,11.9,0.07,0.2,0.08,18.2,190,145,250,346.0,2,0,0,100
17:57:50,7,4,7,10.7,0.07,0.18,0.08,18.3,178,118,205,296.0,2,0,0,100
17:57:50,7,4,7,10.7,0.07,0.18,0.08,18.3,178,118,205,296.0,2,0,0,100
17:57:50,7,4,7,10.7,0.07,0.18,0.08,18.2,178,118,205,296.0,2,0,0,100
17:57:50,7,4,7,10.7,0.07,0.18,0.08,18.2,178,118,205,296.0,0,0,1,100
17:57:50,7,4,7,10.7,0.07,0.18,0.08,18.2,178,118,205,296.0,0,0,1,100
17:57:50,7,4,7,10.7,0.07,0.18,0.08,18.2,178,118,205,296.0,0,0,1,100
17:57:51,7,4,7,10.7,0.07,0.18,0.08,18.3,178,118,205,296.0,0,0,1,100
17:57:51,7,4,7,10.7,0.07,0.18,0.08,18.2,178,118,205,296.0,0,0,1,100
17:57:51,7,4,7,10.7,0.07,0.18,0.08,18.3,178,118,205,296.0,0,0,1,100
17:57:51,7,4,7,10.7,0.07,0.18,0.08,18.4,178,118,205,296.0,0,0,1,100
17:57:51,7,3,4,8.6,0.08,0.15,0.09,18.4,198,87,126,250.0,0,0,1,100
17:57:51,7,3,4,8.6,0.08,0.15,0.09,18.3,198,87,126,250.0,0,0,1,100
17:57:51,7,3,4,8.6,0.08,0.15,0.09,18.2,198,87,126,250.0,0,0,1,100
17:57:51,7,3,4,8.6,0.08,0.15,0.09,18.2,198,87,126,250.0,0,1,0,100
17:57:51,7,3,4,8.6,0.08,0.15,0.09,18.3,198,87,126,250.0,0,1,0,100
17:57:51,7,3,4,8.6,0.08,0.15,0.09,18.3,198,87,126,250.0,0,1,0,100
17:57:51,7,3,4,8.6,0.08,0.15,0.09,18.5,198,87,126,250.0,0,1,0,100
17:57:52,7,3,4,8.6,0.08,0.15,0.09,18.2,198,87,126,250.0,0,1,0,100
17:57:52,7,3,4,8.6,0.08,0.15,0.09,18.3,198,87,126,250.0,0,1,0,100
17:57:52,7,3,4,8.6,0.08,0.15,0.09,18.5,198,87,126,250.0,0,1,0,100
17:57:52,4,2,5,6.7,0.07,0.1,0.04,18.2,129,43,141,196.0,0,1,0,100
17:57:52,4,2,5,6.7,0.07,0.1,0.04,18.3,129,43,141,196.0,0,1,0,100
17:57:52,4,2,5,6.7,0.07,0.1,0.04,18.2,129,43,141,196.0,0,1,0,100
17:57:52,4,2,5,6.7,0.07,0.1,0.04,18.4,129,43,141,196.0,0,0,1,100
17:57:52,4,2,5,6.7,0.07,0.1,0.04,18.2,129,43,141,196.0,0,0,1,100
17:57:52,4,2,5,6.7,0.07,0.1,0.04,18.4,129,43,141,196.0,0,0,1,100
17:57:53,4,2,5,6.7,0.07,0.1,0.04,18.4,129,43,141,196.0,0,0,1,100
17:57:53,4,2,5,6.7,0.07,0.1,0.04,18.4,129,43,141,196.0,0,0,1,100
17:57:53,4,2,5,6.7,0.07,0.1,0.04,18.5,129,43,141,196.0,0,0,1,100
17:57:53,4,2,5,6.7,0.07,0.1,0.04,18.4,129,43,141,196.0,0,0,1,100
17:57:53,6,3,5,8.4,0.05,0.15,0.07,18.3,173,101,160,256.0,0,0,1,100
17:57:53,6,3,5,8.4,0.05,0.15,0.07,18.4,173,101,160,256.0,0,0,1,100
17:57:53,6,3,5,8.4,0.05,0.15,0.07,18.3,173,101,160,256.0,0,0,1,100
17:57:53,6,3,5,8.4,0.05,0.15,0.07,18.2,173,101,160,256.0,0,0,0,100
17:57:53,6,3,5,8.4,0.05,0.15,0.07,18.4,173,101,160,256.0,0,0,0,100
17:57:53,6,3,5,8.4,0.05,0.15,0.07,18.3,173,101,160,256.0,0,0,0,100
17:57:54,6,3,5,8.4,0.05,0.15,0.07,18.2,173,101,160,256.0,0,0,0,100
17:57:54,6,3,5,8.4,0.05,0.15,0.07,18.4,173,101,160,256.0,0,0,0,100
17:57:54,6,3,5,8.4,0.05,0.15,0.07,18.4,173,101,160,256.0,0,0,0,100
17:57:54,6,3,5,8.4,0.05,0.15,0.07,18.3,173,101,160,256.0,0,0,0,100
17:57:54,4,4,8,9.8,0.03,0.12,0.08,18.4,120,129,231,291.0,0,0,0,100
17:57:54,4,4,8,9.8,0.03,0.12,0.08,18.2,120,129,231,291.0,0,0,0,100
17:57:54,4,4,8,9.8,0.03,0.12,0.08,18.2,120,129,231,291.0,0,0,0,100
17:57:54,4,4,8,9.8,0.03,0.12,0.08,18.4,120,129,231,291.0,2,0,0,100
17:57:54,4,4,8,9.8,0.03,0.12,0.08,18.2,120,129,231,291.0,2,0,0,100
17:57:54,4,4,8,9.8,0.03,0.12,0.08,18.3,120,129,231,291.0,2,0,0,100
17:57:55,4,4,8,9.8,0.03,0.12,0.08,18.4,120,129,231,291.0,2,0,0,100
17:57:55,4,4,8,9.8,0.03,0.12,0.08,18.2,120,129,231,291.0,2,0,0,100
17:57:55,4,4,8,9.8,0.03,0.12,0.08,18.1,120,129,231,291.0,2,0,0,100
17:57:55,4,4,8,9.8,0.03,0.12,0.08,18.3,120,129,231,291.0,2,0,0,100
17:57:55,9,5,7,12.4,0.08,0.15,0.06,18.4,256,159,204,364.0,2,0,0,100
17:57:55,9,5,7,12.4,0.08,0.15,0.06,18.4,256,159,204,364.0,2,0,0,100
17:57:55,9,5,7,12.4,0.08,0.15,0.06,18.4,256,159,204,364.0,2,0,0,100
17:57:55,9,5,7,12.4,0.08,0.15,0.06,18.2,256,159,204,364.0,0,0,0,100
17:57:55,9,5,7,12.4,0.08,0.15,0.06,18.2,256,159,204,364.0,0,0,0,100
17:57:55,9,5,7,12.4,0.08,0.15,0.06,18.2,256,159,204,364.0,0,0,0,100
17:57:56,9,5,7,12.4,0.08,0.15,0.06,18.4,256,159,204,364.0,0,0,0,100
17:57:56,9,5,7,12.4,0.08,0.15,0.06,18.4,256,159,204,364.0,0,0,0,100
17:57:56,9,5,7,12.4,0.08,0.15,0.06,18.2,256,159,204,364.0,0,0,0,100
17:57:56,9,5,7,12.4,0.08,0.15,0.06,18.3,256,159,204,364.0,0,0,0,100
17:57:56,11,6,6,13.9,0.1,0.2,0.06,18.4,289,160,159,367.0,0,0,0,100
17:57:56,11,6,6,13.9,0.1,0.2,0.06,18.4,289,160,159,367.0,0,0,0,100
17:57:56,11,6,6,13.9,0.1,0.2,0.06,18.3,289,160,159,367.0,0,0,0,100
17:57:56,11,6,6,13.9,0.1,0.2,0.06,18.2,289,160,159,367.0,0,0,0,100
17:57:56,11,6,6,13.9,0.1,0.2,0.06,18.4,289,160,159,367.0,0,0,0,100
17:57:56,11,6,6,13.9,0.1,0.2,0.06,18.2,289,160,159,367.0,0,0,0,100
17:57:57,11,6,6,13.9,0.1,0.2,0.06,18.7,289,160,159,367.0,0,0,0,100
17:57:57,11,6,6,13.9,0.1,0.2,0.06,18.2,289,160,159,367.0,0,0,0,100
17:57:57,11,6,6,13.9,0.1,0.2,0.06,18.4,289,160,159,367.0,0,0,0,100
17:57:57,11,6,6,13.9,0.1,0.2,0.06,18.4,289,160,159,367.0,0,0,0,100
17:57:57,4,4,7,9.0,0.04,0.1,0.06,18.2,136,117,205,272.0,0,0,0,100
17:57:57,4,4,7,9.0,0.04,0.1,0.06,18.2,136,117,205,272.0,0,0,0,100
17:57:57,4,4,7,9.0,0.04,0.1,0.06,18.2,136,117,205,272.0,0,0,0,100
17:57:57,4,4,7,9.0,0.04,0.1,0.06,18.4,136,117,205,272.0,1,0,0,100
17:57:57,4,4,7,9.0,0.04,0.1,0.06,18.2,136,117,205,272.0,1,0,0,100
17:57:57,4,4,7,9.0,0.04,0.1,0.06,18.3,136,117,205,272.0,1,0,0,100
17:57:58,4,4,7,9.0,0.04,0.1,0.06,18.2,136,117,205,272.0,1,0,0,100
17:57:58,4,4,7,9.0,0.04,0.1,0.06,18.2,136,117,205,272.0,1,0,0,100
17:57:58,4,4,7,9.0,0.04,0.1,0.06,18.3,136,117,205,272.0,1,0,0,100
17:57:58,4,4,7,9.0,0.04,0.1,0.06,18.4,136,117,205,272.0,1,0,0,100
17:57:58,6,3,5,8.4,0.06,0.14,0.07,18.5,154,83,153,232.0,1,0,0,100
17:57:58,6,3,5,8.4,0.06,0.14,0.07,18.2,154,83,153,232.0,1,0,0,100
17:57:58,6,3,5,8.4,0.06,0.14,0.07,18.2,154,83,153,232.0,1,0,0,100
17:57:58,6,3,5,8.4,0.06,0.14,0.07,18.4,154,83,153,232.0,0,0,2,100
17:57:58,6,3,5,8.4,0.06,0.14,0.07,18.2,154,83,153,232.0,0,0,2,100
17:57:58,6,3,5,8.4,0.06,0.14,0.07,18.4,154,83,153,232.0,0,0,2,100
17:57:59,6,3,5,8.4,0.06,0.14,0.07,18.4,154,83,153,232.0,0,0,2,100
17:57:59,6,3,5,8.4,0.06,0.14,0.07,18.3,154,83,153,232.0,0,0,2,100
17:57:59,6,3,5,8.4,0.06,0.14,0.07,18.2,154,83,153,232.0,0,0,2,100
17:57:59,6,3,5,8.4,0.06,0.14,0.07,18.3,154,83,153,232.0,0,0,2,100
17:57:59,6,2,6,8.7,0.07,0.15,0.06,18.4,143,40,169,225.0,0,0,2,100
17:57:59,6,2,6,8.7,0.07,0.15,0.06,18.4,143,40,169,225.0,0,0,2,100
17:57:59,6,2,6,8.7,0.07,0.15,0.06,18.3,143,40,169,225.0,0,0,2,100
17:57:59,6,2,6,8.7,0.07,0.15,0.06,18.3,143,40,169,225.0,2,2,0,100
17:57:59,6,2,6,8.7,0.07,0.15,0.06,18.2,143,40,169,225.0,2,2,0,100
17:57:59,6,2,6,8.7,0.07,0.15,0.06,18.2,143,40,169,225.0,2,2,0,100
17:58:00,6,2,6,8.7,0.07,0.15,0.06,18.5,143,40,169,225.0,2,2,0,100
17:58:00,6,2,6,8.7,0.07,0.15,0.06,18.2,143,40,169,225.0,2,2,0,100
17:58:00,6,2,6,8.7,0.07,0.15,0.06,18.4,143,40,169,225.0,2,2,0,100
17:58:00,6,2,6,8.7,0.07,0.15,0.06,18.4,143,40,169,225.0,2,2,0,100
17:58:00,9,3,5,10.7,0.09,0.24,0.07,18.4,232,88,151,290.0,2,2,0,100
17:58:00,9,3,5,10.7,0.09,0.24,0.07,18.5,232,88,151,290.0,2,2,0,100
17:58:00,9,3,5,10.7,0.09,0.24,0.07,18.3,232,88,151,290.0,2,2,0,100
17:58:00,9,3,5,10.7,0.09,0.24,0.07,18.4,232,88,151,290.0,0,0,0,100
17:58:00,9,3,5,10.7,0.09,0.24,0.07,18.3,232,88,151,290.0,0,0,0,100
17:58:00,9,3,5,10.7,0.09,0.24,0.07,18.3,232,88,151,290.0,0,0,0,100
17:58:01,9,3,5,10.7,0.09,0.24,0.07,18.1,232,88,151,290.0,0,0,0,100
17:58:01,9,3,5,10.7,0.09,0.24,0.07,18.5,232,88,151,290.0,0,0,0,100
17:58:01,9,3,5,10.7,0.09,0.24,0.07,18.3,232,88,151,290.0,0,0,0,100
17:58:01,9,3,5,10.7,0.09,0.24,0.07,18.4,232,88,151,290.0,0,0,0,100
17:58:01,8,6,7,12.2,0.07,0.12,0.07,18.2,216,121,190,312.0,0,0,0,100
17:58:01,8,6,7,12.2,0.07,0.12,0.07,18.4,216,121,190,312.0,0,0,0,100
17:58:01,8,6,7,12.2,0.07,0.12,0.07,18.4,216,121,190,312.0,0,0,0,100
17:58:01,8,6,7,12.2,0.07,0.12,0.07,18.4,216,121,190,312.0,0,0,0,100
17:58:01,8,6,7,12.2,0.07,0.12,0.07,18.4,216,121,190,312.0,0,0,0,100
17:58:01,8,6,7,12.2,0.07,0.12,0.07,18.4,216,121,190,312.0,0,0,0,100
17:58:02,8,6,7,12.2,0.07,0.12,0.07,18.2,216,121,190,312.0,0,0,0,100
17:58:02,8,6,7,12.2,0.07,0.12,0.07,18.4,216,121,190,312.0,0,0,0,100
17:58:02,8,6,7,12.2,0.07,0.12,0.07,18.4,216,121,190,312.0,0,0,0,100
17:58:02,8,6,7,12.2,0.07,0.12,0.07,18.6,216,121,190,312.0,0,0,0,100
17:58:02,4,5,8,10.2,0.03,0.11,0.07,18.5,124,129,231,292.0,0,0,0,100
17:58:02,4,5,8,10.2,0.03,0.11,0.07,18.4,124,129,231,292.0,0,0,0,100
17:58:02,4,5,8,10.2,0.03,0.11,0.07,18.4,124,129,231,292.0,0,0,0,100
17:58:02,4,5,8,10.2,0.03,0.11,0.07,18.1,124,129,231,292.0,2,0,0,100
17:58:02,4,5,8,10.2,0.03,0.11,0.07,18.5,124,129,231,292.0,2,0,0,100
17:58:03,4,5,8,10.2,0.03,0.11,0.07,18.2,124,129,231,292.0,2,0,0,100
17:58:03,4,5,8,10.2,0.03,0.11,0.07,18.3,124,129,231,292.0,2,0,0,100
17:58:03,4,5,8,10.2,0.03,0.11,0.07,18.4,124,129,231,292.0,2,0,0,100
17:58:03,4,5,8,10.2,0.03,0.11,0.07,18.3,124,129,231,292.0,2,0,0,100
17:58:03,4,5,8,10.2,0.03,0.11,0.07,18.2,124,129,231,292.0,2,0,0,100
17:58:03,8,5,6,11.2,0.1,0.16,0.05,18.2,238,132,171,321.0,2,0,0,100
17:58:03,8,5,6,11.2,0.1,0.16,0.05,18.2,238,132,171,321.0,2,0,0,100
17:58:03,8,5,6,11.2,0.1,0.16,0.05,18.2,238,132,171,321.0,2,0,0,100
17:58:03,8,5,6,11.2,0.1,0.16,0.05,18.4,238,132,171,321.0,0,0,1,100
17:58:03,8,5,6,11.2,0.1,0.16,0.05,18.4,238,132,171,321.0,0,0,1,100
17:58:04,8,5,6,11.2,0.1,0.16,0.05,18.2,238,132,171,321.0,0,0,1,100
17:58:04,8,5,6,11.2,0.1,0.16,0.05,18.2,238,132,171,321.0,0,0,1,100
17:58:04,8,5,6,11.2,0.1,0.16,0.05,18.3,238,132,171,321.0,0,0,1,100
17:58:04,8,5,6,11.2,0.1,0.16,0.05,18.2,238,132,171,321.0,0,0,1,100
17:58:04,8,5,6,11.2,0.1,0.16,0.05,18.4,238,132,171,321.0,0,0,1,100
17:58:04,8,4,6,10.8,0.08,0.17,0.04,18.4,198,126,181,296.0,0,0,1,100
17:58:04,8,4,6,10.8,0.08,0.17,0.04,18.2,198,126,181,296.0,0,0,1,100
17:58:04,8,4,6,10.8,0.08,0.17,0.04,18.4,198,126,181,296.0,0,0,1,100
17:58:04,8,4,6,10.8,0.08,0.17,0.04,18.5,198,126,181,296.0,0,0,0,100
17:58:04,8,4,6,10.8,0.08,0.17,0.04,18.3,198,126,181,296.0,0,0,0,100
17:58:05,8,4,6,10.8,0.08,0.17,0.04,18.2,198,126,181,296.0,0,0,0,100
17:58:05,8,4,6,10.8,0.08,0.17,0.04,18.4,198,126,181,296.0,0,0,0,100
17:58:05,8,4,6,10.8,0.08,0.17,0.04,18.4,198,126,181,296.0,0,0,0,100
17:58:05,8,4,6,10.8,0.08,0.17,0.04,18.4,198,126,181,296.0,0,0,0,100
17:58:05,8,4,6,10.8,0.08,0.17,0.04,18.2,198,126,181,296.0,0,0,0,100
17:58:05,4,3,6,7.8,0.07,0.14,0.09,18.4,112,92,194,242.0,0,0,0,100
17:58:05,4,3,6,7.8,0.07,0.14,0.09,18.5,112,92,194,242.0,0,0,0,100
17:58:05,4,3,6,7.8,0.07,0.14,0.09,18.3,112,92,194,242.0,0,0,0,100
17:58:05,4,3,6,7.8,0.07,0.14,0.09,18.2,112,92,194,242.0,2,0,0,100
17:58:05,4,3,6,7.8,0.07,0.14,0.09,18.2,112,92,194,242.0,2,0,0,100
17:58:06,4,3,6,7.8,0.07,0.14,0.09,18.2,112,92,194,242.0,2,0,0,100
17:58:06,4,3,6,7.8,0.07,0.14,0.09,18.4,112,92,194,242.0,2,0,0,100
17:58:06,4,3,6,7.8,0.07,0.14,0.09,18.4,112,92,194,242.0,2,0,0,100
17:58:06,4,3,6,7.8,0.07,0.14,0.09,18.2,112,92,194,242.0,2,0,0,100
17:58:06,4,3,6,7.8,0.07,0.14,0.09,18.4,112,92,194,242.0,2,0,0,100
17:58:06,4,2,4,6.0,0.03,0.09,0.04,18.4,138,51,104,180.0,2,0,0,100
17:58:06,4,2,4,6.0,0.03,0.09,0.04,18.2,138,51,104,180.0,2,0,0,100
17:58:06,4,2,4,6.0,0.03,0.09,0.04,18.3,138,51,104,180.0,2,0,0,100
17:58:06,4,2,4,6.0,0.03,0.09,0.04,18.1,138,51,104,180.0,0,0,1,100
17:58:06,4,2,4,6.0,0.03,0.09,0.04,18.1,138,51,104,180.0,0,0,1,100
17:58:07,4,2,4,6.0,0.03,0.09,0.04,18.3,138,51,104,180.0,0,0,1,100
17:58:07,4,2,4,6.0,0.03,0.09,0.04,18.4,138,51,104,180.0,0,0,1,100
17:58:07,4,2,4,6.0,0.03,0.09,0.04,18.3,138,51,104,180.0,0,0,1,100
17:58:07,4,2,4,6.0,0.03,0.09,0.04,18.4,138,51,104,180.0,0,0,1,100
17:58:07,4,2,4,6.0,0.03,0.09,0.04,18.5,138,51,104,180.0,0,0,1,100
17:58:07,3,2,5,6.2,0.07,0.13,0.05,18.2,93,66,159,196.0,0,0,1,100
17:58:07,3,2,5,6.2,0.07,0.13,0.05,18.2,93,66,159,196.0,0,0,1,100
17:58:07,3,2,5,6.2,0.07,0.13,0.05,18.4,93,66,159,196.0,0,0,1,100
17:58:07,3,2,5,6.2,0.07,0.13,0.05,18.4,93,66,159,196.0,0,0,0,100
17:58:07,3,2,5,6.2,0.07,0.13,0.05,18.3,93,66,159,196.0,0,0,0,100
17:58:08,3,2,5,6.2,0.07,0.13,0.05,18.5,93,66,159,196.0,0,0,0,100
17:58:08,3,2,5,6.2,0.07,0.13,0.05,18.4,93,66,159,196.0,0,0,0,100
17:58:08,3,2,5,6.2,0.07,0.13,0.05,18.4,93,66,159,196.0,0,0,0,100
17:58:08,3,2,5,6.2,0.07,0.13,0.05,18.3,93,66,159,196.0,0,0,0,100
17:58:08,3,2,5,6.2,0.07,0.13,0.05,18.4,93,66,159,196.0,0,0,0,100
17:58:08,9,5,4,11.0,0.08,0.17,0.05,18.3,200,105,135,263.0,0,0,0,100
17:58:08,9,5,4,11.0,0.08,0.17,0.05,18.4,200,105,135,263.0,0,0,0,100
17:58:08,9,5,4,11.0,0.08,0.17,0.05,18.2,200,105,135,263.0,0,0,0,100
17:58:08,9,5,4,11.0,0.08,0.17,0.05,18.3,200,105,135,263.0,0,0,1,100
17:58:08,9,5,4,11.0,0.08,0.17,0.05,18.4,200,105,135,263.0,0,0,1,100
17:58:09,9,5,4,11.0,0.08,0.17,0.05,18.4,200,105,135,263.0,0,0,1,100
17:58:09,9,5,4,11.0,0.08,0.17,0.05,18.2,200,105,135,263.0,0,0,1,100
17:58:09,9,5,4,11.0,0.08,0.17,0.05,18.3,200,105,135,263.0,0,0,1,100
17:58:09,9,5,4,11.0,0.08,0.17,0.05,18.5,200,105,135,263.0,0,0,1,100
17:58:09,9,5,4,11.0,0.08,0.17,0.05,18.3,200,105,135,263.0,0,0,1,100
17:58:09,6,5,10,12.7,0.04,0.2,0.08,18.4,195,126,227,325.0,0,0,1,100
17:58:09,6,5,10,12.7,0.04,0.2,0.08,18.3,195,126,227,325.0,0,0,1,100
17:58:09,6,5,10,12.7,0.04,0.2,0.08,18.3,195,126,227,325.0,0,0,1,100
17:58:09,6,5,10,12.7,0.04,0.2,0.08,18.4,195,126,227,325.0,0,0,0,100
17:58:09,6,5,10,12.7,0.04,0.2,0.08,18.2,195,126,227,325.0,0,0,0,100
17:58:10,6,5,10,12.7,0.04,0.2,0.08,18.2,195,126,227,325.0,0,0,0,100
17:58:10,6,5,10,12.7,0.04,0.2,0.08,18.2,195,126,227,325.0,0,0,0,100
17:58:10,6,5,10,12.7,0.04,0.2,0.08,18.3,195,126,227,325.0,0,0,0,100
17:58:10,6,5,10,12.7,0.04,0.2,0.08,18.2,195,126,227,325.0,0,0,0,100
17:58:10,6,5,10,12.7,0.04,0.2,0.08,18.2,195,126,227,325.0,0,0,0,100
17:58:10,6,5,8,11.2,0.05,0.12,0.08,18.2,160,147,253,333.0,0,0,0,100
17:58:10,6,5,8,11.2,0.05,0.12,0.08,18.3,160,147,253,333.0,0,0,0,100
17:58:10,6,5,8,11.2,0.05,0.12,0.08,18.4,160,147,253,333.0,0,0,0,100
17:58:10,6,5,8,11.2,0.05,0.12,0.08,18.4,160,147,253,333.0,1,0,0,100
17:58:10,6,5,8,11.2,0.05,0.12,0.08,18.1,160,147,253,333.0,1,0,0,100
17:58:11,6,5,8,11.2,0.05,0.12,0.08,18.4,160,147,253,333.0,1,0,0,100
17:58:11,6,5,8,11.2,0.05,0.12,0.08,18.2,160,147,253,333.0,1,0,0,100
17:58:11,6,5,8,11.2,0.05,0.12,0.08,18.2,160,147,253,333.0,1,0,0,100
17:58:11,6,5,8,11.2,0.05,0.12,0.08,18.4,160,147,253,333.0,1,0,0,100
17:58:11,6,5,8,11.2,0.05,0.12,0.08,18.4,160,147,253,333.0,1,0,0,100
17:58:11,8,5,6,11.2,0.08,0.12,0.05,18.5,236,150,188,337.0,1,0,0,100
17:58:11,8,5,6,11.2,0.08,0.12,0.05,18.5,236,150,188,337.0,1,0,0,100
17:58:11,8,5,6,11.2,0.08,0.12,0.05,18.4,236,150,188,337.0,1,0,0,100
17:58:11,8,5,6,11.2,0.08,0.12,0.05,18.4,236,150,188,337.0,0,0,0,100
17:58:11,8,5,6,11.2,0.08,0.12,0.05,18.2,236,150,188,337.0,0,0,0,100
17:58:12,8,5,6,11.2,0.08,0.12,0.05,18.4,236,150,188,337.0,0,0,0,100
17:58:12,8,5,6,11.2,0.08,0.12,0.05,18.4,236,150,188,337.0,0,0,0,100
17:58:12,8,5,6,11.2,0.08,0.12,0.05,18.4,236,150,188,337.0,0,0,0,100
17:58:12,8,5,6,11.2,0.08,0.12,0.05,18.1,236,150,188,337.0,0,0,0,100
17:58:12,8,5,6,11.2,0.08,0.12,0.05,18.4,236,150,188,337.0,0,0,0,100
17:58:12,6,4,6,9.4,0.08,0.14,0.03,18.1,200,112,160,280.0,0,0,0,100
17:58:12,6,4,6,9.4,0.08,0.14,0.03,18.4,200,112,160,280.0,0,0,0,100
17:58:12,6,4,6,9.4,0.08,0.14,0.03,18.3,200,112,160,280.0,0,0,0,100
17:58:12,6,4,6,9.4,0.08,0.14,0.03,18.4,200,112,160,280.0,1,0,0,100
17:58:12,6,4,6,9.4,0.08,0.14,0.03,18.4,200,112,160,280.0,1,0,0,100
17:58:13,6,4,6,9.4,0.08,0.14,0.03,18.4,200,112,160,280.0,1,0,0,100
17:58:13,6,4,6,9.4,0.08,0.14,0.03,18.4,200,112,160,280.0,1,0,0,100
17:58:13,6,4,6,9.4,0.08,0.14,0.03,18.4,200,112,160,280.0,1,0,0,100
17:58:13,6,4,6,9.4,0.08,0.14,0.03,18.4,200,112,160,280.0,1,0,0,100
17:58:13,6,4,6,9.4,0.08,0.14,0.03,18.2,200,112,160,280.0,1,0,0,100
17:58:13,4,2,6,7.5,0.04,0.1,0.06,18.4,113,70,172,217.0,1,0,0,100
17:58:13,4,2,6,7.5,0.04,0.1,0.06,18.3,113,70,172,217.0,1,0,0,100
17:58:13,4,2,6,7.5,0.04,0.1,0.06,18.4,113,70,172,217.0,1,0,0,100
17:58:13,4,2,6,7.5,0.04,0.1,0.06,18.0,113,70,172,217.0,0,2,1,100
17:58:13,4,2,6,7.5,0.04,0.1,0.06,18.2,113,70,172,217.0,0,2,1,100
17:58:14,4,2,6,7.5,0.04,0.1,0.06,18.2,113,70,172,217.0,0,2,1,100
17:58:14,4,2,6,7.5,0.04,0.1,0.06,18.3,113,70,172,217.0,0,2,1,100
17:58:14,4,2,6,7.5,0.04,0.1,0.06,18.5,113,70,172,217.0,0,2,1,100
17:58:14,4,2,6,7.5,0.04,0.1,0.06,18.3,113,70,172,217.0,0,2,1,100
17:58:14,4,2,6,7.5,0.04,0.1,0.06,18.3,113,70,172,217.0,0,2,1,100
17:58:14,5,2,6,8.1,0.03,0.19,0.05,18.4,144,43,122,194.0,0,2,1,100
17:58:14,5,2,6,8.1,0.03,0.19,0.05,18.3,144,43,122,194.0,0,2,1,100
17:58:14,5,2,6,8.1,0.03,0.19,0.05,18.4,144,43,122,194.0,0,2,1,100
17:58:14,5,2,6,8.1,0.03,0.19,0.05,18.2,144,43,122,194.0,0,1,0,100
17:58:14,5,2,6,8.1,0.03,0.19,0.05,18.4,144,43,122,194.0,0,1,0,100
17:58:15,5,2,6,8.1,0.03,0.19,0.05,18.5,144,43,122,194.0,0,1,0,100
17:58:15,5,2,6,8.1,0.03,0.19,0.05,18.5,144,43,122,194.0,0,1,0,100
17:58:15,5,2,6,8.1,0.03,0.19,0.05,18.2,144,43,122,194.0,0,1,0,100
17:58:15,5,2,6,8.1,0.03,0.19,0.05,18.4,144,43,122,194.0,0,1,0,100
17:58:15,5,2,6,8.1,0.03,0.19,0.05,18.4,144,43,122,194.0,0,1,0,100
17:58:15,7,4,6,10.0,0.04,0.19,0.03,18.3,130,99,169,235.0,0,1,0,100
17:58:15,7,4,6,10.0,0.04,0.19,0.03,18.2,130,99,169,235.0,0,1,0,100
17:58:15,7,4,6,10.0,0.04,0.19,0.03,18.4,130,99,169,235.0,0,1,0,100
17:58:15,7,4,6,10.0,0.04,0.19,0.03,18.4,130,99,169,235.0,2,0,0,100
17:58:15,7,4,6,10.0,0.04,0.19,0.03,18.3,130,99,169,235.0,2,0,0,100
17:58:16,7,4,6,10.0,0.04,0.19,0.03,18.4,130,99,169,235.0,2,0,0,100
17:58:16,7,4,6,10.0,0.04,0.19,0.03,18.5,130,99,169,235.0,2,0,0,100
17:58:16,7,4,6,10.0,0.04,0.19,0.03,18.2,130,99,169,235.0,2,0,0,100
17:58:16,7,4,6,10.0,0.04,0.19,0.03,18.6,130,99,169,235.0,2,0,0,100
17:58:16,7,4,6,10.0,0.04,0.19,0.03,18.2,130,99,169,235.0,2,0,0,100
17:58:16,8,4,5,10.2,0.05,0.19,0.03,18.4,237,135,122,299.0,2,0,0,100
17:58:16,8,4,5,10.2,0.05,0.19,0.03,18.4,237,135,122,299.0,2,0,0,100
17:58:16,8,4,5,10.2,0.05,0.19,0.03,18.4,237,135,122,299.0,2,0,0,100
17:58:16,8,4,5,10.2,0.05,0.19,0.03,18.4,237,135,122,299.0,0,0,0,100
17:58:16,8,4,5,10.2,0.05,0.19,0.03,18.4,237,135,122,299.0,0,0,0,100
17:58:17,8,4,5,10.2,0.05,0.19,0.03,18.4,237,135,122,299.0,0,0,0,100
17:58:17,8,4,5,10.2,0.05,0.19,0.03,18.4,237,135,122,299.0,0,0,0,100
17:58:17,8,4,5,10.2,0.05,0.19,0.03,18.4,237,135,122,299.0,0,0,0,100
17:58:17,8,4,5,10.2,0.05,0.19,0.03,18.2,237,135,122,299.0,0,0,0,100
17:58:17,8,4,5,10.2,0.05,0.19,0.03,18.4,237,135,122,299.0,0,0,0,100
17:58:17,8,5,7,11.7,0.03,0.09,0.04,18.4,231,133,216,343.0,0,0,0,100
17:58:17,8,5,7,11.7,0.03,0.09,0.04,18.2,231,133,216,343.0,0,0,0,100
17:58:17,8,5,7,11.7,0.03,0.09,0.04,18.2,231,133,216,343.0,0,0,0,100
17:58:17,8,5,7,11.7,0.03,0.09,0.04,18.2,231,133,216,343.0,0,0,0,100
17:58:17,8,5,7,11.7,0.03,0.09,0.04,18.4,231,133,216,343.0,0,0,0,100
17:58:18,8,5,7,11.7,0.03,0.09,0.04,18.5,231,133,216,343.0,0,0,0,100
17:58:18,8,5,7,11.7,0.03,0.09,0.04,18.4,231,133,216,343.0,0,0,0,100
17:58:18,8,5,7,11.7,0.03,0.09,0.04,18.4,231,133,216,343.0,0,0,0,100
17:58:18,8,5,7,11.7,0.03,0.09,0.04,18.2,231,133,216,343.0,0,0,0,100
17:58:18,8,5,7,11.7,0.03,0.09,0.04,18.4,231,133,216,343.0,0,0,0,100
17:58:18,5,4,7,9.5,0.05,0.09,0.05,18.3,160,130,237,314.0,0,0,0,100
17:58:18,5,4,7,9.5,0.05,0.09,0.05,18.4,160,130,237,314.0,0,0,0,100
17:58:18,5,4,7,9.5,0.05,0.09,0.05,18.4,160,130,237,314.0,0,0,0,100
17:58:18,5,4,7,9.5,0.05,0.09,0.05,18.4,160,130,237,314.0,1,0,0,100
17:58:18,5,4,7,9.5,0.05,0.09,0.05,18.2,160,130,237,314.0,1,0,0,100
17:58:19,5,4,7,9.5,0.05,0.09,0.05,18.4,160,130,237,314.0,1,0,0,100
17:58:19,5,4,7,9.5,0.05,0.09,0.05,18.3,160,130,237,314.0,1,0,0,100
17:58:19,5,4,7,9.5,0.05,0.09,0.05,18.4,160,130,237,314.0,1,0,0,100
17:58:19,5,4,7,9.5,0.05,0.09,0.05,18.4,160,130,237,314.0,1,0,0,100
17:58:19,5,4,7,9.5,0.05,0.09,0.05,18.4,160,130,237,314.0,1,0,0,100
17:58:19,7,4,4,9.0,0.1,0.16,0.08,18.5,191,120,154,273.0,1,0,0,100
17:58:19,7,4,4,9.0,0.1,0.16,0.08,18.4,191,120,154,273.0,1,0,0,100
17:58:19,7,4,4,9.0,0.1,0.16,0.08,18.5,191,120,154,273.0,1,0,0,100
17:58:19,7,4,4,9.0,0.1,0.16,0.08,18.5,191,120,154,273.0,0,0,1,100
17:58:19,7,4,4,9.0,0.1,0.16,0.08,18.4,191,120,154,273.0,0,0,1,100
17:58:20,7,4,4,9.0,0.1,0.16,0.08,18.3,191,120,154,273.0,0,0,1,100
17:58:20,7,4,4,9.0,0.1,0.16,0.08,18.4,191,120,154,273.0,0,0,1,100
17:58:20,7,4,4,9.0,0.1,0.16,0.08,18.4,191,120,154,273.0,0,0,1,100
17:58:20,7,4,4,9.0,0.1,0.16,0.08,18.4,191,120,154,273.0,0,0,1,100
17:58:20,7,4,4,9.0,0.1,0.16,0.08,18.4,191,120,154,273.0,0,0,1,100
17:58:20,6,6,8,11.7,0.08,0.13,0.05,18.3,158,82,158,238.0,0,0,1,100
17:58:20,6,6,8,11.7,0.08,0.13,0.05,18.5,158,82,158,238.0,0,0,1,100
17:58:20,6,6,8,11.7,0.08,0.13,0.05,18.2,158,82,158,238.0,0,0,1,100
17:58:20,6,6,8,11.7,0.08,0.13,0.05,18.4,158,82,158,238.0,1,0,0,100
17:58:21,6,6,8,11.7,0.08,0.13,0.05,18.2,158,82,158,238.0,1,0,0,100
17:58:21,6,6,8,11.7,0.08,0.13,0.05,18.2,158,82,158,238.0,1,0,0,100
17:58:21,6,6,8,11.7,0.08,0.13,0.05,18.3,158,82,158,238.0,1,0,0,100
17:58:21,6,6,8,11.7,0.08,0.13,0.05,18.2,158,82,158,238.0,1,0,0,100
17:58:21,6,6,8,11.7,0.08,0.13,0.05,18.3,158,82,158,238.0,1,0,0,100
17:58:21,6,6,8,11.7,0.08,0.13,0.05,18.2,158,82,158,238.0,1,0,0,100
17:58:21,5,1,7,8.7,0.07,0.16,0.05,18.4,133,33,173,221.0,1,0,0,100
17:58:21,5,1,7,8.7,0.07,0.16,0.05,18.3,133,33,173,221.0,1,0,0,100
17:58:21,5,1,7,8.7,0.07,0.16,0.05,18.2,133,33,173,221.0,1,0,0,100
17:58:21,5,1,7,8.7,0.07,0.16,0.05,18.4,133,33,173,221.0,0,2,1,100
17:58:21,5,1,7,8.7,0.07,0.16,0.05,18.2,133,33,173,221.0,0,2,1,100
17:58:22,5,1,7,8.7,0.07,0.16,0.05,18.4,133,33,173,221.0,0,2,1,100
17:58:22,5,1,7,8.7,0.07,0.16,0.05,18.2,133,33,173,221.0,0,2,1,100
17:58:22,5,1,7,8.7,0.07,0.16,0.05,18.4,133,33,173,221.0,0,2,1,100
17:58:22,5,1,7,8.7,0.07,0.16,0.05,18.7,133,33,173,221.0,0,2,1,100
17:58:22,5,1,7,8.7,0.07,0.16,0.05,18.4,133,33,173,221.0,0,2,1,100
17:58:22,6,7,11,14.4,0.03,0.13,0.06,18.4,146,74,162,230.0,0,2,1,100
17:58:22,6,7,11,14.4,0.03,0.13,0.06,18.4,146,74,162,230.0,0,2,1,100
17:58:22,6,7,11,14.4,0.03,0.13,0.06,18.4,146,74,162,230.0,0,2,1,100
17:58:22,6,7,11,14.4,0.03,0.13,0.06,18.3,146,74,162,230.0,1,0,0,100
17:58:23,6,7,11,14.4,0.03,0.13,0.06,18.2,146,74,162,230.0,1,0,0,100
17:58:23,6,7,11,14.4,0.03,0.13,0.06,18.3,146,74,162,230.0,1,0,0,100
17:58:23,6,7,11,14.4,0.03,0.13,0.06,18.2,146,74,162,230.0,1,0,0,100
17:58:23,6,7,11,14.4,0.03,0.13,0.06,18.4,146,74,162,230.0,1,0,0,100
17:58:23,6,7,11,14.4,0.03,0.13,0.06,18.4,146,74,162,230.0,1,0,0,100
17:58:23,6,7,11,14.4,0.03,0.13,0.06,18.3,146,74,162,230.0,1,0,0,100
17:58:23,6,4,6,9.4,0.07,0.11,0.06,18.2,184,115,191,289.0,1,0,0,100
17:58:23,6,4,6,9.4,0.07,0.11,0.06,18.3,184,115,191,289.0,1,0,0,100
17:58:23,6,4,6,9.4,0.07,0.11,0.06,18.4,184,115,191,289.0,1,0,0,100
17:58:23,6,4,6,9.4,0.07,0.11,0.06,18.4,184,115,191,289.0,0,0,0,100
17:58:24,6,4,6,9.4,0.07,0.11,0.06,18.2,184,115,191,289.0,0,0,0,100
17:58:24,6,4,6,9.4,0.07,0.11,0.06,18.2,184,115,191,289.0,0,0,0,100
17:58:24,6,4,6,9.4,0.07,0.11,0.06,18.2,184,115,191,289.0,0,0,0,100
17:58:24,6,4,6,9.4,0.07,0.11,0.06,18.4,184,115,191,289.0,0,0,0,100
17:58:24,6,4,6,9.4,0.07,0.11,0.06,18.4,184,115,191,289.0,0,0,0,100
17:58:24,6,4,6,9.4,0.07,0.11,0.06,18.2,184,115,191,289.0,0,0,0,100
17:58:24,8,4,5,10.2,0.07,0.15,0.05,18.4,231,136,130,298.0,0,0,0,100
17:58:24,8,4,5,10.2,0.07,0.15,0.05,18.4,231,136,130,298.0,0,0,0,100
17:58:24,8,4,5,10.2,0.07,0.15,0.05,18.4,231,136,130,298.0,0,0,0,100
17:58:24,8,4,5,10.2,0.07,0.15,0.05,18.4,231,136,130,298.0,0,0,1,100
17:58:25,8,4,5,10.2,0.07,0.15,0.05,18.4,231,136,130,298.0,0,0,1,100
17:58:25,8,4,5,10.2,0.07,0.15,0.05,18.4,231,136,130,298.0,0,0,1,100
17:58:25,8,4,5,10.2,0.07,0.15,0.05,18.4,231,136,130,298.0,0,0,1,100
17:58:25,8,4,5,10.2,0.07,0.15,0.05,18.4,231,136,130,298.0,0,0,1,100
17:58:25,8,4,5,10.2,0.07,0.15,0.05,18.4,231,136,130,298.0,0,0,1,100
17:58:25,8,4,5,10.2,0.07,0.15,0.05,18.4,231,136,130,298.0,0,0,1,100
17:58:25,7,5,9,12.4,0.07,0.19,0.07,18.4,214,143,236,349.0,0,0,1,100
17:58:25,7,5,9,12.4,0.07,0.19,0.07,18.3,214,143,236,349.0,0,0,1,100
17:58:25,7,5,9,12.4,0.07,0.19,0.07,18.4,214,143,236,349.0,0,0,1,100
17:58:25,7,5,9,12.4,0.07,0.19,0.07,18.5,214,143,236,349.0,2,0,0,100
17:58:26,7,5,9,12.4,0.07,0.19,0.07,18.3,214,143,236,349.0,2,0,0,100
17:58:26,7,5,9,12.4,0.07,0.19,0.07,18.4,214,143,236,349.0,2,0,0,100
17:58:26,7,5,9,12.4,0.07,0.19,0.07,18.3,214,143,236,349.0,2,0,0,100
17:58:26,7,5,9,12.4,0.07,0.19,0.07,18.3,214,143,236,349.0,2,0,0,100
17:58:26,7,5,9,12.4,0.07,0.19,0.07,18.3,214,143,236,349.0,2,0,0,100
17:58:26,7,5,9,12.4,0.07,0.19,0.07,18.3,214,143,236,349.0,2,0,0,100
17:58:26,6,4,7,10.0,0.03,0.08,0.06,18.2,159,135,230,310.0,2,0,0,100
17:58:26,6,4,7,10.0,0.03,0.08,0.06,18.2,159,135,230,310.0,2,0,0,100
17:58:26,6,4,7,10.0,0.03,0.08,0.06,18.2,159,135,230,310.0,2,0,0,100
17:58:26,6,4,7,10.0,0.03,0.08,0.06,18.3,159,135,230,310.0,0,0,0,100
17:58:27,6,4,7,10.0,0.03,0.08,0.06,18.2,159,135,230,310.0,0,0,0,100
17:58:27,6,4,7,10.0,0.03,0.08,0.06,18.5,159,135,230,310.0,0,0,0,100
17:58:27,6,4,7,10.0,0.03,0.08,0.06,18.3,159,135,230,310.0,0,0,0,100
17:58:27,6,4,7,10.0,0.03,0.08,0.06,18.2,159,135,230,310.0,0,0,0,100
17:58:27,6,4,7,10.0,0.03,0.08,0.06,18.4,159,135,230,310.0,0,0,0,100
17:58:27,6,4,7,10.0,0.03,0.08,0.06,18.4,159,135,230,310.0,0,0,0,100
17:58:27,7,3,3,8.2,0.06,0.15,0.06,18.2,210,98,103,254.0,0,0,0,100
17:58:27,7,3,3,8.2,0.06,0.15,0.06,18.4,210,98,103,254.0,0,0,0,100
17:58:27,7,3,3,8.2,0.06,0.15,0.06,18.2,210,98,103,254.0,0,0,0,100
17:58:27,7,3,3,8.2,0.06,0.15,0.06,18.3,210,98,103,254.0,0,0,0,100
17:58:28,7,3,3,8.2,0.06,0.15,0.06,18.4,210,98,103,254.0,0,0,0,100
17:58:28,7,3,3,8.2,0.06,0.15,0.06,18.4,210,98,103,254.0,0,0,0,100
17:58:28,7,3,3,8.2,0.06,0.15,0.06,18.4,210,98,103,254.0,0,0,0,100
17:58:28,7,3,3,8.2,0.06,0.15,0.06,18.2,210,98,103,254.0,0,0,0,100
17:58:28,7,3,3,8.2,0.06,0.15,0.06,18.2,210,98,103,254.0,0,0,0,100
17:58:28,7,3,3,8.2,0.06,0.15,0.06,18.4,210,98,103,254.0,0,0,0,100
17:58:28,4,2,8,9.2,0.12,0.23,0.05,18.4,125,49,208,248.0,0,0,0,100
17:58:28,4,2,8,9.2,0.12,0.23,0.05,18.2,125,49,208,248.0,0,0,0,100
17:58:28,4,2,8,9.2,0.12,0.23,0.05,18.5,125,49,208,248.0,0,0,0,100
17:58:28,4,2,8,9.2,0.12,0.23,0.05,18.2,125,49,208,248.0,1,3,0,100
17:58:29,4,2,8,9.2,0.12,0.23,0.05,18.3,125,49,208,248.0,1,3,0,100
17:58:29,4,2,8,9.2,0.12,0.23,0.05,18.2,125,49,208,248.0,1,3,0,100
17:58:29,4,2,8,9.2,0.12,0.23,0.05,18.3,125,49,208,248.0,1,3,0,100
17:58:29,4,2,8,9.2,0.12,0.23,0.05,18.4,125,49,208,248.0,1,3,0,100
17:58:29,4,2,8,9.2,0.12,0.23,0.05,18.5,125,49,208,248.0,1,3,0,100
17:58:29,4,2,8,9.2,0.12,0.23,0.05,18.4,125,49,208,248.0,1,3,0,100
17:58:29,5,2,4,6.7,0.1,0.21,0.1,18.3,161,66,110,206.0,1,3,0,100
17:58:29,5,2,4,6.7,0.1,0.21,0.1,18.4,161,66,110,206.0,1,3,0,100
17:58:29,5,2,4,6.7,0.1,0.21,0.1,18.2,161,66,110,206.0,1,3,0,100
17:58:29,5,2,4,6.7,0.1,0.21,0.1,18.4,161,66,110,206.0,0,0,1,100
17:58:30,5,2,4,6.7,0.1,0.21,0.1,18.6,161,66,110,206.0,0,0,1,100
17:58:30,5,2,4,6.7,0.1,0.21,0.1,18.2,161,66,110,206.0,0,0,1,100
17:58:30,5,2,4,6.7,0.1,0.21,0.1,18.4,161,66,110,206.0,0,0,1,100
17:58:30,5,2,4,6.7,0.1,0.21,0.1,18.4,161,66,110,206.0,0,0,1,100
17:58:30,5,2,4,6.7,0.1,0.21,0.1,18.4,161,66,110,206.0,0,0,1,100
17:58:30,5,2,4,6.7,0.1,0.21,0.1,18.3,161,66,110,206.0,0,0,1,100
17:58:30,5,4,7,9.5,0.03,0.19,0.07,18.4,144,112,182,258.0,0,0,1,100
17:58:30,5,4,7,9.5,0.03,0.19,0.07,18.2,144,112,182,258.0,0,0,1,100
17:58:30,5,4,7,9.5,0.03,0.19,0.07,18.3,144,112,182,258.0,0,0,1,100
17:58:30,5,4,7,9.5,0.03,0.19,0.07,18.2,144,112,182,258.0,2,0,0,100
17:58:31,5,4,7,9.5,0.03,0.19,0.07,18.5,144,112,182,258.0,2,0,0,100
17:58:31,5,4,7,9.5,0.03,0.19,0.07,18.4,144,112,182,258.0,2,0,0,100
17:58:31,5,4,7,9.5,0.03,0.19,0.07,18.3,144,112,182,258.0,2,0,0,100
17:58:31,5,4,7,9.5,0.03,0.19,0.07,18.2,144,112,182,258.0,2,0,0,100
17:58:31,5,4,7,9.5,0.03,0.19,0.07,18.4,144,112,182,258.0,2,0,0,100
17:58:31,5,4,7,9.5,0.03,0.19,0.07,18.2,144,112,182,258.0,2,0,0,100
17:58:31,10,8,8,15.1,0.05,0.46,0.05,18.4,233,153,216,353.0,2,0,0,100
17:58:31,10,8,8,15.1,0.05,0.46,0.05,18.3,233,153,216,353.0,2,0,0,100
17:58:31,10,8,8,15.1,0.05,0.46,0.05,18.4,233,153,216,353.0,2,0,0,100
17:58:31,10,8,8,15.1,0.05,0.46,0.05,18.2,233,153,216,353.0,1,0,0,100
17:58:32,10,8,8,15.1,0.05,0.46,0.05,18.2,233,153,216,353.0,1,0,0,100
17:58:32,10,8,8,15.1,0.05,0.46,0.05,18.2,233,153,216,353.0,1,0,0,100
17:58:32,10,8,8,15.1,0.05,0.46,0.05,18.3,233,153,216,353.0,1,0,0,100
17:58:32,10,8,8,15.1,0.05,0.46,0.05,18.3,233,153,216,353.0,1,0,0,100
17:58:32,10,8,8,15.1,0.05,0.46,0.05,18.2,233,153,216,353.0,1,0,0,100
17:58:32,10,8,8,15.1,0.05,0.46,0.05,18.4,233,153,216,353.0,1,0,0,100
17:58:32,10,6,7,13.6,0.08,0.2,0.03,18.3,283,165,144,358.0,1,0,0,100
17:58:32,10,6,7,13.6,0.08,0.2,0.03,18.3,283,165,144,358.0,1,0,0,100
17:58:32,10,6,7,13.6,0.08,0.2,0.03,18.5,283,165,144,358.0,1,0,0,100
17:58:33,10,6,7,13.6,0.08,0.2,0.03,18.3,283,165,144,358.0,0,0,0,100
17:58:33,10,6,7,13.6,0.08,0.2,0.03,18.4,283,165,144,358.0,0,0,0,100
17:58:33,10,6,7,13.6,0.08,0.2,0.03,18.2,283,165,144,358.0,0,0,0,100
17:58:33,10,6,7,13.6,0.08,0.2,0.03,18.3,283,165,144,358.0,0,0,0,100
17:58:33,10,6,7,13.6,0.08,0.2,0.03,18.3,283,165,144,358.0,0,0,0,100
17:58:33,10,6,7,13.6,0.08,0.2,0.03,18.3,283,165,144,358.0,0,0,0,100
17:58:33,10,6,7,13.6,0.08,0.2,0.03,18.2,283,165,144,358.0,0,0,0,100
17:58:33,9,4,8,12.7,0.05,0.23,0.07,18.4,230,133,220,345.0,0,0,0,100
17:58:33,9,4,8,12.7,0.05,0.23,0.07,18.4,230,133,220,345.0,0,0,0,100
17:58:33,9,4,8,12.7,0.05,0.23,0.07,18.4,230,133,220,345.0,0,0,0,100
17:58:34,9,4,8,12.7,0.05,0.23,0.07,18.2,230,133,220,345.0,1,0,0,100
17:58:34,9,4,8,12.7,0.05,0.23,0.07,18.4,230,133,220,345.0,1,0,0,100
17:58:34,9,4,8,12.7,0.05,0.23,0.07,18.5,230,133,220,345.0,1,0,0,100
17:58:34,9,4,8,12.7,0.05,0.23,0.07,18.3,230,133,220,345.0,1,0,0,100
17:58:34,9,4,8,12.7,0.05,0.23,0.07,18.5,230,133,220,345.0,1,0,0,100
17:58:34,9,4,8,12.7,0.05,0.23,0.07,18.4,230,133,220,345.0,1,0,0,100
17:58:34,9,4,8,12.7,0.05,0.23,0.07,18.6,230,133,220,345.0,1,0,0,100
17:58:34,6,6,12,14.7,0.04,0.27,0.08,18.4,164,109,228,301.0,1,0,0,100
17:58:34,6,6,12,14.7,0.04,0.27,0.08,18.5,164,109,228,301.0,1,0,0,100
17:58:34,6,6,12,14.7,0.04,0.27,0.08,18.3,164,109,228,301.0,1,0,0,100
17:58:35,6,6,12,14.7,0.04,0.27,0.08,18.3,164,109,228,301.0,0,0,0,100
17:58:35,6,6,12,14.7,0.04,0.27,0.08,18.4,164,109,228,301.0,0,0,0,100
17:58:35,6,6,12,14.7,0.04,0.27,0.08,18.4,164,109,228,301.0,0,0,0,100
17:58:35,6,6,12,14.7,0.04,0.27,0.08,18.2,164,109,228,301.0,0,0,0,100
17:58:35,6,6,12,14.7,0.04,0.27,0.08,18.3,164,109,228,301.0,0,0,0,100
17:58:35,6,6,12,14.7,0.04,0.27,0.08,18.4,164,109,228,301.0,0,0,0,100
17:58:35,6,6,12,14.7,0.04,0.27,0.08,18.3,164,109,228,301.0,0,0,0,100
17:58:35,6,2,4,7.5,0.04,0.11,0.06,18.2,159,59,104,199.0,0,0,0,100
17:58:35,6,2,4,7.5,0.04,0.11,0.06,18.4,159,59,104,199.0,0,0,0,100
17:58:35,6,2,4,7.5,0.04,0.11,0.06,18.4,159,59,104,199.0,0,0,0,100
17:58:36,6,2,4,7.5,0.04,0.11,0.06,18.4,159,59,104,199.0,0,0,1,100
17:58:36,6,2,4,7.5,0.04,0.11,0.06,18.2,159,59,104,199.0,0,0,1,100
17:58:36,6,2,4,7.5,0.04,0.11,0.06,18.4,159,59,104,199.0,0,0,1,100
17:58:36,6,2,4,7.5,0.04,0.11,0.06,18.2,159,59,104,199.0,0,0,1,100
17:58:36,6,2,4,7.5,0.04,0.11,0.06,18.2,159,59,104,199.0,0,0,1,100
17:58:36,6,2,4,7.5,0.04,0.11,0.06,18.4,159,59,104,199.0,0,0,1,100
17:58:36,6,2,4,7.5,0.04,0.11,0.06,18.3,159,59,104,199.0,0,0,1,100
17:58:36,5,1,5,7.1,0.09,0.14,0.04,18.4,131,49,137,196.0,0,0,1,100
17:58:36,5,1,5,7.1,0.09,0.14,0.04,18.6,131,49,137,196.0,0,0,1,100
17:58:36,5,1,5,7.1,0.09,0.14,0.04,18.4,131,49,137,196.0,0,0,1,100
17:58:37,5,1,5,7.1,0.09,0.14,0.04,18.2,131,49,137,196.0,3,1,0,100
17:58:37,5,1,5,7.1,0.09,0.14,0.04,18.4,131,49,137,196.0,3,1,0,100
17:58:37,5,1,5,7.1,0.09,0.14,0.04,18.2,131,49,137,196.0,3,1,0,100
17:58:37,5,1,5,7.1,0.09,0.14,0.04,18.4,131,49,137,196.0,3,1,0,100
17:58:37,5,1,5,7.1,0.09,0.14,0.04,18.4,131,49,137,196.0,3,1,0,100
17:58:37,5,1,5,7.1,0.09,0.14,0.04,18.5,131,49,137,196.0,3,1,0,100
17:58:37,5,1,5,7.1,0.09,0.14,0.04,18.4,131,49,137,196.0,3,1,0,100
17:58:37,7,5,8,11.7,0.06,0.12,0.08,18.4,190,103,126,250.0,3,1,0,100
17:58:37,7,5,8,11.7,0.06,0.12,0.08,18.4,190,103,126,250.0,3,1,0,100
17:58:37,7,5,8,11.7,0.06,0.12,0.08,18.2,190,103,126,250.0,3,1,0,100
17:58:38,7,5,8,11.7,0.06,0.12,0.08,18.3,190,103,126,250.0,0,0,1,100
17:58:38,7,5,8,11.7,0.06,0.12,0.08,18.2,190,103,126,250.0,0,0,1,100
17:58:38,7,5,8,11.7,0.06,0.12,0.08,18.2,190,103,126,250.0,0,0,1,100
17:58:38,7,5,8,11.7,0.06,0.12,0.08,18.4,190,103,126,250.0,0,0,1,100
17:58:38,7,5,8,11.7,0.06,0.12,0.08,18.5,190,103,126,250.0,0,0,1,100
17:58:38,7,5,8,11.7,0.06,0.12,0.08,18.3,190,103,126,250.0,0,0,1,100
17:58:38,7,5,8,11.7,0.06,0.12,0.08,18.4,190,103,126,250.0,0,0,1,100
17:58:38,5,6,9,11.9,0.03,0.14,0.05,18.5,148,117,218,288.0,0,0,1,100
17:58:38,5,6,9,11.9,0.03,0.14,0.05,18.2,148,117,218,288.0,0,0,1,100
17:58:38,5,6,9,11.9,0.03,0.14,0.05,18.2,148,117,218,288.0,0,0,1,100
17:58:39,5,6,9,11.9,0.03,0.14,0.05,18.2,148,117,218,288.0,1,0,0,100
17:58:39,5,6,9,11.9,0.03,0.14,0.05,18.3,148,117,218,288.0,1,0,0,100
17:58:39,5,6,9,11.9,0.03,0.14,0.05,18.2,148,117,218,288.0,1,0,0,100
17:58:39,5,6,9,11.9,0.03,0.14,0.05,18.2,148,117,218,288.0,1,0,0,100
17:58:39,5,6,9,11.9,0.03,0.14,0.05,18.3,148,117,218,288.0,1,0,0,100
17:58:39,5,6,9,11.9,0.03,0.14,0.05,18.2,148,117,218,288.0,1,0,0,100
17:58:39,5,6,9,11.9,0.03,0.14,0.05,18.3,148,117,218,288.0,1,0,0,100
17:58:39,8,5,8,12.4,0.04,0.16,0.03,18.4,227,138,211,339.0,1,0,0,100
17:58:39,8,5,8,12.4,0.04,0.16,0.03,18.4,227,138,211,339.0,1,0,0,100
17:58:39,8,5,8,12.4,0.04,0.16,0.03,18.3,227,138,211,339.0,1,0,0,100
17:58:40,8,5,8,12.4,0.04,0.16,0.03,18.4,227,138,211,339.0,0,0,0,100
17:58:40,8,5,8,12.4,0.04,0.16,0.03,18.4,227,138,211,339.0,0,0,0,100
17:58:40,8,5,8,12.4,0.04,0.16,0.03,18.4,227,138,211,339.0,0,0,0,100
17:58:40,8,5,8,12.4,0.04,0.16,0.03,18.4,227,138,211,339.0,0,0,0,100
17:58:40,8,5,8,12.4,0.04,0.16,0.03,18.6,227,138,211,339.0,0,0,0,100
17:58:40,8,5,8,12.4,0.04,0.16,0.03,18.2,227,138,211,339.0,0,0,0,100
17:58:40,8,5,8,12.4,0.04,0.16,0.03,18.4,227,138,211,339.0,0,0,0,100
17:58:40,8,5,8,12.4,0.07,0.16,0.03,18.2,244,138,167,326.0,0,0,0,100
17:58:40,8,5,8,12.4,0.07,0.16,0.03,18.2,244,138,167,326.0,0,0,0,100
17:58:40,8,5,8,12.4,0.07,0.16,0.03,18.4,244,138,167,326.0,0,0,0,100
17:58:41,8,5,8,12.4,0.07,0.16,0.03,18.4,244,138,167,326.0,0,0,1,100
17:58:41,8,5,8,12.4,0.07,0.16,0.03,18.6,244,138,167,326.0,0,0,1,100
17:58:41,8,5,8,12.4,0.07,0.16,0.03,18.4,244,138,167,326.0,0,0,1,100
17:58:41,8,5,8,12.4,0.07,0.16,0.03,18.2,244,138,167,326.0,0,0,1,100
17:58:41,8,5,8,12.4,0.07,0.16,0.03,18.2,244,138,167,326.0,0,0,1,100
17:58:41,8,5,8,12.4,0.07,0.16,0.03,18.2,244,138,167,326.0,0,0,1,100
17:58:41,8,5,8,12.4,0.07,0.16,0.03,18.4,244,138,167,326.0,0,0,1,100
17:58:41,5,4,7,9.5,0.04,0.1,0.04,18.6,174,114,203,291.0,0,0,1,100
17:58:41,5,4,7,9.5,0.04,0.1,0.04,18.6,174,114,203,291.0,0,0,1,100
17:58:41,5,4,7,9.5,0.04,0.1,0.04,18.4,174,114,203,291.0,0,0,1,100
17:58:42,5,4,7,9.5,0.04,0.1,0.04,18.2,174,114,203,291.0,1,0,0,100
17:58:42,5,4,7,9.5,0.04,0.1,0.04,18.2,174,114,203,291.0,1,0,0,100
17:58:42,5,4,7,9.5,0.04,0.1,0.04,18.4,174,114,203,291.0,1,0,0,100
17:58:42,5,4,7,9.5,0.04,0.1,0.04,18.4,174,114,203,291.0,1,0,0,100
17:58:42,5,4,7,9.5,0.04,0.1,0.04,18.3,174,114,203,291.0,1,0,0,100
17:58:42,5,4,7,9.5,0.04,0.1,0.04,18.4,174,114,203,291.0,1,0,0,100
17:58:42,5,4,7,9.5,0.04,0.1,0.04,18.6,174,114,203,291.0,1,0,0,100
17:58:42,6,3,6,9.0,0.03,0.12,0.07,18.4,168,84,171,254.0,1,0,0,100
17:58:42,6,3,6,9.0,0.03,0.12,0.07,18.2,168,84,171,254.0,1,0,0,100
17:58:42,6,3,6,9.0,0.03,0.12,0.07,18.4,168,84,171,254.0,1,0,0,100
17:58:43,6,3,6,9.0,0.03,0.12,0.07,18.4,168,84,171,254.0,0,0,0,100
17:58:43,6,3,6,9.0,0.03,0.12,0.07,18.2,168,84,171,254.0,0,0,0,100
17:58:43,6,3,6,9.0,0.03,0.12,0.07,18.4,168,84,171,254.0,0,0,0,100
17:58:43,6,3,6,9.0,0.03,0.12,0.07,18.2,168,84,171,254.0,0,0,0,100
17:58:43,6,3,6,9.0,0.03,0.12,0.07,18.2,168,84,171,254.0,0,0,0,100
17:58:43,6,3,6,9.0,0.03,0.12,0.07,18.2,168,84,171,254.0,0,0,0,100
17:58:43,6,3,6,9.0,0.03,0.12,0.07,18.6,168,84,171,254.0,0,0,0,100
17:58:43,6,4,6,9.4,0.1,0.2,0.07,18.2,170,39,160,237.0,0,0,0,100
17:58:43,6,4,6,9.4,0.1,0.2,0.07,18.3,170,39,160,237.0,0,0,0,100
17:58:43,6,4,6,9.4,0.1,0.2,0.07,18.3,170,39,160,237.0,0,0,0,100
17:58:44,6,4,6,9.4,0.1,0.2,0.07,18.4,170,39,160,237.0,1,5,0,100
17:58:44,6,4,6,9.4,0.1,0.2,0.07,18.4,170,39,160,237.0,1,5,0,100
17:58:44,6,4,6,9.4,0.1,0.2,0.07,18.4,170,39,160,237.0,1,5,0,100
17:58:44,6,4,6,9.4,0.1,0.2,0.07,18.3,170,39,160,237.0,1,5,0,100
17:58:44,6,4,6,9.4,0.1,0.2,0.07,18.5,170,39,160,237.0,1,5,0,100
17:58:44,6,4,6,9.4,0.1,0.2,0.07,18.4,170,39,160,237.0,1,5,0,100
17:58:44,6,4,6,9.4,0.1,0.2,0.07,18.5,170,39,160,237.0,1,5,0,100
17:58:44,6,2,5,8.1,0.09,0.18,0.03,18.4,166,69,156,238.0,1,5,0,100
17:58:44,6,2,5,8.1,0.09,0.18,0.03,18.4,166,69,156,238.0,1,5,0,100
17:58:44,6,2,5,8.1,0.09,0.18,0.03,18.5,166,69,156,238.0,1,5,0,100
17:58:45,6,2,5,8.1,0.09,0.18,0.03,18.2,166,69,156,238.0,0,0,0,100
17:58:45,6,2,5,8.1,0.09,0.18,0.03,18.4,166,69,156,238.0,0,0,0,100
17:58:45,6,2,5,8.1,0.09,0.18,0.03,18.4,166,69,156,238.0,0,0,0,100
17:58:45,6,2,5,8.1,0.09,0.18,0.03,18.2,166,69,156,238.0,0,0,0,100
17:58:45,6,2,5,8.1,0.09,0.18,0.03,18.4,166,69,156,238.0,0,0,0,100
17:58:45,6,2,5,8.1,0.09,0.18,0.03,18.6,166,69,156,238.0,0,0,0,100
17:58:45,6,2,5,8.1,0.09,0.18,0.03,18.2,166,69,156,238.0,0,0,0,100
17:58:45,7,6,5,10.5,0.06,0.12,0.05,18.3,184,121,136,259.0,0,0,0,100
17:58:45,7,6,5,10.5,0.06,0.12,0.05,18.4,184,121,136,259.0,0,0,0,100
17:58:45,7,6,5,10.5,0.06,0.12,0.05,18.5,184,121,136,259.0,0,0,0,100
17:58:46,7,6,5,10.5,0.06,0.12,0.05,18.3,184,121,136,259.0,0,0,1,100
17:58:46,7,6,5,10.5,0.06,0.12,0.05,18.5,184,121,136,259.0,0,0,1,100
17:58:46,7,6,5,10.5,0.06,0.12,0.05,18.2,184,121,136,259.0,0,0,1,100
17:58:46,7,6,5,10.5,0.06,0.12,0.05,18.2,184,121,136,259.0,0,0,1,100
17:58:46,7,6,5,10.5,0.06,0.12,0.05,18.3,184,121,136,259.0,0,0,1,100
17:58:46,7,6,5,10.5,0.06,0.12,0.05,18.3,184,121,136,259.0,0,0,1,100
17:58:46,7,6,5,10.5,0.06,0.12,0.05,18.3,184,121,136,259.0,0,0,1,100
17:58:46,5,7,9,12.4,0.03,0.2,0.05,18.4,134,149,227,303.0,0,0,1,100
17:58:46,5,7,9,12.4,0.03,0.2,0.05,18.3,134,149,227,303.0,0,0,1,100
17:58:46,5,7,9,12.4,0.03,0.2,0.05,18.4,134,149,227,303.0,0,0,1,100
17:58:47,5,7,9,12.4,0.03,0.2,0.05,18.4,134,149,227,303.0,3,0,0,100
17:58:47,5,7,9,12.4,0.03,0.2,0.05,18.4,134,149,227,303.0,3,0,0,100
17:58:47,5,7,9,12.4,0.03,0.2,0.05,18.4,134,149,227,303.0,3,0,0,100
17:58:47,5,7,9,12.4,0.03,0.2,0.05,18.3,134,149,227,303.0,3,0,0,100
17:58:47,5,7,9,12.4,0.03,0.2,0.05,18.4,134,149,227,303.0,3,0,0,100
17:58:47,5,7,9,12.4,0.03,0.2,0.05,18.4,134,149,227,303.0,3,0,0,100
17:58:47,5,7,9,12.4,0.03,0.2,0.05,18.4,134,149,227,303.0,3,0,0,100
17:58:47,9,7,11,15.8,0.05,0.19,0.03,18.4,245,145,227,364.0,3,0,0,100
17:58:47,9,7,11,15.8,0.05,0.19,0.03,18.4,245,145,227,364.0,3,0,0,100
17:58:47,9,7,11,15.8,0.05,0.19,0.03,18.4,245,145,227,364.0,3,0,0,100
17:58:48,9,7,11,15.8,0.05,0.19,0.03,18.3,245,145,227,364.0,0,0,0,100
17:58:48,9,7,11,15.8,0.05,0.19,0.03,18.4,245,145,227,364.0,0,0,0,100
17:58:48,9,7,11,15.8,0.05,0.19,0.03,18.2,245,145,227,364.0,0,0,0,100
17:58:48,9,7,11,15.8,0.05,0.19,0.03,18.4,245,145,227,364.0,0,0,0,100
17:58:48,9,7,11,15.8,0.05,0.19,0.03,18.5,245,145,227,364.0,0,0,0,100
17:58:48,9,7,11,15.8,0.05,0.19,0.03,18.2,245,145,227,364.0,0,0,0,100
17:58:48,9,7,11,15.8,0.05,0.19,0.03,18.4,245,145,227,364.0,0,0,0,100
17:58:48,9,7,11,15.8,0.05,0.19,0.03,18.3,245,145,227,364.0,0,0,0,100
17:58:48,10,8,5,13.7,0.12,0.24,0.04,18.4,282,165,161,364.0,0,0,0,100
17:58:48,10,8,5,13.7,0.12,0.24,0.04,18.3,282,165,161,364.0,0,0,0,100
17:58:49,10,8,5,13.7,0.12,0.24,0.04,18.3,282,165,161,364.0,0,0,0,100
17:58:49,10,8,5,13.7,0.12,0.24,0.04,18.4,282,165,161,364.0,0,0,0,100
17:58:49,10,8,5,13.7,0.12,0.24,0.04,18.6,282,165,161,364.0,0,0,0,100
17:58:49,10,8,5,13.7,0.12,0.24,0.04,18.2,282,165,161,364.0,0,0,0,100
17:58:49,10,8,5,13.7,0.12,0.24,0.04,18.4,282,165,161,364.0,0,0,0,100
17:58:49,10,8,5,13.7,0.12,0.24,0.04,18.3,282,165,161,364.0,0,0,0,100
17:58:49,10,8,5,13.7,0.12,0.24,0.04,18.4,282,165,161,364.0,0,0,0,100
17:58:49,10,8,5,13.7,0.12,0.24,0.04,18.4,282,165,161,364.0,0,0,0,100
17:58:49,5,3,6,8.4,0.07,0.13,0.04,18.2,157,112,188,269.0,0,0,0,100
17:58:50,5,3,6,8.4,0.07,0.13,0.04,18.4,157,112,188,269.0,0,0,0,100
17:58:50,5,3,6,8.4,0.07,0.13,0.04,18.4,157,112,188,269.0,1,0,0,100
17:58:50,5,3,6,8.4,0.07,0.13,0.04,18.4,157,112,188,269.0,1,0,0,100
17:58:50,5,3,6,8.4,0.07,0.13,0.04,18.4,157,112,188,269.0,1,0,0,100
17:58:50,5,3,6,8.4,0.07,0.13,0.04,18.3,157,112,188,269.0,1,0,0,100
17:58:50,5,3,6,8.4,0.07,0.13,0.04,18.6,157,112,188,269.0,1,0,0,100
17:58:50,5,3,6,8.4,0.07,0.13,0.04,18.5,157,112,188,269.0,1,0,0,100
17:58:50,5,3,6,8.4,0.07,0.13,0.04,18.4,157,112,188,269.0,1,0,0,100
17:58:50,5,3,6,8.4,0.07,0.13,0.04,18.5,157,112,188,269.0,1,0,0,100
17:58:50,4,2,5,6.7,0.03,0.1,0.07,18.3,136,46,127,192.0,1,0,0,100
17:58:51,4,2,5,6.7,0.03,0.1,0.07,18.5,136,46,127,192.0,1,0,0,100
17:58:51,4,2,5,6.7,0.03,0.1,0.07,18.4,136,46,127,192.0,0,2,1,100
17:58:51,4,2,5,6.7,0.03,0.1,0.07,18.4,136,46,127,192.0,0,2,1,100
17:58:51,4,2,5,6.7,0.03,0.1,0.07,18.4,136,46,127,192.0,0,2,1,100
17:58:51,4,2,5,6.7,0.03,0.1,0.07,18.3,136,46,127,192.0,0,2,1,100
17:58:51,4,2,5,6.7,0.03,0.1,0.07,18.2,136,46,127,192.0,0,2,1,100
17:58:51,4,2,5,6.7,0.03,0.1,0.07,18.2,136,46,127,192.0,0,2,1,100
17:58:51,4,2,5,6.7,0.03,0.1,0.07,18.2,136,46,127,192.0,0,2,1,100
17:58:51,4,2,5,6.7,0.03,0.1,0.07,18.3,136,46,127,192.0,0,2,1,100
17:58:51,3,1,5,5.9,0.05,0.09,0.08,18.5,121,52,156,204.0,0,2,1,100
17:58:52,3,1,5,5.9,0.05,0.09,0.08,18.4,121,52,156,204.0,0,2,1,100
17:58:52,3,1,5,5.9,0.05,0.09,0.08,18.3,121,52,156,204.0,2,0,0,100
17:58:52,3,1,5,5.9,0.05,0.09,0.08,18.2,121,52,156,204.0,2,0,0,100
17:58:52,3,1,5,5.9,0.05,0.09,0.08,18.5,121,52,156,204.0,2,0,0,100
17:58:52,3,1,5,5.9,0.05,0.09,0.08,18.4,121,52,156,204.0,2,0,0,100
17:58:52,3,1,5,5.9,0.05,0.09,0.08,18.2,121,52,156,204.0,2,0,0,100
17:58:52,3,1,5,5.9,0.05,0.09,0.08,18.4,121,52,156,204.0,2,0,0,100
17:58:52,3,1,5,5.9,0.05,0.09,0.08,18.2,121,52,156,204.0,2,0,0,100
17:58:52,3,1,5,5.9,0.05,0.09,0.08,18.2,121,52,156,204.0,2,0,0,100
17:58:52,7,4,5,9.5,0.08,0.15,0.03,18.7,191,114,147,267.0,2,0,0,100
17:58:53,7,4,5,9.5,0.08,0.15,0.03,18.2,191,114,147,267.0,2,0,0,100
17:58:53,7,4,5,9.5,0.08,0.15,0.03,18.2,191,114,147,267.0,0,0,1,100
17:58:53,7,4,5,9.5,0.08,0.15,0.03,18.6,191,114,147,267.0,0,0,1,100
17:58:53,7,4,5,9.5,0.08,0.15,0.03,18.4,191,114,147,267.0,0,0,1,100
17:58:53,7,4,5,9.5,0.08,0.15,0.03,18.4,191,114,147,267.0,0,0,1,100
17:58:53,7,4,5,9.5,0.08,0.15,0.03,18.2,191,114,147,267.0,0,0,1,100
17:58:53,7,4,5,9.5,0.08,0.15,0.03,18.4,191,114,147,267.0,0,0,1,100
17:58:53,7,4,5,9.5,0.08,0.15,0.03,18.2,191,114,147,267.0,0,0,1,100
17:58:53,7,4,5,9.5,0.08,0.15,0.03,18.4,191,114,147,267.0,0,0,1,100
17:58:53,9,5,6,11.9,0.05,0.16,0.07,18.2,256,134,164,332.0,0,0,1,100
17:58:54,9,5,6,11.9,0.05,0.16,0.07,18.3,256,134,164,332.0,0,0,1,100
17:58:54,9,5,6,11.9,0.05,0.16,0.07,18.2,256,134,164,332.0,0,0,0,100
17:58:54,9,5,6,11.9,0.05,0.16,0.07,18.2,256,134,164,332.0,0,0,0,100
17:58:54,9,5,6,11.9,0.05,0.16,0.07,18.2,256,134,164,332.0,0,0,0,100
17:58:54,9,5,6,11.9,0.05,0.16,0.07,18.3,256,134,164,332.0,0,0,0,100
17:58:54,9,5,6,11.9,0.05,0.16,0.07,18.3,256,134,164,332.0,0,0,0,100
17:58:54,9,5,6,11.9,0.05,0.16,0.07,18.5,256,134,164,332.0,0,0,0,100
17:58:54,9,5,6,11.9,0.05,0.16,0.07,18.6,256,134,164,332.0,0,0,0,100
17:58:54,9,5,6,11.9,0.05,0.16,0.07,18.4,256,134,164,332.0,0,0,0,100
17:58:54,4,5,8,10.2,0.05,0.13,0.12,18.2,118,155,240,309.0,0,0,0,100
17:58:55,4,5,8,10.2,0.05,0.13,0.12,18.5,118,155,240,309.0,0,0,0,100
17:58:55,4,5,8,10.2,0.05,0.13,0.12,18.5,118,155,240,309.0,1,0,0,100
17:58:55,4,5,8,10.2,0.05,0.13,0.12,18.5,118,155,240,309.0,1,0,0,100
17:58:55,4,5,8,10.2,0.05,0.13,0.12,18.2,118,155,240,309.0,1,0,0,100
17:58:55,4,5,8,10.2,0.05,0.13,0.12,18.5,118,155,240,309.0,1,0,0,100
17:58:55,4,5,8,10.2,0.05,0.13,0.12,18.4,118,155,240,309.0,1,0,0,100
17:58:55,4,5,8,10.2,0.05,0.13,0.12,18.3,118,155,240,309.0,1,0,0,100
17:58:55,4,5,8,10.2,0.05,0.13,0.12,18.4,118,155,240,309.0,1,0,0,100
17:58:55,4,5,8,10.2,0.05,0.13,0.12,18.2,118,155,240,309.0,1,0,0,100
17:58:55,9,5,7,12.4,0.13,0.2,0.12,18.4,253,148,211,361.0,1,0,0,100
17:58:56,9,5,7,12.4,0.13,0.2,0.12,18.2,253,148,211,361.0,1,0,0,100
17:58:56,9,5,7,12.4,0.13,0.2,0.12,18.2,253,148,211,361.0,0,0,0,100
17:58:56,9,5,7,12.4,0.13,0.2,0.12,18.4,253,148,211,361.0,0,0,0,100
17:58:56,9,5,7,12.4,0.13,0.2,0.12,18.4,253,148,211,361.0,0,0,0,100
17:58:56,9,5,7,12.4,0.13,0.2,0.12,18.2,253,148,211,361.0,0,0,0,100
17:58:56,9,5,7,12.4,0.13,0.2,0.12,18.4,253,148,211,361.0,0,0,0,100
17:58:56,9,5,7,12.4,0.13,0.2,0.12,18.3,253,148,211,361.0,0,0,0,100
17:58:56,9,5,7,12.4,0.13,0.2,0.12,18.3,253,148,211,361.0,0,0,0,100
17:58:56,9,5,7,12.4,0.13,0.2,0.12,18.4,253,148,211,361.0,0,0,0,100
17:58:56,7,4,7,10.7,0.14,0.2,0.08,18.3,217,126,175,306.0,0,0,0,100
17:58:57,7,4,7,10.7,0.14,0.2,0.08,18.4,217,126,175,306.0,0,0,0,100
17:58:57,7,4,7,10.7,0.14,0.2,0.08,18.3,217,126,175,306.0,0,0,1,100
17:58:57,7,4,7,10.7,0.14,0.2,0.08,18.2,217,126,175,306.0,0,0,1,100
17:58:57,7,4,7,10.7,0.14,0.2,0.08,18.3,217,126,175,306.0,0,0,1,100
17:58:57,7,4,7,10.7,0.14,0.2,0.08,18.2,217,126,175,306.0,0,0,1,100
17:58:57,7,4,7,10.7,0.14,0.2,0.08,18.4,217,126,175,306.0,0,0,1,100
17:58:57,7,4,7,10.7,0.14,0.2,0.08,18.4,217,126,175,306.0,0,0,1,100
17:58:57,7,4,7,10.7,0.14,0.2,0.08,18.4,217,126,175,306.0,0,0,1,100
17:58:57,7,4,7,10.7,0.14,0.2,0.08,18.2,217,126,175,306.0,0,0,1,100
17:58:57,6,3,7,9.7,0.1,0.2,0.07,18.3,154,69,199,261.0,0,0,1,100
17:58:58,6,3,7,9.7,0.1,0.2,0.07,18.4,154,69,199,261.0,0,0,1,100
17:58:58,6,3,7,9.7,0.1,0.2,0.07,18.2,154,69,199,261.0,1,2,0,100
17:58:58,6,3,7,9.7,0.1,0.2,0.07,18.4,154,69,199,261.0,1,2,0,100
17:58:58,6,3,7,9.7,0.1,0.2,0.07,18.4,154,69,199,261.0,1,2,0,100
17:58:58,6,3,7,9.7,0.1,0.2,0.07,18.4,154,69,199,261.0,1,2,0,100
17:58:58,6,3,7,9.7,0.1,0.2,0.07,18.2,154,69,199,261.0,1,2,0,100
17:58:58,6,3,7,9.7,0.1,0.2,0.07,18.4,154,69,199,261.0,1,2,0,100
17:58:58,6,3,7,9.7,0.1,0.2,0.07,18.2,154,69,199,261.0,1,2,0,100
17:58:58,6,3,7,9.7,0.1,0.2,0.07,18.2,154,69,199,261.0,1,2,0,100
17:58:58,7,4,6,10.0,0.05,0.3,0.11,18.5,193,37,109,225.0,1,2,0,100
17:58:59,7,4,6,10.0,0.05,0.3,0.11,18.2,193,37,109,225.0,1,2,0,100
17:58:59,7,4,6,10.0,0.05,0.3,0.11,18.3,193,37,109,225.0,0,2,0,100
17:58:59,7,4,6,10.0,0.05,0.3,0.11,18.4,193,37,109,225.0,0,2,0,100
17:58:59,7,4,6,10.0,0.05,0.3,0.11,18.5,193,37,109,225.0,0,2,0,100
17:58:59,7,4,6,10.0,0.05,0.3,0.11,18.2,193,37,109,225.0,0,2,0,100
17:58:59,7,4,6,10.0,0.05,0.3,0.11,18.4,193,37,109,225.0,0,2,0,100
17:58:59,7,4,6,10.0,0.05,0.3,0.11,18.4,193,37,109,225.0,0,2,0,100
17:58:59,7,4,6,10.0,0.05,0.3,0.11,18.4,193,37,109,225.0,0,2,0,100
17:58:59,7,4,6,10.0,0.05,0.3,0.11,18.4,193,37,109,225.0,0,2,0,100
17:59:00,3,2,6,7.0,0.03,0.09,0.04,18.2,85,78,180,214.0,0,2,0,100
17:59:00,3,2,6,7.0,0.03,0.09,0.04,18.3,85,78,180,214.0,0,2,0,100
17:59:00,3,2,6,7.0,0.03,0.09,0.04,18.4,85,78,180,214.0,1,0,0,100
17:59:00,3,2,6,7.0,0.03,0.09,0.04,18.4,85,78,180,214.0,1,0,0,100
17:59:00,3,2,6,7.0,0.03,0.09,0.04,18.2,85,78,180,214.0,1,0,0,100
17:59:00,3,2,6,7.0,0.03,0.09,0.04,18.3,85,78,180,214.0,1,0,0,100
17:59:00,3,2,6,7.0,0.03,0.09,0.04,18.2,85,78,180,214.0,1,0,0,100
17:59:00,3,2,6,7.0,0.03,0.09,0.04,18.3,85,78,180,214.0,1,0,0,100
17:59:00,3,2,6,7.0,0.03,0.09,0.04,18.4,85,78,180,214.0,1,0,0,100
17:59:00,3,2,6,7.0,0.03,0.09,0.04,18.4,85,78,180,214.0,1,0,0,100
17:59:00,10,6,6,13.1,0.09,0.15,0.04,18.2,220,126,164,302.0,1,0,0,100
17:59:01,10,6,6,13.1,0.09,0.15,0.04,18.2,220,126,164,302.0,1,0,0,100
17:59:01,10,6,6,13.1,0.09,0.15,0.04,18.4,220,126,164,302.0,0,0,3,100
17:59:01,10,6,6,13.1,0.09,0.15,0.04,18.6,220,126,164,302.0,0,0,3,100
17:59:01,10,6,6,13.1,0.09,0.15,0.04,18.5,220,126,164,302.0,0,0,3,100
17:59:01,10,6,6,13.1,0.09,0.15,0.04,18.4,220,126,164,302.0,0,0,3,100
17:59:01,10,6,6,13.1,0.09,0.15,0.04,18.5,220,126,164,302.0,0,0,3,100
17:59:01,10,6,6,13.1,0.09,0.15,0.04,18.4,220,126,164,302.0,0,0,3,100
17:59:01,10,6,6,13.1,0.09,0.15,0.04,18.3,220,126,164,302.0,0,0,3,100
17:59:01,10,6,6,13.1,0.09,0.15,0.04,18.3,220,126,164,302.0,0,0,3,100
17:59:02,7,5,9,12.4,0.08,0.24,0.08,18.4,216,146,249,361.0,0,0,3,100
17:59:02,7,5,9,12.4,0.08,0.24,0.08,18.2,216,146,249,361.0,0,0,3,100
17:59:02,7,5,9,12.4,0.08,0.24,0.08,18.2,216,146,249,361.0,0,0,0,100
17:59:02,7,5,9,12.4,0.08,0.24,0.08,18.2,216,146,249,361.0,0,0,0,100
17:59:02,7,5,9,12.4,0.08,0.24,0.08,18.2,216,146,249,361.0,0,0,0,100
17:59:02,7,5,9,12.4,0.08,0.24,0.08,18.4,216,146,249,361.0,0,0,0,100
17:59:02,7,5,9,12.4,0.08,0.24,0.08,18.3,216,146,249,361.0,0,0,0,100
17:59:02,7,5,9,12.4,0.08,0.24,0.08,18.3,216,146,249,361.0,0,0,0,100
17:59:02,7,5,9,12.4,0.08,0.24,0.08,18.5,216,146,249,361.0,0,0,0,100
17:59:02,7,5,9,12.4,0.08,0.24,0.08,18.4,216,146,249,361.0,0,0,0,100
17:59:03,5,6,9,11.9,0.05,0.19,0.1,18.3,139,156,251,327.0,0,0,0,100
17:59:03,5,6,9,11.9,0.05,0.19,0.1,18.4,139,156,251,327.0,0,0,0,100
17:59:03,5,6,9,11.9,0.05,0.19,0.1,18.4,139,156,251,327.0,2,0,0,100
17:59:03,5,6,9,11.9,0.05,0.19,0.1,18.4,139,156,251,327.0,2,0,0,100
17:59:03,5,6,9,11.9,0.05,0.19,0.1,18.2,139,156,251,327.0,2,0,0,100
17:59:03,5,6,9,11.9,0.05,0.19,0.1,18.4,139,156,251,327.0,2,0,0,100
17:59:03,5,6,9,11.9,0.05,0.19,0.1,18.5,139,156,251,327.0,2,0,0,100
17:59:03,5,6,9,11.9,0.05,0.19,0.1,18.4,139,156,251,327.0,2,0,0,100
17:59:03,5,6,9,11.9,0.05,0.19,0.1,18.3,139,156,251,327.0,2,0,0,100
17:59:03,5,6,9,11.9,0.05,0.19,0.1,18.4,139,156,251,327.0,2,0,0,100
17:59:04,7,5,6,10.5,0.07,0.17,0.08,18.4,221,138,178,316.0,2,0,0,100
17:59:04,7,5,6,10.5,0.07,0.17,0.08,18.3,221,138,178,316.0,2,0,0,100
17:59:04,7,5,6,10.5,0.07,0.17,0.08,18.4,221,138,178,316.0,0,0,1,100
17:59:04,7,5,6,10.5,0.07,0.17,0.08,18.3,221,138,178,316.0,0,0,1,100
17:59:04,7,5,6,10.5,0.07,0.17,0.08,18.4,221,138,178,316.0,0,0,1,100
17:59:04,7,5,6,10.5,0.07,0.17,0.08,18.2,221,138,178,316.0,0,0,1,100
17:59:04,7,5,6,10.5,0.07,0.17,0.08,18.4,221,138,178,316.0,0,0,1,100
17:59:04,7,5,6,10.5,0.07,0.17,0.08,18.4,221,138,178,316.0,0,0,1,100
17:59:04,7,5,6,10.5,0.07,0.17,0.08,18.4,221,138,178,316.0,0,0,1,100
17:59:04,7,5,6,10.5,0.07,0.17,0.08,18.5,221,138,178,316.0,0,0,1,100
17:59:05,7,4,7,10.7,0.08,0.13,0.05,18.2,211,105,155,282.0,0,0,1,100
17:59:05,7,4,7,10.7,0.08,0.13,0.05,18.2,211,105,155,282.0,0,0,1,100
17:59:05,7,4,7,10.7,0.08,0.13,0.05,18.6,211,105,155,282.0,0,0,0,100
17:59:05,7,4,7,10.7,0.08,0.13,0.05,18.1,211,105,155,282.0,0,0,0,100
17:59:05,7,4,7,10.7,0.08,0.13,0.05,18.2,211,105,155,282.0,0,0,0,100
17:59:05,7,4,7,10.7,0.08,0.13,0.05,18.3,211,105,155,282.0,0,0,0,100
17:59:05,7,4,7,10.7,0.08,0.13,0.05,18.3,211,105,155,282.0,0,0,0,100
17:59:05,7,4,7,10.7,0.08,0.13,0.05,18.5,211,105,155,282.0,0,0,0,100
17:59:05,7,4,7,10.7,0.08,0.13,0.05,18.4,211,105,155,282.0,0,0,0,100
17:59:05,7,4,7,10.7,0.08,0.13,0.05,18.2,211,105,155,282.0,0,0,0,100
17:59:06,4,2,5,6.7,0.1,0.15,0.05,18.4,118,49,156,202.0,0,0,0,100
17:59:06,4,2,5,6.7,0.1,0.15,0.05,18.2,118,49,156,202.0,0,0,0,100
17:59:06,4,2,5,6.7,0.1,0.15,0.05,18.4,118,49,156,202.0,1,1,1,100
17:59:06,4,2,5,6.7,0.1,0.15,0.05,18.4,118,49,156,202.0,1,1,1,100
17:59:06,4,2,5,6.7,0.1,0.15,0.05,18.4,118,49,156,202.0,1,1,1,100
17:59:06,4,2,5,6.7,0.1,0.15,0.05,18.3,118,49,156,202.0,1,1,1,100
17:59:06,4,2,5,6.7,0.1,0.15,0.05,18.5,118,49,156,202.0,1,1,1,100
17:59:06,4,2,5,6.7,0.1,0.15,0.05,18.6,118,49,156,202.0,1,1,1,100
17:59:06,4,2,5,6.7,0.1,0.15,0.05,18.7,118,49,156,202.0,1,1,1,100
17:59:06,4,2,5,6.7,0.1,0.15,0.05,18.4,118,49,156,202.0,1,1,1,100
17:59:07,5,2,5,7.3,0.03,0.15,0.07,18.4,141,71,150,218.0,1,1,1,100
17:59:07,5,2,5,7.3,0.03,0.15,0.07,18.4,141,71,150,218.0,1,1,1,100
17:59:07,5,2,5,7.3,0.03,0.15,0.07,18.4,141,71,150,218.0,0,0,0,100
17:59:07,5,2,5,7.3,0.03,0.15,0.07,18.4,141,71,150,218.0,0,0,0,100
17:59:07,5,2,5,7.3,0.03,0.15,0.07,18.3,141,71,150,218.0,0,0,0,100
17:59:07,5,2,5,7.3,0.03,0.15,0.07,18.2,141,71,150,218.0,0,0,0,100
17:59:07,5,2,5,7.3,0.03,0.15,0.07,18.3,141,71,150,218.0,0,0,0,100
17:59:07,5,2,5,7.3,0.03,0.15,0.07,18.4,141,71,150,218.0,0,0,0,100
17:59:07,5,2,5,7.3,0.03,0.15,0.07,18.5,141,71,150,218.0,0,0,0,100
17:59:07,5,2,5,7.3,0.03,0.15,0.07,18.2,141,71,150,218.0,0,0,0,100
17:59:08,5,4,6,8.8,0.03,0.1,0.03,18.2,138,113,190,261.0,0,0,0,100
17:59:08,5,4,6,8.8,0.03,0.1,0.03,18.4,138,113,190,261.0,0,0,0,100
17:59:08,5,4,6,8.8,0.03,0.1,0.03,18.2,138,113,190,261.0,1,0,0,100
17:59:08,5,4,6,8.8,0.03,0.1,0.03,18.4,138,113,190,261.0,1,0,0,100
17:59:08,5,4,6,8.8,0.03,0.1,0.03,18.2,138,113,190,261.0,1,0,0,100
17:59:08,5,4,6,8.8,0.03,0.1,0.03,18.4,138,113,190,261.0,1,0,0,100
17:59:08,5,4,6,8.8,0.03,0.1,0.03,18.3,138,113,190,261.0,1,0,0,100
17:59:08,5,4,6,8.8,0.03,0.1,0.03,18.4,138,113,190,261.0,1,0,0,100
17:59:08,5,4,6,8.8,0.03,0.1,0.03,18.2,138,113,190,261.0,1,0,0,100
17:59:08,5,4,6,8.8,0.03,0.1,0.03,18.2,138,113,190,261.0,1,0,0,100
17:59:09,9,5,5,11.4,0.1,0.12,0.03,18.2,257,155,166,343.0,1,0,0,100
17:59:09,9,5,5,11.4,0.1,0.12,0.03,18.4,257,155,166,343.0,1,0,0,100
17:59:09,9,5,5,11.4,0.1,0.12,0.03,18.4,257,155,166,343.0,0,0,0,100
17:59:09,9,5,5,11.4,0.1,0.12,0.03,18.4,257,155,166,343.0,0,0,0,100
17:59:09,9,5,5,11.4,0.1,0.12,0.03,18.2,257,155,166,343.0,0,0,0,100
17:59:09,9,5,5,11.4,0.1,0.12,0.03,18.4,257,155,166,343.0,0,0,0,100
17:59:09,9,5,5,11.4,0.1,0.12,0.03,18.5,257,155,166,343.0,0,0,0,100
17:59:09,9,5,5,11.4,0.1,0.12,0.03,18.3,257,155,166,343.0,0,0,0,100
17:59:09,9,5,5,11.4,0.1,0.12,0.03,18.3,257,155,166,343.0,0,0,0,100
17:59:09,9,5,5,11.4,0.1,0.12,0.03,18.3,257,155,166,343.0,0,0,0,100
17:59:10,10,5,8,13.7,0.05,0.12,0.04,18.3,242,151,217,358.0,0,0,0,100
17:59:10,10,5,8,13.7,0.05,0.12,0.04,18.5,242,151,217,358.0,0,0,0,100
17:59:10,10,5,8,13.7,0.05,0.12,0.04,18.5,242,151,217,358.0,0,0,0,100
17:59:10,10,5,8,13.7,0.05,0.12,0.04,18.4,242,151,217,358.0,0,0,0,100
17:59:10,10,5,8,13.7,0.05,0.12,0.04,18.4,242,151,217,358.0,0,0,0,100
17:59:10,10,5,8,13.7,0.05,0.12,0.04,18.4,242,151,217,358.0,0,0,0,100
17:59:10,10,5,8,13.7,0.05,0.12,0.04,18.5,242,151,217,358.0,0,0,0,100
17:59:10,10,5,8,13.7,0.05,0.12,0.04,18.4,242,151,217,358.0,0,0,0,100
17:59:10,10,5,8,13.7,0.05,0.12,0.04,18.2,242,151,217,358.0,0,0,0,100
17:59:10,10,5,8,13.7,0.05,0.12,0.04,18.5,242,151,217,358.0,0,0,0,100
17:59:11,4,4,7,9.0,0.03,0.12,0.09,18.3,111,138,227,288.0,0,0,0,100
17:59:11,4,4,7,9.0,0.03,0.12,0.09,18.2,111,138,227,288.0,0,0,0,100
17:59:11,4,4,7,9.0,0.03,0.12,0.09,18.4,111,138,227,288.0,0,0,0,100
17:59:11,4,4,7,9.0,0.03,0.12,0.09,18.3,111,138,227,288.0,0,0,0,100
17:59:11,4,4,7,9.0,0.03,0.12,0.09,18.4,111,138,227,288.0,0,0,0,100
17:59:11,4,4,7,9.0,0.03,0.12,0.09,18.5,111,138,227,288.0,0,0,0,100
17:59:11,4,4,7,9.0,0.03,0.12,0.09,18.3,111,138,227,288.0,0,0,0,100
17:59:11,4,4,7,9.0,0.03,0.12,0.09,18.4,111,138,227,288.0,0,0,0,100
17:59:11,4,4,7,9.0,0.03,0.12,0.09,18.4,111,138,227,288.0,0,0,0,100
17:59:11,4,4,7,9.0,0.03,0.12,0.09,18.4,111,138,227,288.0,0,0,0,100
17:59:12,8,3,5,9.9,0.1,0.16,0.09,18.5,218,103,139,278.0,0,0,0,100
17:59:12,8,3,5,9.9,0.1,0.16,0.09,18.5,218,103,139,278.0,0,0,0,100
17:59:12,8,3,5,9.9,0.1,0.16,0.09,18.2,218,103,139,278.0,0,0,4,100
17:59:12,8,3,5,9.9,0.1,0.16,0.09,18.3,218,103,139,278.0,0,0,4,100
17:59:12,8,3,5,9.9,0.1,0.16,0.09,18.2,218,103,139,278.0,0,0,4,100
17:59:12,8,3,5,9.9,0.1,0.16,0.09,18.4,218,103,139,278.0,0,0,4,100
17:59:12,8,3,5,9.9,0.1,0.16,0.09,18.5,218,103,139,278.0,0,0,4,100
17:59:12,8,3,5,9.9,0.1,0.16,0.09,18.4,218,103,139,278.0,0,0,4,100
17:59:12,8,3,5,9.9,0.1,0.16,0.09,18.4,218,103,139,278.0,0,0,4,100
17:59:12,8,3,5,9.9,0.1,0.16,0.09,18.5,218,103,139,278.0,0,0,4,100
17:59:13,7,4,7,10.7,0.09,0.16,0.05,18.3,181,61,189,269.0,0,0,4,100
17:59:13,7,4,7,10.7,0.09,0.16,0.05,18.3,181,61,189,269.0,0,0,4,100
17:59:13,7,4,7,10.7,0.09,0.16,0.05,18.4,181,61,189,269.0,2,3,0,100
17:59:13,7,4,7,10.7,0.09,0.16,0.05,18.2,181,61,189,269.0,2,3,0,100
17:59:13,7,4,7,10.7,0.09,0.16,0.05,18.4,181,61,189,269.0,2,3,0,100
17:59:13,7,4,7,10.7,0.09,0.16,0.05,18.6,181,61,189,269.0,2,3,0,100
17:59:13,7,4,7,10.7,0.09,0.16,0.05,18.4,181,61,189,269.0,2,3,0,100
17:59:13,7,4,7,10.7,0.09,0.16,0.05,18.2,181,61,189,269.0,2,3,0,100
17:59:13,7,4,7,10.7,0.09,0.16,0.05,18.4,181,61,189,269.0,2,3,0,100
17:59:13,7,4,7,10.7,0.09,0.16,0.05,18.2,181,61,189,269.0,2,3,0,100
17:59:14,5,3,4,7.1,0.04,0.1,0.04,18.4,164,60,127,216.0,2,3,0,100
17:59:14,5,3,4,7.1,0.04,0.1,0.04,18.2,164,60,127,216.0,2,3,0,100
17:59:14,5,3,4,7.1,0.04,0.1,0.04,18.2,164,60,127,216.0,0,0,2,100
17:59:14,5,3,4,7.1,0.04,0.1,0.04,18.4,164,60,127,216.0,0,0,2,100
17:59:14,5,3,4,7.1,0.04,0.1,0.04,18.4,164,60,127,216.0,0,0,2,100
17:59:14,5,3,4,7.1,0.04,0.1,0.04,18.4,164,60,127,216.0,0,0,2,100
17:59:14,5,3,4,7.1,0.04,0.1,0.04,18.2,164,60,127,216.0,0,0,2,100
17:59:14,5,3,4,7.1,0.04,0.1,0.04,18.5,164,60,127,216.0,0,0,2,100
17:59:14,5,3,4,7.1,0.04,0.1,0.04,18.2,164,60,127,216.0,0,0,2,100
17:59:14,5,3,4,7.1,0.04,0.1,0.04,18.5,164,60,127,216.0,0,0,2,100
17:59:15,8,3,7,11.0,0.03,0.18,0.05,18.3,173,103,204,287.0,0,0,2,100
17:59:15,8,3,7,11.0,0.03,0.18,0.05,18.5,173,103,204,287.0,0,0,2,100
17:59:15,8,3,7,11.0,0.03,0.18,0.05,18.4,173,103,204,287.0,0,0,0,100
17:59:15,8,3,7,11.0,0.03,0.18,0.05,18.4,173,103,204,287.0,0,0,0,100
17:59:15,8,3,7,11.0,0.03,0.18,0.05,18.7,173,103,204,287.0,0,0,0,100
17:59:15,8,3,7,11.0,0.03,0.18,0.05,18.4,173,103,204,287.0,0,0,0,100
17:59:15,8,3,7,11.0,0.03,0.18,0.05,18.4,173,103,204,287.0,0,0,0,100
17:59:15,8,3,7,11.0,0.03,0.18,0.05,18.2,173,103,204,287.0,0,0,0,100
17:59:15,8,3,7,11.0,0.03,0.18,0.05,18.2,173,103,204,287.0,0,0,0,100
17:59:15,8,3,7,11.0,0.03,0.18,0.05,18.4,173,103,204,287.0,0,0,0,100
17:59:16,5,5,8,10.7,0.06,0.19,0.07,18.2,162,127,224,304.0,0,0,0,100
17:59:16,5,5,8,10.7,0.06,0.19,0.07,18.5,162,127,224,304.0,0,0,0,100
17:59:16,5,5,8,10.7,0.06,0.19,0.07,18.2,162,127,224,304.0,0,0,0,100
17:59:16,5,5,8,10.7,0.06,0.19,0.07,18.5,162,127,224,304.0,0,0,0,100
17:59:16,5,5,8,10.7,0.06,0.19,0.07,18.4,162,127,224,304.0,0,0,0,100
17:59:16,5,5,8,10.7,0.06,0.19,0.07,18.4,162,127,224,304.0,0,0,0,100
17:59:16,5,5,8,10.7,0.06,0.19,0.07,18.3,162,127,224,304.0,0,0,0,100
17:59:16,5,5,8,10.7,0.06,0.19,0.07,18.4,162,127,224,304.0,0,0,0,100
17:59:16,5,5,8,10.7,0.06,0.19,0.07,18.3,162,127,224,304.0,0,0,0,100
17:59:16,5,5,8,10.7,0.06,0.19,0.07,18.2,162,127,224,304.0,0,0,0,100
17:59:17,9,5,4,11.0,0.09,0.42,0.04,18.4,231,146,141,308.0,0,0,0,100
17:59:17,9,5,4,11.0,0.09,0.42,0.04,18.4,231,146,141,308.0,0,0,0,100
17:59:17,9,5,4,11.0,0.09,0.42,0.04,18.4,231,146,141,308.0,0,0,1,100
17:59:17,9,5,4,11.0,0.09,0.42,0.04,18.4,231,146,141,308.0,0,0,1,100
17:59:17,9,5,4,11.0,0.09,0.42,0.04,18.4,231,146,141,308.0,0,0,1,100
17:59:17,9,5,4,11.0,0.09,0.42,0.04,18.2,231,146,141,308.0,0,0,1,100
17:59:17,9,5,4,11.0,0.09,0.42,0.04,18.4,231,146,141,308.0,0,0,1,100
17:59:17,9,5,4,11.0,0.09,0.42,0.04,18.3,231,146,141,308.0,0,0,1,100
17:59:17,9,5,4,11.0,0.09,0.42,0.04,18.2,231,146,141,308.0,0,0,1,100
17:59:18,9,5,4,11.0,0.09,0.42,0.04,18.4,231,146,141,308.0,0,0,1,100
17:59:18,10,6,7,13.6,0.04,0.18,0.03,18.2,215,135,201,324.0,0,0,1,100
17:59:18,10,6,7,13.6,0.04,0.18,0.03,18.4,215,135,201,324.0,0,0,1,100
17:59:18,10,6,7,13.6,0.04,0.18,0.03,18.2,215,135,201,324.0,0,0,0,100
17:59:18,10,6,7,13.6,0.04,0.18,0.03,18.4,215,135,201,324.0,0,0,0,100
17:59:18,10,6,7,13.6,0.04,0.18,0.03,18.4,215,135,201,324.0,0,0,0,100
17:59:18,10,6,7,13.6,0.04,0.18,0.03,18.4,215,135,201,324.0,0,0,0,100
17:59:18,10,6,7,13.6,0.04,0.18,0.03,18.2,215,135,201,324.0,0,0,0,100
17:59:18,10,6,7,13.6,0.04,0.18,0.03,18.3,215,135,201,324.0,0,0,0,100
17:59:18,10,6,7,13.6,0.04,0.18,0.03,18.3,215,135,201,324.0,0,0,0,100
17:59:18,10,6,7,13.6,0.04,0.18,0.03,18.4,215,135,201,324.0,0,0,0,100
17:59:19,4,4,7,9.0,0.04,0.13,0.08,18.3,109,118,219,272.0,0,0,0,100
17:59:19,4,4,7,9.0,0.04,0.13,0.08,18.4,109,118,219,272.0,0,0,0,100
17:59:19,4,4,7,9.0,0.04,0.13,0.08,18.2,109,118,219,272.0,1,0,0,100
17:59:19,4,4,7,9.0,0.04,0.13,0.08,18.2,109,118,219,272.0,1,0,0,100
17:59:19,4,4,7,9.0,0.04,0.13,0.08,18.2,109,118,219,272.0,1,0,0,100
17:59:19,4,4,7,9.0,0.04,0.13,0.08,18.4,109,118,219,272.0,1,0,0,100
17:59:19,4,4,7,9.0,0.04,0.13,0.08,18.4,109,118,219,272.0,1,0,0,100
17:59:19,4,4,7,9.0,0.04,0.13,0.08,18.4,109,118,219,272.0,1,0,0,100
17:59:19,4,4,7,9.0,0.04,0.13,0.08,18.2,109,118,219,272.0,1,0,0,100
17:59:20,4,4,7,9.0,0.04,0.13,0.08,18.2,109,118,219,272.0,1,0,0,100
17:59:20,7,5,3,9.1,0.04,0.13,0.07,18.3,175,75,95,213.0,1,0,0,100
17:59:20,7,5,3,9.1,0.04,0.13,0.07,18.4,175,75,95,213.0,1,0,0,100
17:59:20,7,5,3,9.1,0.04,0.13,0.07,18.4,175,75,95,213.0,0,0,2,100
17:59:20,7,5,3,9.1,0.04,0.13,0.07,18.3,175,75,95,213.0,0,0,2,100
17:59:20,7,5,3,9.1,0.04,0.13,0.07,18.4,175,75,95,213.0,0,0,2,100
17:59:20,7,5,3,9.1,0.04,0.13,0.07,18.4,175,75,95,213.0,0,0,2,100
17:59:20,7,5,3,9.1,0.04,0.13,0.07,18.4,175,75,95,213.0,0,0,2,100
17:59:20,7,5,3,9.1,0.04,0.13,0.07,18.4,175,75,95,213.0,0,0,2,100
17:59:20,7,5,3,9.1,0.04,0.13,0.07,18.4,175,75,95,213.0,0,0,2,100
17:59:21,7,5,3,9.1,0.04,0.13,0.07,18.4,175,75,95,213.0,0,0,2,100
17:59:21,4,1,5,6.5,0.07,0.13,0.04,18.3,103,35,145,181.0,0,0,2,100
17:59:21,4,1,5,6.5,0.07,0.13,0.04,18.4,103,35,145,181.0,0,0,2,100
17:59:21,4,1,5,6.5,0.07,0.13,0.04,18.1,103,35,145,181.0,1,0,0,100
17:59:21,4,1,5,6.5,0.07,0.13,0.04,18.4,103,35,145,181.0,1,0,0,100
17:59:21,4,1,5,6.5,0.07,0.13,0.04,18.1,103,35,145,181.0,1,0,0,100
17:59:21,4,1,5,6.5,0.07,0.13,0.04,18.4,103,35,145,181.0,1,0,0,100
17:59:21,4,1,5,6.5,0.07,0.13,0.04,18.6,103,35,145,181.0,1,0,0,100
17:59:21,4,1,5,6.5,0.07,0.13,0.04,18.4,103,35,145,181.0,1,0,0,100
17:59:21,4,1,5,6.5,0.07,0.13,0.04,18.2,103,35,145,181.0,1,0,0,100
17:59:22,4,1,5,6.5,0.07,0.13,0.04,18.4,103,35,145,181.0,1,0,0,100
17:59:22,8,3,5,9.9,0.07,0.14,0.06,18.5,175,87,108,223.0,1,0,0,100
17:59:22,8,3,5,9.9,0.07,0.14,0.06,18.3,175,87,108,223.0,1,0,0,100
17:59:22,8,3,5,9.9,0.07,0.14,0.06,18.4,175,87,108,223.0,0,0,2,100
17:59:22,8,3,5,9.9,0.07,0.14,0.06,18.3,175,87,108,223.0,0,0,2,100
17:59:22,8,3,5,9.9,0.07,0.14,0.06,18.3,175,87,108,223.0,0,0,2,100
17:59:22,8,3,5,9.9,0.07,0.14,0.06,18.5,175,87,108,223.0,0,0,2,100
17:59:22,8,3,5,9.9,0.07,0.14,0.06,18.2,175,87,108,223.0,0,0,2,100
17:59:22,8,3,5,9.9,0.07,0.14,0.06,18.3,175,87,108,223.0,0,0,2,100
17:59:22,8,3,5,9.9,0.07,0.14,0.06,18.2,175,87,108,223.0,0,0,2,100
17:59:23,8,3,5,9.9,0.07,0.14,0.06,18.2,175,87,108,223.0,0,0,2,100
17:59:23,7,4,9,12.1,0.03,0.14,0.07,18.2,163,118,243,316.0,0,0,2,100
17:59:23,7,4,9,12.1,0.03,0.14,0.07,18.2,163,118,243,316.0,0,0,2,100
17:59:23,7,4,9,12.1,0.03,0.14,0.07,18.4,163,118,243,316.0,1,0,0,100
17:59:23,7,4,9,12.1,0.03,0.14,0.07,18.4,163,118,243,316.0,1,0,0,100
17:59:23,7,4,9,12.1,0.03,0.14,0.07,18.3,163,118,243,316.0,1,0,0,100
17:59:23,7,4,9,12.1,0.03,0.14,0.07,18.3,163,118,243,316.0,1,0,0,100
17:59:23,7,4,9,12.1,0.03,0.14,0.07,18.2,163,118,243,316.0,1,0,0,100
17:59:23,7,4,9,12.1,0.03,0.14,0.07,18.4,163,118,243,316.0,1,0,0,100
17:59:23,7,4,9,12.1,0.03,0.14,0.07,18.5,163,118,243,316.0,1,0,0,100
17:59:24,7,4,9,12.1,0.03,0.14,0.07,18.3,163,118,243,316.0,1,0,0,100
17:59:24,7,7,9,13.4,0.06,0.15,0.11,18.4,202,155,259,363.0,1,0,0,100
17:59:24,7,7,9,13.4,0.06,0.15,0.11,18.4,202,155,259,363.0,1,0,0,100
17:59:24,7,7,9,13.4,0.06,0.15,0.11,18.4,202,155,259,363.0,0,0,0,100
17:59:24,7,7,9,13.4,0.06,0.15,0.11,18.2,202,155,259,363.0,0,0,0,100
17:59:24,7,7,9,13.4,0.06,0.15,0.11,18.2,202,155,259,363.0,0,0,0,100
17:59:24,7,7,9,13.4,0.06,0.15,0.11,18.4,202,155,259,363.0,0,0,0,100
17:59:24,7,7,9,13.4,0.06,0.15,0.11,18.5,202,155,259,363.0,0,0,0,100
17:59:24,7,7,9,13.4,0.06,0.15,0.11,18.4,202,155,259,363.0,0,0,0,100
17:59:24,7,7,9,13.4,0.06,0.15,0.11,18.5,202,155,259,363.0,0,0,0,100
17:59:25,7,7,9,13.4,0.06,0.15,0.11,18.4,202,155,259,363.0,0,0,0,100
17:59:25,8,4,4,9.8,0.06,0.1,0.02,18.4,253,141,129,317.0,0,0,0,100
17:59:25,8,4,4,9.8,0.06,0.1,0.02,18.2,253,141,129,317.0,0,0,0,100
17:59:25,8,4,4,9.8,0.06,0.1,0.02,18.4,253,141,129,317.0,0,0,0,100
17:59:25,8,4,4,9.8,0.06,0.1,0.02,18.2,253,141,129,317.0,0,0,0,100
17:59:25,8,4,4,9.8,0.06,0.1,0.02,18.4,253,141,129,317.0,0,0,0,100
17:59:25,8,4,4,9.8,0.06,0.1,0.02,18.4,253,141,129,317.0,0,0,0,100
17:59:25,8,4,4,9.8,0.06,0.1,0.02,18.4,253,141,129,317.0,0,0,0,100
17:59:25,8,4,4,9.8,0.06,0.1,0.02,18.2,253,141,129,317.0,0,0,0,100
17:59:25,8,4,4,9.8,0.06,0.1,0.02,18.3,253,141,129,317.0,0,0,0,100
17:59:26,8,4,4,9.8,0.06,0.1,0.02,18.4,253,141,129,317.0,0,0,0,100
17:59:26,8,5,7,11.7,0.07,0.21,0.05,18.2,194,133,199,308.0,0,0,0,100
17:59:26,8,5,7,11.7,0.07,0.21,0.05,18.4,194,133,199,308.0,0,0,0,100
17:59:26,8,5,7,11.7,0.07,0.21,0.05,18.2,194,133,199,308.0,0,0,0,100
17:59:26,8,5,7,11.7,0.07,0.21,0.05,18.4,194,133,199,308.0,0,0,0,100
17:59:26,8,5,7,11.7,0.07,0.21,0.05,18.3,194,133,199,308.0,0,0,0,100
17:59:26,8,5,7,11.7,0.07,0.21,0.05,18.2,194,133,199,308.0,0,0,0,100
17:59:26,8,5,7,11.7,0.07,0.21,0.05,18.3,194,133,199,308.0,0,0,0,100
17:59:26,8,5,7,11.7,0.07,0.21,0.05,18.3,194,133,199,308.0,0,0,0,100
17:59:26,8,5,7,11.7,0.07,0.21,0.05,18.3,194,133,199,308.0,0,0,0,100
17:59:27,8,5,7,11.7,0.07,0.21,0.05,18.4,194,133,199,308.0,0,0,0,100
17:59:27,7,3,6,9.7,0.03,0.14,0.08,18.5,176,89,184,270.0,0,0,0,100
17:59:27,7,3,6,9.7,0.03,0.14,0.08,18.3,176,89,184,270.0,0,0,0,100
17:59:27,7,3,6,9.7,0.03,0.14,0.08,18.3,176,89,184,270.0,0,0,2,100
17:59:27,7,3,6,9.7,0.03,0.14,0.08,18.4,176,89,184,270.0,0,0,2,100
17:59:27,7,3,6,9.7,0.03,0.14,0.08,18.2,176,89,184,270.0,0,0,2,100
17:59:27,7,3,6,9.7,0.03,0.14,0.08,18.3,176,89,184,270.0,0,0,2,100
17:59:27,7,3,6,9.7,0.03,0.14,0.08,18.3,176,89,184,270.0,0,0,2,100
17:59:27,7,3,6,9.7,0.03,0.14,0.08,18.3,176,89,184,270.0,0,0,2,100
17:59:27,7,3,6,9.7,0.03,0.14,0.08,18.4,176,89,184,270.0,0,0,2,100
17:59:28,7,3,6,9.7,0.03,0.14,0.08,18.3,176,89,184,270.0,0,0,2,100
17:59:28,6,1,5,7.9,0.08,0.18,0.1,18.4,166,35,143,222.0,0,0,2,100
17:59:28,6,1,5,7.9,0.08,0.18,0.1,18.2,166,35,143,222.0,0,0,2,100
17:59:28,6,1,5,7.9,0.08,0.18,0.1,18.4,166,35,143,222.0,0,5,0,100
17:59:28,6,1,5,7.9,0.08,0.18,0.1,18.4,166,35,143,222.0,0,5,0,100
17:59:28,6,1,5,7.9,0.08,0.18,0.1,18.1,166,35,143,222.0,0,5,0,100
17:59:28,6,1,5,7.9,0.08,0.18,0.1,18.3,166,35,143,222.0,0,5,0,100
17:59:28,6,1,5,7.9,0.08,0.18,0.1,18.3,166,35,143,222.0,0,5,0,100
17:59:28,6,1,5,7.9,0.08,0.18,0.1,18.4,166,35,143,222.0,0,5,0,100
17:59:28,6,1,5,7.9,0.08,0.18,0.1,18.2,166,35,143,222.0,0,5,0,100
17:59:29,6,1,5,7.9,0.08,0.18,0.1,18.4,166,35,143,222.0,0,5,0,100
17:59:29,5,2,6,8.1,0.05,0.16,0.05,18.4,152,71,154,228.0,0,5,0,100
17:59:29,5,2,6,8.1,0.05,0.16,0.05,18.4,152,71,154,228.0,0,5,0,100
17:59:29,5,2,6,8.1,0.05,0.16,0.05,18.4,152,71,154,228.0,2,0,0,100
17:59:29,5,2,6,8.1,0.05,0.16,0.05,18.2,152,71,154,228.0,2,0,0,100
17:59:29,5,2,6,8.1,0.05,0.16,0.05,18.3,152,71,154,228.0,2,0,0,100
17:59:29,5,2,6,8.1,0.05,0.16,0.05,18.4,152,71,154,228.0,2,0,0,100
17:59:29,5,2,6,8.1,0.05,0.16,0.05,18.4,152,71,154,228.0,2,0,0,100
17:59:29,5,2,6,8.1,0.05,0.16,0.05,18.4,152,71,154,228.0,2,0,0,100
17:59:30,5,2,6,8.1,0.05,0.16,0.05,18.3,152,71,154,228.0,2,0,0,100
17:59:30,5,2,6,8.1,0.05,0.16,0.05,18.2,152,71,154,228.0,2,0,0,100
17:59:30,10,6,6,13.1,0.06,0.25,0.05,18.4,231,136,135,300.0,2,0,0,100
17:59:30,10,6,6,13.1,0.06,0.25,0.05,18.5,231,136,135,300.0,2,0,0,100
17:59:30,10,6,6,13.1,0.06,0.25,0.05,18.4,231,136,135,300.0,0,0,0,100
17:59:30,10,6,6,13.1,0.06,0.25,0.05,18.2,231,136,135,300.0,0,0,0,100
17:59:30,10,6,6,13.1,0.06,0.25,0.05,18.4,231,136,135,300.0,0,0,0,100
17:59:30,10,6,6,13.1,0.06,0.25,0.05,18.2,231,136,135,300.0,0,0,0,100
17:59:30,10,6,6,13.1,0.06,0.25,0.05,18.4,231,136,135,300.0,0,0,0,100
17:59:30,10,6,6,13.1,0.06,0.25,0.05,18.1,231,136,135,300.0,0,0,0,100
17:59:30,10,6,6,13.1,0.06,0.25,0.05,18.5,231,136,135,300.0,0,0,0,100
17:59:31,10,6,6,13.1,0.06,0.25,0.05,18.3,231,136,135,300.0,0,0,0,100
17:59:31,6,6,9,12.4,0.04,0.2,0.09,18.5,214,139,248,356.0,0,0,0,100
17:59:31,6,6,9,12.4,0.04,0.2,0.09,18.4,214,139,248,356.0,0,0,0,100
17:59:31,6,6,9,12.4,0.04,0.2,0.09,18.2,214,139,248,356.0,0,0,0,100
17:59:31,6,6,9,12.4,0.04,0.2,0.09,18.4,214,139,248,356.0,0,0,0,100
17:59:31,6,6,9,12.4,0.04,0.2,0.09,18.4,214,139,248,356.0,0,0,0,100
17:59:31,6,6,9,12.4,0.04,0.2,0.09,18.4,214,139,248,356.0,0,0,0,100
17:59:31,6,6,9,12.4,0.04,0.2,0.09,18.1,214,139,248,356.0,0,0,0,100
17:59:31,6,6,9,12.4,0.04,0.2,0.09,18.2,214,139,248,356.0,0,0,0,100
17:59:32,6,6,9,12.4,0.04,0.2,0.09,18.3,214,139,248,356.0,0,0,0,100
17:59:32,6,6,9,12.4,0.04,0.2,0.09,18.4,214,139,248,356.0,0,0,0,100
17:59:32,8,4,7,11.4,0.03,0.14,0.07,18.4,204,127,221,326.0,0,0,0,100
17:59:32,8,4,7,11.4,0.03,0.14,0.07,18.4,204,127,221,326.0,0,0,0,100
17:59:32,8,4,7,11.4,0.03,0.14,0.07,18.3,204,127,221,326.0,0,0,0,100
17:59:32,8,4,7,11.4,0.03,0.14,0.07,18.4,204,127,221,326.0,0,0,0,100
17:59:32,8,4,7,11.4,0.03,0.14,0.07,18.4,204,127,221,326.0,0,0,0,100
17:59:32,8,4,7,11.4,0.03,0.14,0.07,18.2,204,127,221,326.0,0,0,0,100
17:59:32,8,4,7,11.4,0.03,0.14,0.07,18.4,204,127,221,326.0,0,0,0,100
17:59:32,8,4,7,11.4,0.03,0.14,0.07,18.2,204,127,221,326.0,0,0,0,100
17:59:33,8,4,7,11.4,0.03,0.14,0.07,18.4,204,127,221,326.0,0,0,0,100
17:59:33,8,4,7,11.4,0.03,0.14,0.07,18.4,204,127,221,326.0,0,0,0,100
17:59:33,8,4,5,10.2,0.05,0.13,0.03,18.3,215,123,113,272.0,0,0,0,100
17:59:33,8,4,5,10.2,0.05,0.13,0.03,18.2,215,123,113,272.0,0,0,0,100
17:59:33,8,4,5,10.2,0.05,0.13,0.03,18.2,215,123,113,272.0,0,0,1,100
17:59:33,8,4,5,10.2,0.05,0.13,0.03,18.4,215,123,113,272.0,0,0,1,100
17:59:33,8,4,5,10.2,0.05,0.13,0.03,18.4,215,123,113,272.0,0,0,1,100
17:59:33,8,4,5,10.2,0.05,0.13,0.03,18.4,215,123,113,272.0,0,0,1,100
17:59:33,8,4,5,10.2,0.05,0.13,0.03,18.2,215,123,113,272.0,0,0,1,100
17:59:33,8,4,5,10.2,0.05,0.13,0.03,18.5,215,123,113,272.0,0,0,1,100
17:59:34,8,4,5,10.2,0.05,0.13,0.03,18.4,215,123,113,272.0,0,0,1,100
17:59:34,8,4,5,10.2,0.05,0.13,0.03,18.4,215,123,113,272.0,0,0,1,100
17:59:34,5,3,7,9.1,0.11,0.16,0.11,18.2,164,98,203,279.0,0,0,1,100
17:59:34,5,3,7,9.1,0.11,0.16,0.11,18.5,164,98,203,279.0,0,0,1,100
17:59:34,5,3,7,9.1,0.11,0.16,0.11,18.4,164,98,203,279.0,2,0,0,100
17:59:34,5,3,7,9.1,0.11,0.16,0.11,18.4,164,98,203,279.0,2,0,0,100
17:59:34,5,3,7,9.1,0.11,0.16,0.11,18.4,164,98,203,279.0,2,0,0,100
17:59:34,5,3,7,9.1,0.11,0.16,0.11,18.4,164,98,203,279.0,2,0,0,100
17:59:34,5,3,7,9.1,0.11,0.16,0.11,18.4,164,98,203,279.0,2,0,0,100
17:59:34,5,3,7,9.1,0.11,0.16,0.11,18.1,164,98,203,279.0,2,0,0,100
17:59:35,5,3,7,9.1,0.11,0.16,0.11,18.3,164,98,203,279.0,2,0,0,100
17:59:35,5,3,7,9.1,0.11,0.16,0.11,18.4,164,98,203,279.0,2,0,0,100
17:59:35,5,1,5,7.1,0.05,0.16,0.09,18.3,137,54,152,212.0,2,0,0,100
17:59:35,5,1,5,7.1,0.05,0.16,0.09,18.3,137,54,152,212.0,2,0,0,100
17:59:35,5,1,5,7.1,0.05,0.16,0.09,18.2,137,54,152,212.0,0,0,1,100
17:59:35,5,1,5,7.1,0.05,0.16,0.09,18.4,137,54,152,212.0,0,0,1,100
17:59:35,5,1,5,7.1,0.05,0.16,0.09,18.2,137,54,152,212.0,0,0,1,100
17:59:35,5,1,5,7.1,0.05,0.16,0.09,18.4,137,54,152,212.0,0,0,1,100
17:59:35,5,1,5,7.1,0.05,0.16,0.09,18.5,137,54,152,212.0,0,0,1,100
17:59:35,5,1,5,7.1,0.05,0.16,0.09,18.4,137,54,152,212.0,0,0,1,100
17:59:36,5,1,5,7.1,0.05,0.16,0.09,18.3,137,54,152,212.0,0,0,1,100
17:59:36,5,1,5,7.1,0.05,0.16,0.09,18.3,137,54,152,212.0,0,0,1,100
17:59:36,5,1,6,7.9,0.05,0.15,0.07,18.4,156,52,166,234.0,0,0,1,100
17:59:36,5,1,6,7.9,0.05,0.15,0.07,18.2,156,52,166,234.0,0,0,1,100
17:59:36,5,1,6,7.9,0.05,0.15,0.07,18.4,156,52,166,234.0,0,0,0,100
17:59:36,5,1,6,7.9,0.05,0.15,0.07,18.4,156,52,166,234.0,0,0,0,100
17:59:36,5,1,6,7.9,0.05,0.15,0.07,18.4,156,52,166,234.0,0,0,0,100
17:59:36,5,1,6,7.9,0.05,0.15,0.07,18.2,156,52,166,234.0,0,0,0,100
17:59:36,5,1,6,7.9,0.05,0.15,0.07,18.2,156,52,166,234.0,0,0,0,100
17:59:36,5,1,6,7.9,0.05,0.15,0.07,18.2,156,52,166,234.0,0,0,0,100
17:59:37,5,1,6,7.9,0.05,0.15,0.07,18.4,156,52,166,234.0,0,0,0,100
17:59:37,5,1,6,7.9,0.05,0.15,0.07,18.3,156,52,166,234.0,0,0,0,100
17:59:37,5,3,5,7.7,0.09,0.19,0.07,18.4,168,97,168,257.0,0,0,0,100
17:59:37,5,3,5,7.7,0.09,0.19,0.07,18.4,168,97,168,257.0,0,0,0,100
17:59:37,5,3,5,7.7,0.09,0.19,0.07,18.1,168,97,168,257.0,0,0,0,100
17:59:37,5,3,5,7.7,0.09,0.19,0.07,18.2,168,97,168,257.0,0,0,0,100
17:59:37,5,3,5,7.7,0.09,0.19,0.07,18.2,168,97,168,257.0,0,0,0,100
17:59:37,5,3,5,7.7,0.09,0.19,0.07,18.4,168,97,168,257.0,0,0,0,100
17:59:37,5,3,5,7.7,0.09,0.19,0.07,18.2,168,97,168,257.0,0,0,0,100
17:59:37,5,3,5,7.7,0.09,0.19,0.07,18.4,168,97,168,257.0,0,0,0,100
17:59:38,5,3,5,7.7,0.09,0.19,0.07,18.4,168,97,168,257.0,0,0,0,100
17:59:38,5,3,5,7.7,0.09,0.19,0.07,18.3,168,97,168,257.0,0,0,0,100
17:59:38,8,5,4,10.2,0.07,0.13,0.05,18.4,222,134,131,291.0,0,0,0,100
17:59:38,8,5,4,10.2,0.07,0.13,0.05,18.2,222,134,131,291.0,0,0,0,100
17:59:38,8,5,4,10.2,0.07,0.13,0.05,18.4,222,134,131,291.0,0,0,1,100
17:59:38,8,5,4,10.2,0.07,0.13,0.05,18.3,222,134,131,291.0,0,0,1,100
17:59:38,8,5,4,10.2,0.07,0.13,0.05,18.4,222,134,131,291.0,0,0,1,100
17:59:38,8,5,4,10.2,0.07,0.13,0.05,18.4,222,134,131,291.0,0,0,1,100
17:59:38,8,5,4,10.2,0.07,0.13,0.05,18.4,222,134,131,291.0,0,0,1,100
17:59:38,8,5,4,10.2,0.07,0.13,0.05,18.2,222,134,131,291.0,0,0,1,100
17:59:39,8,5,4,10.2,0.07,0.13,0.05,18.4,222,134,131,291.0,0,0,1,100
17:59:39,8,5,4,10.2,0.07,0.13,0.05,18.4,222,134,131,291.0,0,0,1,100
17:59:39,6,5,10,12.7,0.05,0.15,0.07,18.5,158,138,227,309.0,0,0,1,100
17:59:39,6,5,10,12.7,0.05,0.15,0.07,18.4,158,138,227,309.0,0,0,1,100
17:59:39,6,5,10,12.7,0.05,0.15,0.07,18.4,158,138,227,309.0,1,0,0,100
17:59:39,6,5,10,12.7,0.05,0.15,0.07,18.5,158,138,227,309.0,1,0,0,100
17:59:39,6,5,10,12.7,0.05,0.15,0.07,18.4,158,138,227,309.0,1,0,0,100
17:59:39,6,5,10,12.7,0.05,0.15,0.07,18.3,158,138,227,309.0,1,0,0,100
17:59:39,6,5,10,12.7,0.05,0.15,0.07,18.2,158,138,227,309.0,1,0,0,100
17:59:39,6,5,10,12.7,0.05,0.15,0.07,18.3,158,138,227,309.0,1,0,0,100
17:59:40,6,5,10,12.7,0.05,0.15,0.07,18.4,158,138,227,309.0,1,0,0,100
17:59:40,6,5,10,12.7,0.05,0.15,0.07,18.4,158,138,227,309.0,1,0,0,100
17:59:40,7,4,7,10.7,0.05,0.13,0.06,18.2,210,139,211,329.0,1,0,0,100
17:59:40,7,4,7,10.7,0.05,0.13,0.06,18.4,210,139,211,329.0,1,0,0,100
17:59:40,7,4,7,10.7,0.05,0.13,0.06,18.5,210,139,211,329.0,0,0,0,100
17:59:40,7,4,7,10.7,0.05,0.13,0.06,18.2,210,139,211,329.0,0,0,0,100
17:59:40,7,4,7,10.7,0.05,0.13,0.06,18.3,210,139,211,329.0,0,0,0,100
17:59:40,7,4,7,10.7,0.05,0.13,0.06,18.4,210,139,211,329.0,0,0,0,100
17:59:40,7,4,7,10.7,0.05,0.13,0.06,18.3,210,139,211,329.0,0,0,0,100
17:59:40,7,4,7,10.7,0.05,0.13,0.06,18.3,210,139,211,329.0,0,0,0,100
17:59:41,7,4,7,10.7,0.05,0.13,0.06,18.2,210,139,211,329.0,0,0,0,100
17:59:41,7,4,7,10.7,0.05,0.13,0.06,18.2,210,139,211,329.0,0,0,0,100
17:59:41,8,4,4,9.8,0.12,0.19,0.05,18.2,228,137,97,283.0,0,0,0,100
17:59:41,8,4,4,9.8,0.12,0.19,0.05,18.5,228,137,97,283.0,0,0,0,100
17:59:41,8,4,4,9.8,0.12,0.19,0.05,18.2,228,137,97,283.0,0,0,0,100
17:59:41,8,4,4,9.8,0.12,0.19,0.05,18.3,228,137,97,283.0,0,0,0,100
17:59:41,8,4,4,9.8,0.12,0.19,0.05,18.2,228,137,97,283.0,0,0,0,100
17:59:41,8,4,4,9.8,0.12,0.19,0.05,18.3,228,137,97,283.0,0,0,0,100
17:59:41,8,4,4,9.8,0.12,0.19,0.05,18.3,228,137,97,283.0,0,0,0,100
17:59:41,8,4,4,9.8,0.12,0.19,0.05,18.4,228,137,97,283.0,0,0,0,100
17:59:42,8,4,4,9.8,0.12,0.19,0.05,18.3,228,137,97,283.0,0,0,0,100
17:59:42,8,4,4,9.8,0.12,0.19,0.05,18.6,228,137,97,283.0,0,0,0,100
17:59:42,6,3,8,10.4,0.11,0.21,0.08,18.3,149,97,204,271.0,0,0,0,100
17:59:42,6,3,8,10.4,0.11,0.21,0.08,18.3,149,97,204,271.0,0,0,0,100
17:59:42,6,3,8,10.4,0.11,0.21,0.08,18.2,149,97,204,271.0,1,0,0,100
17:59:42,6,3,8,10.4,0.11,0.21,0.08,18.2,149,97,204,271.0,1,0,0,100
17:59:42,6,3,8,10.4,0.11,0.21,0.08,18.5,149,97,204,271.0,1,0,0,100
17:59:42,6,3,8,10.4,0.11,0.21,0.08,18.2,149,97,204,271.0,1,0,0,100
17:59:42,6,3,8,10.4,0.11,0.21,0.08,18.3,149,97,204,271.0,1,0,0,100
17:59:42,6,3,8,10.4,0.11,0.21,0.08,18.4,149,97,204,271.0,1,0,0,100
17:59:43,6,3,8,10.4,0.11,0.21,0.08,18.2,149,97,204,271.0,1,0,0,100
17:59:43,6,3,8,10.4,0.11,0.21,0.08,18.4,149,97,204,271.0,1,0,0,100
17:59:43,6,1,4,7.3,0.08,0.2,0.09,18.4,165,34,130,213.0,1,0,0,100
17:59:43,6,1,4,7.3,0.08,0.2,0.09,18.3,165,34,130,213.0,1,0,0,100
17:59:43,6,1,4,7.3,0.08,0.2,0.09,18.4,165,34,130,213.0,0,2,1,100
17:59:43,6,1,4,7.3,0.08,0.2,0.09,18.3,165,34,130,213.0,0,2,1,100
17:59:43,6,1,4,7.3,0.08,0.2,0.09,18.1,165,34,130,213.0,0,2,1,100
17:59:43,6,1,4,7.3,0.08,0.2,0.09,18.2,165,34,130,213.0,0,2,1,100
17:59:43,6,1,4,7.3,0.08,0.2,0.09,18.3,165,34,130,213.0,0,2,1,100
17:59:43,6,1,4,7.3,0.08,0.2,0.09,18.4,165,34,130,213.0,0,2,1,100
17:59:44,6,1,4,7.3,0.08,0.2,0.09,18.2,165,34,130,213.0,0,2,1,100
17:59:44,6,1,4,7.3,0.08,0.2,0.09,18.4,165,34,130,213.0,0,2,1,100
17:59:44,5,4,7,9.5,0.04,0.2,0.06,18.4,142,102,191,259.0,0,2,1,100
17:59:44,5,4,7,9.5,0.04,0.2,0.06,18.3,142,102,191,259.0,0,2,1,100
17:59:44,5,4,7,9.5,0.04,0.2,0.06,18.2,142,102,191,259.0,2,0,0,100
17:59:44,5,4,7,9.5,0.04,0.2,0.06,18.4,142,102,191,259.0,2,0,0,100
17:59:44,5,4,7,9.5,0.04,0.2,0.06,18.4,142,102,191,259.0,2,0,0,100
17:59:44,5,4,7,9.5,0.04,0.2,0.06,18.6,142,102,191,259.0,2,0,0,100
17:59:44,5,4,7,9.5,0.04,0.2,0.06,18.5,142,102,191,259.0,2,0,0,100
17:59:44,5,4,7,9.5,0.04,0.2,0.06,18.4,142,102,191,259.0,2,0,0,100
17:59:45,5,4,7,9.5,0.04,0.2,0.06,18.5,142,102,191,259.0,2,0,0,100
17:59:45,5,4,7,9.5,0.04,0.2,0.06,18.4,142,102,191,259.0,2,0,0,100
17:59:45,9,6,10,14.7,0.05,0.27,0.05,18.2,236,140,219,351.0,2,0,0,100
17:59:45,9,6,10,14.7,0.05,0.27,0.05,18.4,236,140,219,351.0,2,0,0,100
17:59:45,9,6,10,14.7,0.05,0.27,0.05,18.4,236,140,219,351.0,1,0,0,100
17:59:45,9,6,10,14.7,0.05,0.27,0.05,18.4,236,140,219,351.0,1,0,0,100
17:59:45,9,6,10,14.7,0.05,0.27,0.05,18.2,236,140,219,351.0,1,0,0,100
17:59:45,9,6,10,14.7,0.05,0.27,0.05,18.6,236,140,219,351.0,1,0,0,100
17:59:45,9,6,10,14.7,0.05,0.27,0.05,18.3,236,140,219,351.0,1,0,0,100
17:59:45,9,6,10,14.7,0.05,0.27,0.05,18.2,236,140,219,351.0,1,0,0,100
17:59:46,9,6,10,14.7,0.05,0.27,0.05,18.3,236,140,219,351.0,1,0,0,100
17:59:46,9,6,10,14.7,0.05,0.27,0.05,18.4,236,140,219,351.0,1,0,0,100
17:59:46,11,7,5,14.0,0.08,0.18,0.03,18.2,286,161,152,362.0,1,0,0,100
17:59:46,11,7,5,14.0,0.08,0.18,0.03,18.4,286,161,152,362.0,1,0,0,100
17:59:46,11,7,5,14.0,0.08,0.18,0.03,18.4,286,161,152,362.0,0,0,0,100
17:59:46,11,7,5,14.0,0.08,0.18,0.03,18.4,286,161,152,362.0,0,0,0,100
17:59:46,11,7,5,14.0,0.08,0.18,0.03,18.2,286,161,152,362.0,0,0,0,100
17:59:46,11,7,5,14.0,0.08,0.18,0.03,18.2,286,161,152,362.0,0,0,0,100
17:59:46,11,7,5,14.0,0.08,0.18,0.03,18.3,286,161,152,362.0,0,0,0,100
17:59:47,11,7,5,14.0,0.08,0.18,0.03,18.3,286,161,152,362.0,0,0,0,100
17:59:47,11,7,5,14.0,0.08,0.18,0.03,18.2,286,161,152,362.0,0,0,0,100
17:59:47,11,7,5,14.0,0.08,0.18,0.03,18.2,286,161,152,362.0,0,0,0,100
17:59:47,6,6,11,13.9,0.03,0.21,0.08,18.4,202,138,228,334.0,0,0,0,100
17:59:47,6,6,11,13.9,0.03,0.21,0.08,18.4,202,138,228,334.0,0,0,0,100
17:59:47,6,6,11,13.9,0.03,0.21,0.08,18.3,202,138,228,334.0,2,0,0,100
17:59:47,6,6,11,13.9,0.03,0.21,0.08,18.4,202,138,228,334.0,2,0,0,100
17:59:47,6,6,11,13.9,0.03,0.21,0.08,18.4,202,138,228,334.0,2,0,0,100
17:59:47,6,6,11,13.9,0.03,0.21,0.08,18.4,202,138,228,334.0,2,0,0,100
17:59:47,6,6,11,13.9,0.03,0.21,0.08,18.4,202,138,228,334.0,2,0,0,100
17:59:48,6,6,11,13.9,0.03,0.21,0.08,18.1,202,138,228,334.0,2,0,0,100
17:59:48,6,6,11,13.9,0.03,0.21,0.08,18.2,202,138,228,334.0,2,0,0,100
17:59:48,6,6,11,13.9,0.03,0.21,0.08,18.0,202,138,228,334.0,2,0,0,100
17:59:48,6,4,7,10.0,0.07,0.16,0.09,18.2,179,129,236,323.0,2,0,0,100
17:59:48,6,4,7,10.0,0.07,0.16,0.09,18.3,179,129,236,323.0,2,0,0,100
17:59:48,6,4,7,10.0,0.07,0.16,0.09,18.4,179,129,236,323.0,0,0,0,100
17:59:48,6,4,7,10.0,0.07,0.16,0.09,18.5,179,129,236,323.0,0,0,0,100
17:59:48,6,4,7,10.0,0.07,0.16,0.09,18.2,179,129,236,323.0,0,0,0,100
17:59:48,6,4,7,10.0,0.07,0.16,0.09,18.3,179,129,236,323.0,0,0,0,100
17:59:48,6,4,7,10.0,0.07,0.16,0.09,18.4,179,129,236,323.0,0,0,0,100
17:59:49,6,4,7,10.0,0.07,0.16,0.09,18.2,179,129,236,323.0,0,0,0,100
17:59:49,6,4,7,10.0,0.07,0.16,0.09,18.2,179,129,236,323.0,0,0,0,100
17:59:49,6,4,7,10.0,0.07,0.16,0.09,18.4,179,129,236,323.0,0,0,0,100
17:59:49,6,4,5,8.8,0.08,0.19,0.07,18.2,182,89,117,234.0,0,0,0,100
17:59:49,6,4,5,8.8,0.08,0.19,0.07,18.3,182,89,117,234.0,0,0,0,100
17:59:49,6,4,5,8.8,0.08,0.19,0.07,18.4,182,89,117,234.0,0,0,1,100
17:59:49,6,4,5,8.8,0.08,0.19,0.07,18.3,182,89,117,234.0,0,0,1,100
17:59:49,6,4,5,8.8,0.08,0.19,0.07,18.4,182,89,117,234.0,0,0,1,100
17:59:49,6,4,5,8.8,0.08,0.19,0.07,18.2,182,89,117,234.0,0,0,1,100
17:59:49,6,4,5,8.8,0.08,0.19,0.07,18.4,182,89,117,234.0,0,0,1,100
17:59:50,6,4,5,8.8,0.08,0.19,0.07,18.4,182,89,117,234.0,0,0,1,100
17:59:50,6,4,5,8.8,0.08,0.19,0.07,18.3,182,89,117,234.0,0,0,1,100
17:59:50,6,4,5,8.8,0.08,0.19,0.07,18.4,182,89,117,234.0,0,0,1,100
17:59:50,3,3,7,8.2,0.08,0.1,0.04,18.4,94,47,163,194.0,0,0,1,100
17:59:50,3,3,7,8.2,0.08,0.1,0.04,18.2,94,47,163,194.0,0,0,1,100
17:59:50,3,3,7,8.2,0.08,0.1,0.04,18.3,94,47,163,194.0,2,4,0,100
17:59:50,3,3,7,8.2,0.08,0.1,0.04,18.2,94,47,163,194.0,2,4,0,100
17:59:50,3,3,7,8.2,0.08,0.1,0.04,18.3,94,47,163,194.0,2,4,0,100
17:59:50,3,3,7,8.2,0.08,0.1,0.04,18.4,94,47,163,194.0,2,4,0,100
17:59:50,3,3,7,8.2,0.08,0.1,0.04,18.4,94,47,163,194.0,2,4,0,100
17:59:51,3,3,7,8.2,0.08,0.1,0.04,18.4,94,47,163,194.0,2,4,0,100
17:59:51,3,3,7,8.2,0.08,0.1,0.04,18.2,94,47,163,194.0,2,4,0,100
17:59:51,3,3,7,8.2,0.08,0.1,0.04,18.4,94,47,163,194.0,2,4,0,100
17:59:51,6,3,3,7.3,0.05,0.16,0.08,18.4,173,67,102,212.0,2,4,0,100
17:59:51,6,3,3,7.3,0.05,0.16,0.08,18.4,173,67,102,212.0,2,4,0,100
17:59:51,6,3,3,7.3,0.05,0.16,0.08,18.2,173,67,102,212.0,0,0,0,100
17:59:51,6,3,3,7.3,0.05,0.16,0.08,18.2,173,67,102,212.0,0,0,0,100
17:59:51,6,3,3,7.3,0.05,0.16,0.08,18.4,173,67,102,212.0,0,0,0,100
17:59:51,6,3,3,7.3,0.05,0.16,0.08,18.2,173,67,102,212.0,0,0,0,100
17:59:51,6,3,3,7.3,0.05,0.16,0.08,18.4,173,67,102,212.0,0,0,0,100
17:59:52,6,3,3,7.3,0.05,0.16,0.08,18.4,173,67,102,212.0,0,0,0,100
17:59:52,6,3,3,7.3,0.05,0.16,0.08,18.4,173,67,102,212.0,0,0,0,100
17:59:52,6,3,3,7.3,0.05,0.16,0.08,18.4,173,67,102,212.0,0,0,0,100
17:59:52,4,4,8,9.8,0.03,0.1,0.05,18.4,127,109,204,264.0,0,0,0,100
17:59:52,4,4,8,9.8,0.03,0.1,0.05,17.9,127,109,204,264.0,0,0,0,100
17:59:52,4,4,8,9.8,0.03,0.1,0.05,18.2,127,109,204,264.0,2,0,0,100
17:59:52,4,4,8,9.8,0.03,0.1,0.05,18.2,127,109,204,264.0,2,0,0,100
17:59:52,4,4,8,9.8,0.03,0.1,0.05,18.3,127,109,204,264.0,2,0,0,100
17:59:52,4,4,8,9.8,0.03,0.1,0.05,18.4,127,109,204,264.0,2,0,0,100
17:59:52,4,4,8,9.8,0.03,0.1,0.05,18.3,127,109,204,264.0,2,0,0,100
17:59:53,4,4,8,9.8,0.03,0.1,0.05,18.2,127,109,204,264.0,2,0,0,100
17:59:53,4,4,8,9.8,0.03,0.1,0.05,18.2,127,109,204,264.0,2,0,0,100
17:59:53,4,4,8,9.8,0.03,0.1,0.05,18.4,127,109,204,264.0,2,0,0,100
17:59:53,7,4,6,10.0,0.1,0.16,0.03,18.3,221,139,178,316.0,2,0,0,100
17:59:53,7,4,6,10.0,0.1,0.16,0.03,18.1,221,139,178,316.0,2,0,0,100
17:59:53,7,4,6,10.0,0.1,0.16,0.03,18.2,221,139,178,316.0,0,0,1,100
17:59:53,7,4,6,10.0,0.1,0.16,0.03,18.3,221,139,178,316.0,0,0,1,100
17:59:53,7,4,6,10.0,0.1,0.16,0.03,18.4,221,139,178,316.0,0,0,1,100
17:59:53,7,4,6,10.0,0.1,0.16,0.03,18.2,221,139,178,316.0,0,0,1,100
17:59:53,7,4,6,10.0,0.1,0.16,0.03,18.4,221,139,178,316.0,0,0,1,100
17:59:54,7,4,6,10.0,0.1,0.16,0.03,18.2,221,139,178,316.0,0,0,1,100
17:59:54,7,4,6,10.0,0.1,0.16,0.03,18.3,221,139,178,316.0,0,0,1,100
17:59:54,7,4,6,10.0,0.1,0.16,0.03,18.3,221,139,178,316.0,0,0,1,100
17:59:54,8,5,7,11.7,0.09,0.13,0.05,18.3,248,143,172,334.0,0,0,1,100
17:59:54,8,5,7,11.7,0.09,0.13,0.05,18.2,248,143,172,334.0,0,0,1,100
17:59:54,8,5,7,11.7,0.09,0.13,0.05,18.4,248,143,172,334.0,0,0,1,100
17:59:54,8,5,7,11.7,0.09,0.13,0.05,18.4,248,143,172,334.0,0,0,1,100
17:59:54,8,5,7,11.7,0.09,0.13,0.05,18.3,248,143,172,334.0,0,0,1,100
17:59:54,8,5,7,11.7,0.09,0.13,0.05,18.4,248,143,172,334.0,0,0,1,100
17:59:54,8,5,7,11.7,0.09,0.13,0.05,18.4,248,143,172,334.0,0,0,1,100
17:59:55,8,5,7,11.7,0.09,0.13,0.05,18.2,248,143,172,334.0,0,0,1,100
17:59:55,8,5,7,11.7,0.09,0.13,0.05,18.2,248,143,172,334.0,0,0,1,100
17:59:55,8,5,7,11.7,0.09,0.13,0.05,18.4,248,143,172,334.0,0,0,1,100
17:59:55,5,4,8,10.2,0.07,0.16,0.09,18.5,144,138,237,310.0,0,0,1,100
17:59:55,5,4,8,10.2,0.07,0.16,0.09,18.4,144,138,237,310.0,0,0,1,100
17:59:55,5,4,8,10.2,0.07,0.16,0.09,18.4,144,138,237,310.0,1,0,0,100
17:59:55,5,4,8,10.2,0.07,0.16,0.09,18.3,144,138,237,310.0,1,0,0,100
17:59:55,5,4,8,10.2,0.07,0.16,0.09,18.4,144,138,237,310.0,1,0,0,100
17:59:55,5,4,8,10.2,0.07,0.16,0.09,18.4,144,138,237,310.0,1,0,0,100
17:59:55,5,4,8,10.2,0.07,0.16,0.09,18.2,144,138,237,310.0,1,0,0,100
17:59:56,5,4,8,10.2,0.07,0.16,0.09,18.5,144,138,237,310.0,1,0,0,100
17:59:56,5,4,8,10.2,0.07,0.16,0.09,18.2,144,138,237,310.0,1,0,0,100
17:59:56,5,4,8,10.2,0.07,0.16,0.09,18.4,144,138,237,310.0,1,0,0,100
17:59:56,7,4,7,10.7,0.04,0.14,0.1,18.5,188,122,207,305.0,1,0,0,100
17:59:56,7,4,7,10.7,0.04,0.14,0.1,18.0,188,122,207,305.0,1,0,0,100
17:59:56,7,4,7,10.7,0.04,0.14,0.1,18.4,188,122,207,305.0,0,0,0,100
17:59:56,7,4,7,10.7,0.04,0.14,0.1,18.2,188,122,207,305.0,0,0,0,100
17:59:56,7,4,7,10.7,0.04,0.14,0.1,18.0,188,122,207,305.0,0,0,0,100
17:59:56,7,4,7,10.7,0.04,0.14,0.1,18.4,188,122,207,305.0,0,0,0,100
17:59:57,7,4,7,10.7,0.04,0.14,0.1,18.4,188,122,207,305.0,0,0,0,100
17:59:57,7,4,7,10.7,0.04,0.14,0.1,18.2,188,122,207,305.0,0,0,0,100
17:59:57,7,4,7,10.7,0.04,0.14,0.1,18.4,188,122,207,305.0,0,0,0,100
17:59:57,7,4,7,10.7,0.04,0.14,0.1,18.2,188,122,207,305.0,0,0,0,100
17:59:57,6,2,6,8.7,0.07,0.1,0.04,18.4,175,64,152,240.0,0,0,0,100
17:59:57,6,2,6,8.7,0.07,0.1,0.04,18.2,175,64,152,240.0,0,0,0,100
17:59:57,6,2,6,8.7,0.07,0.1,0.04,18.3,175,64,152,240.0,1,1,0,100
17:59:57,6,2,6,8.7,0.07,0.1,0.04,18.4,175,64,152,240.0,1,1,0,100
17:59:57,6,2,6,8.7,0.07,0.1,0.04,18.2,175,64,152,240.0,1,1,0,100
17:59:57,6,2,6,8.7,0.07,0.1,0.04,18.3,175,64,152,240.0,1,1,0,100
17:59:57,6,2,6,8.7,0.07,0.1,0.04,18.5,175,64,152,240.0,1,1,0,100
17:59:58,6,2,6,8.7,0.07,0.1,0.04,18.2,175,64,152,240.0,1,1,0,100
17:59:58,6,2,6,8.7,0.07,0.1,0.04,18.4,175,64,152,240.0,1,1,0,100
17:59:58,6,2,6,8.7,0.07,0.1,0.04,18.2,175,64,152,240.0,1,1,0,100
17:59:58,5,2,7,8.8,0.07,0.18,0.04,18.4,154,46,156,224.0,1,1,0,100
17:59:58,5,2,7,8.8,0.07,0.18,0.04,18.2,154,46,156,224.0,1,1,0,100
17:59:58,5,2,7,8.8,0.07,0.18,0.04,18.4,154,46,156,224.0,0,2,0,100
17:59:58,5,2,7,8.8,0.07,0.18,0.04,18.5,154,46,156,224.0,0,2,0,100
17:59:58,5,2,7,8.8,0.07,0.18,0.04,18.3,154,46,156,224.0,0,2,0,100
17:59:58,5,2,7,8.8,0.07,0.18,0.04,18.4,154,46,156,224.0,0,2,0,100
17:59:59,5,2,7,8.8,0.07,0.18,0.04,18.3,154,46,156,224.0,0,2,0,100
17:59:59,5,2,7,8.8,0.07,0.18,0.04,18.2,154,46,156,224.0,0,2,0,100
17:59:59,5,2,7,8.8,0.07,0.18,0.04,18.2,154,46,156,224.0,0,2,0,100
17:59:59,5,2,7,8.8,0.07,0.18,0.04,18.3,154,46,156,224.0,0,2,0,100
17:59:59,6,3,6,9.0,0.03,0.16,0.07,18.1,173,92,147,245.0,0,2,0,100
17:59:59,6,3,6,9.0,0.03,0.16,0.07,18.1,173,92,147,245.0,0,2,0,100
17:59:59,6,3,6,9.0,0.03,0.16,0.07,18.4,173,92,147,245.0,0,0,1,100
17:59:59,6,3,6,9.0,0.03,0.16,0.07,18.4,173,92,147,245.0,0,0,1,100
17:59:59,6,3,6,9.0,0.03,0.16,0.07,18.4,173,92,147,245.0,0,0,1,100
17:59:59,6,3,6,9.0,0.03,0.16,0.07,18.3,173,92,147,245.0,0,0,1,100
18:00:00,6,3,6,9.0,0.03,0.16,0.07,18.4,173,92,147,245.0,0,0,1,100
18:00:00,6,3,6,9.0,0.03,0.16,0.07,18.4,173,92,147,245.0,0,0,1,100
18:00:00,6,3,6,9.0,0.03,0.16,0.07,18.2,173,92,147,245.0,0,0,1,100
18:00:00,6,3,6,9.0,0.03,0.16,0.07,18.4,173,92,147,245.0,0,0,1,100
18:00:00,5,6,8,11.2,0.04,0.18,0.07,18.2,124,153,223,298.0,0,0,1,100
18:00:00,5,6,8,11.2,0.04,0.18,0.07,18.3,124,153,223,298.0,0,0,1,100
18:00:00,5,6,8,11.2,0.04,0.18,0.07,18.2,124,153,223,298.0,2,0,0,100
18:00:00,5,6,8,11.2,0.04,0.18,0.07,18.3,124,153,223,298.0,2,0,0,100
18:00:00,5,6,8,11.2,0.04,0.18,0.07,18.2,124,153,223,298.0,2,0,0,100
18:00:00,5,6,8,11.2,0.04,0.18,0.07,18.4,124,153,223,298.0,2,0,0,100
18:00:01,5,6,8,11.2,0.04,0.18,0.07,18.4,124,153,223,298.0,2,0,0,100
18:00:01,5,6,8,11.2,0.04,0.18,0.07,18.2,124,153,223,298.0,2,0,0,100
18:00:01,5,6,8,11.2,0.04,0.18,0.07,18.3,124,153,223,298.0,2,0,0,100
18:00:01,5,6,8,11.2,0.04,0.18,0.07,18.2,124,153,223,298.0,2,0,0,100
18:00:01,9,6,8,13.5,0.05,0.15,0.04,18.2,265,153,212,372.0,2,0,0,100
18:00:01,9,6,8,13.5,0.05,0.15,0.04,18.2,265,153,212,372.0,2,0,0,100
18:00:01,9,6,8,13.5,0.05,0.15,0.04,18.4,265,153,212,372.0,0,0,1,100
18:00:01,9,6,8,13.5,0.05,0.15,0.04,18.4,265,153,212,372.0,0,0,1,100
18:00:01,9,6,8,13.5,0.05,0.15,0.04,18.2,265,153,212,372.0,0,0,1,100
18:00:01,9,6,8,13.5,0.05,0.15,0.04,18.4,265,153,212,372.0,0,0,1,100
18:00:02,9,6,8,13.5,0.05,0.15,0.04,18.5,265,153,212,372.0,0,0,1,100
18:00:02,9,6,8,13.5,0.05,0.15,0.04,18.4,265,153,212,372.0,0,0,1,100
18:00:02,9,6,8,13.5,0.05,0.15,0.04,18.4,265,153,212,372.0,0,0,1,100
18:00:02,9,6,8,13.5,0.05,0.15,0.04,18.3,265,153,212,372.0,0,0,1,100
18:00:02,9,6,7,12.9,0.06,0.11,0.07,18.4,257,146,196,355.0,0,0,1,100
18:00:02,9,6,7,12.9,0.06,0.11,0.07,18.4,257,146,196,355.0,0,0,1,100
18:00:02,9,6,7,12.9,0.06,0.11,0.07,18.3,257,146,196,355.0,0,0,0,100
18:00:02,9,6,7,12.9,0.06,0.11,0.07,18.4,257,146,196,355.0,0,0,0,100
18:00:02,9,6,7,12.9,0.06,0.11,0.07,18.4,257,146,196,355.0,0,0,0,100
18:00:02,9,6,7,12.9,0.06,0.11,0.07,18.4,257,146,196,355.0,0,0,0,100
18:00:03,9,6,7,12.9,0.06,0.11,0.07,18.4,257,146,196,355.0,0,0,0,100
18:00:03,9,6,7,12.9,0.06,0.11,0.07,18.3,257,146,196,355.0,0,0,0,100
18:00:03,9,6,7,12.9,0.06,0.11,0.07,18.5,257,146,196,355.0,0,0,0,100
18:00:03,9,6,7,12.9,0.06,0.11,0.07,18.5,257,146,196,355.0,0,0,0,100
18:00:03,5,5,7,9.9,0.1,0.17,0.12,18.2,141,145,217,297.0,0,0,0,100
18:00:03,5,5,7,9.9,0.1,0.17,0.12,18.4,141,145,217,297.0,0,0,0,100
18:00:03,5,5,7,9.9,0.1,0.17,0.12,18.3,141,145,217,297.0,0,0,0,100
18:00:03,5,5,7,9.9,0.1,0.17,0.12,18.4,141,145,217,297.0,0,0,0,100
18:00:03,5,5,7,9.9,0.1,0.17,0.12,18.4,141,145,217,297.0,0,0,0,100
18:00:03,5,5,7,9.9,0.1,0.17,0.12,18.4,141,145,217,297.0,0,0,0,100
18:00:04,5,5,7,9.9,0.1,0.17,0.12,18.2,141,145,217,297.0,0,0,0,100
18:00:04,5,5,7,9.9,0.1,0.17,0.12,18.3,141,145,217,297.0,0,0,0,100
18:00:04,5,5,7,9.9,0.1,0.17,0.12,18.4,141,145,217,297.0,0,0,0,100
18:00:04,5,5,7,9.9,0.1,0.17,0.12,18.4,141,145,217,297.0,0,0,0,100
18:00:04,5,2,4,6.7,0.04,0.09,0.07,18.2,147,64,133,208.0,0,0,0,100
18:00:04,5,2,4,6.7,0.04,0.09,0.07,18.4,147,64,133,208.0,0,0,0,100
18:00:04,5,2,4,6.7,0.04,0.09,0.07,18.3,147,64,133,208.0,0,0,1,100
18:00:04,5,2,4,6.7,0.04,0.09,0.07,18.2,147,64,133,208.0,0,0,1,100
18:00:04,5,2,4,6.7,0.04,0.09,0.07,18.4,147,64,133,208.0,0,0,1,100
18:00:04,5,2,4,6.7,0.04,0.09,0.07,18.3,147,64,133,208.0,0,0,1,100
18:00:05,5,2,4,6.7,0.04,0.09,0.07,18.4,147,64,133,208.0,0,0,1,100
18:00:05,5,2,4,6.7,0.04,0.09,0.07,18.2,147,64,133,208.0,0,0,1,100
18:00:05,5,2,4,6.7,0.04,0.09,0.07,18.1,147,64,133,208.0,0,0,1,100
18:00:05,5,2,4,6.7,0.04,0.09,0.07,18.4,147,64,133,208.0,0,0,1,100
18:00:05,4,2,6,7.5,0.04,0.11,0.03,18.6,119,31,157,199.0,0,0,1,100
18:00:05,4,2,6,7.5,0.04,0.11,0.03,18.2,119,31,157,199.0,0,0,1,100
18:00:05,4,2,6,7.5,0.04,0.11,0.03,18.2,119,31,157,199.0,1,5,0,100
18:00:05,4,2,6,7.5,0.04,0.11,0.03,18.4,119,31,157,199.0,1,5,0,100
18:00:05,4,2,6,7.5,0.04,0.11,0.03,18.4,119,31,157,199.0,1,5,0,100
18:00:05,4,2,6,7.5,0.04,0.11,0.03,18.4,119,31,157,199.0,1,5,0,100
18:00:06,4,2,6,7.5,0.04,0.11,0.03,18.1,119,31,157,199.0,1,5,0,100
18:00:06,4,2,6,7.5,0.04,0.11,0.03,18.4,119,31,157,199.0,1,5,0,100
18:00:06,4,2,6,7.5,0.04,0.11,0.03,18.4,119,31,157,199.0,1,5,0,100
18:00:06,4,2,6,7.5,0.04,0.11,0.03,18.2,119,31,157,199.0,1,5,0,100
18:00:06,7,3,4,8.6,0.09,0.16,0.05,18.2,210,83,117,254.0,1,5,0,100
18:00:06,7,3,4,8.6,0.09,0.16,0.05,18.4,210,83,117,254.0,1,5,0,100
18:00:06,7,3,4,8.6,0.09,0.16,0.05,18.4,210,83,117,254.0,0,0,0,100
18:00:06,7,3,4,8.6,0.09,0.16,0.05,18.5,210,83,117,254.0,0,0,0,100
18:00:06,7,3,4,8.6,0.09,0.16,0.05,18.4,210,83,117,254.0,0,0,0,100
18:00:06,7,3,4,8.6,0.09,0.16,0.05,18.2,210,83,117,254.0,0,0,0,100
18:00:07,7,3,4,8.6,0.09,0.16,0.05,18.3,210,83,117,254.0,0,0,0,100
18:00:07,7,3,4,8.6,0.09,0.16,0.05,18.2,210,83,117,254.0,0,0,0,100
18:00:07,7,3,4,8.6,0.09,0.16,0.05,18.3,210,83,117,254.0,0,0,0,100
18:00:07,7,3,4,8.6,0.09,0.16,0.05,18.2,210,83,117,254.0,0,0,0,100
18:00:07,7,7,7,12.1,0.04,0.15,0.08,18.3,200,123,177,294.0,0,0,0,100
18:00:07,7,7,7,12.1,0.04,0.15,0.08,18.3,200,123,177,294.0,0,0,0,100
18:00:07,7,7,7,12.1,0.04,0.15,0.08,18.3,200,123,177,294.0,0,0,0,100
18:00:07,7,7,7,12.1,0.04,0.15,0.08,18.2,200,123,177,294.0,0,0,0,100
18:00:07,7,7,7,12.1,0.04,0.15,0.08,18.2,200,123,177,294.0,0,0,0,100
18:00:07,7,7,7,12.1,0.04,0.15,0.08,18.1,200,123,177,294.0,0,0,0,100
18:00:08,7,7,7,12.1,0.04,0.15,0.08,18.4,200,123,177,294.0,0,0,0,100
18:00:08,7,7,7,12.1,0.04,0.15,0.08,18.2,200,123,177,294.0,0,0,0,100
18:00:08,7,7,7,12.1,0.04,0.15,0.08,18.3,200,123,177,294.0,0,0,0,100
18:00:08,7,7,7,12.1,0.04,0.15,0.08,18.2,200,123,177,294.0,0,0,0,100
18:00:08,4,5,8,10.2,0.04,0.17,0.12,18.4,141,146,243,317.0,0,0,0,100
18:00:08,4,5,8,10.2,0.04,0.17,0.12,18.4,141,146,243,317.0,0,0,0,100
18:00:08,4,5,8,10.2,0.04,0.17,0.12,18.2,141,146,243,317.0,0,0,0,100
18:00:08,4,5,8,10.2,0.04,0.17,0.12,18.5,141,146,243,317.0,0,0,0,100
18:00:08,4,5,8,10.2,0.04,0.17,0.12,18.4,141,146,243,317.0,0,0,0,100
18:00:08,4,5,8,10.2,0.04,0.17,0.12,18.5,141,146,243,317.0,0,0,0,100
18:00:09,4,5,8,10.2,0.04,0.17,0.12,18.2,141,146,243,317.0,0,0,0,100
18:00:09,4,5,8,10.2,0.04,0.17,0.12,18.3,141,146,243,317.0,0,0,0,100
18:00:09,4,5,8,10.2,0.04,0.17,0.12,18.4,141,146,243,317.0,0,0,0,100
18:00:09,4,5,8,10.2,0.04,0.17,0.12,18.3,141,146,243,317.0,0,0,0,100
18:00:09,7,4,5,9.5,0.06,0.13,0.03,18.3,233,137,164,316.0,0,0,0,100
18:00:09,7,4,5,9.5,0.06,0.13,0.03,18.1,233,137,164,316.0,0,0,0,100
18:00:09,7,4,5,9.5,0.06,0.13,0.03,18.4,233,137,164,316.0,0,0,1,100
18:00:09,7,4,5,9.5,0.06,0.13,0.03,18.2,233,137,164,316.0,0,0,1,100
18:00:09,7,4,5,9.5,0.06,0.13,0.03,18.3,233,137,164,316.0,0,0,1,100
18:00:09,7,4,5,9.5,0.06,0.13,0.03,18.3,233,137,164,316.0,0,0,1,100
18:00:10,7,4,5,9.5,0.06,0.13,0.03,18.2,233,137,164,316.0,0,0,1,100
18:00:10,7,4,5,9.5,0.06,0.13,0.03,18.2,233,137,164,316.0,0,0,1,100
18:00:10,7,4,5,9.5,0.06,0.13,0.03,18.4,233,137,164,316.0,0,0,1,100
18:00:10,7,4,5,9.5,0.06,0.13,0.03,18.2,233,137,164,316.0,0,0,1,100
18:00:10,8,5,7,11.7,0.11,0.14,0.05,18.2,235,126,200,333.0,0,0,1,100
18:00:10,8,5,7,11.7,0.11,0.14,0.05,18.4,235,126,200,333.0,0,0,1,100
18:00:10,8,5,7,11.7,0.11,0.14,0.05,18.4,235,126,200,333.0,0,0,0,100
18:00:10,8,5,7,11.7,0.11,0.14,0.05,18.4,235,126,200,333.0,0,0,0,100
18:00:10,8,5,7,11.7,0.11,0.14,0.05,18.2,235,126,200,333.0,0,0,0,100
18:00:10,8,5,7,11.7,0.11,0.14,0.05,18.4,235,126,200,333.0,0,0,0,100
18:00:11,8,5,7,11.7,0.11,0.14,0.05,18.4,235,126,200,333.0,0,0,0,100
18:00:11,8,5,7,11.7,0.11,0.14,0.05,18.2,235,126,200,333.0,0,0,0,100
18:00:11,8,5,7,11.7,0.11,0.14,0.05,18.3,235,126,200,333.0,0,0,0,100
18:00:11,8,5,7,11.7,0.11,0.14,0.05,18.2,235,126,200,333.0,0,0,0,100
18:00:11,5,4,8,10.2,0.04,0.2,0.06,18.3,140,83,204,261.0,0,0,0,100
18:00:11,5,4,8,10.2,0.04,0.2,0.06,18.3,140,83,204,261.0,0,0,0,100
18:00:11,5,4,8,10.2,0.04,0.2,0.06,18.4,140,83,204,261.0,1,0,0,100
18:00:11,5,4,8,10.2,0.04,0.2,0.06,18.6,140,83,204,261.0,1,0,0,100
18:00:11,5,4,8,10.2,0.04,0.2,0.06,18.4,140,83,204,261.0,1,0,0,100
18:00:11,5,4,8,10.2,0.04,0.2,0.06,18.4,140,83,204,261.0,1,0,0,100
18:00:12,5,4,8,10.2,0.04,0.2,0.06,18.6,140,83,204,261.0,1,0,0,100
18:00:12,5,4,8,10.2,0.04,0.2,0.06,18.4,140,83,204,261.0,1,0,0,100
18:00:12,5,4,8,10.2,0.04,0.2,0.06,18.2,140,83,204,261.0,1,0,0,100
18:00:12,5,4,8,10.2,0.04,0.2,0.06,18.4,140,83,204,261.0,1,0,0,100
18:00:12,6,2,3,7.0,0.05,0.15,0.07,18.3,172,45,104,206.0,1,0,0,100
18:00:12,6,2,3,7.0,0.05,0.15,0.07,18.4,172,45,104,206.0,1,0,0,100
18:00:12,6,2,3,7.0,0.05,0.15,0.07,18.4,172,45,104,206.0,0,4,1,100
18:00:12,6,2,3,7.0,0.05,0.15,0.07,18.3,172,45,104,206.0,0,4,1,100
18:00:12,6,2,3,7.0,0.05,0.15,0.07,18.2,172,45,104,206.0,0,4,1,100
18:00:12,6,2,3,7.0,0.05,0.15,0.07,18.2,172,45,104,206.0,0,4,1,100
18:00:13,6,2,3,7.0,0.05,0.15,0.07,18.2,172,45,104,206.0,0,4,1,100
18:00:13,6,2,3,7.0,0.05,0.15,0.07,18.2,172,45,104,206.0,0,4,1,100
18:00:13,6,2,3,7.0,0.05,0.15,0.07,18.3,172,45,104,206.0,0,4,1,100
18:00:13,6,2,3,7.0,0.05,0.15,0.07,18.5,172,45,104,206.0,0,4,1,100
18:00:13,5,2,6,8.1,0.07,0.44,0.04,18.4,112,65,158,204.0,0,4,1,100
18:00:13,5,2,6,8.1,0.07,0.44,0.04,18.4,112,65,158,204.0,0,4,1,100
18:00:13,5,2,6,8.1,0.07,0.44,0.04,18.4,112,65,158,204.0,1,0,0,100
18:00:13,5,2,6,8.1,0.07,0.44,0.04,18.3,112,65,158,204.0,1,0,0,100
18:00:13,5,2,6,8.1,0.07,0.44,0.04,18.4,112,65,158,204.0,1,0,0,100
18:00:13,5,2,6,8.1,0.07,0.44,0.04,18.4,112,65,158,204.0,1,0,0,100
18:00:14,5,2,6,8.1,0.07,0.44,0.04,18.2,112,65,158,204.0,1,0,0,100
18:00:14,5,2,6,8.1,0.07,0.44,0.04,18.5,112,65,158,204.0,1,0,0,100
18:00:14,5,2,6,8.1,0.07,0.44,0.04,18.2,112,65,158,204.0,1,0,0,100
18:00:14,5,2,6,8.1,0.07,0.44,0.04,18.5,112,65,158,204.0,1,0,0,100
18:00:14,7,4,4,9.0,0.05,0.19,0.04,18.2,217,110,122,272.0,1,0,0,100
18:00:14,7,4,4,9.0,0.05,0.19,0.04,18.3,217,110,122,272.0,1,0,0,100
18:00:14,7,4,4,9.0,0.05,0.19,0.04,18.1,217,110,122,272.0,0,0,2,100
18:00:14,7,4,4,9.0,0.05,0.19,0.04,18.3,217,110,122,272.0,0,0,2,100
18:00:14,7,4,4,9.0,0.05,0.19,0.04,18.4,217,110,122,272.0,0,0,2,100
18:00:15,7,4,4,9.0,0.05,0.19,0.04,18.4,217,110,122,272.0,0,0,2,100
18:00:15,7,4,4,9.0,0.05,0.19,0.04,18.2,217,110,122,272.0,0,0,2,100
18:00:15,7,4,4,9.0,0.05,0.19,0.04,18.3,217,110,122,272.0,0,0,2,100
18:00:15,7,4,4,9.0,0.05,0.19,0.04,18.3,217,110,122,272.0,0,0,2,100
18:00:15,7,4,4,9.0,0.05,0.19,0.04,18.2,217,110,122,272.0,0,0,2,100
18:00:15,7,4,8,11.4,0.04,0.16,0.05,18.1,199,137,238,339.0,0,0,2,100
18:00:15,7,4,8,11.4,0.04,0.16,0.05,18.2,199,137,238,339.0,0,0,2,100
18:00:15,7,4,8,11.4,0.04,0.16,0.05,18.1,199,137,238,339.0,0,0,0,100
18:00:15,7,4,8,11.4,0.04,0.16,0.05,18.3,199,137,238,339.0,0,0,0,100
18:00:15,7,4,8,11.4,0.04,0.16,0.05,18.3,199,137,238,339.0,0,0,0,100
18:00:15,7,4,8,11.4,0.04,0.16,0.05,18.3,199,137,238,339.0,0,0,0,100
18:00:16,7,4,8,11.4,0.04,0.16,0.05,18.4,199,137,238,339.0,0,0,0,100
18:00:16,7,4,8,11.4,0.04,0.16,0.05,18.2,199,137,238,339.0,0,0,0,100
18:00:16,7,4,8,11.4,0.04,0.16,0.05,18.4,199,137,238,339.0,0,0,0,100
18:00:16,7,4,8,11.4,0.04,0.16,0.05,18.2,199,137,238,339.0,0,0,0,100
18:00:16,6,4,8,10.8,0.02,0.19,0.05,18.3,168,138,241,325.0,0,0,0,100
18:00:16,6,4,8,10.8,0.02,0.19,0.05,18.2,168,138,241,325.0,0,0,0,100
18:00:16,6,4,8,10.8,0.02,0.19,0.05,18.3,168,138,241,325.0,4,0,0,100
18:00:16,6,4,8,10.8,0.02,0.19,0.05,18.4,168,138,241,325.0,4,0,0,100
18:00:16,6,4,8,10.8,0.02,0.19,0.05,18.4,168,138,241,325.0,4,0,0,100
18:00:17,6,4,8,10.8,0.02,0.19,0.05,18.2,168,138,241,325.0,4,0,0,100
18:00:17,6,4,8,10.8,0.02,0.19,0.05,18.2,168,138,241,325.0,4,0,0,100
18:00:17,6,4,8,10.8,0.02,0.19,0.05,18.1,168,138,241,325.0,4,0,0,100
18:00:17,6,4,8,10.8,0.02,0.19,0.05,18.4,168,138,241,325.0,4,0,0,100
18:00:17,6,4,8,10.8,0.02,0.19,0.05,18.3,168,138,241,325.0,4,0,0,100
18:00:17,9,5,5,11.4,0.09,0.18,0.05,18.4,248,149,145,324.0,4,0,0,100
18:00:17,9,5,5,11.4,0.09,0.18,0.05,18.2,248,149,145,324.0,4,0,0,100
18:00:17,9,5,5,11.4,0.09,0.18,0.05,18.3,248,149,145,324.0,0,0,1,100
18:00:17,9,5,5,11.4,0.09,0.18,0.05,18.2,248,149,145,324.0,0,0,1,100
18:00:17,9,5,5,11.4,0.09,0.18,0.05,18.2,248,149,145,324.0,0,0,1,100
18:00:18,9,5,5,11.4,0.09,0.18,0.05,18.4,248,149,145,324.0,0,0,1,100
18:00:18,9,5,5,11.4,0.09,0.18,0.05,18.4,248,149,145,324.0,0,0,1,100
18:00:18,9,5,5,11.4,0.09,0.18,0.05,18.2,248,149,145,324.0,0,0,1,100
18:00:18,9,5,5,11.4,0.09,0.18,0.05,18.2,248,149,145,324.0,0,0,1,100
18:00:18,9,5,5,11.4,0.09,0.18,0.05,18.3,248,149,145,324.0,0,0,1,100
18:00:18,7,4,7,10.7,0.08,0.18,0.05,18.2,205,106,175,290.0,0,0,1,100
18:00:18,7,4,7,10.7,0.08,0.18,0.05,18.4,205,106,175,290.0,0,0,1,100
18:00:18,7,4,7,10.7,0.08,0.18,0.05,18.2,205,106,175,290.0,0,0,0,100
18:00:18,7,4,7,10.7,0.08,0.18,0.05,18.2,205,106,175,290.0,0,0,0,100
18:00:18,7,4,7,10.7,0.08,0.18,0.05,18.3,205,106,175,290.0,0,0,0,100
18:00:19,7,4,7,10.7,0.08,0.18,0.05,18.4,205,106,175,290.0,0,0,0,100
18:00:19,7,4,7,10.7,0.08,0.18,0.05,18.2,205,106,175,290.0,0,0,0,100
18:00:19,7,4,7,10.7,0.08,0.18,0.05,18.4,205,106,175,290.0,0,0,0,100
18:00:19,7,4,7,10.7,0.08,0.18,0.05,18.3,205,106,175,290.0,0,0,0,100
18:00:19,7,4,7,10.7,0.08,0.18,0.05,18.3,205,106,175,290.0,0,0,0,100
18:00:19,5,2,6,8.1,0.06,0.19,0.06,18.4,139,66,166,226.0,0,0,0,100
18:00:19,5,2,6,8.1,0.06,0.19,0.06,18.4,139,66,166,226.0,0,0,0,100
18:00:19,5,2,6,8.1,0.06,0.19,0.06,18.2,139,66,166,226.0,0,1,0,100
18:00:19,5,2,6,8.1,0.06,0.19,0.06,18.2,139,66,166,226.0,0,1,0,100
18:00:19,5,2,6,8.1,0.06,0.19,0.06,18.0,139,66,166,226.0,0,1,0,100
18:00:20,5,2,6,8.1,0.06,0.19,0.06,18.1,139,66,166,226.0,0,1,0,100
18:00:20,5,2,6,8.1,0.06,0.19,0.06,18.2,139,66,166,226.0,0,1,0,100
18:00:20,5,2,6,8.1,0.06,0.19,0.06,18.3,139,66,166,226.0,0,1,0,100
18:00:20,5,2,6,8.1,0.06,0.19,0.06,18.1,139,66,166,226.0,0,1,0,100
18:00:20,5,2,6,8.1,0.06,0.19,0.06,18.4,139,66,166,226.0,0,1,0,100
18:00:20,4,3,5,7.1,0.05,0.1,0.04,18.3,132,57,147,206.0,0,1,0,100
18:00:20,4,3,5,7.1,0.05,0.1,0.04,18.2,132,57,147,206.0,0,1,0,100
18:00:20,4,3,5,7.1,0.05,0.1,0.04,18.4,132,57,147,206.0,0,1,1,100
18:00:20,4,3,5,7.1,0.05,0.1,0.04,18.3,132,57,147,206.0,0,1,1,100
18:00:20,4,3,5,7.1,0.05,0.1,0.04,18.3,132,57,147,206.0,0,1,1,100
18:00:21,4,3,5,7.1,0.05,0.1,0.04,18.4,132,57,147,206.0,0,1,1,100
18:00:21,4,3,5,7.1,0.05,0.1,0.04,18.3,132,57,147,206.0,0,1,1,100
18:00:21,4,3,5,7.1,0.05,0.1,0.04,18.2,132,57,147,206.0,0,1,1,100
18:00:21,4,3,5,7.1,0.05,0.1,0.04,18.4,132,57,147,206.0,0,1,1,100
18:00:21,4,3,5,7.1,0.05,0.1,0.04,18.3,132,57,147,206.0,0,1,1,100
18:00:21,6,3,6,9.0,0.04,0.11,0.05,18.2,177,98,167,262.0,0,1,1,100
18:00:21,6,3,6,9.0,0.04,0.11,0.05,18.3,177,98,167,262.0,0,1,1,100
18:00:21,6,3,6,9.0,0.04,0.11,0.05,18.0,177,98,167,262.0,1,0,0,100
18:00:21,6,3,6,9.0,0.04,0.11,0.05,18.2,177,98,167,262.0,1,0,0,100
18:00:21,6,3,6,9.0,0.04,0.11,0.05,18.4,177,98,167,262.0,1,0,0,100
18:00:22,6,3,6,9.0,0.04,0.11,0.05,18.4,177,98,167,262.0,1,0,0,100
18:00:22,6,3,6,9.0,0.04,0.11,0.05,18.3,177,98,167,262.0,1,0,0,100
18:00:22,6,3,6,9.0,0.04,0.11,0.05,18.2,177,98,167,262.0,1,0,0,100
18:00:22,6,3,6,9.0,0.04,0.11,0.05,18.1,177,98,167,262.0,1,0,0,100
18:00:22,6,3,6,9.0,0.04,0.11,0.05,18.3,177,98,167,262.0,1,0,0,100
18:00:22,8,4,3,9.4,0.05,0.12,0.03,18.5,230,132,118,290.0,1,0,0,100
18:00:22,8,4,3,9.4,0.05,0.12,0.03,18.4,230,132,118,290.0,1,0,0,100
18:00:22,8,4,3,9.4,0.05,0.12,0.03,18.4,230,132,118,290.0,0,0,1,100
18:00:22,8,4,3,9.4,0.05,0.12,0.03,18.2,230,132,118,290.0,0,0,1,100
18:00:23,8,4,3,9.4,0.05,0.12,0.03,18.3,230,132,118,290.0,0,0,1,100
18:00:23,8,4,3,9.4,0.05,0.12,0.03,18.3,230,132,118,290.0,0,0,1,100
18:00:23,8,4,3,9.4,0.05,0.12,0.03,18.2,230,132,118,290.0,0,0,1,100
18:00:23,8,4,3,9.4,0.05,0.12,0.03,18.2,230,132,118,290.0,0,0,1,100
18:00:23,8,4,3,9.4,0.05,0.12,0.03,18.4,230,132,118,290.0,0,0,1,100
18:00:23,8,4,3,9.4,0.05,0.12,0.03,18.4,230,132,118,290.0,0,0,1,100
18:00:23,6,5,8,11.2,0.04,0.14,0.08,18.5,200,146,228,337.0,0,0,1,100
18:00:23,6,5,8,11.2,0.04,0.14,0.08,18.4,200,146,228,337.0,0,0,1,100
18:00:23,6,5,8,11.2,0.04,0.14,0.08,18.3,200,146,228,337.0,0,0,0,100
18:00:23,6,5,8,11.2,0.04,0.14,0.08,18.3,200,146,228,337.0,0,0,0,100
18:00:23,6,5,8,11.2,0.04,0.14,0.08,18.0,200,146,228,337.0,0,0,0,100
18:00:24,6,5,8,11.2,0.04,0.14,0.08,18.2,200,146,228,337.0,0,0,0,100
18:00:24,6,5,8,11.2,0.04,0.14,0.08,18.3,200,146,228,337.0,0,0,0,100
18:00:24,6,5,8,11.2,0.04,0.14,0.08,18.4,200,146,228,337.0,0,0,0,100
18:00:24,6,5,8,11.2,0.04,0.14,0.08,18.3,200,146,228,337.0,0,0,0,100
18:00:24,6,5,8,11.2,0.04,0.14,0.08,18.4,200,146,228,337.0,0,0,0,100
18:00:24,7,5,10,13.2,0.04,0.17,0.1,18.0,180,148,243,337.0,0,0,0,100
18:00:24,7,5,10,13.2,0.04,0.17,0.1,18.2,180,148,243,337.0,0,0,0,100
18:00:24,7,5,10,13.2,0.04,0.17,0.1,18.4,180,148,243,337.0,1,0,0,100
18:00:24,7,5,10,13.2,0.04,0.17,0.1,18.2,180,148,243,337.0,1,0,0,100
18:00:25,7,5,10,13.2,0.04,0.17,0.1,18.2,180,148,243,337.0,1,0,0,100
18:00:25,7,5,10,13.2,0.04,0.17,0.1,18.3,180,148,243,337.0,1,0,0,100
18:00:25,7,5,10,13.2,0.04,0.17,0.1,18.2,180,148,243,337.0,1,0,0,100
18:00:25,7,5,10,13.2,0.04,0.17,0.1,18.4,180,148,243,337.0,1,0,0,100
18:00:25,7,5,10,13.2,0.04,0.17,0.1,18.2,180,148,243,337.0,1,0,0,100
18:00:25,7,5,10,13.2,0.04,0.17,0.1,18.1,180,148,243,337.0,1,0,0,100
18:00:25,10,5,5,12.2,0.09,0.15,0.1,18.3,204,117,141,274.0,1,0,0,100
18:00:25,10,5,5,12.2,0.09,0.15,0.1,18.3,204,117,141,274.0,1,0,0,100
18:00:25,10,5,5,12.2,0.09,0.15,0.1,18.4,204,117,141,274.0,0,0,2,100
18:00:25,10,5,5,12.2,0.09,0.15,0.1,18.3,204,117,141,274.0,0,0,2,100
18:00:25,10,5,5,12.2,0.09,0.15,0.1,18.4,204,117,141,274.0,0,0,2,100
18:00:26,10,5,5,12.2,0.09,0.15,0.1,18.2,204,117,141,274.0,0,0,2,100
18:00:26,10,5,5,12.2,0.09,0.15,0.1,18.4,204,117,141,274.0,0,0,2,100
18:00:26,10,5,5,12.2,0.09,0.15,0.1,18.2,204,117,141,274.0,0,0,2,100
18:00:26,10,5,5,12.2,0.09,0.15,0.1,18.1,204,117,141,274.0,0,0,2,100
18:00:26,10,5,5,12.2,0.09,0.15,0.1,18.4,204,117,141,274.0,0,0,2,100
18:00:26,6,2,7,9.4,0.08,0.13,0.07,18.2,173,81,190,269.0,0,0,2,100
18:00:26,6,2,7,9.4,0.08,0.13,0.07,18.4,173,81,190,269.0,0,0,2,100
18:00:26,6,2,7,9.4,0.08,0.13,0.07,18.3,173,81,190,269.0,1,0,0,100
18:00:26,6,2,7,9.4,0.08,0.13,0.07,18.2,173,81,190,269.0,1,0,0,100
18:00:27,6,2,7,9.4,0.08,0.13,0.07,18.4,173,81,190,269.0,1,0,0,100
18:00:27,6,2,7,9.4,0.08,0.13,0.07,18.3,173,81,190,269.0,1,0,0,100
18:00:27,6,2,7,9.4,0.08,0.13,0.07,18.5,173,81,190,269.0,1,0,0,100
18:00:27,6,2,7,9.4,0.08,0.13,0.07,18.4,173,81,190,269.0,1,0,0,100
18:00:27,6,2,7,9.4,0.08,0.13,0.07,18.3,173,81,190,269.0,1,0,0,100
18:00:27,6,2,7,9.4,0.08,0.13,0.07,18.2,173,81,190,269.0,1,0,0,100
18:00:27,5,1,6,7.9,0.08,0.12,0.06,18.3,154,27,177,236.0,1,0,0,100
18:00:27,5,1,6,7.9,0.08,0.12,0.06,18.2,154,27,177,236.0,1,0,0,100
18:00:27,5,1,6,7.9,0.08,0.12,0.06,18.2,154,27,177,236.0,0,3,0,100
18:00:27,5,1,6,7.9,0.08,0.12,0.06,18.3,154,27,177,236.0,0,3,0,100
18:00:27,5,1,6,7.9,0.08,0.12,0.06,18.3,154,27,177,236.0,0,3,0,100
18:00:28,5,1,6,7.9,0.08,0.12,0.06,18.1,154,27,177,236.0,0,3,0,100
18:00:28,5,1,6,7.9,0.08,0.12,0.06,18.2,154,27,177,236.0,0,3,0,100
18:00:28,5,1,6,7.9,0.08,0.12,0.06,18.2,154,27,177,236.0,0,3,0,100
18:00:28,5,1,6,7.9,0.08,0.12,0.06,18.2,154,27,177,236.0,0,3,0,100
18:00:28,5,1,6,7.9,0.08,0.12,0.06,18.5,154,27,177,236.0,0,3,0,100
18:00:28,6,3,6,9.0,0.03,0.28,0.05,18.2,168,77,177,256.0,0,3,0,100
18:00:28,6,3,6,9.0,0.03,0.28,0.05,18.2,168,77,177,256.0,0,3,0,100
18:00:28,6,3,6,9.0,0.03,0.28,0.05,18.2,168,77,177,256.0,0,0,0,100
18:00:28,6,3,6,9.0,0.03,0.28,0.05,18.2,168,77,177,256.0,0,0,0,100
18:00:29,6,3,6,9.0,0.03,0.28,0.05,18.1,168,77,177,256.0,0,0,0,100
18:00:29,6,3,6,9.0,0.03,0.28,0.05,18.4,168,77,177,256.0,0,0,0,100
18:00:29,6,3,6,9.0,0.03,0.28,0.05,18.0,168,77,177,256.0,0,0,0,100
18:00:29,6,3,6,9.0,0.03,0.28,0.05,18.3,168,77,177,256.0,0,0,0,100
18:00:29,6,3,6,9.0,0.03,0.28,0.05,18.3,168,77,177,256.0,0,0,0,100
18:00:29,6,3,6,9.0,0.03,0.28,0.05,18.2,168,77,177,256.0,0,0,0,100
18:00:29,6,3,6,9.0,0.03,0.28,0.05,18.2,168,77,177,256.0,0,0,0,100
18:00:29,7,4,7,10.7,0.05,0.19,0.04,18.2,188,112,193,292.0,0,0,0,100
18:00:29,7,4,7,10.7,0.05,0.19,0.04,18.2,188,112,193,292.0,0,0,0,100
18:00:29,7,4,7,10.7,0.05,0.19,0.04,18.4,188,112,193,292.0,0,0,0,100
18:00:30,7,4,7,10.7,0.05,0.19,0.04,18.2,188,112,193,292.0,0,0,0,100
18:00:30,7,4,7,10.7,0.05,0.19,0.04,18.2,188,112,193,292.0,0,0,0,100
18:00:30,7,4,7,10.7,0.05,0.19,0.04,18.3,188,112,193,292.0,0,0,0,100
18:00:30,7,4,7,10.7,0.05,0.19,0.04,18.2,188,112,193,292.0,0,0,0,100
18:00:30,7,4,7,10.7,0.05,0.19,0.04,18.3,188,112,193,292.0,0,0,0,100
18:00:30,7,4,7,10.7,0.05,0.19,0.04,18.3,188,112,193,292.0,0,0,0,100
18:00:30,7,4,7,10.7,0.05,0.19,0.04,18.1,188,112,193,292.0,0,0,0,100
18:00:30,9,5,4,11.0,0.07,0.18,0.03,18.3,235,133,108,291.0,0,0,0,100
18:00:30,9,5,4,11.0,0.07,0.18,0.03,18.2,235,133,108,291.0,0,0,1,100
18:00:30,9,5,4,11.0,0.07,0.18,0.03,18.3,235,133,108,291.0,0,0,1,100
18:00:31,9,5,4,11.0,0.07,0.18,0.03,18.6,235,133,108,291.0,0,0,1,100
18:00:31,9,5,4,11.0,0.07,0.18,0.03,18.4,235,133,108,291.0,0,0,1,100
18:00:31,9,5,4,11.0,0.07,0.18,0.03,18.3,235,133,108,291.0,0,0,1,100
18:00:31,9,5,4,11.0,0.07,0.18,0.03,18.4,235,133,108,291.0,0,0,1,100
18:00:31,9,5,4,11.0,0.07,0.18,0.03,18.3,235,133,108,291.0,0,0,1,100
18:00:31,9,5,4,11.0,0.07,0.18,0.03,18.4,235,133,108,291.0,0,0,1,100
18:00:31,9,5,4,11.0,0.07,0.18,0.03,18.3,235,133,108,291.0,0,0,1,100
18:00:31,7,4,7,10.7,0.03,0.21,0.04,18.2,208,137,216,330.0,0,0,1,100
18:00:31,7,4,7,10.7,0.03,0.21,0.04,18.4,208,137,216,330.0,1,0,0,100
18:00:31,7,4,7,10.7,0.03,0.21,0.04,17.9,208,137,216,330.0,1,0,0,100
18:00:32,7,4,7,10.7,0.03,0.21,0.04,18.2,208,137,216,330.0,1,0,0,100
18:00:32,7,4,7,10.7,0.03,0.21,0.04,18.4,208,137,216,330.0,1,0,0,100
18:00:32,7,4,7,10.7,0.03,0.21,0.04,18.2,208,137,216,330.0,1,0,0,100
18:00:32,7,4,7,10.7,0.03,0.21,0.04,18.3,208,137,216,330.0,1,0,0,100
18:00:32,7,4,7,10.7,0.03,0.21,0.04,18.2,208,137,216,330.0,1,0,0,100
18:00:32,7,4,7,10.7,0.03,0.21,0.04,18.3,208,137,216,330.0,1,0,0,100
18:00:32,7,4,7,10.7,0.03,0.21,0.04,18.2,208,137,216,330.0,1,0,0,100
18:00:32,8,5,7,11.7,0.03,0.14,0.1,18.4,174,140,226,318.0,1,0,0,100
18:00:32,8,5,7,11.7,0.03,0.14,0.1,18.2,174,140,226,318.0,1,0,0,100
18:00:32,8,5,7,11.7,0.03,0.14,0.1,18.4,174,140,226,318.0,1,0,0,100
18:00:33,8,5,7,11.7,0.03,0.14,0.1,18.2,174,140,226,318.0,1,0,0,100
18:00:33,8,5,7,11.7,0.03,0.14,0.1,18.2,174,140,226,318.0,1,0,0,100
18:00:33,8,5,7,11.7,0.03,0.14,0.1,18.5,174,140,226,318.0,1,0,0,100
18:00:33,8,5,7,11.7,0.03,0.14,0.1,18.3,174,140,226,318.0,1,0,0,100
18:00:33,8,5,7,11.7,0.03,0.14,0.1,18.4,174,140,226,318.0,1,0,0,100
18:00:33,8,5,7,11.7,0.03,0.14,0.1,18.2,174,140,226,318.0,1,0,0,100
18:00:33,8,5,7,11.7,0.03,0.14,0.1,18.2,174,140,226,318.0,1,0,0,100
18:00:33,8,5,6,11.2,0.1,0.19,0.08,18.4,206,110,104,256.0,1,0,0,100
18:00:33,8,5,6,11.2,0.1,0.19,0.08,18.5,206,110,104,256.0,0,0,1,100
18:00:33,8,5,6,11.2,0.1,0.19,0.08,18.1,206,110,104,256.0,0,0,1,100
18:00:34,8,5,6,11.2,0.1,0.19,0.08,18.2,206,110,104,256.0,0,0,1,100
18:00:34,8,5,6,11.2,0.1,0.19,0.08,18.4,206,110,104,256.0,0,0,1,100
18:00:34,8,5,6,11.2,0.1,0.19,0.08,18.2,206,110,104,256.0,0,0,1,100
18:00:34,8,5,6,11.2,0.1,0.19,0.08,18.2,206,110,104,256.0,0,0,1,100
18:00:34,8,5,6,11.2,0.1,0.19,0.08,18.4,206,110,104,256.0,0,0,1,100
18:00:34,8,5,6,11.2,0.1,0.19,0.08,18.2,206,110,104,256.0,0,0,1,100
18:00:34,8,5,6,11.2,0.1,0.19,0.08,18.2,206,110,104,256.0,0,0,1,100
18:00:34,5,1,6,7.9,0.07,0.21,0.05,18.2,122,49,140,192.0,0,0,1,100
18:00:34,5,1,6,7.9,0.07,0.21,0.05,18.2,122,49,140,192.0,1,0,0,100
18:00:34,5,1,6,7.9,0.07,0.21,0.05,18.4,122,49,140,192.0,1,0,0,100
18:00:35,5,1,6,7.9,0.07,0.21,0.05,18.3,122,49,140,192.0,1,0,0,100
18:00:35,5,1,6,7.9,0.07,0.21,0.05,18.2,122,49,140,192.0,1,0,0,100
18:00:35,5,1,6,7.9,0.07,0.21,0.05,18.4,122,49,140,192.0,1,0,0,100
18:00:35,5,1,6,7.9,0.07,0.21,0.05,18.2,122,49,140,192.0,1,0,0,100
18:00:35,5,1,6,7.9,0.07,0.21,0.05,18.4,122,49,140,192.0,1,0,0,100
18:00:35,5,1,6,7.9,0.07,0.21,0.05,18.4,122,49,140,192.0,1,0,0,100
18:00:35,5,1,6,7.9,0.07,0.21,0.05,18.1,122,49,140,192.0,1,0,0,100
18:00:35,8,3,5,9.9,0.08,0.13,0.08,18.4,158,61,109,201.0,1,0,0,100
18:00:35,8,3,5,9.9,0.08,0.13,0.08,18.4,158,61,109,201.0,0,0,1,100
18:00:35,8,3,5,9.9,0.08,0.13,0.08,18.2,158,61,109,201.0,0,0,1,100
18:00:36,8,3,5,9.9,0.08,0.13,0.08,18.4,158,61,109,201.0,0,0,1,100
18:00:36,8,3,5,9.9,0.08,0.13,0.08,18.2,158,61,109,201.0,0,0,1,100
18:00:36,8,3,5,9.9,0.08,0.13,0.08,18.3,158,61,109,201.0,0,0,1,100
18:00:36,8,3,5,9.9,0.08,0.13,0.08,18.2,158,61,109,201.0,0,0,1,100
18:00:36,8,3,5,9.9,0.08,0.13,0.08,18.4,158,61,109,201.0,0,0,1,100
18:00:36,8,3,5,9.9,0.08,0.13,0.08,18.3,158,61,109,201.0,0,0,1,100
18:00:36,8,3,5,9.9,0.08,0.13,0.08,18.2,158,61,109,201.0,0,0,1,100
18:00:36,5,3,6,8.4,0.03,0.12,0.05,18.2,149,101,202,271.0,0,0,1,100
18:00:36,5,3,6,8.4,0.03,0.12,0.05,18.2,149,101,202,271.0,1,0,0,100
18:00:36,5,3,6,8.4,0.03,0.12,0.05,18.3,149,101,202,271.0,1,0,0,100
18:00:37,5,3,6,8.4,0.03,0.12,0.05,18.4,149,101,202,271.0,1,0,0,100
18:00:37,5,3,6,8.4,0.03,0.12,0.05,18.2,149,101,202,271.0,1,0,0,100
18:00:37,5,3,6,8.4,0.03,0.12,0.05,18.2,149,101,202,271.0,1,0,0,100
18:00:37,5,3,6,8.4,0.03,0.12,0.05,18.2,149,101,202,271.0,1,0,0,100
18:00:37,5,3,6,8.4,0.03,0.12,0.05,18.3,149,101,202,271.0,1,0,0,100
18:00:37,5,3,6,8.4,0.03,0.12,0.05,18.2,149,101,202,271.0,1,0,0,100
18:00:37,5,3,6,8.4,0.03,0.12,0.05,18.2,149,101,202,271.0,1,0,0,100
18:00:37,8,5,6,11.2,0.08,0.1,0.05,18.2,249,151,205,356.0,1,0,0,100
18:00:37,8,5,6,11.2,0.08,0.1,0.05,18.4,249,151,205,356.0,0,0,0,100
18:00:37,8,5,6,11.2,0.08,0.1,0.05,18.4,249,151,205,356.0,0,0,0,100
18:00:38,8,5,6,11.2,0.08,0.1,0.05,18.2,249,151,205,356.0,0,0,0,100
18:00:38,8,5,6,11.2,0.08,0.1,0.05,18.2,249,151,205,356.0,0,0,0,100
18:00:38,8,5,6,11.2,0.08,0.1,0.05,18.3,249,151,205,356.0,0,0,0,100
18:00:38,8,5,6,11.2,0.08,0.1,0.05,18.2,249,151,205,356.0,0,0,0,100
18:00:38,8,5,6,11.2,0.08,0.1,0.05,18.2,249,151,205,356.0,0,0,0,100
18:00:38,8,5,6,11.2,0.08,0.1,0.05,18.4,249,151,205,356.0,0,0,0,100
18:00:38,8,5,6,11.2,0.08,0.1,0.05,18.3,249,151,205,356.0,0,0,0,100
18:00:38,8,6,6,11.7,0.07,0.18,0.03,18.2,246,161,155,332.0,0,0,0,100
18:00:38,8,6,6,11.7,0.07,0.18,0.03,18.2,246,161,155,332.0,0,0,0,100
18:00:38,8,6,6,11.7,0.07,0.18,0.03,18.4,246,161,155,332.0,0,0,0,100
18:00:39,8,6,6,11.7,0.07,0.18,0.03,18.1,246,161,155,332.0,0,0,0,100
18:00:39,8,6,6,11.7,0.07,0.18,0.03,18.2,246,161,155,332.0,0,0,0,100
18:00:39,8,6,6,11.7,0.07,0.18,0.03,18.3,246,161,155,332.0,0,0,0,100
18:00:39,8,6,6,11.7,0.07,0.18,0.03,18.3,246,161,155,332.0,0,0,0,100
18:00:39,8,6,6,11.7,0.07,0.18,0.03,18.4,246,161,155,332.0,0,0,0,100
18:00:39,8,6,6,11.7,0.07,0.18,0.03,18.4,246,161,155,332.0,0,0,0,100
18:00:39,8,6,6,11.7,0.07,0.18,0.03,18.4,246,161,155,332.0,0,0,0,100
18:00:39,6,5,8,11.2,0.07,0.14,0.07,18.1,216,143,227,344.0,0,0,0,100
18:00:39,6,5,8,11.2,0.07,0.14,0.07,18.2,216,143,227,344.0,1,0,0,100
18:00:39,6,5,8,11.2,0.07,0.14,0.07,18.2,216,143,227,344.0,1,0,0,100
18:00:40,6,5,8,11.2,0.07,0.14,0.07,18.3,216,143,227,344.0,1,0,0,100
18:00:40,6,5,8,11.2,0.07,0.14,0.07,18.1,216,143,227,344.0,1,0,0,100
18:00:40,6,5,8,11.2,0.07,0.14,0.07,18.2,216,143,227,344.0,1,0,0,100
18:00:40,6,5,8,11.2,0.07,0.14,0.07,18.3,216,143,227,344.0,1,0,0,100
18:00:40,6,5,8,11.2,0.07,0.14,0.07,18.2,216,143,227,344.0,1,0,0,100
18:00:40,6,5,8,11.2,0.07,0.14,0.07,18.2,216,143,227,344.0,1,0,0,100
18:00:40,6,5,8,11.2,0.07,0.14,0.07,18.3,216,143,227,344.0,1,0,0,100
18:00:40,6,3,7,9.7,0.03,0.1,0.08,18.4,160,110,189,271.0,1,0,0,100
18:00:40,6,3,7,9.7,0.03,0.1,0.08,18.2,160,110,189,271.0,0,0,1,100
18:00:40,6,3,7,9.7,0.03,0.1,0.08,18.4,160,110,189,271.0,0,0,1,100
18:00:41,6,3,7,9.7,0.03,0.1,0.08,18.2,160,110,189,271.0,0,0,1,100
18:00:41,6,3,7,9.7,0.03,0.1,0.08,18.2,160,110,189,271.0,0,0,1,100
18:00:41,6,3,7,9.7,0.03,0.1,0.08,18.2,160,110,189,271.0,0,0,1,100
18:00:41,6,3,7,9.7,0.03,0.1,0.08,18.2,160,110,189,271.0,0,0,1,100
18:00:41,6,3,7,9.7,0.03,0.1,0.08,18.3,160,110,189,271.0,0,0,1,100
18:00:41,6,3,7,9.7,0.03,0.1,0.08,18.2,160,110,189,271.0,0,0,1,100
18:00:41,6,3,7,9.7,0.03,0.1,0.08,18.4,160,110,189,271.0,0,0,1,100
18:00:41,8,2,5,9.6,0.05,0.16,0.06,18.4,180,65,127,230.0,0,0,1,100
18:00:41,8,2,5,9.6,0.05,0.16,0.06,18.2,180,65,127,230.0,0,0,2,100
18:00:41,8,2,5,9.6,0.05,0.16,0.06,18.2,180,65,127,230.0,0,0,2,100
18:00:42,8,2,5,9.6,0.05,0.16,0.06,18.1,180,65,127,230.0,0,0,2,100
18:00:42,8,2,5,9.6,0.05,0.16,0.06,18.4,180,65,127,230.0,0,0,2,100
18:00:42,8,2,5,9.6,0.05,0.16,0.06,18.2,180,65,127,230.0,0,0,2,100
18:00:42,8,2,5,9.6,0.05,0.16,0.06,18.2,180,65,127,230.0,0,0,2,100
18:00:42,8,2,5,9.6,0.05,0.16,0.06,18.2,180,65,127,230.0,0,0,2,100
18:00:42,8,2,5,9.6,0.05,0.16,0.06,18.2,180,65,127,230.0,0,0,2,100
18:00:42,8,2,5,9.6,0.05,0.16,0.06,18.3,180,65,127,230.0,0,0,2,100
18:00:42,6,1,6,8.5,0.1,0.16,0.04,18.3,162,52,168,239.0,0,0,2,100
18:00:42,6,1,6,8.5,0.1,0.16,0.04,18.3,162,52,168,239.0,1,2,0,100
18:00:42,6,1,6,8.5,0.1,0.16,0.04,18.4,162,52,168,239.0,1,2,0,100
18:00:43,6,1,6,8.5,0.1,0.16,0.04,18.3,162,52,168,239.0,1,2,0,100
18:00:43,6,1,6,8.5,0.1,0.16,0.04,18.0,162,52,168,239.0,1,2,0,100
18:00:43,6,1,6,8.5,0.1,0.16,0.04,18.1,162,52,168,239.0,1,2,0,100
18:00:43,6,1,6,8.5,0.1,0.16,0.04,18.5,162,52,168,239.0,1,2,0,100
18:00:43,6,1,6,8.5,0.1,0.16,0.04,18.2,162,52,168,239.0,1,2,0,100
18:00:43,6,1,6,8.5,0.1,0.16,0.04,18.4,162,52,168,239.0,1,2,0,100
18:00:43,6,1,6,8.5,0.1,0.16,0.04,18.2,162,52,168,239.0,1,2,0,100
18:00:43,7,6,6,11.0,0.05,0.14,0.06,18.2,190,89,147,256.0,1,2,0,100
18:00:43,7,6,6,11.0,0.05,0.14,0.06,18.4,190,89,147,256.0,0,0,3,100
18:00:43,7,6,6,11.0,0.05,0.14,0.06,18.2,190,89,147,256.0,0,0,3,100
18:00:44,7,6,6,11.0,0.05,0.14,0.06,18.4,190,89,147,256.0,0,0,3,100
18:00:44,7,6,6,11.0,0.05,0.14,0.06,18.2,190,89,147,256.0,0,0,3,100
18:00:44,7,6,6,11.0,0.05,0.14,0.06,18.4,190,89,147,256.0,0,0,3,100
18:00:44,7,6,6,11.0,0.05,0.14,0.06,18.4,190,89,147,256.0,0,0,3,100
18:00:44,7,6,6,11.0,0.05,0.14,0.06,18.2,190,89,147,256.0,0,0,3,100
18:00:44,7,6,6,11.0,0.05,0.14,0.06,18.4,190,89,147,256.0,0,0,3,100
18:00:44,7,6,6,11.0,0.05,0.14,0.06,18.0,190,89,147,256.0,0,0,3,100
18:00:44,5,5,8,10.7,0.03,0.12,0.04,18.2,146,127,226,298.0,0,0,3,100
18:00:44,5,5,8,10.7,0.03,0.12,0.04,18.2,146,127,226,298.0,0,0,0,100
18:00:45,5,5,8,10.7,0.03,0.12,0.04,18.3,146,127,226,298.0,0,0,0,100
18:00:45,5,5,8,10.7,0.03,0.12,0.04,18.2,146,127,226,298.0,0,0,0,100
18:00:45,5,5,8,10.7,0.03,0.12,0.04,18.3,146,127,226,298.0,0,0,0,100
18:00:45,5,5,8,10.7,0.03,0.12,0.04,18.0,146,127,226,298.0,0,0,0,100
18:00:45,5,5,8,10.7,0.03,0.12,0.04,18.2,146,127,226,298.0,0,0,0,100
18:00:45,5,5,8,10.7,0.03,0.12,0.04,18.3,146,127,226,298.0,0,0,0,100
18:00:45,5,5,8,10.7,0.03,0.12,0.04,18.5,146,127,226,298.0,0,0,0,100
18:00:45,5,5,8,10.7,0.03,0.12,0.04,18.1,146,127,226,298.0,0,0,0,100
18:00:45,7,5,7,11.1,0.03,0.16,0.03,18.2,218,126,213,330.0,0,0,0,100
18:00:45,7,5,7,11.1,0.03,0.16,0.03,18.2,218,126,213,330.0,0,0,0,100
18:00:46,7,5,7,11.1,0.03,0.16,0.03,18.2,218,126,213,330.0,0,0,0,100
18:00:46,7,5,7,11.1,0.03,0.16,0.03,18.2,218,126,213,330.0,0,0,0,100
18:00:46,7,5,7,11.1,0.03,0.16,0.03,18.4,218,126,213,330.0,0,0,0,100
18:00:46,7,5,7,11.1,0.03,0.16,0.03,18.2,218,126,213,330.0,0,0,0,100
18:00:46,7,5,7,11.1,0.03,0.16,0.03,18.2,218,126,213,330.0,0,0,0,100
18:00:46,7,5,7,11.1,0.03,0.16,0.03,18.2,218,126,213,330.0,0,0,0,100
18:00:46,7,5,7,11.1,0.03,0.16,0.03,18.1,218,126,213,330.0,0,0,0,100
18:00:46,7,5,7,11.1,0.03,0.16,0.03,18.2,218,126,213,330.0,0,0,0,100
18:00:46,9,4,6,11.5,0.04,0.25,0.03,18.2,232,127,159,309.0,0,0,0,100
18:00:46,9,4,6,11.5,0.04,0.25,0.03,18.3,232,127,159,309.0,0,0,2,100
18:00:47,9,4,6,11.5,0.04,0.25,0.03,18.2,232,127,159,309.0,0,0,2,100
18:00:47,9,4,6,11.5,0.04,0.25,0.03,18.2,232,127,159,309.0,0,0,2,100
18:00:47,9,4,6,11.5,0.04,0.25,0.03,18.0,232,127,159,309.0,0,0,2,100
18:00:47,9,4,6,11.5,0.04,0.25,0.03,18.2,232,127,159,309.0,0,0,2,100
18:00:47,9,4,6,11.5,0.04,0.25,0.03,18.2,232,127,159,309.0,0,0,2,100
18:00:47,9,4,6,11.5,0.04,0.25,0.03,18.1,232,127,159,309.0,0,0,2,100
18:00:47,9,4,6,11.5,0.04,0.25,0.03,18.4,232,127,159,309.0,0,0,2,100
18:00:47,9,4,6,11.5,0.04,0.25,0.03,18.3,232,127,159,309.0,0,0,2,100
18:00:47,4,5,9,11.0,0.04,0.13,0.07,18.3,144,122,197,273.0,0,0,2,100
18:00:47,4,5,9,11.0,0.04,0.13,0.07,18.2,144,122,197,273.0,2,0,0,100
18:00:48,4,5,9,11.0,0.04,0.13,0.07,18.2,144,122,197,273.0,2,0,0,100
18:00:48,4,5,9,11.0,0.04,0.13,0.07,18.2,144,122,197,273.0,2,0,0,100
18:00:48,4,5,9,11.0,0.04,0.13,0.07,18.2,144,122,197,273.0,2,0,0,100
18:00:48,4,5,9,11.0,0.04,0.13,0.07,18.2,144,122,197,273.0,2,0,0,100
18:00:48,4,5,9,11.0,0.04,0.13,0.07,18.0,144,122,197,273.0,2,0,0,100
18:00:48,4,5,9,11.0,0.04,0.13,0.07,18.2,144,122,197,273.0,2,0,0,100
18:00:48,4,5,9,11.0,0.04,0.13,0.07,18.2,144,122,197,273.0,2,0,0,100
18:00:48,4,5,9,11.0,0.04,0.13,0.07,18.3,144,122,197,273.0,2,0,0,100
18:00:48,5,3,6,8.4,0.03,0.12,0.08,18.3,162,90,180,258.0,2,0,0,100
18:00:48,5,3,6,8.4,0.03,0.12,0.08,18.4,162,90,180,258.0,0,0,0,100
18:00:49,5,3,6,8.4,0.03,0.12,0.08,18.1,162,90,180,258.0,0,0,0,100
18:00:49,5,3,6,8.4,0.03,0.12,0.08,18.2,162,90,180,258.0,0,0,0,100
18:00:49,5,3,6,8.4,0.03,0.12,0.08,18.4,162,90,180,258.0,0,0,0,100
18:00:49,5,3,6,8.4,0.03,0.12,0.08,18.2,162,90,180,258.0,0,0,0,100
18:00:49,5,3,6,8.4,0.03,0.12,0.08,18.2,162,90,180,258.0,0,0,0,100
18:00:49,5,3,6,8.4,0.03,0.12,0.08,18.3,162,90,180,258.0,0,0,0,100
18:00:49,5,3,6,8.4,0.03,0.12,0.08,18.3,162,90,180,258.0,0,0,0,100
18:00:49,5,3,6,8.4,0.03,0.12,0.08,18.2,162,90,180,258.0,0,0,0,100
18:00:49,5,1,6,7.9,0.09,0.13,0.07,18.2,147,31,161,220.0,0,0,0,100
18:00:49,5,1,6,7.9,0.09,0.13,0.07,18.2,147,31,161,220.0,0,2,0,100
18:00:50,5,1,6,7.9,0.09,0.13,0.07,18.2,147,31,161,220.0,0,2,0,100
18:00:50,5,1,6,7.9,0.09,0.13,0.07,18.3,147,31,161,220.0,0,2,0,100
18:00:50,5,1,6,7.9,0.09,0.13,0.07,18.2,147,31,161,220.0,0,2,0,100
18:00:50,5,1,6,7.9,0.09,0.13,0.07,18.2,147,31,161,220.0,0,2,0,100
18:00:50,5,1,6,7.9,0.09,0.13,0.07,18.2,147,31,161,220.0,0,2,0,100
18:00:50,5,1,6,7.9,0.09,0.13,0.07,18.0,147,31,161,220.0,0,2,0,100
18:00:50,5,1,6,7.9,0.09,0.13,0.07,18.3,147,31,161,220.0,0,2,0,100
18:00:50,5,1,6,7.9,0.09,0.13,0.07,18.2,147,31,161,220.0,0,2,0,100
18:00:50,7,3,5,9.1,0.08,0.19,0.03,18.4,183,78,146,247.0,0,2,0,100
18:00:50,7,3,5,9.1,0.08,0.19,0.03,18.4,183,78,146,247.0,0,0,1,100
18:00:51,7,3,5,9.1,0.08,0.19,0.03,18.3,183,78,146,247.0,0,0,1,100
18:00:51,7,3,5,9.1,0.08,0.19,0.03,18.4,183,78,146,247.0,0,0,1,100
18:00:51,7,3,5,9.1,0.08,0.19,0.03,18.2,183,78,146,247.0,0,0,1,100
18:00:51,7,3,5,9.1,0.08,0.19,0.03,18.4,183,78,146,247.0,0,0,1,100
18:00:51,7,3,5,9.1,0.08,0.19,0.03,18.5,183,78,146,247.0,0,0,1,100
18:00:51,7,3,5,9.1,0.08,0.19,0.03,18.4,183,78,146,247.0,0,0,1,100
18:00:51,7,3,5,9.1,0.08,0.19,0.03,18.4,183,78,146,247.0,0,0,1,100
18:00:51,7,3,5,9.1,0.08,0.19,0.03,18.2,183,78,146,247.0,0,0,1,100
18:00:51,8,5,14,16.9,0.04,0.1,0.05,18.4,178,112,201,291.0,0,0,1,100
18:00:51,8,5,14,16.9,0.04,0.1,0.05,18.1,178,112,201,291.0,0,0,0,100
18:00:52,8,5,14,16.9,0.04,0.1,0.05,18.4,178,112,201,291.0,0,0,0,100
18:00:52,8,5,14,16.9,0.04,0.1,0.05,18.2,178,112,201,291.0,0,0,0,100
18:00:52,8,5,14,16.9,0.04,0.1,0.05,18.4,178,112,201,291.0,0,0,0,100
18:00:52,8,5,14,16.9,0.04,0.1,0.05,18.3,178,112,201,291.0,0,0,0,100
18:00:52,8,5,14,16.9,0.04,0.1,0.05,18.3,178,112,201,291.0,0,0,0,100
18:00:52,8,5,14,16.9,0.04,0.1,0.05,18.4,178,112,201,291.0,0,0,0,100
18:00:52,8,5,14,16.9,0.04,0.1,0.05,18.2,178,112,201,291.0,0,0,0,100
18:00:52,8,5,14,16.9,0.04,0.1,0.05,18.2,178,112,201,291.0,0,0,0,100
18:00:52,4,5,9,11.0,0.04,0.1,0.08,18.0,115,146,251,312.0,0,0,0,100
18:00:52,4,5,9,11.0,0.04,0.1,0.08,18.2,115,146,251,312.0,1,0,0,100
18:00:53,4,5,9,11.0,0.04,0.1,0.08,18.2,115,146,251,312.0,1,0,0,100
18:00:53,4,5,9,11.0,0.04,0.1,0.08,18.2,115,146,251,312.0,1,0,0,100
18:00:53,4,5,9,11.0,0.04,0.1,0.08,18.1,115,146,251,312.0,1,0,0,100
18:00:53,4,5,9,11.0,0.04,0.1,0.08,18.2,115,146,251,312.0,1,0,0,100
18:00:53,4,5,9,11.0,0.04,0.1,0.08,18.3,115,146,251,312.0,1,0,0,100
18:00:53,4,5,9,11.0,0.04,0.1,0.08,18.2,115,146,251,312.0,1,0,0,100
18:00:53,4,5,9,11.0,0.04,0.1,0.08,18.4,115,146,251,312.0,1,0,0,100
18:00:53,4,5,9,11.0,0.04,0.1,0.08,18.1,115,146,251,312.0,1,0,0,100
18:00:53,10,5,7,13.2,0.09,0.14,0.07,18.1,248,156,201,355.0,1,0,0,100
18:00:53,10,5,7,13.2,0.09,0.14,0.07,18.2,248,156,201,355.0,0,0,2,100
18:00:54,10,5,7,13.2,0.09,0.14,0.07,18.4,248,156,201,355.0,0,0,2,100
18:00:54,10,5,7,13.2,0.09,0.14,0.07,18.2,248,156,201,355.0,0,0,2,100
18:00:54,10,5,7,13.2,0.09,0.14,0.07,18.2,248,156,201,355.0,0,0,2,100
18:00:54,10,5,7,13.2,0.09,0.14,0.07,18.4,248,156,201,355.0,0,0,2,100
18:00:54,10,5,7,13.2,0.09,0.14,0.07,18.3,248,156,201,355.0,0,0,2,100
18:00:54,10,5,7,13.2,0.09,0.14,0.07,18.2,248,156,201,355.0,0,0,2,100
18:00:54,10,5,7,13.2,0.09,0.14,0.07,18.4,248,156,201,355.0,0,0,2,100
18:00:54,10,5,7,13.2,0.09,0.14,0.07,18.2,248,156,201,355.0,0,0,2,100
18:00:54,8,4,6,10.8,0.06,0.14,0.04,18.2,242,132,160,319.0,0,0,2,100
18:00:54,8,4,6,10.8,0.06,0.14,0.04,18.3,242,132,160,319.0,0,0,1,100
18:00:55,8,4,6,10.8,0.06,0.14,0.04,18.2,242,132,160,319.0,0,0,1,100
18:00:55,8,4,6,10.8,0.06,0.14,0.04,18.1,242,132,160,319.0,0,0,1,100
18:00:55,8,4,6,10.8,0.06,0.14,0.04,18.1,242,132,160,319.0,0,0,1,100
18:00:55,8,4,6,10.8,0.06,0.14,0.04,18.4,242,132,160,319.0,0,0,1,100
18:00:55,8,4,6,10.8,0.06,0.14,0.04,18.4,242,132,160,319.0,0,0,1,100
18:00:55,8,4,6,10.8,0.06,0.14,0.04,18.2,242,132,160,319.0,0,0,1,100
18:00:55,8,4,6,10.8,0.06,0.14,0.04,18.2,242,132,160,319.0,0,0,1,100
18:00:55,8,4,6,10.8,0.06,0.14,0.04,18.4,242,132,160,319.0,0,0,1,100
18:00:55,4,4,6,8.2,0.07,0.16,0.09,18.3,111,105,189,243.0,0,0,1,100
18:00:56,4,4,6,8.2,0.07,0.16,0.09,18.4,111,105,189,243.0,1,0,0,100
18:00:56,4,4,6,8.2,0.07,0.16,0.09,18.1,111,105,189,243.0,1,0,0,100
18:00:56,4,4,6,8.2,0.07,0.16,0.09,18.3,111,105,189,243.0,1,0,0,100
18:00:56,4,4,6,8.2,0.07,0.16,0.09,18.3,111,105,189,243.0,1,0,0,100
18:00:56,4,4,6,8.2,0.07,0.16,0.09,18.2,111,105,189,243.0,1,0,0,100
18:00:56,4,4,6,8.2,0.07,0.16,0.09,18.2,111,105,189,243.0,1,0,0,100
18:00:56,4,4,6,8.2,0.07,0.16,0.09,18.3,111,105,189,243.0,1,0,0,100
18:00:56,4,4,6,8.2,0.07,0.16,0.09,18.2,111,105,189,243.0,1,0,0,100
18:00:56,4,4,6,8.2,0.07,0.16,0.09,18.4,111,105,189,243.0,1,0,0,100
18:00:56,7,2,4,8.3,0.04,0.42,0.11,18.4,168,61,121,216.0,1,0,0,100
18:00:57,7,2,4,8.3,0.04,0.42,0.11,18.2,168,61,121,216.0,0,2,3,100
18:00:57,7,2,4,8.3,0.04,0.42,0.11,18.1,168,61,121,216.0,0,2,3,100
18:00:57,7,2,4,8.3,0.04,0.42,0.11,18.2,168,61,121,216.0,0,2,3,100
18:00:57,7,2,4,8.3,0.04,0.42,0.11,18.3,168,61,121,216.0,0,2,3,100
18:00:57,7,2,4,8.3,0.04,0.42,0.11,18.4,168,61,121,216.0,0,2,3,100
18:00:57,7,2,4,8.3,0.04,0.42,0.11,18.2,168,61,121,216.0,0,2,3,100
18:00:57,7,2,4,8.3,0.04,0.42,0.11,18.4,168,61,121,216.0,0,2,3,100
18:00:57,7,2,4,8.3,0.04,0.42,0.11,18.2,168,61,121,216.0,0,2,3,100
18:00:57,7,2,4,8.3,0.04,0.42,0.11,18.3,168,61,121,216.0,0,2,3,100
18:00:57,5,2,5,7.3,0.05,0.14,0.05,18.3,145,71,165,231.0,0,2,3,100
18:00:58,5,2,5,7.3,0.05,0.14,0.05,18.2,145,71,165,231.0,2,0,0,100
18:00:58,5,2,5,7.3,0.05,0.14,0.05,18.2,145,71,165,231.0,2,0,0,100
18:00:58,5,2,5,7.3,0.05,0.14,0.05,18.2,145,71,165,231.0,2,0,0,100
18:00:58,5,2,5,7.3,0.05,0.14,0.05,18.2,145,71,165,231.0,2,0,0,100
18:00:58,5,2,5,7.3,0.05,0.14,0.05,18.4,145,71,165,231.0,2,0,0,100
18:00:58,5,2,5,7.3,0.05,0.14,0.05,18.2,145,71,165,231.0,2,0,0,100
18:00:58,5,2,5,7.3,0.05,0.14,0.05,18.2,145,71,165,231.0,2,0,0,100
18:00:58,5,2,5,7.3,0.05,0.14,0.05,18.1,145,71,165,231.0,2,0,0,100
18:00:58,5,2,5,7.3,0.05,0.14,0.05,18.0,145,71,165,231.0,2,0,0,100
18:00:58,9,4,5,11.0,0.06,0.16,0.03,18.2,259,125,160,329.0,2,0,0,100
18:00:59,9,4,5,11.0,0.06,0.16,0.03,18.2,259,125,160,329.0,0,0,0,100
18:00:59,9,4,5,11.0,0.06,0.16,0.03,18.3,259,125,160,329.0,0,0,0,100
18:00:59,9,4,5,11.0,0.06,0.16,0.03,18.2,259,125,160,329.0,0,0,0,100
18:00:59,9,4,5,11.0,0.06,0.16,0.03,18.2,259,125,160,329.0,0,0,0,100
18:00:59,9,4,5,11.0,0.06,0.16,0.03,18.2,259,125,160,329.0,0,0,0,100
18:00:59,9,4,5,11.0,0.06,0.16,0.03,18.2,259,125,160,329.0,0,0,0,100
18:00:59,9,4,5,11.0,0.06,0.16,0.03,18.2,259,125,160,329.0,0,0,0,100
18:00:59,9,4,5,11.0,0.06,0.16,0.03,18.0,259,125,160,329.0,0,0,0,100
18:00:59,9,4,5,11.0,0.06,0.16,0.03,18.2,259,125,160,329.0,0,0,0,100
18:00:59,13,7,12,19.0,0.06,0.2,0.05,18.0,238,146,223,357.0,0,0,0,100
18:01:00,13,7,12,19.0,0.06,0.2,0.05,18.2,238,146,223,357.0,0,0,0,100
18:01:00,13,7,12,19.0,0.06,0.2,0.05,18.2,238,146,223,357.0,0,0,0,100
18:01:00,13,7,12,19.0,0.06,0.2,0.05,18.1,238,146,223,357.0,0,0,0,100
18:01:00,13,7,12,19.0,0.06,0.2,0.05,18.2,238,146,223,357.0,0,0,0,100
18:01:00,13,7,12,19.0,0.06,0.2,0.05,18.0,238,146,223,357.0,0,0,0,100
18:01:00,13,7,12,19.0,0.06,0.2,0.05,18.3,238,146,223,357.0,0,0,0,100
18:01:00,13,7,12,19.0,0.06,0.2,0.05,18.1,238,146,223,357.0,0,0,0,100
18:01:00,13,7,12,19.0,0.06,0.2,0.05,18.4,238,146,223,357.0,0,0,0,100
18:01:00,13,7,12,19.0,0.06,0.2,0.05,18.2,238,146,223,357.0,0,0,0,100
18:01:00,5,6,10,12.7,0.03,0.16,0.07,18.4,122,134,244,304.0,0,0,0,100
18:01:01,5,6,10,12.7,0.03,0.16,0.07,18.3,122,134,244,304.0,2,0,0,100
18:01:01,5,6,10,12.7,0.03,0.16,0.07,18.2,122,134,244,304.0,2,0,0,100
18:01:01,5,6,10,12.7,0.03,0.16,0.07,18.2,122,134,244,304.0,2,0,0,100
18:01:01,5,6,10,12.7,0.03,0.16,0.07,18.3,122,134,244,304.0,2,0,0,100
18:01:01,5,6,10,12.7,0.03,0.16,0.07,18.2,122,134,244,304.0,2,0,0,100
18:01:01,5,6,10,12.7,0.03,0.16,0.07,18.2,122,134,244,304.0,2,0,0,100
18:01:01,5,6,10,12.7,0.03,0.16,0.07,18.2,122,134,244,304.0,2,0,0,100
18:01:01,5,6,10,12.7,0.03,0.16,0.07,18.4,122,134,244,304.0,2,0,0,100
18:01:01,5,6,10,12.7,0.03,0.16,0.07,18.2,122,134,244,304.0,2,0,0,100
18:01:01,7,4,5,9.5,0.1,0.21,0.08,18.4,229,127,173,314.0,2,0,0,100
18:01:02,7,4,5,9.5,0.1,0.21,0.08,18.2,229,127,173,314.0,0,0,1,100
18:01:02,7,4,5,9.5,0.1,0.21,0.08,18.2,229,127,173,314.0,0,0,1,100
18:01:02,7,4,5,9.5,0.1,0.21,0.08,18.0,229,127,173,314.0,0,0,1,100
18:01:02,7,4,5,9.5,0.1,0.21,0.08,18.4,229,127,173,314.0,0,0,1,100
18:01:02,7,4,5,9.5,0.1,0.21,0.08,18.2,229,127,173,314.0,0,0,1,100
18:01:02,7,4,5,9.5,0.1,0.21,0.08,18.1,229,127,173,314.0,0,0,1,100
18:01:02,7,4,5,9.5,0.1,0.21,0.08,18.2,229,127,173,314.0,0,0,1,100
18:01:02,7,4,5,9.5,0.1,0.21,0.08,18.2,229,127,173,314.0,0,0,1,100
18:01:02,7,4,5,9.5,0.1,0.21,0.08,18.3,229,127,173,314.0,0,0,1,100
18:01:02,7,5,7,11.1,0.12,0.16,0.04,18.2,206,104,156,279.0,0,0,1,100
18:01:03,7,5,7,11.1,0.12,0.16,0.04,18.2,206,104,156,279.0,0,0,0,100
18:01:03,7,5,7,11.1,0.12,0.16,0.04,18.2,206,104,156,279.0,0,0,0,100
18:01:03,7,5,7,11.1,0.12,0.16,0.04,18.4,206,104,156,279.0,0,0,0,100
18:01:03,7,5,7,11.1,0.12,0.16,0.04,18.3,206,104,156,279.0,0,0,0,100
18:01:03,7,5,7,11.1,0.12,0.16,0.04,18.2,206,104,156,279.0,0,0,0,100
18:01:03,7,5,7,11.1,0.12,0.16,0.04,18.2,206,104,156,279.0,0,0,0,100
18:01:03,7,5,7,11.1,0.12,0.16,0.04,18.2,206,104,156,279.0,0,0,0,100
18:01:03,7,5,7,11.1,0.12,0.16,0.04,18.2,206,104,156,279.0,0,0,0,100
18:01:03,7,5,7,11.1,0.12,0.16,0.04,18.2,206,104,156,279.0,0,0,0,100
18:01:03,4,3,6,7.8,0.06,0.16,0.04,18.2,117,69,168,216.0,0,0,0,100
18:01:04,4,3,6,7.8,0.06,0.16,0.04,18.2,117,69,168,216.0,1,0,0,100
18:01:04,4,3,6,7.8,0.06,0.16,0.04,18.2,117,69,168,216.0,1,0,0,100
18:01:04,4,3,6,7.8,0.06,0.16,0.04,18.2,117,69,168,216.0,1,0,0,100
18:01:04,4,3,6,7.8,0.06,0.16,0.04,18.4,117,69,168,216.0,1,0,0,100
18:01:04,4,3,6,7.8,0.06,0.16,0.04,18.2,117,69,168,216.0,1,0,0,100
18:01:04,4,3,6,7.8,0.06,0.16,0.04,18.2,117,69,168,216.0,1,0,0,100
18:01:04,4,3,6,7.8,0.06,0.16,0.04,18.2,117,69,168,216.0,1,0,0,100
18:01:04,4,3,6,7.8,0.06,0.16,0.04,18.4,117,69,168,216.0,1,0,0,100
18:01:04,4,3,6,7.8,0.06,0.16,0.04,18.4,117,69,168,216.0,1,0,0,100
18:01:04,5,1,3,5.9,0.04,0.15,0.09,18.2,150,47,106,190.0,1,0,0,100
18:01:05,5,1,3,5.9,0.04,0.15,0.09,18.2,150,47,106,190.0,0,1,0,100
18:01:05,5,1,3,5.9,0.04,0.15,0.09,18.2,150,47,106,190.0,0,1,0,100
18:01:05,5,1,3,5.9,0.04,0.15,0.09,18.2,150,47,106,190.0,0,1,0,100
18:01:05,5,1,3,5.9,0.04,0.15,0.09,18.2,150,47,106,190.0,0,1,0,100
18:01:05,5,1,3,5.9,0.04,0.15,0.09,18.2,150,47,106,190.0,0,1,0,100
18:01:05,5,1,3,5.9,0.04,0.15,0.09,18.2,150,47,106,190.0,0,1,0,100
18:01:05,5,1,3,5.9,0.04,0.15,0.09,18.1,150,47,106,190.0,0,1,0,100
18:01:05,5,1,3,5.9,0.04,0.15,0.09,18.2,150,47,106,190.0,0,1,0,100
18:01:05,5,1,3,5.9,0.04,0.15,0.09,18.2,150,47,106,190.0,0,1,0,100
18:01:05,8,8,14,18.0,0.1,0.17,0.07,18.2,107,120,226,277.0,0,1,0,100
18:01:06,8,8,14,18.0,0.1,0.17,0.07,18.2,107,120,226,277.0,0,0,0,100
18:01:06,8,8,14,18.0,0.1,0.17,0.07,18.2,107,120,226,277.0,0,0,0,100
18:01:06,8,8,14,18.0,0.1,0.17,0.07,18.4,107,120,226,277.0,0,0,0,100
18:01:06,8,8,14,18.0,0.1,0.17,0.07,18.2,107,120,226,277.0,0,0,0,100
18:01:06,8,8,14,18.0,0.1,0.17,0.07,18.1,107,120,226,277.0,0,0,0,100
18:01:06,8,8,14,18.0,0.1,0.17,0.07,18.2,107,120,226,277.0,0,0,0,100
18:01:06,8,8,14,18.0,0.1,0.17,0.07,18.0,107,120,226,277.0,0,0,0,100
18:01:06,8,8,14,18.0,0.1,0.17,0.07,18.2,107,120,226,277.0,0,0,0,100
18:01:06,8,8,14,18.0,0.1,0.17,0.07,18.2,107,120,226,277.0,0,0,0,100
18:01:06,9,5,6,11.9,0.09,0.18,0.03,18.2,230,125,150,302.0,0,0,0,100
18:01:07,9,5,6,11.9,0.09,0.18,0.03,18.3,230,125,150,302.0,0,0,2,100
18:01:07,9,5,6,11.9,0.09,0.18,0.03,18.2,230,125,150,302.0,0,0,2,100
18:01:07,9,5,6,11.9,0.09,0.18,0.03,18.5,230,125,150,302.0,0,0,2,100
18:01:07,9,5,6,11.9,0.09,0.18,0.03,18.4,230,125,150,302.0,0,0,2,100
18:01:07,9,5,6,11.9,0.09,0.18,0.03,18.3,230,125,150,302.0,0,0,2,100
18:01:07,9,5,6,11.9,0.09,0.18,0.03,18.2,230,125,150,302.0,0,0,2,100
18:01:07,9,5,6,11.9,0.09,0.18,0.03,18.4,230,125,150,302.0,0,0,2,100
18:01:07,9,5,6,11.9,0.09,0.18,0.03,18.3,230,125,150,302.0,0,0,2,100
18:01:07,9,5,6,11.9,0.09,0.18,0.03,18.2,230,125,150,302.0,0,0,2,100
18:01:07,7,4,7,10.7,0.07,0.13,0.07,18.4,213,139,219,336.0,0,0,2,100
18:01:08,7,4,7,10.7,0.07,0.13,0.07,18.2,213,139,219,336.0,0,0,0,100
18:01:08,7,4,7,10.7,0.07,0.13,0.07,18.0,213,139,219,336.0,0,0,0,100
18:01:08,7,4,7,10.7,0.07,0.13,0.07,18.2,213,139,219,336.0,0,0,0,100
18:01:08,7,4,7,10.7,0.07,0.13,0.07,18.2,213,139,219,336.0,0,0,0,100
18:01:08,7,4,7,10.7,0.07,0.13,0.07,18.1,213,139,219,336.0,0,0,0,100
18:01:08,7,4,7,10.7,0.07,0.13,0.07,18.2,213,139,219,336.0,0,0,0,100
18:01:08,7,4,7,10.7,0.07,0.13,0.07,18.1,213,139,219,336.0,0,0,0,100
18:01:08,7,4,7,10.7,0.07,0.13,0.07,18.3,213,139,219,336.0,0,0,0,100
18:01:08,7,4,7,10.7,0.07,0.13,0.07,18.2,213,139,219,336.0,0,0,0,100
18:01:08,4,5,9,11.0,0.03,0.16,0.09,18.3,130,153,276,341.0,0,0,0,100
18:01:09,4,5,9,11.0,0.03,0.16,0.09,18.2,130,153,276,341.0,3,0,0,100
18:01:09,4,5,9,11.0,0.03,0.16,0.09,18.2,130,153,276,341.0,3,0,0,100
18:01:09,4,5,9,11.0,0.03,0.16,0.09,18.2,130,153,276,341.0,3,0,0,100
18:01:09,4,5,9,11.0,0.03,0.16,0.09,18.2,130,153,276,341.0,3,0,0,100
18:01:09,4,5,9,11.0,0.03,0.16,0.09,18.2,130,153,276,341.0,3,0,0,100
18:01:09,4,5,9,11.0,0.03,0.16,0.09,18.3,130,153,276,341.0,3,0,0,100
18:01:09,4,5,9,11.0,0.03,0.16,0.09,18.2,130,153,276,341.0,3,0,0,100
18:01:09,4,5,9,11.0,0.03,0.16,0.09,18.2,130,153,276,341.0,3,0,0,100
18:01:09,4,5,9,11.0,0.03,0.16,0.09,18.3,130,153,276,341.0,3,0,0,100
18:01:09,9,4,5,11.0,0.04,0.12,0.04,18.2,207,115,150,280.0,3,0,0,100
18:01:10,9,4,5,11.0,0.04,0.12,0.04,18.1,207,115,150,280.0,0,0,1,100
18:01:10,9,4,5,11.0,0.04,0.12,0.04,18.1,207,115,150,280.0,0,0,1,100
18:01:10,9,4,5,11.0,0.04,0.12,0.04,18.2,207,115,150,280.0,0,0,1,100
18:01:10,9,4,5,11.0,0.04,0.12,0.04,18.2,207,115,150,280.0,0,0,1,100
18:01:10,9,4,5,11.0,0.04,0.12,0.04,18.3,207,115,150,280.0,0,0,1,100
18:01:10,9,4,5,11.0,0.04,0.12,0.04,18.4,207,115,150,280.0,0,0,1,100
18:01:10,9,4,5,11.0,0.04,0.12,0.04,18.3,207,115,150,280.0,0,0,1,100
18:01:10,9,4,5,11.0,0.04,0.12,0.04,18.4,207,115,150,280.0,0,0,1,100
18:01:10,9,4,5,11.0,0.04,0.12,0.04,18.2,207,115,150,280.0,0,0,1,100
18:01:10,6,3,5,8.4,0.06,0.15,0.04,18.0,175,79,148,242.0,0,0,1,100
18:01:11,6,3,5,8.4,0.06,0.15,0.04,18.2,175,79,148,242.0,0,0,0,100
18:01:11,6,3,5,8.4,0.06,0.15,0.04,18.3,175,79,148,242.0,0,0,0,100
18:01:11,6,3,5,8.4,0.06,0.15,0.04,18.2,175,79,148,242.0,0,0,0,100
18:01:11,6,3,5,8.4,0.06,0.15,0.04,18.2,175,79,148,242.0,0,0,0,100
18:01:11,6,3,5,8.4,0.06,0.15,0.04,18.3,175,79,148,242.0,0,0,0,100
18:01:11,6,3,5,8.4,0.06,0.15,0.04,18.2,175,79,148,242.0,0,0,0,100
18:01:11,6,3,5,8.4,0.06,0.15,0.04,18.2,175,79,148,242.0,0,0,0,100
18:01:11,6,3,5,8.4,0.06,0.15,0.04,18.2,175,79,148,242.0,0,0,0,100
18:01:11,6,3,5,8.4,0.06,0.15,0.04,18.2,175,79,148,242.0,0,0,0,100
18:01:12,6,1,6,8.5,0.07,0.11,0.05,18.2,156,37,158,225.0,0,0,0,100
18:01:12,6,1,6,8.5,0.07,0.11,0.05,18.3,156,37,158,225.0,0,1,0,100
18:01:12,6,1,6,8.5,0.07,0.11,0.05,18.2,156,37,158,225.0,0,1,0,100
18:01:12,6,1,6,8.5,0.07,0.11,0.05,18.3,156,37,158,225.0,0,1,0,100
18:01:12,6,1,6,8.5,0.07,0.11,0.05,18.2,156,37,158,225.0,0,1,0,100
18:01:12,6,1,6,8.5,0.07,0.11,0.05,18.2,156,37,158,225.0,0,1,0,100
18:01:12,6,1,6,8.5,0.07,0.11,0.05,18.2,156,37,158,225.0,0,1,0,100
18:01:12,6,1,6,8.5,0.07,0.11,0.05,18.1,156,37,158,225.0,0,1,0,100
18:01:12,6,1,6,8.5,0.07,0.11,0.05,18.3,156,37,158,225.0,0,1,0,100
18:01:12,6,1,6,8.5,0.07,0.11,0.05,18.4,156,37,158,225.0,0,1,0,100
18:01:12,5,3,5,7.7,0.03,0.18,0.05,18.2,159,77,156,236.0,0,1,0,100
18:01:13,5,3,5,7.7,0.03,0.18,0.05,18.1,159,77,156,236.0,0,0,2,100
18:01:13,5,3,5,7.7,0.03,0.18,0.05,18.2,159,77,156,236.0,0,0,2,100
18:01:13,5,3,5,7.7,0.03,0.18,0.05,18.2,159,77,156,236.0,0,0,2,100
18:01:13,5,3,5,7.7,0.03,0.18,0.05,18.4,159,77,156,236.0,0,0,2,100
18:01:13,5,3,5,7.7,0.03,0.18,0.05,18.2,159,77,156,236.0,0,0,2,100
18:01:13,5,3,5,7.7,0.03,0.18,0.05,18.2,159,77,156,236.0,0,0,2,100
18:01:13,5,3,5,7.7,0.03,0.18,0.05,18.4,159,77,156,236.0,0,0,2,100
18:01:13,5,3,5,7.7,0.03,0.18,0.05,18.2,159,77,156,236.0,0,0,2,100
18:01:13,5,3,5,7.7,0.03,0.18,0.05,18.2,159,77,156,236.0,0,0,2,100
18:01:14,5,4,8,10.2,0.07,0.25,0.05,18.2,146,130,211,288.0,0,0,2,100
18:01:14,5,4,8,10.2,0.07,0.25,0.05,18.3,146,130,211,288.0,3,0,0,100
18:01:14,5,4,8,10.2,0.07,0.25,0.05,18.2,146,130,211,288.0,3,0,0,100
18:01:14,5,4,8,10.2,0.07,0.25,0.05,18.2,146,130,211,288.0,3,0,0,100
18:01:14,5,4,8,10.2,0.07,0.25,0.05,18.2,146,130,211,288.0,3,0,0,100
18:01:14,5,4,8,10.2,0.07,0.25,0.05,18.1,146,130,211,288.0,3,0,0,100
18:01:14,5,4,8,10.2,0.07,0.25,0.05,18.0,146,130,211,288.0,3,0,0,100
18:01:14,5,4,8,10.2,0.07,0.25,0.05,18.3,146,130,211,288.0,3,0,0,100
18:01:14,5,4,8,10.2,0.07,0.25,0.05,18.2,146,130,211,288.0,3,0,0,100
18:01:14,5,4,8,10.2,0.07,0.25,0.05,18.1,146,130,211,288.0,3,0,0,100
18:01:15,10,9,5,14.4,0.03,0.26,0.03,18.3,263,141,161,339.0,3,0,0,100
18:01:15,10,9,5,14.4,0.03,0.26,0.03,18.2,263,141,161,339.0,0,0,0,100
18:01:15,10,9,5,14.4,0.03,0.26,0.03,18.4,263,141,161,339.0,0,0,0,100
18:01:15,10,9,5,14.4,0.03,0.26,0.03,18.2,263,141,161,339.0,0,0,0,100
18:01:15,10,9,5,14.4,0.03,0.26,0.03,18.1,263,141,161,339.0,0,0,0,100
18:01:15,10,9,5,14.4,0.03,0.26,0.03,18.2,263,141,161,339.0,0,0,0,100
18:01:15,10,9,5,14.4,0.03,0.26,0.03,18.1,263,141,161,339.0,0,0,0,100
18:01:15,10,9,5,14.4,0.03,0.26,0.03,18.1,263,141,161,339.0,0,0,0,100
18:01:15,10,9,5,14.4,0.03,0.26,0.03,18.2,263,141,161,339.0,0,0,0,100
18:01:15,10,9,5,14.4,0.03,0.26,0.03,18.2,263,141,161,339.0,0,0,0,100
18:01:16,8,6,8,12.8,0.07,0.15,0.09,18.2,239,147,214,353.0,0,0,0,100
18:01:16,8,6,8,12.8,0.07,0.15,0.09,18.2,239,147,214,353.0,0,0,0,100
18:01:16,8,6,8,12.8,0.07,0.15,0.09,18.3,239,147,214,353.0,0,0,0,100
18:01:16,8,6,8,12.8,0.07,0.15,0.09,18.3,239,147,214,353.0,0,0,0,100
18:01:16,8,6,8,12.8,0.07,0.15,0.09,18.2,239,147,214,353.0,0,0,0,100
18:01:16,8,6,8,12.8,0.07,0.15,0.09,18.2,239,147,214,353.0,0,0,0,100
18:01:16,8,6,8,12.8,0.07,0.15,0.09,18.2,239,147,214,353.0,0,0,0,100
18:01:16,8,6,8,12.8,0.07,0.15,0.09,18.2,239,147,214,353.0,0,0,0,100
18:01:16,8,6,8,12.8,0.07,0.15,0.09,18.2,239,147,214,353.0,0,0,0,100
18:01:16,8,6,8,12.8,0.07,0.15,0.09,18.2,239,147,214,353.0,0,0,0,100
18:01:17,5,5,8,10.7,0.05,0.19,0.11,18.2,148,140,233,310.0,0,0,0,100
18:01:17,5,5,8,10.7,0.05,0.19,0.11,18.3,148,140,233,310.0,0,0,0,100
18:01:17,5,5,8,10.7,0.05,0.19,0.11,18.3,148,140,233,310.0,0,0,0,100
18:01:17,5,5,8,10.7,0.05,0.19,0.11,18.2,148,140,233,310.0,0,0,0,100
18:01:17,5,5,8,10.7,0.05,0.19,0.11,18.2,148,140,233,310.0,0,0,0,100
18:01:17,5,5,8,10.7,0.05,0.19,0.11,18.1,148,140,233,310.0,0,0,0,100
18:01:17,5,5,8,10.7,0.05,0.19,0.11,18.2,148,140,233,310.0,0,0,0,100
18:01:17,5,5,8,10.7,0.05,0.19,0.11,18.2,148,140,233,310.0,0,0,0,100
18:01:17,5,5,8,10.7,0.05,0.19,0.11,18.2,148,140,233,310.0,0,0,0,100
18:01:17,5,5,8,10.7,0.05,0.19,0.11,18.2,148,140,233,310.0,0,0,0,100
18:01:18,7,4,5,9.5,0.07,0.15,0.09,18.2,190,95,148,259.0,0,0,0,100
18:01:18,7,4,5,9.5,0.07,0.15,0.09,18.0,190,95,148,259.0,0,0,1,100
18:01:18,7,4,5,9.5,0.07,0.15,0.09,18.2,190,95,148,259.0,0,0,1,100
18:01:18,7,4,5,9.5,0.07,0.15,0.09,18.2,190,95,148,259.0,0,0,1,100
18:01:18,7,4,5,9.5,0.07,0.15,0.09,18.2,190,95,148,259.0,0,0,1,100
18:01:18,7,4,5,9.5,0.07,0.15,0.09,18.2,190,95,148,259.0,0,0,1,100
18:01:18,7,4,5,9.5,0.07,0.15,0.09,18.2,190,95,148,259.0,0,0,1,100
18:01:18,7,4,5,9.5,0.07,0.15,0.09,18.2,190,95,148,259.0,0,0,1,100
18:01:18,7,4,5,9.5,0.07,0.15,0.09,18.2,190,95,148,259.0,0,0,1,100
18:01:18,7,4,5,9.5,0.07,0.15,0.09,18.4,190,95,148,259.0,0,0,1,100
18:01:19,4,3,4,6.4,0.06,0.1,0.03,18.4,132,49,132,193.0,0,0,1,100
18:01:19,4,3,4,6.4,0.06,0.1,0.03,18.2,132,49,132,193.0,1,0,0,100
18:01:19,4,3,4,6.4,0.06,0.1,0.03,18.0,132,49,132,193.0,1,0,0,100
18:01:19,4,3,4,6.4,0.06,0.1,0.03,18.0,132,49,132,193.0,1,0,0,100
18:01:19,4,3,4,6.4,0.06,0.1,0.03,18.0,132,49,132,193.0,1,0,0,100
18:01:19,4,3,4,6.4,0.06,0.1,0.03,18.2,132,49,132,193.0,1,0,0,100
18:01:19,4,3,4,6.4,0.06,0.1,0.03,18.3,132,49,132,193.0,1,0,0,100
18:01:19,4,3,4,6.4,0.06,0.1,0.03,18.2,132,49,132,193.0,1,0,0,100
18:01:19,4,3,4,6.4,0.06,0.1,0.03,18.1,132,49,132,193.0,1,0,0,100
18:01:19,4,3,4,6.4,0.06,0.1,0.03,18.4,132,49,132,193.0,1,0,0,100
18:01:20,6,2,4,7.5,0.06,0.13,0.06,18.2,186,62,131,236.0,1,0,0,100
18:01:20,6,2,4,7.5,0.06,0.13,0.06,18.2,186,62,131,236.0,0,0,1,100
18:01:20,6,2,4,7.5,0.06,0.13,0.06,18.4,186,62,131,236.0,0,0,1,100
18:01:20,6,2,4,7.5,0.06,0.13,0.06,18.2,186,62,131,236.0,0,0,1,100
18:01:20,6,2,4,7.5,0.06,0.13,0.06,18.4,186,62,131,236.0,0,0,1,100
18:01:20,6,2,4,7.5,0.06,0.13,0.06,17.9,186,62,131,236.0,0,0,1,100
18:01:20,6,2,4,7.5,0.06,0.13,0.06,18.2,186,62,131,236.0,0,0,1,100
18:01:20,6,2,4,7.5,0.06,0.13,0.06,18.2,186,62,131,236.0,0,0,1,100
18:01:20,6,2,4,7.5,0.06,0.13,0.06,18.2,186,62,131,236.0,0,0,1,100
18:01:20,6,2,4,7.5,0.06,0.13,0.06,18.2,186,62,131,236.0,0,0,1,100
18:01:21,6,3,6,9.0,0.04,0.11,0.09,18.2,166,113,196,281.0,0,0,1,100
18:01:21,6,3,6,9.0,0.04,0.11,0.09,18.2,166,113,196,281.0,0,0,0,100
18:01:21,6,3,6,9.0,0.04,0.11,0.09,18.3,166,113,196,281.0,0,0,0,100
18:01:21,6,3,6,9.0,0.04,0.11,0.09,18.0,166,113,196,281.0,0,0,0,100
18:01:21,6,3,6,9.0,0.04,0.11,0.09,18.0,166,113,196,281.0,0,0,0,100
18:01:21,6,3,6,9.0,0.04,0.11,0.09,18.3,166,113,196,281.0,0,0,0,100
18:01:21,6,3,6,9.0,0.04,0.11,0.09,18.2,166,113,196,281.0,0,0,0,100
18:01:21,6,3,6,9.0,0.04,0.11,0.09,18.2,166,113,196,281.0,0,0,0,100
18:01:21,6,3,6,9.0,0.04,0.11,0.09,18.1,166,113,196,281.0,0,0,0,100
18:01:22,6,3,6,9.0,0.04,0.11,0.09,18.3,166,113,196,281.0,0,0,0,100
18:01:22,6,7,8,12.2,0.07,0.14,0.08,18.1,182,146,217,319.0,0,0,0,100
18:01:22,6,7,8,12.2,0.07,0.14,0.08,18.0,182,146,217,319.0,2,0,0,100
18:01:22,6,7,8,12.2,0.07,0.14,0.08,18.4,182,146,217,319.0,2,0,0,100
18:01:22,6,7,8,12.2,0.07,0.14,0.08,18.2,182,146,217,319.0,2,0,0,100
18:01:22,6,7,8,12.2,0.07,0.14,0.08,18.2,182,146,217,319.0,2,0,0,100
18:01:22,6,7,8,12.2,0.07,0.14,0.08,18.4,182,146,217,319.0,2,0,0,100
18:01:22,6,7,8,12.2,0.07,0.14,0.08,18.2,182,146,217,319.0,2,0,0,100
18:01:22,6,7,8,12.2,0.07,0.14,0.08,18.4,182,146,217,319.0,2,0,0,100
18:01:22,6,7,8,12.2,0.07,0.14,0.08,18.2,182,146,217,319.0,2,0,0,100
18:01:22,6,7,8,12.2,0.07,0.14,0.08,17.9,182,146,217,319.0,2,0,0,100
18:01:23,8,4,4,9.8,0.05,0.09,0.02,18.1,234,134,133,301.0,2,0,0,100
18:01:23,8,4,4,9.8,0.05,0.09,0.02,18.2,234,134,133,301.0,0,0,2,100
18:01:23,8,4,4,9.8,0.05,0.09,0.02,18.2,234,134,133,301.0,0,0,2,100
18:01:23,8,4,4,9.8,0.05,0.09,0.02,18.1,234,134,133,301.0,0,0,2,100
18:01:23,8,4,4,9.8,0.05,0.09,0.02,18.4,234,134,133,301.0,0,0,2,100
18:01:23,8,4,4,9.8,0.05,0.09,0.02,18.1,234,134,133,301.0,0,0,2,100
18:01:23,8,4,4,9.8,0.05,0.09,0.02,18.2,234,134,133,301.0,0,0,2,100
18:01:23,8,4,4,9.8,0.05,0.09,0.02,18.2,234,134,133,301.0,0,0,2,100
18:01:23,8,4,4,9.8,0.05,0.09,0.02,18.2,234,134,133,301.0,0,0,2,100
18:01:24,8,4,4,9.8,0.05,0.09,0.02,18.2,234,134,133,301.0,0,0,2,100
18:01:24,10,5,8,13.7,0.07,0.26,0.08,18.2,228,140,235,356.0,0,0,2,100
18:01:24,10,5,8,13.7,0.07,0.26,0.08,18.2,228,140,235,356.0,1,0,0,100
18:01:24,10,5,8,13.7,0.07,0.26,0.08,18.4,228,140,235,356.0,1,0,0,100
18:01:24,10,5,8,13.7,0.07,0.26,0.08,18.1,228,140,235,356.0,1,0,0,100
18:01:24,10,5,8,13.7,0.07,0.26,0.08,18.1,228,140,235,356.0,1,0,0,100
18:01:24,10,5,8,13.7,0.07,0.26,0.08,18.3,228,140,235,356.0,1,0,0,100
18:01:24,10,5,8,13.7,0.07,0.26,0.08,18.2,228,140,235,356.0,1,0,0,100
18:01:24,10,5,8,13.7,0.07,0.26,0.08,18.2,228,140,235,356.0,1,0,0,100
18:01:24,10,5,8,13.7,0.07,0.26,0.08,18.2,228,140,235,356.0,1,0,0,100
18:01:24,10,5,8,13.7,0.07,0.26,0.08,18.2,228,140,235,356.0,1,0,0,100
18:01:25,7,5,9,12.4,0.05,0.14,0.08,18.2,183,127,242,329.0,1,0,0,100
18:01:25,7,5,9,12.4,0.05,0.14,0.08,18.2,183,127,242,329.0,2,0,0,100
18:01:25,7,5,9,12.4,0.05,0.14,0.08,18.2,183,127,242,329.0,2,0,0,100
18:01:25,7,5,9,12.4,0.05,0.14,0.08,17.9,183,127,242,329.0,2,0,0,100
18:01:25,7,5,9,12.4,0.05,0.14,0.08,18.4,183,127,242,329.0,2,0,0,100
18:01:25,7,5,9,12.4,0.05,0.14,0.08,18.2,183,127,242,329.0,2,0,0,100
18:01:25,7,5,9,12.4,0.05,0.14,0.08,18.2,183,127,242,329.0,2,0,0,100
18:01:25,7,5,9,12.4,0.05,0.14,0.08,18.2,183,127,242,329.0,2,0,0,100
18:01:25,7,5,9,12.4,0.05,0.14,0.08,18.3,183,127,242,329.0,2,0,0,100
18:01:26,7,5,9,12.4,0.05,0.14,0.08,18.2,183,127,242,329.0,2,0,0,100
18:01:26,5,2,3,6.2,0.06,0.08,0.08,18.2,161,75,103,205.0,2,0,0,100
18:01:26,5,2,3,6.2,0.06,0.08,0.08,17.9,161,75,103,205.0,0,0,0,100
18:01:26,5,2,3,6.2,0.06,0.08,0.08,18.2,161,75,103,205.0,0,0,0,100
18:01:26,5,2,3,6.2,0.06,0.08,0.08,18.1,161,75,103,205.0,0,0,0,100
18:01:26,5,2,3,6.2,0.06,0.08,0.08,18.2,161,75,103,205.0,0,0,0,100
18:01:26,5,2,3,6.2,0.06,0.08,0.08,18.3,161,75,103,205.0,0,0,0,100
18:01:26,5,2,3,6.2,0.06,0.08,0.08,18.0,161,75,103,205.0,0,0,0,100
18:01:26,5,2,3,6.2,0.06,0.08,0.08,18.1,161,75,103,205.0,0,0,0,100
18:01:26,5,2,3,6.2,0.06,0.08,0.08,18.2,161,75,103,205.0,0,0,0,100
18:01:27,5,2,3,6.2,0.06,0.08,0.08,18.2,161,75,103,205.0,0,0,0,100
18:01:27,4,1,5,6.5,0.07,0.11,0.04,18.2,108,33,138,178.0,0,0,0,100
18:01:27,4,1,5,6.5,0.07,0.11,0.04,18.2,108,33,138,178.0,0,3,0,100
18:01:27,4,1,5,6.5,0.07,0.11,0.04,18.1,108,33,138,178.0,0,3,0,100
18:01:27,4,1,5,6.5,0.07,0.11,0.04,18.2,108,33,138,178.0,0,3,0,100
18:01:27,4,1,5,6.5,0.07,0.11,0.04,18.2,108,33,138,178.0,0,3,0,100
18:01:27,4,1,5,6.5,0.07,0.11,0.04,18.1,108,33,138,178.0,0,3,0,100
18:01:27,4,1,5,6.5,0.07,0.11,0.04,18.2,108,33,138,178.0,0,3,0,100
18:01:27,4,1,5,6.5,0.07,0.11,0.04,18.2,108,33,138,178.0,0,3,0,100
18:01:27,4,1,5,6.5,0.07,0.11,0.04,17.9,108,33,138,178.0,0,3,0,100
18:01:28,4,1,5,6.5,0.07,0.11,0.04,18.1,108,33,138,178.0,0,3,0,100
18:01:28,8,5,5,10.7,0.09,0.29,0.12,18.1,222,114,118,276.0,0,3,0,100
18:01:28,8,5,5,10.7,0.09,0.29,0.12,18.2,222,114,118,276.0,0,0,1,100
18:01:28,8,5,5,10.7,0.09,0.29,0.12,18.2,222,114,118,276.0,0,0,1,100
18:01:28,8,5,5,10.7,0.09,0.29,0.12,18.3,222,114,118,276.0,0,0,1,100
18:01:28,8,5,5,10.7,0.09,0.29,0.12,18.2,222,114,118,276.0,0,0,1,100
18:01:28,8,5,5,10.7,0.09,0.29,0.12,18.4,222,114,118,276.0,0,0,1,100
18:01:28,8,5,5,10.7,0.09,0.29,0.12,18.1,222,114,118,276.0,0,0,1,100
18:01:28,8,5,5,10.7,0.09,0.29,0.12,18.4,222,114,118,276.0,0,0,1,100
18:01:28,8,5,5,10.7,0.09,0.29,0.12,18.2,222,114,118,276.0,0,0,1,100
18:01:29,8,5,5,10.7,0.09,0.29,0.12,18.3,222,114,118,276.0,0,0,1,100
18:01:29,6,6,7,11.0,0.08,0.25,0.13,18.2,165,153,223,317.0,0,0,1,100
18:01:29,6,6,7,11.0,0.08,0.25,0.13,18.1,165,153,223,317.0,1,0,0,100
18:01:29,6,6,7,11.0,0.08,0.25,0.13,18.2,165,153,223,317.0,1,0,0,100
18:01:29,6,6,7,11.0,0.08,0.25,0.13,18.4,165,153,223,317.0,1,0,0,100
18:01:29,6,6,7,11.0,0.08,0.25,0.13,18.1,165,153,223,317.0,1,0,0,100
18:01:29,6,6,7,11.0,0.08,0.25,0.13,18.2,165,153,223,317.0,1,0,0,100
18:01:29,6,6,7,11.0,0.08,0.25,0.13,18.2,165,153,223,317.0,1,0,0,100
18:01:29,6,6,7,11.0,0.08,0.25,0.13,18.3,165,153,223,317.0,1,0,0,100
18:01:29,6,6,7,11.0,0.08,0.25,0.13,18.2,165,153,223,317.0,1,0,0,100
18:01:30,6,6,7,11.0,0.08,0.25,0.13,18.2,165,153,223,317.0,1,0,0,100
18:01:30,9,6,9,14.1,0.04,0.2,0.05,18.2,213,162,243,361.0,1,0,0,100
18:01:30,9,6,9,14.1,0.04,0.2,0.05,18.3,213,162,243,361.0,0,0,0,100
18:01:30,9,6,9,14.1,0.04,0.2,0.05,18.5,213,162,243,361.0,0,0,0,100
18:01:30,9,6,9,14.1,0.04,0.2,0.05,18.2,213,162,243,361.0,0,0,0,100
18:01:30,9,6,9,14.1,0.04,0.2,0.05,18.1,213,162,243,361.0,0,0,0,100
18:01:30,9,6,9,14.1,0.04,0.2,0.05,18.2,213,162,243,361.0,0,0,0,100
18:01:30,9,6,9,14.1,0.04,0.2,0.05,18.2,213,162,243,361.0,0,0,0,100
18:01:30,9,6,9,14.1,0.04,0.2,0.05,18.2,213,162,243,361.0,0,0,0,100
18:01:30,9,6,9,14.1,0.04,0.2,0.05,18.2,213,162,243,361.0,0,0,0,100
18:01:31,9,6,9,14.1,0.04,0.2,0.05,18.0,213,162,243,361.0,0,0,0,100
18:01:31,10,5,5,12.2,0.09,0.14,0.03,18.2,257,159,121,326.0,0,0,0,100
18:01:31,10,5,5,12.2,0.09,0.14,0.03,17.9,257,159,121,326.0,0,0,0,100
18:01:31,10,5,5,12.2,0.09,0.14,0.03,18.2,257,159,121,326.0,0,0,0,100
18:01:31,10,5,5,12.2,0.09,0.14,0.03,18.2,257,159,121,326.0,0,0,0,100
18:01:31,10,5,5,12.2,0.09,0.14,0.03,18.3,257,159,121,326.0,0,0,0,100
18:01:31,10,5,5,12.2,0.09,0.14,0.03,18.2,257,159,121,326.0,0,0,0,100
18:01:31,10,5,5,12.2,0.09,0.14,0.03,18.4,257,159,121,326.0,0,0,0,100
18:01:31,10,5,5,12.2,0.09,0.14,0.03,18.1,257,159,121,326.0,0,0,0,100
18:01:31,10,5,5,12.2,0.09,0.14,0.03,18.0,257,159,121,326.0,0,0,0,100
18:01:32,10,5,5,12.2,0.09,0.14,0.03,18.2,257,159,121,326.0,0,0,0,100
18:01:32,9,5,7,12.4,0.14,0.23,0.1,18.2,220,161,220,350.0,0,0,0,100
18:01:32,9,5,7,12.4,0.14,0.23,0.1,18.2,220,161,220,350.0,1,0,0,100
18:01:32,9,5,7,12.4,0.14,0.23,0.1,17.9,220,161,220,350.0,1,0,0,100
18:01:32,9,5,7,12.4,0.14,0.23,0.1,18.1,220,161,220,350.0,1,0,0,100
18:01:32,9,5,7,12.4,0.14,0.23,0.1,18.1,220,161,220,350.0,1,0,0,100
18:01:32,9,5,7,12.4,0.14,0.23,0.1,18.2,220,161,220,350.0,1,0,0,100
18:01:32,9,5,7,12.4,0.14,0.23,0.1,18.2,220,161,220,350.0,1,0,0,100
18:01:32,9,5,7,12.4,0.14,0.23,0.1,17.9,220,161,220,350.0,1,0,0,100
18:01:32,9,5,7,12.4,0.14,0.23,0.1,18.1,220,161,220,350.0,1,0,0,100
18:01:33,9,5,7,12.4,0.14,0.23,0.1,18.4,220,161,220,350.0,1,0,0,100
18:01:33,5,3,7,9.1,0.07,0.18,0.12,18.1,138,98,197,260.0,1,0,0,100
18:01:33,5,3,7,9.1,0.07,0.18,0.12,18.3,138,98,197,260.0,0,0,0,100
18:01:33,5,3,7,9.1,0.07,0.18,0.12,18.1,138,98,197,260.0,0,0,0,100
18:01:33,5,3,7,9.1,0.07,0.18,0.12,18.0,138,98,197,260.0,0,0,0,100
18:01:33,5,3,7,9.1,0.07,0.18,0.12,18.1,138,98,197,260.0,0,0,0,100
18:01:33,5,3,7,9.1,0.07,0.18,0.12,18.2,138,98,197,260.0,0,0,0,100
18:01:33,5,3,7,9.1,0.07,0.18,0.12,18.2,138,98,197,260.0,0,0,0,100
18:01:33,5,3,7,9.1,0.07,0.18,0.12,18.2,138,98,197,260.0,0,0,0,100
18:01:33,5,3,7,9.1,0.07,0.18,0.12,18.2,138,98,197,260.0,0,0,0,100
18:01:34,5,3,7,9.1,0.07,0.18,0.12,18.2,138,98,197,260.0,0,0,0,100
18:01:34,4,2,5,6.7,0.04,0.11,0.03,18.1,133,31,142,197.0,0,0,0,100
18:01:34,4,2,5,6.7,0.04,0.11,0.03,18.0,133,31,142,197.0,0,4,1,100
18:01:34,4,2,5,6.7,0.04,0.11,0.03,18.0,133,31,142,197.0,0,4,1,100
18:01:34,4,2,5,6.7,0.04,0.11,0.03,18.2,133,31,142,197.0,0,4,1,100
18:01:34,4,2,5,6.7,0.04,0.11,0.03,18.2,133,31,142,197.0,0,4,1,100
